// Generated by tools/langfont/bake.py - do not edit.
// M PLUS Rounded 1c, Copyright 2016 The Rounded M+ Project Authors, under the
// SIL Open Font License 1.1 (tools/langfont/fonts/OFL.txt). The glyphs below
// are a bitmap rendering of that font; see tools/langfont/README.md.
// 3360 characters: JIS X 0208 rows 1-5 and level 1 kanji, extra punctuation, and every character of lang/ja
#include <stdlib.h>
#include <string.h>
#include <PR/ultratypes.h>
#include "langfont_cjk.h"

#define BPP 1
#define SMALL_W 12
#define SMALL_H 11
#define SMALL_STRIDE 17
#define BIG_W 14
#define BIG_H 15
#define BIG_STRIDE 27


static const u16 s_CodePoints[3360] = {
	0x00a2, 0x00a3, 0x00a7, 0x00a8, 0x00ac, 0x00b0, 0x00b1, 0x00b4, 0x00b6, 0x00d7, 0x00f7, 0x2010, 0x2013, 0x2014, 0x2015, 0x2016,
	0x2018, 0x2019, 0x201c, 0x201d, 0x2020, 0x2021, 0x2025, 0x2026, 0x2030, 0x2032, 0x2033, 0x203b, 0x2103, 0x212b, 0x2190, 0x2191,
	0x2192, 0x2193, 0x21d2, 0x21d4, 0x2200, 0x2202, 0x2203, 0x2207, 0x2208, 0x220b, 0x2212, 0x221a, 0x221d, 0x221e, 0x2220, 0x2227,
	0x2228, 0x2229, 0x222a, 0x222b, 0x222c, 0x2234, 0x2235, 0x223d, 0x2252, 0x2260, 0x2261, 0x2266, 0x2267, 0x226a, 0x226b, 0x2282,
	0x2283, 0x2286, 0x2287, 0x22a5, 0x2312, 0x25a0, 0x25a1, 0x25b2, 0x25b3, 0x25bc, 0x25bd, 0x25c6, 0x25c7, 0x25cb, 0x25ce, 0x25cf,
	0x25ef, 0x2605, 0x2606, 0x2640, 0x2642, 0x266a, 0x266d, 0x266f, 0x3000, 0x3001, 0x3002, 0x3003, 0x3005, 0x3006, 0x3007, 0x3008,
	0x3009, 0x300a, 0x300b, 0x300c, 0x300d, 0x300e, 0x300f, 0x3010, 0x3011, 0x3012, 0x3013, 0x3014, 0x3015, 0x301c, 0x3041, 0x3042,
	0x3043, 0x3044, 0x3045, 0x3046, 0x3047, 0x3048, 0x3049, 0x304a, 0x304b, 0x304c, 0x304d, 0x304e, 0x304f, 0x3050, 0x3051, 0x3052,
	0x3053, 0x3054, 0x3055, 0x3056, 0x3057, 0x3058, 0x3059, 0x305a, 0x305b, 0x305c, 0x305d, 0x305e, 0x305f, 0x3060, 0x3061, 0x3062,
	0x3063, 0x3064, 0x3065, 0x3066, 0x3067, 0x3068, 0x3069, 0x306a, 0x306b, 0x306c, 0x306d, 0x306e, 0x306f, 0x3070, 0x3071, 0x3072,
	0x3073, 0x3074, 0x3075, 0x3076, 0x3077, 0x3078, 0x3079, 0x307a, 0x307b, 0x307c, 0x307d, 0x307e, 0x307f, 0x3080, 0x3081, 0x3082,
	0x3083, 0x3084, 0x3085, 0x3086, 0x3087, 0x3088, 0x3089, 0x308a, 0x308b, 0x308c, 0x308d, 0x308e, 0x308f, 0x3090, 0x3091, 0x3092,
	0x3093, 0x3094, 0x3095, 0x3096, 0x309b, 0x309c, 0x309d, 0x309e, 0x30a1, 0x30a2, 0x30a3, 0x30a4, 0x30a5, 0x30a6, 0x30a7, 0x30a8,
	0x30a9, 0x30aa, 0x30ab, 0x30ac, 0x30ad, 0x30ae, 0x30af, 0x30b0, 0x30b1, 0x30b2, 0x30b3, 0x30b4, 0x30b5, 0x30b6, 0x30b7, 0x30b8,
	0x30b9, 0x30ba, 0x30bb, 0x30bc, 0x30bd, 0x30be, 0x30bf, 0x30c0, 0x30c1, 0x30c2, 0x30c3, 0x30c4, 0x30c5, 0x30c6, 0x30c7, 0x30c8,
	0x30c9, 0x30ca, 0x30cb, 0x30cc, 0x30cd, 0x30ce, 0x30cf, 0x30d0, 0x30d1, 0x30d2, 0x30d3, 0x30d4, 0x30d5, 0x30d6, 0x30d7, 0x30d8,
	0x30d9, 0x30da, 0x30db, 0x30dc, 0x30dd, 0x30de, 0x30df, 0x30e0, 0x30e1, 0x30e2, 0x30e3, 0x30e4, 0x30e5, 0x30e6, 0x30e7, 0x30e8,
	0x30e9, 0x30ea, 0x30eb, 0x30ec, 0x30ed, 0x30ee, 0x30ef, 0x30f0, 0x30f1, 0x30f2, 0x30f3, 0x30f4, 0x30f5, 0x30f6, 0x30f7, 0x30f8,
	0x30f9, 0x30fa, 0x30fb, 0x30fc, 0x30fd, 0x30fe, 0x4e00, 0x4e01, 0x4e03, 0x4e07, 0x4e08, 0x4e09, 0x4e0a, 0x4e0b, 0x4e0d, 0x4e0e,
	0x4e11, 0x4e14, 0x4e16, 0x4e18, 0x4e19, 0x4e1e, 0x4e21, 0x4e26, 0x4e2d, 0x4e32, 0x4e38, 0x4e39, 0x4e3b, 0x4e43, 0x4e45, 0x4e4b,
	0x4e4d, 0x4e4e, 0x4e4f, 0x4e57, 0x4e59, 0x4e5d, 0x4e5e, 0x4e5f, 0x4e71, 0x4e73, 0x4e7e, 0x4e80, 0x4e86, 0x4e88, 0x4e89, 0x4e8b,
	0x4e8c, 0x4e91, 0x4e92, 0x4e94, 0x4e95, 0x4e98, 0x4e99, 0x4e9b, 0x4e9c, 0x4ea1, 0x4ea4, 0x4ea5, 0x4ea6, 0x4ea8, 0x4eab, 0x4eac,
	0x4ead, 0x4eae, 0x4eba, 0x4ec0, 0x4ec1, 0x4ec7, 0x4eca, 0x4ecb, 0x4ecf, 0x4ed4, 0x4ed5, 0x4ed6, 0x4ed8, 0x4ed9, 0x4edd, 0x4ee3,
	0x4ee4, 0x4ee5, 0x4eee, 0x4ef0, 0x4ef2, 0x4ef6, 0x4efb, 0x4f01, 0x4f0a, 0x4f0d, 0x4f0e, 0x4f0f, 0x4f10, 0x4f11, 0x4f1a, 0x4f1d,
	0x4f2f, 0x4f34, 0x4f36, 0x4f38, 0x4f3a, 0x4f3c, 0x4f3d, 0x4f43, 0x4f46, 0x4f4d, 0x4f4e, 0x4f4f, 0x4f50, 0x4f51, 0x4f53, 0x4f55,
	0x4f59, 0x4f5c, 0x4f73, 0x4f75, 0x4f7c, 0x4f7f, 0x4f83, 0x4f8b, 0x4f8d, 0x4f9b, 0x4f9d, 0x4fa0, 0x4fa1, 0x4fad, 0x4fae, 0x4faf,
	0x4fb5, 0x4fb6, 0x4fbf, 0x4fc2, 0x4fc3, 0x4fc4, 0x4fca, 0x4fd7, 0x4fdd, 0x4fe1, 0x4fe3, 0x4fee, 0x4ff3, 0x4ff5, 0x4ff8, 0x4ffa,
	0x5009, 0x500b, 0x500d, 0x5012, 0x5016, 0x5019, 0x501f, 0x5023, 0x5024, 0x5026, 0x502b, 0x502d, 0x5036, 0x5039, 0x5049, 0x504f,
	0x505c, 0x5065, 0x5072, 0x5074, 0x5075, 0x5076, 0x507d, 0x508d, 0x5091, 0x5098, 0x5099, 0x50ac, 0x50ad, 0x50b5, 0x50b7, 0x50be,
	0x50c5, 0x50cd, 0x50cf, 0x50d1, 0x50d5, 0x50da, 0x50e7, 0x50fb, 0x5100, 0x5104, 0x5112, 0x511f, 0x512a, 0x5132, 0x5141, 0x5143,
	0x5144, 0x5145, 0x5146, 0x5147, 0x5148, 0x5149, 0x514b, 0x514d, 0x514e, 0x5150, 0x515a, 0x515c, 0x5165, 0x5168, 0x516b, 0x516c,
	0x516d, 0x5171, 0x5175, 0x5176, 0x5177, 0x5178, 0x517c, 0x5185, 0x5186, 0x518a, 0x518d, 0x5192, 0x5197, 0x5199, 0x51a0, 0x51a5,
	0x51a8, 0x51ac, 0x51b4, 0x51b6, 0x51b7, 0x51c4, 0x51c6, 0x51cb, 0x51cc, 0x51cd, 0x51dd, 0x51e1, 0x51e6, 0x51e7, 0x51ea, 0x51f1,
	0x51f6, 0x51f8, 0x51f9, 0x51fa, 0x51fd, 0x5200, 0x5203, 0x5206, 0x5207, 0x5208, 0x520a, 0x5211, 0x5217, 0x521d, 0x5224, 0x5225,
	0x5229, 0x5230, 0x5236, 0x5237, 0x5238, 0x523a, 0x523b, 0x5243, 0x5247, 0x524a, 0x524d, 0x5256, 0x525b, 0x5263, 0x5264, 0x5265,
	0x526f, 0x5270, 0x5272, 0x5275, 0x5283, 0x5287, 0x5289, 0x529b, 0x529f, 0x52a0, 0x52a3, 0x52a9, 0x52aa, 0x52ab, 0x52b1, 0x52b4,
	0x52b9, 0x52be, 0x52c3, 0x52c5, 0x52c7, 0x52c9, 0x52d5, 0x52d8, 0x52d9, 0x52dd, 0x52df, 0x52e2, 0x52e4, 0x52e7, 0x52f2, 0x52fa,
	0x52fe, 0x52ff, 0x5301, 0x5302, 0x5305, 0x5316, 0x5317, 0x5319, 0x531d, 0x5320, 0x5321, 0x532a, 0x5339, 0x533a, 0x533b, 0x533f,
	0x5341, 0x5343, 0x5347, 0x5348, 0x534a, 0x5351, 0x5352, 0x5353, 0x5354, 0x5357, 0x5358, 0x535a, 0x535c, 0x5360, 0x5366, 0x536f,
	0x5370, 0x5371, 0x5373, 0x5374, 0x5375, 0x5378, 0x537f, 0x5384, 0x5398, 0x539a, 0x539f, 0x53a8, 0x53a9, 0x53ad, 0x53b3, 0x53bb,
	0x53c2, 0x53c8, 0x53c9, 0x53ca, 0x53cb, 0x53cc, 0x53cd, 0x53ce, 0x53d4, 0x53d6, 0x53d7, 0x53d9, 0x53db, 0x53e1, 0x53e2, 0x53e3,
	0x53e4, 0x53e5, 0x53e9, 0x53ea, 0x53eb, 0x53ec, 0x53ef, 0x53f0, 0x53f1, 0x53f2, 0x53f3, 0x53f6, 0x53f7, 0x53f8, 0x5403, 0x5404,
	0x5408, 0x5409, 0x540a, 0x540b, 0x540c, 0x540d, 0x540e, 0x540f, 0x5410, 0x5411, 0x541b, 0x541f, 0x5420, 0x5426, 0x542b, 0x5438,
	0x5439, 0x543b, 0x543e, 0x5442, 0x5446, 0x5448, 0x5449, 0x544a, 0x5451, 0x5468, 0x546a, 0x5473, 0x547c, 0x547d, 0x548b, 0x548c,
	0x54b2, 0x54b3, 0x54bd, 0x54c0, 0x54c1, 0x54c9, 0x54e1, 0x54e8, 0x54e9, 0x54f2, 0x5504, 0x5506, 0x5507, 0x5510, 0x5516, 0x552f,
	0x5531, 0x553e, 0x5544, 0x5546, 0x554f, 0x5553, 0x5584, 0x5589, 0x558b, 0x559a, 0x559c, 0x559d, 0x55a7, 0x55aa, 0x55ab, 0x55ac,
	0x55b0, 0x55b6, 0x55e3, 0x5606, 0x5609, 0x5617, 0x5618, 0x5629, 0x5631, 0x5642, 0x564c, 0x565b, 0x5668, 0x5674, 0x5678, 0x567a,
	0x5687, 0x56a2, 0x56da, 0x56db, 0x56de, 0x56e0, 0x56e3, 0x56f0, 0x56f2, 0x56f3, 0x56fa, 0x56fd, 0x5703, 0x570f, 0x5712, 0x571f,
	0x5727, 0x5728, 0x572d, 0x5730, 0x5742, 0x5747, 0x574a, 0x5750, 0x5751, 0x5764, 0x5766, 0x576a, 0x5782, 0x578b, 0x57a2, 0x57a3,
	0x57cb, 0x57ce, 0x57dc, 0x57df, 0x57e0, 0x57f4, 0x57f7, 0x57f9, 0x57fa, 0x57fc, 0x5800, 0x5802, 0x5805, 0x5806, 0x5815, 0x5824,
	0x582a, 0x5830, 0x5831, 0x5834, 0x5835, 0x583a, 0x5840, 0x5841, 0x584a, 0x5851, 0x5854, 0x5857, 0x5858, 0x5859, 0x585a, 0x585e,
	0x5869, 0x586b, 0x5875, 0x587e, 0x5883, 0x5893, 0x5897, 0x589c, 0x58a8, 0x58b3, 0x58be, 0x58c1, 0x58c7, 0x58ca, 0x58cc, 0x58d5,
	0x58eb, 0x58ec, 0x58ee, 0x58f0, 0x58f1, 0x58f2, 0x58f7, 0x5909, 0x590f, 0x5915, 0x5916, 0x5919, 0x591a, 0x591c, 0x5922, 0x5927,
	0x5929, 0x592a, 0x592b, 0x592e, 0x5931, 0x5937, 0x5944, 0x5947, 0x5948, 0x5949, 0x594f, 0x5951, 0x5954, 0x5957, 0x5965, 0x5968,
	0x596a, 0x596e, 0x5973, 0x5974, 0x597d, 0x5982, 0x5983, 0x5984, 0x598a, 0x5993, 0x5996, 0x5999, 0x59a5, 0x59a8, 0x59ac, 0x59b9,
	0x59bb, 0x59be, 0x59c9, 0x59cb, 0x59d0, 0x59d1, 0x59d3, 0x59d4, 0x59e5, 0x59e6, 0x59ea, 0x59eb, 0x59f6, 0x59fb, 0x59ff, 0x5a01,
	0x5a03, 0x5a18, 0x5a20, 0x5a29, 0x5a2f, 0x5a3c, 0x5a41, 0x5a46, 0x5a5a, 0x5a66, 0x5a7f, 0x5a92, 0x5a9b, 0x5ac1, 0x5ac9, 0x5acc,
	0x5ae1, 0x5b09, 0x5b22, 0x5b2c, 0x5b30, 0x5b50, 0x5b54, 0x5b57, 0x5b58, 0x5b5c, 0x5b5d, 0x5b5f, 0x5b63, 0x5b64, 0x5b66, 0x5b6b,
	0x5b85, 0x5b87, 0x5b88, 0x5b89, 0x5b8b, 0x5b8c, 0x5b8d, 0x5b8f, 0x5b95, 0x5b97, 0x5b98, 0x5b99, 0x5b9a, 0x5b9b, 0x5b9c, 0x5b9d,
	0x5b9f, 0x5ba2, 0x5ba3, 0x5ba4, 0x5ba5, 0x5bae, 0x5bb0, 0x5bb3, 0x5bb4, 0x5bb5, 0x5bb6, 0x5bb9, 0x5bbf, 0x5bc2, 0x5bc4, 0x5bc5,
	0x5bc6, 0x5bcc, 0x5bd2, 0x5bd3, 0x5bdb, 0x5bdd, 0x5bdf, 0x5be1, 0x5be7, 0x5be9, 0x5bee, 0x5bf5, 0x5bf8, 0x5bfa, 0x5bfe, 0x5bff,
	0x5c01, 0x5c02, 0x5c04, 0x5c06, 0x5c09, 0x5c0a, 0x5c0b, 0x5c0e, 0x5c0f, 0x5c11, 0x5c16, 0x5c1a, 0x5c24, 0x5c2d, 0x5c31, 0x5c3a,
	0x5c3b, 0x5c3c, 0x5c3d, 0x5c3e, 0x5c3f, 0x5c40, 0x5c45, 0x5c48, 0x5c4a, 0x5c4b, 0x5c4d, 0x5c51, 0x5c55, 0x5c5e, 0x5c60, 0x5c61,
	0x5c64, 0x5c65, 0x5c6f, 0x5c71, 0x5c90, 0x5ca1, 0x5ca8, 0x5ca9, 0x5cac, 0x5cb1, 0x5cb3, 0x5cb8, 0x5ce0, 0x5ce1, 0x5ce8, 0x5cef,
	0x5cf0, 0x5cf6, 0x5cfb, 0x5d07, 0x5d0e, 0x5d16, 0x5d29, 0x5d50, 0x5d69, 0x5d6f, 0x5d8b, 0x5dba, 0x5dcc, 0x5ddd, 0x5dde, 0x5de1,
	0x5de3, 0x5de5, 0x5de6, 0x5de7, 0x5de8, 0x5dee, 0x5df1, 0x5df3, 0x5df4, 0x5df7, 0x5dfb, 0x5dfd, 0x5dfe, 0x5e02, 0x5e03, 0x5e06,
	0x5e0c, 0x5e16, 0x5e1d, 0x5e25, 0x5e2b, 0x5e2d, 0x5e2f, 0x5e30, 0x5e33, 0x5e38, 0x5e3d, 0x5e45, 0x5e4c, 0x5e55, 0x5e61, 0x5e63,
	0x5e72, 0x5e73, 0x5e74, 0x5e78, 0x5e79, 0x5e7b, 0x5e7c, 0x5e7d, 0x5e7e, 0x5e81, 0x5e83, 0x5e84, 0x5e87, 0x5e8a, 0x5e8f, 0x5e95,
	0x5e96, 0x5e97, 0x5e9a, 0x5e9c, 0x5ea6, 0x5ea7, 0x5eab, 0x5ead, 0x5eb5, 0x5eb6, 0x5eb7, 0x5eb8, 0x5ec3, 0x5ec9, 0x5eca, 0x5ed3,
	0x5edf, 0x5ee0, 0x5ef6, 0x5ef7, 0x5efa, 0x5efb, 0x5efc, 0x5eff, 0x5f01, 0x5f04, 0x5f0a, 0x5f0f, 0x5f10, 0x5f13, 0x5f14, 0x5f15,
	0x5f17, 0x5f18, 0x5f1b, 0x5f1f, 0x5f25, 0x5f26, 0x5f27, 0x5f31, 0x5f35, 0x5f37, 0x5f3c, 0x5f3e, 0x5f4a, 0x5f53, 0x5f62, 0x5f66,
	0x5f69, 0x5f6a, 0x5f6b, 0x5f6c, 0x5f70, 0x5f71, 0x5f79, 0x5f7c, 0x5f80, 0x5f81, 0x5f84, 0x5f85, 0x5f8b, 0x5f8c, 0x5f90, 0x5f92,
	0x5f93, 0x5f97, 0x5fa1, 0x5fa9, 0x5faa, 0x5fae, 0x5fb3, 0x5fb4, 0x5fb9, 0x5fbd, 0x5fc3, 0x5fc5, 0x5fcc, 0x5fcd, 0x5fd7, 0x5fd8,
	0x5fd9, 0x5fdc, 0x5fe0, 0x5feb, 0x5ff5, 0x5ffd, 0x6012, 0x6016, 0x601c, 0x601d, 0x6020, 0x6025, 0x6027, 0x6028, 0x602a, 0x602f,
	0x604b, 0x6050, 0x6052, 0x6055, 0x6062, 0x6065, 0x6068, 0x6069, 0x606d, 0x606f, 0x6070, 0x6075, 0x6089, 0x608c, 0x6094, 0x609f,
	0x60a0, 0x60a3, 0x60a6, 0x60a9, 0x60aa, 0x60b2, 0x60b6, 0x60bc, 0x60c5, 0x60c7, 0x60d1, 0x60da, 0x60dc, 0x60df, 0x60e3, 0x60e8,
	0x60f0, 0x60f3, 0x60f9, 0x6101, 0x6108, 0x6109, 0x610f, 0x611a, 0x611b, 0x611f, 0x6148, 0x614b, 0x614c, 0x614e, 0x6155, 0x6162,
	0x6163, 0x6167, 0x6168, 0x616e, 0x6170, 0x6176, 0x617e, 0x6182, 0x618e, 0x6190, 0x61a4, 0x61a7, 0x61a9, 0x61b2, 0x61b6, 0x61be,
	0x61c7, 0x61d0, 0x61f2, 0x61f8, 0x620a, 0x620e, 0x6210, 0x6211, 0x6212, 0x6216, 0x621a, 0x621f, 0x6226, 0x622f, 0x6234, 0x6238,
	0x623b, 0x623f, 0x6240, 0x6247, 0x6249, 0x624b, 0x624d, 0x6253, 0x6255, 0x6258, 0x626e, 0x6271, 0x6276, 0x6279, 0x627f, 0x6280,
	0x6284, 0x628a, 0x6291, 0x6295, 0x6297, 0x6298, 0x629c, 0x629e, 0x62ab, 0x62b1, 0x62b5, 0x62b9, 0x62bc, 0x62bd, 0x62c5, 0x62cd,
	0x62d0, 0x62d2, 0x62d3, 0x62d8, 0x62d9, 0x62db, 0x62dd, 0x62e0, 0x62e1, 0x62ec, 0x62ed, 0x62f3, 0x62f6, 0x62f7, 0x62fe, 0x6301,
	0x6307, 0x6309, 0x6311, 0x6319, 0x631f, 0x6328, 0x632b, 0x632f, 0x633a, 0x633d, 0x633f, 0x6349, 0x634c, 0x6355, 0x6357, 0x635c,
	0x6367, 0x6368, 0x636e, 0x6372, 0x6377, 0x637a, 0x637b, 0x6383, 0x6388, 0x638c, 0x6392, 0x6398, 0x639b, 0x63a0, 0x63a1, 0x63a2,
	0x63a5, 0x63a7, 0x63a8, 0x63a9, 0x63aa, 0x63ac, 0x63b2, 0x63b4, 0x63bb, 0x63c3, 0x63cf, 0x63d0, 0x63d6, 0x63da, 0x63db, 0x63e1,
	0x63ee, 0x63f4, 0x63fa, 0x640d, 0x642c, 0x642d, 0x643a, 0x643e, 0x6442, 0x6458, 0x6469, 0x6478, 0x647a, 0x6483, 0x6492, 0x649a,
	0x649e, 0x64a4, 0x64ab, 0x64ad, 0x64ae, 0x64b0, 0x64b2, 0x64b9, 0x64c1, 0x64cd, 0x64e2, 0x64e6, 0x64ec, 0x64fe, 0x652f, 0x6539,
	0x653b, 0x653e, 0x653f, 0x6545, 0x654f, 0x6551, 0x6557, 0x6559, 0x6562, 0x6563, 0x6566, 0x656c, 0x6570, 0x6574, 0x6575, 0x6577,
	0x6587, 0x6589, 0x658c, 0x658e, 0x6590, 0x6591, 0x6597, 0x6599, 0x659c, 0x65a1, 0x65a4, 0x65a5, 0x65a7, 0x65ac, 0x65ad, 0x65af,
	0x65b0, 0x65b9, 0x65bc, 0x65bd, 0x65c5, 0x65cb, 0x65cf, 0x65d7, 0x65e2, 0x65e5, 0x65e6, 0x65e7, 0x65e8, 0x65e9, 0x65ec, 0x65ed,
	0x65fa, 0x6602, 0x6606, 0x6607, 0x660c, 0x660e, 0x660f, 0x6613, 0x6614, 0x661f, 0x6620, 0x6625, 0x6627, 0x6628, 0x662d, 0x662f,
	0x663c, 0x6642, 0x6643, 0x664b, 0x6652, 0x6666, 0x6669, 0x666e, 0x666f, 0x6674, 0x6676, 0x667a, 0x6681, 0x6687, 0x6691, 0x6696,
	0x6697, 0x66a2, 0x66a6, 0x66ab, 0x66ae, 0x66b4, 0x66c7, 0x66d9, 0x66dc, 0x66dd, 0x66f2, 0x66f3, 0x66f4, 0x66f8, 0x66f9, 0x66fd,
	0x66fe, 0x66ff, 0x6700, 0x6708, 0x6709, 0x670b, 0x670d, 0x6714, 0x6715, 0x6717, 0x671b, 0x671d, 0x671f, 0x6728, 0x672a, 0x672b,
	0x672c, 0x672d, 0x6731, 0x6734, 0x673a, 0x673d, 0x6749, 0x674e, 0x674f, 0x6750, 0x6751, 0x6753, 0x6756, 0x675c, 0x675f, 0x6761,
	0x6762, 0x6765, 0x676d, 0x676f, 0x6771, 0x6775, 0x6777, 0x677e, 0x677f, 0x6787, 0x6790, 0x6795, 0x6797, 0x679a, 0x679c, 0x679d,
	0x67a0, 0x67a2, 0x67af, 0x67b6, 0x67c1, 0x67c4, 0x67ca, 0x67cf, 0x67d0, 0x67d1, 0x67d3, 0x67d4, 0x67d8, 0x67da, 0x67f1, 0x67f3,
	0x67f4, 0x67f5, 0x67fb, 0x67fe, 0x67ff, 0x6802, 0x6803, 0x6804, 0x6813, 0x6816, 0x6817, 0x6821, 0x6822, 0x682a, 0x6834, 0x6838,
	0x6839, 0x683c, 0x683d, 0x6841, 0x6842, 0x6843, 0x6848, 0x6850, 0x6851, 0x6853, 0x6854, 0x685c, 0x685d, 0x685f, 0x6867, 0x6876,
	0x6881, 0x6885, 0x6893, 0x6897, 0x68a2, 0x68a7, 0x68a8, 0x68af, 0x68b0, 0x68b1, 0x68b6, 0x68bc, 0x68c4, 0x68c9, 0x68cb, 0x68d2,
	0x68da, 0x68df, 0x68ee, 0x68f2, 0x68fa, 0x6900, 0x6905, 0x690b, 0x690d, 0x690e, 0x6919, 0x691b, 0x691c, 0x6934, 0x693f, 0x694a,
	0x6953, 0x6955, 0x695a, 0x6960, 0x6962, 0x696d, 0x696f, 0x6973, 0x6975, 0x697c, 0x697d, 0x6982, 0x698a, 0x698e, 0x6994, 0x699b,
	0x69b4, 0x69cb, 0x69cc, 0x69cd, 0x69d8, 0x69d9, 0x69fb, 0x69fd, 0x6a0b, 0x6a17, 0x6a19, 0x6a1f, 0x6a21, 0x6a29, 0x6a2a, 0x6a2b,
	0x6a35, 0x6a39, 0x6a3a, 0x6a3d, 0x6a4b, 0x6a58, 0x6a59, 0x6a5f, 0x6a61, 0x6a7f, 0x6a80, 0x6a8e, 0x6ad3, 0x6adb, 0x6ae8, 0x6b04,
	0x6b1d, 0x6b20, 0x6b21, 0x6b23, 0x6b27, 0x6b32, 0x6b3a, 0x6b3d, 0x6b3e, 0x6b4c, 0x6b4e, 0x6b53, 0x6b62, 0x6b63, 0x6b64, 0x6b66,
	0x6b69, 0x6b6a, 0x6b6f, 0x6b73, 0x6b74, 0x6b7b, 0x6b86, 0x6b89, 0x6b8a, 0x6b8b, 0x6b96, 0x6bb4, 0x6bb5, 0x6bba, 0x6bbb, 0x6bbf,
	0x6bc5, 0x6bcd, 0x6bce, 0x6bd2, 0x6bd4, 0x6bd8, 0x6bdb, 0x6c0f, 0x6c11, 0x6c17, 0x6c34, 0x6c37, 0x6c38, 0x6c3e, 0x6c40, 0x6c41,
	0x6c42, 0x6c4e, 0x6c50, 0x6c57, 0x6c5a, 0x6c5d, 0x6c5f, 0x6c60, 0x6c70, 0x6c72, 0x6c7a, 0x6c7d, 0x6c83, 0x6c88, 0x6c8c, 0x6c93,
	0x6c96, 0x6c99, 0x6ca1, 0x6ca2, 0x6cab, 0x6cb3, 0x6cb8, 0x6cb9, 0x6cbb, 0x6cbc, 0x6cbf, 0x6cc1, 0x6cc9, 0x6cca, 0x6ccc, 0x6cd5,
	0x6ce1, 0x6ce2, 0x6ce3, 0x6ce5, 0x6ce8, 0x6cf0, 0x6cf3, 0x6d0b, 0x6d17, 0x6d1b, 0x6d1e, 0x6d25, 0x6d29, 0x6d2a, 0x6d32, 0x6d3b,
	0x6d3e, 0x6d41, 0x6d44, 0x6d45, 0x6d5c, 0x6d66, 0x6d69, 0x6d6a, 0x6d6c, 0x6d6e, 0x6d74, 0x6d77, 0x6d78, 0x6d88, 0x6d8c, 0x6d99,
	0x6d9b, 0x6d9c, 0x6daf, 0x6db2, 0x6dbc, 0x6dc0, 0x6dcb, 0x6dd1, 0x6dd8, 0x6de1, 0x6deb, 0x6df1, 0x6df3, 0x6df5, 0x6df7, 0x6dfb,
	0x6e05, 0x6e07, 0x6e08, 0x6e09, 0x6e0b, 0x6e13, 0x6e1a, 0x6e1b, 0x6e20, 0x6e21, 0x6e25, 0x6e26, 0x6e29, 0x6e2c, 0x6e2f, 0x6e4a,
	0x6e56, 0x6e58, 0x6e5b, 0x6e67, 0x6e6f, 0x6e7e, 0x6e7f, 0x6e80, 0x6e8c, 0x6e90, 0x6e96, 0x6e9c, 0x6e9d, 0x6ea2, 0x6eb6, 0x6eba,
	0x6ec5, 0x6ecb, 0x6ed1, 0x6edd, 0x6ede, 0x6ef4, 0x6f01, 0x6f02, 0x6f06, 0x6f09, 0x6f0f, 0x6f14, 0x6f15, 0x6f20, 0x6f22, 0x6f23,
	0x6f2b, 0x6f2c, 0x6f38, 0x6f45, 0x6f54, 0x6f5c, 0x6f5f, 0x6f64, 0x6f6e, 0x6f70, 0x6f84, 0x6f97, 0x6fb1, 0x6fc0, 0x6fc1, 0x6fc3,
	0x6fe0, 0x6fe1, 0x6feb, 0x6fef, 0x7015, 0x701e, 0x7026, 0x7027, 0x702c, 0x7058, 0x706b, 0x706f, 0x7070, 0x7078, 0x707c, 0x707d,
	0x7089, 0x708a, 0x708e, 0x70ad, 0x70b9, 0x70ba, 0x70c8, 0x70cf, 0x70f9, 0x7114, 0x711a, 0x7121, 0x7126, 0x7136, 0x713c, 0x7149,
	0x714e, 0x7159, 0x7164, 0x7167, 0x7169, 0x716e, 0x717d, 0x718a, 0x7194, 0x719f, 0x71b1, 0x71c3, 0x71c8, 0x71d0, 0x71d5, 0x71e5,
	0x71e6, 0x71ed, 0x7206, 0x722a, 0x7235, 0x7236, 0x723a, 0x723d, 0x723e, 0x7247, 0x7248, 0x724c, 0x7252, 0x7259, 0x725b, 0x725d,
	0x725f, 0x7261, 0x7262, 0x7267, 0x7269, 0x7272, 0x7279, 0x727d, 0x7280, 0x72a0, 0x72ac, 0x72af, 0x72b6, 0x72c2, 0x72d0, 0x72d7,
	0x72d9, 0x72db, 0x72e9, 0x72ec, 0x72ed, 0x72f8, 0x72fc, 0x72fd, 0x731b, 0x731f, 0x732a, 0x732b, 0x732e, 0x7336, 0x7337, 0x733f,
	0x7344, 0x7345, 0x7363, 0x7372, 0x7384, 0x7387, 0x7389, 0x738b, 0x7396, 0x73a9, 0x73b2, 0x73c2, 0x73ca, 0x73cd, 0x73e0, 0x73ea,
	0x73ed, 0x73fe, 0x7403, 0x7406, 0x7409, 0x7422, 0x7433, 0x7434, 0x7435, 0x7436, 0x745a, 0x745b, 0x745e, 0x7460, 0x7473, 0x7483,
	0x74b0, 0x74bd, 0x74dc, 0x74e2, 0x74e6, 0x74f6, 0x7511, 0x7518, 0x751a, 0x751c, 0x751f, 0x7523, 0x7525, 0x7528, 0x752b, 0x7530,
	0x7531, 0x7532, 0x7533, 0x7537, 0x753a, 0x753b, 0x754c, 0x754f, 0x7551, 0x7554, 0x7559, 0x755c, 0x755d, 0x7560, 0x7562, 0x7565,
	0x7566, 0x756a, 0x7570, 0x7573, 0x7577, 0x757f, 0x758b, 0x758e, 0x758f, 0x7591, 0x75ab, 0x75b2, 0x75b9, 0x75be, 0x75c5, 0x75c7,
	0x75d4, 0x75d5, 0x75d8, 0x75db, 0x75e2, 0x75e9, 0x75f4, 0x7642, 0x764c, 0x7652, 0x7656, 0x767a, 0x767b, 0x767d, 0x767e, 0x7684,
	0x7686, 0x7687, 0x7690, 0x76ae, 0x76bf, 0x76c3, 0x76c6, 0x76c8, 0x76ca, 0x76d7, 0x76db, 0x76df, 0x76e3, 0x76e4, 0x76ee, 0x76f2,
	0x76f4, 0x76f8, 0x76fe, 0x7701, 0x7709, 0x770b, 0x770c, 0x771f, 0x7720, 0x773a, 0x773c, 0x7740, 0x7761, 0x7763, 0x7766, 0x77a5,
	0x77ac, 0x77ad, 0x77b3, 0x77db, 0x77e2, 0x77e5, 0x77e7, 0x77e9, 0x77ed, 0x77ef, 0x77f3, 0x7802, 0x7814, 0x7815, 0x7825, 0x7826,
	0x7827, 0x7832, 0x7834, 0x783a, 0x783f, 0x785d, 0x786b, 0x786c, 0x786f, 0x7872, 0x7881, 0x7887, 0x788d, 0x7891, 0x7893, 0x7895,
	0x7897, 0x78a7, 0x78a9, 0x78ba, 0x78c1, 0x78d0, 0x78e8, 0x78ef, 0x7901, 0x790e, 0x793a, 0x793c, 0x793e, 0x7941, 0x7947, 0x7948,
	0x7949, 0x7950, 0x7956, 0x795d, 0x795e, 0x7962, 0x7965, 0x7968, 0x796d, 0x7977, 0x7981, 0x7984, 0x7985, 0x798d, 0x798e, 0x798f,
	0x79a6, 0x79b0, 0x79bd, 0x79be, 0x79bf, 0x79c0, 0x79c1, 0x79cb, 0x79d1, 0x79d2, 0x79d8, 0x79df, 0x79e4, 0x79e6, 0x79e9, 0x79f0,
	0x79fb, 0x7a00, 0x7a0b, 0x7a0e, 0x7a14, 0x7a17, 0x7a1a, 0x7a1c, 0x7a2e, 0x7a32, 0x7a3c, 0x7a3d, 0x7a3f, 0x7a40, 0x7a42, 0x7a46,
	0x7a4d, 0x7a4e, 0x7a4f, 0x7a50, 0x7a63, 0x7a6b, 0x7a74, 0x7a76, 0x7a7a, 0x7a7f, 0x7a81, 0x7a83, 0x7a84, 0x7a92, 0x7a93, 0x7a9f,
	0x7aaa, 0x7aae, 0x7aaf, 0x7aba, 0x7ac3, 0x7acb, 0x7adc, 0x7ae0, 0x7ae3, 0x7ae5, 0x7aea, 0x7aef, 0x7af6, 0x7af9, 0x7afa, 0x7aff,
	0x7b08, 0x7b11, 0x7b1b, 0x7b20, 0x7b25, 0x7b26, 0x7b2c, 0x7b39, 0x7b46, 0x7b48, 0x7b49, 0x7b4b, 0x7b4f, 0x7b51, 0x7b52, 0x7b54,
	0x7b56, 0x7b86, 0x7b87, 0x7b94, 0x7b95, 0x7b97, 0x7ba1, 0x7baa, 0x7bad, 0x7bb1, 0x7bb8, 0x7bc0, 0x7bc4, 0x7bc7, 0x7bc9, 0x7be0,
	0x7be4, 0x7bed, 0x7c21, 0x7c38, 0x7c3e, 0x7c3f, 0x7c4d, 0x7c73, 0x7c7e, 0x7c81, 0x7c82, 0x7c89, 0x7c8b, 0x7c8d, 0x7c92, 0x7c95,
	0x7c97, 0x7c98, 0x7c9b, 0x7c9f, 0x7ca5, 0x7ca7, 0x7cbe, 0x7cca, 0x7cce, 0x7cd6, 0x7cde, 0x7cdf, 0x7ce0, 0x7ce7, 0x7cf8, 0x7cfb,
	0x7cfe, 0x7d00, 0x7d04, 0x7d05, 0x7d0b, 0x7d0d, 0x7d10, 0x7d14, 0x7d17, 0x7d18, 0x7d19, 0x7d1a, 0x7d1b, 0x7d20, 0x7d21, 0x7d22,
	0x7d2b, 0x7d2c, 0x7d2f, 0x7d30, 0x7d33, 0x7d39, 0x7d3a, 0x7d42, 0x7d43, 0x7d44, 0x7d4c, 0x7d50, 0x7d5e, 0x7d61, 0x7d62, 0x7d66,
	0x7d71, 0x7d75, 0x7d76, 0x7d79, 0x7d99, 0x7d9a, 0x7d9c, 0x7dac, 0x7dad, 0x7db1, 0x7db2, 0x7db4, 0x7dbb, 0x7dbe, 0x7dbf, 0x7dca,
	0x7dcb, 0x7dcf, 0x7dd1, 0x7dd2, 0x7dda, 0x7de0, 0x7de8, 0x7de9, 0x7dec, 0x7def, 0x7df4, 0x7e01, 0x7e04, 0x7e1b, 0x7e1e, 0x7e26,
	0x7e2b, 0x7e2e, 0x7e3e, 0x7e41, 0x7e4a, 0x7e4b, 0x7e4d, 0x7e54, 0x7e55, 0x7e6d, 0x7e70, 0x7e82, 0x7e8f, 0x7f36, 0x7f6a, 0x7f6b,
	0x7f6e, 0x7f70, 0x7f72, 0x7f75, 0x7f77, 0x7f85, 0x7f8a, 0x7f8e, 0x7fa4, 0x7fa8, 0x7fa9, 0x7fbd, 0x7fc1, 0x7fcc, 0x7fd2, 0x7fe0,
	0x7feb, 0x7ff0, 0x7ffb, 0x7ffc, 0x8000, 0x8001, 0x8003, 0x8005, 0x800c, 0x8010, 0x8015, 0x8017, 0x8033, 0x8036, 0x803d, 0x8056,
	0x805e, 0x8061, 0x806f, 0x8074, 0x8077, 0x807e, 0x8087, 0x8089, 0x808b, 0x808c, 0x8096, 0x8098, 0x809d, 0x80a1, 0x80a2, 0x80a5,
	0x80a9, 0x80aa, 0x80af, 0x80b1, 0x80b2, 0x80b4, 0x80ba, 0x80c3, 0x80c6, 0x80cc, 0x80ce, 0x80de, 0x80e1, 0x80e4, 0x80f4, 0x80f8,
	0x80fd, 0x8102, 0x8105, 0x8106, 0x8107, 0x8108, 0x810a, 0x811a, 0x8131, 0x8133, 0x8139, 0x814e, 0x8150, 0x8154, 0x8155, 0x816b,
	0x8170, 0x8178, 0x8179, 0x817a, 0x817f, 0x818f, 0x819a, 0x819c, 0x819d, 0x81a8, 0x81b3, 0x81bf, 0x81c6, 0x81d3, 0x81e3, 0x81e5,
	0x81e8, 0x81ea, 0x81ed, 0x81f3, 0x81f4, 0x81fc, 0x8208, 0x820c, 0x820e, 0x8217, 0x8218, 0x821b, 0x821c, 0x821e, 0x821f, 0x822a,
	0x822c, 0x8235, 0x8236, 0x8237, 0x8239, 0x8247, 0x8266, 0x826e, 0x826f, 0x8272, 0x8276, 0x828b, 0x8299, 0x829d, 0x82a5, 0x82a6,
	0x82ad, 0x82af, 0x82b1, 0x82b3, 0x82b8, 0x82b9, 0x82bd, 0x82c5, 0x82d1, 0x82d3, 0x82d4, 0x82d7, 0x82db, 0x82e5, 0x82e6, 0x82e7,
	0x82eb, 0x82f1, 0x8302, 0x8304, 0x8305, 0x830e, 0x831c, 0x8328, 0x8336, 0x8338, 0x8349, 0x834a, 0x834f, 0x8352, 0x8358, 0x8377,
	0x837b, 0x839e, 0x83ab, 0x83b1, 0x83c5, 0x83ca, 0x83cc, 0x83d3, 0x83d6, 0x83dc, 0x83df, 0x83e9, 0x83ef, 0x83f0, 0x83f1, 0x8404,
	0x840c, 0x840e, 0x8429, 0x8431, 0x843d, 0x8449, 0x844e, 0x8457, 0x845b, 0x8461, 0x8463, 0x8466, 0x846c, 0x8471, 0x8475, 0x847a,
	0x848b, 0x8490, 0x8494, 0x8499, 0x849c, 0x84b2, 0x84b8, 0x84bc, 0x84c4, 0x84c9, 0x84cb, 0x84d1, 0x84ec, 0x84ee, 0x8500, 0x8511,
	0x8513, 0x851a, 0x8526, 0x852d, 0x8535, 0x853d, 0x8543, 0x8549, 0x854a, 0x854e, 0x8557, 0x8568, 0x8569, 0x856a, 0x8584, 0x8597,
	0x8599, 0x85a6, 0x85a9, 0x85aa, 0x85ab, 0x85ac, 0x85ae, 0x85af, 0x85c1, 0x85cd, 0x85e4, 0x85e9, 0x85f7, 0x85fb, 0x8607, 0x862d,
	0x864e, 0x8650, 0x865a, 0x865c, 0x865e, 0x866b, 0x8679, 0x867b, 0x868a, 0x8695, 0x86a4, 0x86c7, 0x86cb, 0x86cd, 0x86ce, 0x86d9,
	0x86e4, 0x86ed, 0x86ee, 0x86f8, 0x86fe, 0x8702, 0x8718, 0x871c, 0x8749, 0x874b, 0x8755, 0x8766, 0x8776, 0x877f, 0x878d, 0x87ba,
	0x87f9, 0x87fb, 0x8840, 0x8846, 0x884c, 0x8853, 0x8857, 0x885b, 0x885d, 0x8861, 0x8863, 0x8868, 0x8870, 0x8877, 0x887f, 0x8888,
	0x888b, 0x8896, 0x88ab, 0x88b4, 0x88b7, 0x88c1, 0x88c2, 0x88c5, 0x88cf, 0x88d5, 0x88dc, 0x88df, 0x88e1, 0x88f3, 0x88f8, 0x88fd,
	0x88fe, 0x8907, 0x8910, 0x8912, 0x8956, 0x895f, 0x8972, 0x897f, 0x8981, 0x8986, 0x8987, 0x898b, 0x898f, 0x8996, 0x8997, 0x899a,
	0x89a7, 0x89aa, 0x89b3, 0x89d2, 0x89e3, 0x89e6, 0x8a00, 0x8a02, 0x8a08, 0x8a0a, 0x8a0e, 0x8a13, 0x8a17, 0x8a18, 0x8a1f, 0x8a23,
	0x8a2a, 0x8a2d, 0x8a31, 0x8a33, 0x8a34, 0x8a3a, 0x8a3b, 0x8a3c, 0x8a50, 0x8a51, 0x8a54, 0x8a55, 0x8a5e, 0x8a60, 0x8a63, 0x8a66,
	0x8a69, 0x8a6b, 0x8a6e, 0x8a70, 0x8a71, 0x8a72, 0x8a73, 0x8a87, 0x8a89, 0x8a8c, 0x8a8d, 0x8a93, 0x8a95, 0x8a98, 0x8a9e, 0x8aa0,
	0x8aa4, 0x8aac, 0x8aad, 0x8ab0, 0x8ab2, 0x8ab9, 0x8abc, 0x8abf, 0x8ac7, 0x8acb, 0x8acc, 0x8acf, 0x8ad2, 0x8ad6, 0x8adc, 0x8ae6,
	0x8aed, 0x8aee, 0x8af8, 0x8afa, 0x8afe, 0x8b00, 0x8b01, 0x8b02, 0x8b04, 0x8b0e, 0x8b19, 0x8b1b, 0x8b1d, 0x8b21, 0x8b2c, 0x8b39,
	0x8b58, 0x8b5c, 0x8b66, 0x8b70, 0x8b72, 0x8b77, 0x8b83, 0x8b90, 0x8c37, 0x8c46, 0x8c4a, 0x8c5a, 0x8c61, 0x8c6a, 0x8c79, 0x8c8c,
	0x8c9d, 0x8c9e, 0x8ca0, 0x8ca1, 0x8ca2, 0x8ca7, 0x8ca8, 0x8ca9, 0x8cab, 0x8cac, 0x8caf, 0x8cb0, 0x8cb4, 0x8cb7, 0x8cb8, 0x8cbb,
	0x8cbc, 0x8cbf, 0x8cc0, 0x8cc2, 0x8cc3, 0x8cc4, 0x8cc7, 0x8cca, 0x8cce, 0x8cd1, 0x8cd3, 0x8cdb, 0x8cdc, 0x8cde, 0x8ce0, 0x8ce2,
	0x8ce6, 0x8cea, 0x8ced, 0x8cfc, 0x8d08, 0x8d0b, 0x8d64, 0x8d66, 0x8d6b, 0x8d70, 0x8d74, 0x8d77, 0x8d85, 0x8d8a, 0x8da3, 0x8da8,
	0x8db3, 0x8ddd, 0x8de1, 0x8de8, 0x8def, 0x8df3, 0x8df5, 0x8e0a, 0x8e0f, 0x8e44, 0x8e5f, 0x8e74, 0x8e8d, 0x8eab, 0x8eaf, 0x8eca,
	0x8ecc, 0x8ecd, 0x8ed2, 0x8edf, 0x8ee2, 0x8ef8, 0x8efd, 0x8f03, 0x8f09, 0x8f14, 0x8f1d, 0x8f29, 0x8f2a, 0x8f2f, 0x8f38, 0x8f3f,
	0x8f44, 0x8f4d, 0x8f5f, 0x8f61, 0x8f9b, 0x8f9e, 0x8fb0, 0x8fb1, 0x8fb2, 0x8fba, 0x8fbb, 0x8fbc, 0x8fbf, 0x8fc2, 0x8fc4, 0x8fc5,
	0x8fce, 0x8fd1, 0x8fd4, 0x8fe6, 0x8fe9, 0x8feb, 0x8fed, 0x8ff0, 0x8ff7, 0x8ffd, 0x9000, 0x9001, 0x9003, 0x9006, 0x900f, 0x9010,
	0x9013, 0x9014, 0x9017, 0x9019, 0x901a, 0x901d, 0x901f, 0x9020, 0x9022, 0x9023, 0x902e, 0x9031, 0x9032, 0x9038, 0x903c, 0x9041,
	0x9042, 0x9045, 0x9047, 0x904a, 0x904b, 0x904d, 0x904e, 0x9053, 0x9054, 0x9055, 0x905c, 0x9060, 0x9061, 0x9063, 0x9065, 0x9069,
	0x906d, 0x906e, 0x9075, 0x9077, 0x9078, 0x907a, 0x907c, 0x907f, 0x9084, 0x9091, 0x90a3, 0x90a6, 0x90aa, 0x90b8, 0x90c1, 0x90ca,
	0x90ce, 0x90e1, 0x90e8, 0x90ed, 0x90f5, 0x90f7, 0x90fd, 0x912d, 0x9149, 0x914b, 0x914c, 0x914d, 0x914e, 0x9152, 0x9154, 0x9162,
	0x916a, 0x916c, 0x9175, 0x9177, 0x9178, 0x9187, 0x918d, 0x9190, 0x9192, 0x9197, 0x919c, 0x91a4, 0x91b8, 0x91c6, 0x91c7, 0x91c8,
	0x91cc, 0x91cd, 0x91ce, 0x91cf, 0x91d1, 0x91d8, 0x91dc, 0x91dd, 0x91e3, 0x91e6, 0x91e7, 0x920d, 0x920e, 0x9234, 0x9237, 0x9244,
	0x925b, 0x9262, 0x9266, 0x9271, 0x927e, 0x9280, 0x9283, 0x9285, 0x9291, 0x9298, 0x929a, 0x92ad, 0x92d2, 0x92e4, 0x92ea, 0x92ed,
	0x92f2, 0x92f3, 0x92f8, 0x92fc, 0x9306, 0x9310, 0x9318, 0x9320, 0x9326, 0x9328, 0x932b, 0x932c, 0x932f, 0x9332, 0x934b, 0x934d,
	0x9354, 0x935b, 0x936c, 0x9375, 0x937e, 0x938c, 0x9396, 0x9397, 0x939a, 0x93a7, 0x93ae, 0x93d1, 0x93e1, 0x9418, 0x9419, 0x9438,
	0x9451, 0x9453, 0x9577, 0x9580, 0x9583, 0x9589, 0x958b, 0x958f, 0x9591, 0x9593, 0x95a2, 0x95a3, 0x95a4, 0x95a5, 0x95b2, 0x95c7,
	0x95d8, 0x961c, 0x962a, 0x9632, 0x963b, 0x963f, 0x9640, 0x9644, 0x964d, 0x9650, 0x965b, 0x9662, 0x9663, 0x9664, 0x9665, 0x966a,
	0x9670, 0x9673, 0x9675, 0x9676, 0x9678, 0x967a, 0x967d, 0x9685, 0x9686, 0x9688, 0x968a, 0x968e, 0x968f, 0x9694, 0x9699, 0x969b,
	0x969c, 0x96a0, 0x96a3, 0x96b7, 0x96bb, 0x96bc, 0x96c0, 0x96c1, 0x96c4, 0x96c5, 0x96c6, 0x96c7, 0x96cc, 0x96d1, 0x96db, 0x96e2,
	0x96e3, 0x96e8, 0x96ea, 0x96eb, 0x96f0, 0x96f2, 0x96f6, 0x96f7, 0x96fb, 0x9700, 0x9707, 0x970a, 0x971c, 0x971e, 0x9727, 0x9732,
	0x9752, 0x9756, 0x9759, 0x975e, 0x9762, 0x9769, 0x976d, 0x9774, 0x9784, 0x978d, 0x9798, 0x97a0, 0x97ad, 0x97d3, 0x97ee, 0x97f3,
	0x97fb, 0x97ff, 0x9801, 0x9802, 0x9803, 0x9805, 0x9806, 0x9808, 0x9810, 0x9811, 0x9812, 0x9813, 0x9817, 0x9818, 0x981a, 0x982c,
	0x982d, 0x9834, 0x983b, 0x983c, 0x984c, 0x984d, 0x984e, 0x9854, 0x9855, 0x9858, 0x985b, 0x985e, 0x9867, 0x98a8, 0x98db, 0x98df,
	0x98e2, 0x98ef, 0x98f2, 0x98f4, 0x98fc, 0x98fd, 0x98fe, 0x9905, 0x990a, 0x990c, 0x9910, 0x9913, 0x9928, 0x9957, 0x9996, 0x9999,
	0x99a8, 0x99ac, 0x99b3, 0x99b4, 0x99c1, 0x99c4, 0x99c5, 0x99c6, 0x99c8, 0x99d0, 0x99d2, 0x99d5, 0x99ff, 0x9a0e, 0x9a12, 0x9a13,
	0x9a28, 0x9a30, 0x9a5a, 0x9aa8, 0x9ab8, 0x9ac4, 0x9ad8, 0x9aea, 0x9aed, 0x9b3c, 0x9b41, 0x9b42, 0x9b45, 0x9b54, 0x9b5a, 0x9b6f,
	0x9b8e, 0x9b92, 0x9baa, 0x9bab, 0x9bad, 0x9bae, 0x9bc9, 0x9bd6, 0x9bdb, 0x9be8, 0x9bf5, 0x9c0d, 0x9c10, 0x9c2d, 0x9c2f, 0x9c39,
	0x9c3b, 0x9c48, 0x9c52, 0x9c57, 0x9ce5, 0x9ce9, 0x9cf3, 0x9cf4, 0x9cf6, 0x9d07, 0x9d0e, 0x9d1b, 0x9d28, 0x9d2b, 0x9d2c, 0x9d3b,
	0x9d5c, 0x9d60, 0x9d61, 0x9d6c, 0x9d8f, 0x9db4, 0x9df2, 0x9df9, 0x9dfa, 0x9e78, 0x9e7f, 0x9e93, 0x9e97, 0x9e9f, 0x9ea6, 0x9eb9,
	0x9eba, 0x9ebb, 0x9ebf, 0x9ec4, 0x9ecd, 0x9ed2, 0x9ed9, 0x9edb, 0x9f0e, 0x9f13, 0x9f20, 0x9f3b, 0x9f62, 0x9f8d, 0xff01, 0xff03,
	0xff04, 0xff05, 0xff06, 0xff08, 0xff09, 0xff0a, 0xff0b, 0xff0c, 0xff0d, 0xff0e, 0xff0f, 0xff10, 0xff11, 0xff12, 0xff13, 0xff14,
	0xff15, 0xff16, 0xff17, 0xff18, 0xff19, 0xff1a, 0xff1b, 0xff1c, 0xff1d, 0xff1e, 0xff1f, 0xff20, 0xff21, 0xff22, 0xff23, 0xff24,
	0xff25, 0xff26, 0xff27, 0xff28, 0xff29, 0xff2a, 0xff2b, 0xff2c, 0xff2d, 0xff2e, 0xff2f, 0xff30, 0xff31, 0xff32, 0xff33, 0xff34,
	0xff35, 0xff36, 0xff37, 0xff38, 0xff39, 0xff3a, 0xff3b, 0xff3c, 0xff3d, 0xff3e, 0xff3f, 0xff40, 0xff41, 0xff42, 0xff43, 0xff44,
	0xff45, 0xff46, 0xff47, 0xff48, 0xff49, 0xff4a, 0xff4b, 0xff4c, 0xff4d, 0xff4e, 0xff4f, 0xff50, 0xff51, 0xff52, 0xff53, 0xff54,
	0xff55, 0xff56, 0xff57, 0xff58, 0xff59, 0xff5a, 0xff5b, 0xff5c, 0xff5d, 0xff5e, 0xff65, 0xffe0, 0xffe1, 0xffe2, 0xffe3, 0xffe5,
};

static const u8 s_Small[57120] = {
	0x00, 0x00, 0x00, 0x20, 0x03, 0x80, 0x60, 0x0a, 0x00, 0xa0, 0x06, 0x00, 0x78, 0x02, 0x00, 0x00, 0x00, 0x1c, 0x02, 0x00, 0x20, 0x02, 0x00, 0x38,
	0x02, 0x00, 0x20, 0x07, 0xc0, 0x00, 0x00, 0x00, 0x00, 0x00, 0x78, 0x04, 0x00, 0x40, 0x07, 0x00, 0x48, 0x04, 0x80, 0x30, 0x00, 0x80, 0x08, 0x07,
	0x00, 0x00, 0x00, 0x50, 0x00, 0x00, 0x00, 0x00, 0x00, 0x00, 0x00, 0x00, 0x00, 0x00, 0x00, 0x00, 0x00, 0x00, 0x00, 0x00, 0x00, 0x00, 0x00, 0x00,
	0x00, 0x00, 0x7c, 0x00, 0x40, 0x04, 0x00, 0x00, 0x00, 0x00, 0x00, 0x00, 0x00, 0x70, 0x09, 0x00, 0x70, 0x00, 0x00, 0x00, 0x00, 0x00, 0x00, 0x00,
	0x00, 0x00, 0x00, 0x00, 0x00, 0x00, 0x00, 0x00, 0x80, 0x08, 0x00, 0x80, 0x7e, 0x00, 0x80, 0x08, 0x07, 0xe0, 0x00, 0x00, 0x00, 0x00, 0x00, 0x40,
	0x00, 0x00, 0x00, 0x00, 0x00, 0x00, 0x00, 0x00, 0x00, 0x00, 0x00, 0x00, 0x00, 0x00, 0x00, 0x00, 0x7c, 0x07, 0x40, 0xf4, 0x07, 0x40, 0x74, 0x01,
	0x40, 0x14, 0x01, 0x40, 0x14, 0x00, 0x40, 0x00, 0x00, 0x00, 0x00, 0x00, 0x00, 0x00, 0x40, 0x48, 0x03, 0x00, 0x30, 0x04, 0x80, 0x00, 0x00, 0x00,
	0x00, 0x00, 0x00, 0x00, 0x00, 0x08, 0x00, 0x00, 0x7e, 0x00, 0x00, 0x00, 0x00, 0x80, 0x00, 0x00, 0x00, 0x00, 0x00, 0x00, 0x00, 0x00, 0x00, 0x00,
	0x00, 0xc0, 0x00, 0x00, 0x00, 0x00, 0x00, 0x00, 0x00, 0x00, 0x00, 0x00, 0x00, 0x00, 0x00, 0x00, 0x00, 0x00, 0x00, 0x0f, 0x00, 0x00, 0x00, 0x00,
	0x00, 0x00, 0x00, 0x00, 0x00, 0x00, 0x00, 0x00, 0x00, 0x00, 0x00, 0x00, 0x0f, 0xfc, 0x00, 0x00, 0x00, 0x00, 0x00, 0x00, 0x00, 0x00, 0x00, 0x00,
	0x00, 0x00, 0x00, 0x00, 0xff, 0xc0, 0x00, 0x00, 0x00, 0x00, 0x00, 0x00, 0x00, 0x00, 0x00, 0x40, 0x05, 0x00, 0x50, 0x05, 0x00, 0x50, 0x05, 0x00,
	0x50, 0x05, 0x00, 0x50, 0x05, 0x00, 0x50, 0x00, 0x40, 0x04, 0x00, 0x00, 0x00, 0x00, 0x00, 0x00, 0x00, 0x00, 0x00, 0x00, 0x00, 0x00, 0x00, 0x00,
	0x00, 0x40, 0x04, 0x00, 0x00, 0x00, 0x00, 0x00, 0x00, 0x00, 0x00, 0x00, 0x00, 0x00, 0x00, 0x00, 0x00, 0x00, 0x50, 0x05, 0x00, 0x00, 0x00, 0x00,
	0x00, 0x00, 0x00, 0x00, 0x00, 0x00, 0x00, 0x00, 0x00, 0x00, 0x00, 0x50, 0x05, 0x00, 0x00, 0x00, 0x00, 0x00, 0x00, 0x00, 0x00, 0x00, 0x00, 0x00,
	0x00, 0x00, 0x00, 0x00, 0x20, 0x02, 0x00, 0x78, 0x02, 0x00, 0x20, 0x02, 0x00, 0x20, 0x02, 0x00, 0x20, 0x00, 0x00, 0x00, 0x00, 0x10, 0x01, 0x00,
	0x7c, 0x01, 0x00, 0x10, 0x07, 0x80, 0x10, 0x01, 0x00, 0x10, 0x00, 0x00, 0x00, 0x00, 0x00, 0x00, 0x00, 0x00, 0x00, 0x00, 0x20, 0x82, 0x08, 0x00,
	0x00, 0x00, 0x00, 0x00, 0x00, 0x00, 0x00, 0x00, 0x00, 0x00, 0x00, 0x00, 0x00, 0x44, 0x44, 0x44, 0x00, 0x00, 0x00, 0x00, 0x00, 0x00, 0x00, 0x00,
	0x64, 0x09, 0x40, 0x98, 0x06, 0x80, 0x16, 0xe1, 0xaa, 0x2a, 0xa2, 0x6e, 0x00, 0x00, 0x00, 0x00, 0x00, 0x40, 0x00, 0x00, 0x00, 0x00, 0x00, 0x00,
	0x00, 0x00, 0x00, 0x00, 0x00, 0x00, 0x00, 0x00, 0x00, 0x00, 0x50, 0x00, 0x00, 0x00, 0x00, 0x00, 0x00, 0x00, 0x00, 0x00, 0x00, 0x00, 0x00, 0x00,
	0x00, 0x00, 0x00, 0x44, 0x82, 0x50, 0x12, 0x02, 0xc8, 0x2c, 0x81, 0x20, 0x21, 0x04, 0x48, 0x00, 0x00, 0x00, 0x00, 0x00, 0x63, 0xc9, 0x40, 0x58,
	0x02, 0x80, 0x08, 0x00, 0x80, 0x04, 0x00, 0x3c, 0x00, 0x00, 0x00, 0x00, 0x00, 0x38, 0x02, 0x80, 0x10, 0x01, 0x00, 0x28, 0x02, 0x80, 0x28, 0x04,
	0x40, 0x7c, 0x04, 0x20, 0x82, 0x00, 0x00, 0x00, 0x00, 0x08, 0x01, 0x00, 0x20, 0x03, 0xf8, 0x10, 0x00, 0x00, 0x00, 0x00, 0x00, 0x00, 0x00, 0x00,
	0x01, 0x80, 0x34, 0x03, 0x40, 0x10, 0x01, 0x00, 0x10, 0x01, 0x00, 0x00, 0x00, 0x00, 0x00, 0x00, 0x00, 0x00, 0x00, 0x02, 0x00, 0x10, 0x00, 0x83,
	0xf8, 0x01, 0x00, 0x00, 0x00, 0x00, 0x00, 0x00, 0x00, 0x00, 0x00, 0x00, 0x10, 0x01, 0x00, 0x10, 0x01, 0x00, 0x34, 0x03, 0x40, 0x18, 0x00, 0x00,
	0x00, 0x00, 0x00, 0x00, 0x00, 0x02, 0x00, 0x10, 0x3f, 0x83, 0xf8, 0x01, 0x00, 0x20, 0x00, 0x00, 0x00, 0x00, 0x00, 0x00, 0x00, 0x00, 0x00, 0x03,
	0x10, 0x7f, 0xc7, 0xfc, 0x21, 0x01, 0x00, 0x00, 0x00, 0x00, 0x00, 0x00, 0x82, 0x04, 0x40, 0x7c, 0x04, 0x40, 0x28, 0x02, 0x80, 0x28, 0x01, 0x00,
	0x00, 0x00, 0x00, 0x00, 0x00, 0x78, 0x00, 0x40, 0x04, 0x07, 0xc0, 0x84, 0x08, 0x40, 0x44, 0x07, 0x80, 0x00, 0x00, 0x00, 0x00, 0x00, 0x7c, 0x00,
	0x40, 0x04, 0x07, 0xc0, 0x04, 0x00, 0x40, 0x04, 0x07, 0xc0, 0x00, 0x00, 0x00, 0x00, 0x00, 0xfe, 0x04, 0x40, 0x44, 0x04, 0x40, 0x28, 0x02, 0x80,
	0x28, 0x01, 0x00, 0x00, 0x00, 0x00, 0x00, 0x00, 0x00, 0x00, 0x00, 0x00, 0x01, 0xc0, 0x60, 0x08, 0x00, 0xf8, 0x04, 0x00, 0x3c, 0x00, 0x00, 0x00,
	0x00, 0x00, 0x00, 0x00, 0x00, 0x07, 0x00, 0x0c, 0x00, 0x40, 0x7c, 0x00, 0x40, 0x78, 0x00, 0x00, 0x00, 0x00, 0x00, 0x00, 0x00, 0x00, 0x00, 0x00,
	0x00, 0x07, 0xe0, 0x00, 0x00, 0x00, 0x00, 0x00, 0x00, 0x00, 0x00, 0x01, 0x00, 0x10, 0x02, 0x00, 0x20, 0x42, 0x02, 0x40, 0x24, 0x01, 0x40, 0x18,
	0x01, 0x80, 0x00, 0x00, 0x00, 0x00, 0x00, 0x00, 0x07, 0x60, 0x88, 0x08, 0x80, 0x76, 0x00, 0x00, 0x00, 0x00, 0x00, 0x00, 0x00, 0x00, 0x00, 0x00,
	0x00, 0x07, 0x70, 0x88, 0x88, 0x88, 0x77, 0x00, 0x00, 0x00, 0x00, 0x00, 0x00, 0x00, 0x00, 0x00, 0x80, 0x08, 0x01, 0x00, 0x20, 0x02, 0x00, 0x40,
	0x0f, 0xe0, 0x00, 0x00, 0x00, 0x00, 0x00, 0x00, 0x00, 0x00, 0x30, 0x03, 0x00, 0x50, 0x04, 0x80, 0x48, 0x08, 0x80, 0x00, 0x00, 0x00, 0x00, 0x00,
	0x00, 0x00, 0x00, 0x88, 0x04, 0x80, 0x48, 0x05, 0x00, 0x30, 0x03, 0x00, 0x00, 0x00, 0x00, 0x00, 0x00, 0x00, 0x00, 0x00, 0x7c, 0x04, 0x40, 0x44,
	0x04, 0x40, 0x44, 0x04, 0x40, 0x00, 0x00, 0x00, 0x00, 0x00, 0x00, 0x00, 0x00, 0x44, 0x04, 0x40, 0x44, 0x04, 0x40, 0x44, 0x03, 0x80, 0x00, 0x00,
	0x00, 0x00, 0x00, 0x1c, 0x01, 0x00, 0x10, 0x01, 0x00, 0x10, 0x01, 0x00, 0x10, 0x02, 0x00, 0x20, 0x02, 0x00, 0x40, 0x00, 0x1d, 0x81, 0x20, 0x12,
	0x01, 0x20, 0x12, 0x01, 0x20, 0x22, 0x02, 0x20, 0x22, 0x02, 0x20, 0x4c, 0x00, 0x00, 0x00, 0x00, 0x00, 0x01, 0x00, 0x10, 0x00, 0x00, 0x00, 0x04,
	0x00, 0x42, 0x00, 0x00, 0x00, 0x00, 0x00, 0x00, 0x00, 0x00, 0x04, 0x20, 0x42, 0x00, 0x00, 0x00, 0x00, 0x00, 0x10, 0x00, 0x00, 0x00, 0x00, 0x00,
	0x00, 0x00, 0x00, 0x06, 0x70, 0x88, 0x88, 0x88, 0x71, 0x00, 0x00, 0x00, 0x00, 0x00, 0x00, 0x00, 0x00, 0x00, 0x00, 0x20, 0x00, 0x00, 0x7e, 0x00,
	0x00, 0x00, 0x07, 0xe0, 0x02, 0x00, 0x00, 0x00, 0x00, 0x00, 0x00, 0x00, 0x08, 0x07, 0xe0, 0x08, 0x01, 0x00, 0x7e, 0x01, 0x00, 0x00, 0x00, 0x00,
	0x00, 0x00, 0x00, 0x00, 0x00, 0x00, 0x07, 0xe0, 0x7e, 0x00, 0x00, 0x7e, 0x00, 0x00, 0x00, 0x00, 0x00, 0x00, 0x00, 0x00, 0x00, 0x60, 0x38, 0x04,
	0x00, 0x38, 0x00, 0x60, 0x7e, 0x00, 0x00, 0x7e, 0x00, 0x00, 0x00, 0x00, 0x00, 0x07, 0x00, 0x0e, 0x00, 0x20, 0x1c, 0x06, 0x00, 0x7e, 0x00, 0x00,
	0x7e, 0x00, 0x00, 0x00, 0x00, 0x00, 0x00, 0x00, 0x00, 0x00, 0x88, 0x33, 0x04, 0x40, 0x44, 0x03, 0x30, 0x08, 0x80, 0x00, 0x00, 0x00, 0x00, 0x00,
	0x00, 0x00, 0x06, 0x60, 0x11, 0x00, 0xcc, 0x08, 0x81, 0x10, 0x66, 0x00, 0x00, 0x00, 0x00, 0x00, 0x00, 0x00, 0x00, 0x01, 0xe0, 0x60, 0x08, 0x00,
	0x80, 0x04, 0x00, 0x3e, 0x00, 0x00, 0x00, 0x00, 0x00, 0x00, 0x00, 0x00, 0x07, 0x80, 0x06, 0x00, 0x20, 0x02, 0x00, 0x20, 0x7c, 0x00, 0x00, 0x00,
	0x00, 0x00, 0x00, 0x00, 0x3e, 0x04, 0x00, 0x40, 0x04, 0x00, 0x20, 0x01, 0xe0, 0x00, 0x07, 0xe0, 0x00, 0x00, 0x00, 0x00, 0x00, 0x7c, 0x00, 0x20,
	0x02, 0x00, 0x20, 0x02, 0x07, 0xc0, 0x00, 0x07, 0xe0, 0x00, 0x00, 0x08, 0x00, 0x80, 0x08, 0x00, 0x80, 0x08, 0x00, 0x80, 0x08, 0x07, 0xf8, 0x00,
	0x00, 0x00, 0x00, 0x00, 0x3f, 0x84, 0x04, 0x00, 0x00, 0x00, 0x00, 0x00, 0x00, 0x00, 0x00, 0x00, 0x00, 0x00, 0x00, 0x00, 0x00, 0x7f, 0xc7, 0xfc,
	0x7f, 0xc7, 0xfc, 0x7f, 0xc7, 0xfc, 0x7f, 0xc7, 0xfc, 0x00, 0x00, 0x00, 0x00, 0x00, 0x7f, 0xc4, 0x04, 0x40, 0x44, 0x04, 0x40, 0x44, 0x04, 0x40,
	0x47, 0xfc, 0x00, 0x00, 0x00, 0x00, 0x00, 0x04, 0x00, 0xe0, 0x0e, 0x01, 0xf0, 0x1f, 0x03, 0xf8, 0x7f, 0xc7, 0xfc, 0x00, 0x00, 0x00, 0x00, 0x00,
	0x04, 0x00, 0xa0, 0x12, 0x01, 0x10, 0x21, 0x02, 0x08, 0x40, 0x47, 0xfc, 0x00, 0x00, 0x00, 0x00, 0x00, 0x7f, 0xc7, 0xfc, 0x3f, 0x81, 0xf0, 0x1f,
	0x00, 0xe0, 0x0e, 0x00, 0x40, 0x00, 0x00, 0x00, 0x00, 0x00, 0x7f, 0xc4, 0x04, 0x20, 0x82, 0x10, 0x11, 0x01, 0x20, 0x0a, 0x00, 0x40, 0x00, 0x00,
	0x00, 0x00, 0x00, 0x04, 0x00, 0xe0, 0x1f, 0x03, 0xf8, 0x7f, 0xc7, 0xfc, 0x3f, 0x81, 0xf0, 0x0e, 0x00, 0x40, 0x00, 0x00, 0x04, 0x00, 0xa0, 0x11,
	0x02, 0x08, 0x40, 0x44, 0x04, 0x20, 0x81, 0x10, 0x0a, 0x00, 0x40, 0x00, 0x00, 0x1f, 0x02, 0x08, 0x40, 0x44, 0x04, 0x40, 0x44, 0x04, 0x20, 0x81,
	0xf0, 0x00, 0x00, 0x00, 0x00, 0x00, 0x1f, 0x02, 0xe8, 0x51, 0x46, 0x14, 0x61, 0x45, 0x14, 0x2e, 0x81, 0xf0, 0x00, 0x00, 0x00, 0x00, 0x00, 0x1f,
	0x03, 0xf8, 0x7f, 0xc7, 0xfc, 0x7f, 0xc7, 0xfc, 0x3f, 0x81, 0xf0, 0x00, 0x00, 0x00, 0x00, 0x00, 0x1f, 0x06, 0x08, 0x80, 0x48, 0x02, 0x80, 0x28,
	0x02, 0x80, 0x44, 0x04, 0x40, 0x83, 0xf0, 0x00, 0x00, 0x04, 0x00, 0x40, 0x04, 0x07, 0xfc, 0x3f, 0x81, 0xf0, 0x1f, 0x01, 0xb0, 0x11, 0x00, 0x00,
	0x00, 0x00, 0x04, 0x00, 0xc0, 0x0c, 0x07, 0xbc, 0x20, 0x81, 0x10, 0x11, 0x02, 0xf0, 0x11, 0x00, 0x00, 0x00, 0x00, 0x38, 0x04, 0x40, 0x44, 0x04,
	0x40, 0x48, 0x03, 0x00, 0x10, 0x07, 0xc0, 0x10, 0x00, 0x00, 0x00, 0x00, 0x07, 0x80, 0x18, 0x02, 0x87, 0xc8, 0x44, 0x04, 0x40, 0x44, 0x07, 0x80,
	0x00, 0x00, 0x00, 0x00, 0x00, 0x10, 0x02, 0x80, 0x24, 0x02, 0x40, 0x24, 0x02, 0x00, 0x60, 0x06, 0x00, 0x00, 0x00, 0x00, 0x00, 0x00, 0x40, 0x04,
	0x00, 0x48, 0x07, 0x40, 0x44, 0x04, 0x40, 0x48, 0x07, 0x00, 0x00, 0x00, 0x00, 0x00, 0x00, 0x20, 0x02, 0x60, 0x78, 0x02, 0x80, 0x2a, 0x03, 0xc0,
	0x68, 0x02, 0x00, 0x00, 0x00, 0x00, 0x00, 0x00, 0x00, 0x00, 0x00, 0x00, 0x00, 0x00, 0x00, 0x00, 0x00, 0x00, 0x00, 0x00, 0x00, 0x00, 0x00, 0x00,
	0x00, 0x00, 0x00, 0x00, 0x00, 0x00, 0x00, 0x00, 0x00, 0x00, 0x40, 0x02, 0x00, 0x00, 0x00, 0x00, 0x00, 0x00, 0x00, 0x00, 0x00, 0x00, 0x00, 0x00,
	0x00, 0x00, 0x00, 0x20, 0x05, 0x00, 0x50, 0x06, 0x00, 0x00, 0x00, 0x00, 0x00, 0x80, 0x08, 0x80, 0x90, 0x11, 0x01, 0x10, 0x22, 0x02, 0x20, 0x00,
	0x00, 0x00, 0x00, 0x00, 0x08, 0x00, 0x80, 0x1f, 0x81, 0x08, 0x21, 0x04, 0x10, 0x4a, 0x00, 0x60, 0x03, 0x00, 0x00, 0x00, 0x00, 0x00, 0xc0, 0x10,
	0x1a, 0x02, 0x60, 0x4d, 0x04, 0x88, 0x50, 0x06, 0x00, 0x00, 0x00, 0x00, 0x00, 0x00, 0x0e, 0x03, 0x18, 0x40, 0x44, 0x04, 0x40, 0x44, 0x04, 0x40,
	0x44, 0x04, 0x31, 0x80, 0xe0, 0x00, 0x00, 0x00, 0x40, 0x08, 0x01, 0x00, 0x10, 0x02, 0x00, 0x20, 0x01, 0x00, 0x10, 0x00, 0x80, 0x04, 0x00, 0x00,
	0x40, 0x02, 0x00, 0x20, 0x01, 0x00, 0x08, 0x00, 0x80, 0x10, 0x02, 0x00, 0x20, 0x04, 0x00, 0x00, 0x00, 0x01, 0x40, 0x28, 0x03, 0x00, 0x50, 0x06,
	0x00, 0x60, 0x05, 0x00, 0x30, 0x02, 0x80, 0x14, 0x00, 0x00, 0x50, 0x03, 0x00, 0x28, 0x01, 0x40, 0x0c, 0x00, 0xc0, 0x14, 0x02, 0x80, 0x28, 0x05,
	0x00, 0x00, 0x00, 0x03, 0xc0, 0x20, 0x02, 0x00, 0x20, 0x02, 0x00, 0x20, 0x02, 0x00, 0x20, 0x00, 0x00, 0x00, 0x00, 0x00, 0x00, 0x00, 0x80, 0x08,
	0x00, 0x80, 0x08, 0x00, 0x80, 0x08, 0x00, 0x80, 0x78, 0x00, 0x00, 0x00, 0x00, 0x03, 0xc0, 0x3c, 0x02, 0x00, 0x20, 0x02, 0x00, 0x20, 0x02, 0x00,
	0x20, 0x02, 0x00, 0x00, 0x00, 0x00, 0x00, 0x00, 0x80, 0x18, 0x01, 0x80, 0x18, 0x01, 0x80, 0x18, 0x01, 0x80, 0x78, 0x07, 0x80, 0x00, 0x00, 0x01,
	0x80, 0x18, 0x01, 0x00, 0x10, 0x01, 0x00, 0x10, 0x01, 0x00, 0x10, 0x01, 0x80, 0x18, 0x00, 0x00, 0x30, 0x03, 0x00, 0x10, 0x01, 0x00, 0x10, 0x01,
	0x00, 0x10, 0x01, 0x00, 0x30, 0x03, 0x00, 0x00, 0x00, 0x7f, 0xc0, 0x00, 0x00, 0x03, 0xf8, 0x04, 0x00, 0x40, 0x04, 0x00, 0x40, 0x00, 0x00, 0x00,
	0x00, 0x00, 0x7f, 0xc7, 0xfc, 0x7f, 0xc0, 0x00, 0x00, 0x07, 0xfc, 0x7f, 0xc7, 0xfc, 0x00, 0x00, 0x00, 0x00, 0x00, 0x00, 0xc0, 0x30, 0x02, 0x00,
	0x20, 0x02, 0x00, 0x20, 0x02, 0x00, 0x20, 0x02, 0x00, 0x1c, 0x00, 0x00, 0x60, 0x01, 0x80, 0x08, 0x00, 0x80, 0x08, 0x00, 0x80, 0x08, 0x00, 0x80,
	0x08, 0x07, 0x00, 0x00, 0x00, 0x00, 0x00, 0x00, 0x00, 0x07, 0xc0, 0x47, 0xc0, 0x00, 0x00, 0x00, 0x00, 0x00, 0x00, 0x00, 0x00, 0x00, 0x00, 0x00,
	0x00, 0x08, 0x03, 0xf8, 0x08, 0x01, 0xf0, 0x2a, 0x82, 0xc8, 0x28, 0x81, 0x10, 0x00, 0x00, 0x08, 0x00, 0x80, 0x3f, 0x80, 0x80, 0x1f, 0x82, 0xa4,
	0x4a, 0x44, 0xc4, 0x78, 0x80, 0x10, 0x00, 0x00, 0x00, 0x00, 0x00, 0x00, 0x02, 0x10, 0x20, 0x82, 0x08, 0x20, 0x82, 0x48, 0x18, 0x00, 0x00, 0x00,
	0x00, 0x00, 0x00, 0x00, 0x40, 0x84, 0x08, 0x40, 0x44, 0x04, 0x44, 0x42, 0x44, 0x38, 0x00, 0x00, 0x00, 0x00, 0x00, 0x00, 0x00, 0x08, 0x00, 0x60,
	0x06, 0x03, 0x98, 0x00, 0x80, 0x10, 0x0e, 0x00, 0x00, 0x00, 0x00, 0x0f, 0x00, 0x00, 0x0f, 0x03, 0x08, 0x00, 0x40, 0x08, 0x01, 0x80, 0xe0, 0x00,
	0x00, 0x00, 0x00, 0x00, 0x00, 0x00, 0x00, 0x0c, 0x00, 0x20, 0x1f, 0x00, 0x20, 0x04, 0x00, 0xa0, 0x33, 0x80, 0x00, 0x00, 0x00, 0x0f, 0x00, 0x00,
	0x3f, 0x80, 0x30, 0x06, 0x00, 0xe0, 0x12, 0x06, 0x1c, 0x00, 0x00, 0x00, 0x00, 0x00, 0x00, 0x00, 0x00, 0x08, 0x03, 0xe8, 0x08, 0x00, 0xe0, 0x39,
	0x82, 0x88, 0x29, 0x01, 0x00, 0x00, 0x00, 0x08, 0x00, 0x88, 0x3e, 0x40, 0x80, 0x0f, 0x03, 0x88, 0x48, 0x84, 0x88, 0x39, 0x80, 0x00, 0x00, 0x00,
	0x00, 0x01, 0x00, 0x7e, 0x81, 0x28, 0x22, 0x42, 0x24, 0x22, 0x04, 0x20, 0x4e, 0x00, 0x00, 0x00, 0x00, 0x00, 0x41, 0x14, 0x7e, 0x01, 0x28, 0x22,
	0x82, 0x24, 0x22, 0x44, 0x20, 0x4e, 0x00, 0x00, 0x00, 0x00, 0x02, 0x00, 0x7c, 0x3a, 0x00, 0x2c, 0x3d, 0x01, 0xd0, 0x23, 0x02, 0x00, 0x30, 0x00,
	0xf0, 0x00, 0x00, 0x04, 0xc0, 0x42, 0x3b, 0x00, 0x20, 0x3f, 0x80, 0xd0, 0x33, 0x02, 0x00, 0x20, 0x01, 0xf0, 0x00, 0x00, 0x01, 0x00, 0x20, 0x0c,
	0x01, 0x00, 0x20, 0x02, 0x00, 0x18, 0x00, 0x40, 0x02, 0x00, 0x10, 0x00, 0x00, 0x02, 0x00, 0x60, 0x08, 0x83, 0x14, 0x41, 0x02, 0x00, 0x10, 0x00,
	0xc0, 0x06, 0x00, 0x10, 0x00, 0x00, 0x00, 0x04, 0x08, 0x40, 0x84, 0x7c, 0x40, 0x84, 0x08, 0x40, 0x84, 0x10, 0x43, 0x00, 0x00, 0x00, 0x00, 0x00,
	0xa4, 0x10, 0x41, 0x04, 0xfc, 0x41, 0x04, 0x10, 0x41, 0x04, 0x10, 0x42, 0x00, 0x40, 0x00, 0x00, 0x00, 0x03, 0xf8, 0x00, 0x00, 0x00, 0x00, 0x02,
	0x00, 0x40, 0x04, 0x00, 0x3f, 0x80, 0x00, 0x00, 0x00, 0x3f, 0x80, 0x00, 0x01, 0x40, 0x08, 0x20, 0x04, 0x00, 0x40, 0x03, 0xf8, 0x00, 0x00, 0x00,
	0x00, 0x00, 0x02, 0x00, 0x20, 0x7f, 0x80, 0x10, 0x0d, 0x03, 0x30, 0x20, 0x02, 0x00, 0x1f, 0x00, 0x00, 0x00, 0x00, 0x02, 0xc0, 0x20, 0x7f, 0xc0,
	0x20, 0x01, 0x03, 0xf0, 0x20, 0x02, 0x00, 0x30, 0x00, 0xf0, 0x00, 0x00, 0x00, 0x02, 0x00, 0x20, 0x02, 0x00, 0x20, 0x02, 0x00, 0x20, 0x82, 0x08,
	0x11, 0x00, 0xe0, 0x00, 0x00, 0x00, 0x02, 0x28, 0x21, 0x02, 0x00, 0x20, 0x02, 0x00, 0x20, 0x82, 0x08, 0x13, 0x00, 0xc0, 0x00, 0x00, 0x02, 0x07,
	0xfc, 0x02, 0x01, 0xe0, 0x12, 0x01, 0x20, 0x1e, 0x00, 0x20, 0x06, 0x00, 0x80, 0x00, 0x00, 0x02, 0x07, 0xfc, 0x02, 0x01, 0xe4, 0x22, 0xa2, 0x20,
	0x1e, 0x00, 0x20, 0x04, 0x01, 0x80, 0x00, 0x00, 0x00, 0x02, 0x10, 0x21, 0xc7, 0xf0, 0x21, 0x02, 0x50, 0x22, 0x02, 0x00, 0x1f, 0x80, 0x00, 0x00,
	0x00, 0x01, 0xa2, 0x10, 0x21, 0x07, 0xfc, 0x21, 0x02, 0x10, 0x27, 0x02, 0x00, 0x10, 0x00, 0xf0, 0x00, 0x00, 0x1f, 0x00, 0x20, 0x0c, 0x07, 0xfc,
	0x04, 0x00, 0x80, 0x08, 0x00, 0x80, 0x07, 0x00, 0x00, 0x00, 0x00, 0x1f, 0x80, 0x6a, 0x18, 0x07, 0xf8, 0x08, 0x01, 0x00, 0x10, 0x00, 0x80, 0x07,
	0x00, 0x00, 0x00, 0x00, 0x10, 0x01, 0x00, 0x3e, 0x02, 0x00, 0x27, 0x82, 0x00, 0x24, 0x04, 0x80, 0x46, 0x40, 0x18, 0x00, 0x00, 0x10, 0x41, 0x08,
	0x3e, 0x02, 0x00, 0x27, 0x82, 0x00, 0x24, 0x04, 0x80, 0x44, 0x04, 0x38, 0x00, 0x00, 0x08, 0x00, 0x80, 0x37, 0x81, 0x00, 0x16, 0x03, 0x98, 0x00,
	0x80, 0x08, 0x1f, 0x00, 0x00, 0x00, 0x00, 0x08, 0xc1, 0x00, 0x7f, 0xc1, 0x00, 0x12, 0x03, 0xd8, 0x00, 0x80, 0x08, 0x01, 0x01, 0xe0, 0x00, 0x00,
	0x00, 0x00, 0x00, 0x00, 0x01, 0xf0, 0x20, 0x80, 0x08, 0x00, 0x80, 0x08, 0x0f, 0x00, 0x00, 0x00, 0x00, 0x00, 0x00, 0x60, 0x79, 0x80, 0x04, 0x00,
	0x40, 0x04, 0x00, 0x40, 0x08, 0x1f, 0x00, 0x00, 0x00, 0x00, 0x00, 0xc0, 0x0a, 0x7f, 0x80, 0x04, 0x00, 0x40, 0x04, 0x00, 0x40, 0x08, 0x1f, 0x00,
	0x00, 0x00, 0x00, 0x00, 0x07, 0xfc, 0x02, 0x00, 0xc0, 0x08, 0x01, 0x00, 0x10, 0x00, 0x80, 0x07, 0x00, 0x00, 0x00, 0x00, 0x00, 0x07, 0xfc, 0x06,
	0x00, 0x84, 0x10, 0x81, 0x00, 0x10, 0x01, 0x00, 0x0c, 0x00, 0x30, 0x00, 0x00, 0x10, 0x01, 0x00, 0x10, 0x01, 0x78, 0x18, 0x02, 0x00, 0x20, 0x02,
	0x00, 0x3f, 0x80, 0x00, 0x00, 0x00, 0x00, 0x81, 0x14, 0x10, 0x01, 0x38, 0x1c, 0x03, 0x00, 0x40, 0x04, 0x00, 0x20, 0x01, 0xf0, 0x00, 0x00, 0x10,
	0x01, 0x00, 0x69, 0xc2, 0x10, 0x21, 0x04, 0x10, 0x4f, 0x05, 0x1c, 0x1f, 0x00, 0x00, 0x00, 0x00, 0x40, 0x04, 0x78, 0x40, 0x04, 0x00, 0x44, 0x04,
	0x80, 0x48, 0x04, 0x7c, 0x00, 0x00, 0x00, 0x00, 0x00, 0x01, 0x02, 0x10, 0x3f, 0x03, 0x28, 0x54, 0x45, 0x44, 0x59, 0xc4, 0xa4, 0x33, 0x80, 0x00,
	0x00, 0x00, 0x10, 0x01, 0x10, 0x76, 0x81, 0x84, 0x10, 0x43, 0x04, 0x53, 0xc1, 0x44, 0x12, 0x81, 0x10, 0x00, 0x00, 0x00, 0x01, 0xf0, 0x24, 0x84,
	0x44, 0x44, 0x44, 0x84, 0x48, 0x44, 0x84, 0x31, 0x80, 0x00, 0x00, 0x00, 0x00, 0x04, 0x10, 0x4f, 0xc4, 0x10, 0x41, 0x04, 0x10, 0x4f, 0x04, 0x98,
	0x49, 0x40, 0x60, 0x00, 0x00, 0x00, 0xa4, 0x12, 0x4f, 0xc4, 0x10, 0x41, 0x04, 0x10, 0x4f, 0x05, 0x18, 0x51, 0x44, 0xe0, 0x00, 0x00, 0x00, 0xe4,
	0x1a, 0x4f, 0xc4, 0x10, 0x41, 0x04, 0x10, 0x4f, 0x05, 0x18, 0x51, 0x04, 0xe0, 0x00, 0x00, 0x79, 0x01, 0x18, 0x21, 0x42, 0x08, 0x40, 0x84, 0x08,
	0x21, 0x03, 0x30, 0x0c, 0x00, 0x00, 0x00, 0x00, 0x00, 0x47, 0x8a, 0x11, 0x02, 0x18, 0x21, 0x44, 0x08, 0x40, 0x82, 0x10, 0x23, 0x01, 0xc0, 0x00,
	0x00, 0x00, 0xe7, 0x8a, 0x11, 0x42, 0x18, 0x21, 0x44, 0x10, 0x40, 0x84, 0x10, 0x23, 0x01, 0xc0, 0x00, 0x00, 0x1f, 0x00, 0x40, 0x08, 0x00, 0x48,
	0x42, 0x44, 0x24, 0x41, 0x00, 0x20, 0x0c, 0x00, 0x00, 0x00, 0x00, 0x00, 0xc3, 0xfa, 0x04, 0x00, 0x80, 0x0c, 0x84, 0x48, 0x42, 0x48, 0x24, 0x02,
	0x00, 0xc0, 0x00, 0x00, 0x01, 0xc1, 0xf4, 0x04, 0x80, 0x80, 0x04, 0x84, 0x44, 0x42, 0x44, 0x14, 0x02, 0x00, 0xc0, 0x00, 0x00, 0x00, 0x00, 0x00,
	0x08, 0x01, 0x40, 0x22, 0x04, 0x10, 0x40, 0x80, 0x04, 0x00, 0x00, 0x00, 0x00, 0x00, 0x00, 0x80, 0x14, 0x1c, 0x02, 0x20, 0x41, 0x04, 0x08, 0x00,
	0x40, 0x00, 0x00, 0x00, 0x00, 0x00, 0x00, 0x00, 0x80, 0x14, 0x01, 0x41, 0xc8, 0x22, 0x04, 0x10, 0x40, 0x80, 0x04, 0x00, 0x00, 0x00, 0x00, 0x00,
	0x4f, 0xc4, 0x10, 0x4f, 0xc4, 0x10, 0x41, 0x04, 0xf0, 0x49, 0x84, 0x94, 0x06, 0x00, 0x00, 0x00, 0x00, 0x00, 0xc4, 0xfa, 0x41, 0x04, 0xfc, 0x41,
	0x04, 0x10, 0x4f, 0x05, 0x18, 0x49, 0x40, 0x60, 0x00, 0x00, 0x00, 0xe4, 0xfa, 0x41, 0x44, 0xfc, 0x41, 0x04, 0x10, 0x4f, 0x05, 0x18, 0x49, 0x40,
	0x60, 0x00, 0x00, 0x02, 0x07, 0xfc, 0x02, 0x00, 0x20, 0x3f, 0x80, 0x20, 0x3e, 0x02, 0x30, 0x24, 0x81, 0x80, 0x00, 0x00, 0x3c, 0x00, 0x48, 0x08,
	0x81, 0xf8, 0x68, 0xc4, 0x90, 0x49, 0x03, 0x10, 0x02, 0x00, 0x00, 0x00, 0x00, 0x10, 0x01, 0x00, 0x7c, 0xc7, 0x00, 0x50, 0x05, 0x08, 0x70, 0x81,
	0x08, 0x10, 0x80, 0xf0, 0x00, 0x00, 0x01, 0x02, 0x10, 0x1f, 0x03, 0x2c, 0x52, 0x45, 0x44, 0x4c, 0x44, 0x84, 0x31, 0x80, 0x00, 0x00, 0x00, 0x08,
	0x00, 0x80, 0x3f, 0x00, 0x80, 0x7f, 0x01, 0x00, 0x10, 0x41, 0x04, 0x08, 0x80, 0x70, 0x00, 0x00, 0x00, 0x00, 0x00, 0x04, 0x01, 0x30, 0x1e, 0x82,
	0xa8, 0x0a, 0x80, 0x90, 0x08, 0x00, 0x00, 0x00, 0x00, 0x00, 0x02, 0x20, 0x17, 0xc1, 0xa4, 0x70, 0x40, 0x84, 0x09, 0x80, 0x80, 0x08, 0x00, 0x00,
	0x00, 0x00, 0x00, 0x00, 0x00, 0x02, 0x02, 0xf0, 0x32, 0x82, 0x28, 0x22, 0x82, 0xf0, 0x04, 0x00, 0x80, 0x00, 0x00, 0x02, 0x04, 0x20, 0x5f, 0x86,
	0x24, 0x62, 0x44, 0x24, 0x4a, 0xc4, 0x70, 0x04, 0x00, 0x80, 0x00, 0x00, 0x00, 0x00, 0x00, 0x04, 0x00, 0x40, 0x07, 0x00, 0x40, 0x1c, 0x02, 0x70,
	0x24, 0x81, 0x80, 0x00, 0x00, 0x04, 0x00, 0x40, 0x07, 0xc0, 0x40, 0x04, 0x00, 0x40, 0x3e, 0x04, 0x58, 0x24, 0x41, 0x80, 0x00, 0x00, 0x1f, 0x00,
	0x00, 0x20, 0x02, 0xf8, 0x30, 0x80, 0x04, 0x00, 0x81, 0xf8, 0x00, 0x00, 0x00, 0x00, 0x00, 0x27, 0x02, 0x88, 0x30, 0x82, 0x08, 0x20, 0x80, 0x08,
	0x01, 0x00, 0xe0, 0x00, 0x00, 0x00, 0x00, 0x00, 0x3f, 0x80, 0x20, 0x0c, 0x01, 0xf8, 0x60, 0x41, 0xc4, 0x22, 0x81, 0xf8, 0x00, 0x00, 0x00, 0x00,
	0x00, 0x10, 0x01, 0x00, 0x73, 0x81, 0xc8, 0x10, 0x83, 0x10, 0x51, 0x01, 0x12, 0x10, 0xc1, 0x00, 0x00, 0x00, 0x3f, 0x00, 0x20, 0x0c, 0x01, 0xf8,
	0x60, 0x80, 0x04, 0x00, 0x80, 0xf8, 0x00, 0x00, 0x00, 0x00, 0x00, 0x00, 0x00, 0x00, 0x00, 0x01, 0x30, 0x2c, 0x81, 0x08, 0x30, 0x83, 0x08, 0x17,
	0x00, 0x00, 0x00, 0x00, 0x10, 0x01, 0x00, 0x77, 0x81, 0x84, 0x10, 0x43, 0x04, 0x50, 0x41, 0x04, 0x17, 0x81, 0x00, 0x00, 0x00, 0x1c, 0x00, 0x40,
	0x1f, 0x82, 0x44, 0x48, 0x44, 0x9c, 0x4a, 0x47, 0x24, 0x01, 0x80, 0x00, 0x00, 0x00, 0x1f, 0x00, 0xe0, 0x77, 0x83, 0xc4, 0x35, 0x81, 0xa0, 0x38,
	0x84, 0x74, 0x00, 0x00, 0x00, 0x00, 0x00, 0x08, 0x07, 0xf8, 0x10, 0x02, 0xc0, 0x33, 0x84, 0xe0, 0x12, 0x02, 0x00, 0x1f, 0x80, 0x00, 0x00, 0x00,
	0x00, 0x00, 0x80, 0x10, 0x01, 0x00, 0x1c, 0x03, 0x40, 0x22, 0x44, 0x24, 0x43, 0x80, 0x00, 0x00, 0x00, 0x00, 0x40, 0xea, 0x00, 0x01, 0xf0, 0x60,
	0x80, 0x08, 0x00, 0x80, 0x18, 0x0e, 0x00, 0x00, 0x00, 0x00, 0x00, 0x00, 0x80, 0x11, 0x03, 0xe8, 0x12, 0x81, 0x28, 0x22, 0x02, 0xe0, 0x00, 0x00,
	0x00, 0x00, 0x00, 0x00, 0x00, 0x00, 0x01, 0x02, 0x10, 0x2f, 0x82, 0x10, 0x21, 0x02, 0x10, 0x22, 0x00, 0x00, 0x00, 0x00, 0xa0, 0x04, 0x00, 0x00,
	0x00, 0x00, 0x00, 0x00, 0x00, 0x00, 0x00, 0x00, 0x00, 0x00, 0x00, 0x00, 0x00, 0xe0, 0x0a, 0x00, 0x40, 0x00, 0x00, 0x00, 0x00, 0x00, 0x00, 0x00,
	0x00, 0x00, 0x00, 0x00, 0x00, 0x00, 0x00, 0x01, 0x80, 0x04, 0x00, 0x20, 0x01, 0x00, 0x10, 0x06, 0x00, 0x00, 0x00, 0x00, 0x00, 0x00, 0x00, 0x01,
	0x01, 0x28, 0x08, 0x00, 0x40, 0x02, 0x00, 0x10, 0x06, 0x00, 0x00, 0x00, 0x00, 0x00, 0x00, 0x00, 0x00, 0x00, 0x00, 0x1f, 0x80, 0x08, 0x09, 0x00,
	0x80, 0x08, 0x01, 0x00, 0x00, 0x00, 0x00, 0x00, 0x00, 0x00, 0x07, 0xfc, 0x00, 0x40, 0x08, 0x09, 0x00, 0x80, 0x08, 0x00, 0x80, 0x30, 0x00, 0x00,
	0x00, 0x00, 0x00, 0x00, 0x00, 0x01, 0x80, 0x20, 0x1c, 0x02, 0x40, 0x04, 0x00, 0x40, 0x00, 0x00, 0x00, 0x00, 0x00, 0x00, 0x40, 0x18, 0x02, 0x01,
	0xe0, 0x62, 0x00, 0x20, 0x02, 0x00, 0x20, 0x00, 0x00, 0x00, 0x00, 0x00, 0x00, 0x00, 0x00, 0x04, 0x03, 0xf8, 0x20, 0x82, 0x08, 0x00, 0x80, 0x10,
	0x0e, 0x00, 0x00, 0x00, 0x00, 0x04, 0x00, 0x40, 0x7f, 0xc4, 0x04, 0x40, 0x40, 0x08, 0x00, 0x80, 0x10, 0x0e, 0x00, 0x00, 0x00, 0x00, 0x00, 0x00,
	0x00, 0x3f, 0x80, 0x40, 0x04, 0x00, 0x40, 0x04, 0x03, 0xf8, 0x00, 0x00, 0x00, 0x00, 0x00, 0x00, 0x03, 0xf8, 0x04, 0x00, 0x40, 0x04, 0x00, 0x40,
	0x04, 0x00, 0x40, 0x7f, 0xc0, 0x00, 0x00, 0x00, 0x00, 0x00, 0x00, 0x02, 0x03, 0xf8, 0x02, 0x00, 0x60, 0x0a, 0x03, 0x20, 0x06, 0x00, 0x00, 0x00,
	0x00, 0x01, 0x00, 0x10, 0x7f, 0xc0, 0x30, 0x05, 0x00, 0x90, 0x31, 0x04, 0x10, 0x0f, 0x00, 0x00, 0x00, 0x00, 0x08, 0x00, 0x80, 0x7f, 0x80, 0x88,
	0x08, 0x80, 0x88, 0x10, 0x81, 0x08, 0x23, 0x80, 0x00, 0x00, 0x00, 0x08, 0xc0, 0x88, 0x7f, 0x80, 0x88, 0x08, 0x81, 0x08, 0x10, 0x81, 0x08, 0x23,
	0x80, 0x00, 0x00, 0x00, 0x00, 0x00, 0x40, 0x3f, 0xc0, 0x40, 0x04, 0x00, 0x40, 0x7f, 0xc0, 0x40, 0x04, 0x00, 0x40, 0x00, 0x00, 0x00, 0xc0, 0x48,
	0x0f, 0x83, 0x40, 0x04, 0x00, 0x40, 0x7f, 0xc0, 0x40, 0x04, 0x00, 0x40, 0x00, 0x00, 0x00, 0x01, 0x00, 0x1f, 0x82, 0x08, 0x20, 0x80, 0x08, 0x01,
	0x00, 0x20, 0x3c, 0x00, 0x00, 0x00, 0x00, 0x00, 0x81, 0x0a, 0x1f, 0x82, 0x08, 0x20, 0x84, 0x10, 0x01, 0x00, 0x20, 0x3c, 0x00, 0x00, 0x00, 0x00,
	0x00, 0x02, 0x00, 0x3f, 0xc2, 0x20, 0x42, 0x00, 0x20, 0x02, 0x00, 0x40, 0x18, 0x00, 0x00, 0x00, 0x00, 0x00, 0xc2, 0x08, 0x3f, 0xc2, 0x20, 0x42,
	0x00, 0x20, 0x02, 0x00, 0x40, 0x18, 0x00, 0x00, 0x00, 0x00, 0x00, 0x03, 0xf8, 0x00, 0x80, 0x08, 0x00, 0x80, 0x08, 0x00, 0x80, 0x08, 0x3f, 0x80,
	0x00, 0x00, 0x00, 0x00, 0xc0, 0x02, 0x3f, 0x80, 0x08, 0x00, 0x80, 0x08, 0x00, 0x80, 0x08, 0x7f, 0x80, 0x00, 0x00, 0x00, 0x00, 0x01, 0x10, 0x7f,
	0xc1, 0x10, 0x11, 0x00, 0x10, 0x01, 0x00, 0x20, 0x0c, 0x00, 0x00, 0x00, 0x00, 0x00, 0xc2, 0x12, 0x21, 0x07, 0xfc, 0x21, 0x02, 0x10, 0x01, 0x00,
	0x20, 0x1c, 0x00, 0x00, 0x00, 0x00, 0x3c, 0x00, 0x04, 0x00, 0x43, 0x84, 0x00, 0x80, 0x10, 0x02, 0x03, 0xc0, 0x00, 0x00, 0x00, 0x00, 0x00, 0x00,
	0xc3, 0x88, 0x00, 0x40, 0x04, 0x38, 0x80, 0x08, 0x01, 0x00, 0x20, 0x3c, 0x00, 0x00, 0x00, 0x00, 0x00, 0x03, 0xf8, 0x00, 0x80, 0x10, 0x02, 0x00,
	0x60, 0x0b, 0x01, 0x18, 0x60, 0xc0, 0x00, 0x00, 0x00, 0x00, 0xc3, 0xf8, 0x01, 0x00, 0x10, 0x02, 0x00, 0x40, 0x0a, 0x01, 0x10, 0x60, 0x80, 0x00,
	0x00, 0x00, 0x10, 0x01, 0x00, 0x13, 0xc7, 0xc4, 0x10, 0x81, 0x10, 0x10, 0x01, 0x00, 0x0f, 0xc0, 0x00, 0x00, 0x00, 0x00, 0xc1, 0x08, 0x10, 0xc3,
	0xf4, 0x50, 0x81, 0x10, 0x10, 0x01, 0x00, 0x1f, 0xc0, 0x00, 0x00, 0x00, 0x40, 0x42, 0x04, 0x20, 0x81, 0x08, 0x00, 0x80, 0x10, 0x02, 0x01, 0xc0,
	0x00, 0x00, 0x00, 0x00, 0x00, 0x00, 0x44, 0x08, 0x20, 0x02, 0x08, 0x10, 0x80, 0x08, 0x01, 0x00, 0x20, 0x1c, 0x00, 0x00, 0x00, 0x00, 0x00, 0x01,
	0xf8, 0x10, 0x82, 0x08, 0x2c, 0x80, 0x38, 0x01, 0x00, 0x20, 0x3c, 0x00, 0x00, 0x00, 0x00, 0x00, 0xc1, 0x0a, 0x1f, 0x82, 0x08, 0x28, 0x84, 0x70,
	0x01, 0x00, 0x20, 0x3c, 0x00, 0x00, 0x00, 0x00, 0x07, 0x81, 0xc0, 0x04, 0x00, 0x40, 0x7f, 0xc0, 0x40, 0x04, 0x01, 0x80, 0x00, 0x00, 0x00, 0x00,
	0x00, 0x00, 0xc0, 0x72, 0x3c, 0x00, 0x40, 0x04, 0x07, 0xf8, 0x04, 0x00, 0x40, 0x18, 0x00, 0x00, 0x00, 0x00, 0x00, 0x00, 0x00, 0x28, 0x82, 0x48,
	0x04, 0x80, 0x10, 0x03, 0x00, 0xc0, 0x00, 0x00, 0x00, 0x00, 0x00, 0x00, 0x00, 0x84, 0x48, 0x42, 0x44, 0x24, 0x80, 0x08, 0x01, 0x80, 0x30, 0x1c,
	0x00, 0x00, 0x00, 0x00, 0x00, 0x40, 0x88, 0x48, 0x44, 0x44, 0x24, 0x80, 0x08, 0x01, 0x00, 0x30, 0x1c, 0x00, 0x00, 0x00, 0x00, 0x00, 0x03, 0xf8,
	0x00, 0x00, 0x00, 0x7f, 0xc0, 0x40, 0x04, 0x00, 0x40, 0x18, 0x00, 0x00, 0x00, 0x00, 0x00, 0xc3, 0xf2, 0x00, 0x00, 0x00, 0x7f, 0xc0, 0x40, 0x04,
	0x00, 0x40, 0x18, 0x00, 0x00, 0x00, 0x00, 0x10, 0x01, 0x00, 0x10, 0x01, 0xc0, 0x13, 0x81, 0x00, 0x10, 0x01, 0x00, 0x00, 0x00, 0x00, 0x00, 0x00,
	0x12, 0x81, 0x10, 0x10, 0x01, 0xc0, 0x13, 0x81, 0x00, 0x10, 0x01, 0x00, 0x00, 0x00, 0x00, 0x00, 0x00, 0x00, 0x00, 0x40, 0x04, 0x07, 0xfc, 0x04,
	0x00, 0x40, 0x04, 0x00, 0x80, 0x30, 0x00, 0x00, 0x00, 0x00, 0x00, 0x03, 0xf8, 0x00, 0x00, 0x00, 0x00, 0x00, 0x00, 0x00, 0x00, 0x00, 0x7f, 0xc0,
	0x00, 0x00, 0x00, 0x00, 0x03, 0xf8, 0x00, 0x80, 0x10, 0x09, 0x00, 0x60, 0x07, 0x00, 0x88, 0x30, 0x00, 0x00, 0x00, 0x00, 0x04, 0x00, 0x40, 0x3f,
	0xc0, 0x08, 0x01, 0x00, 0x60, 0x3d, 0x84, 0x44, 0x04, 0x00, 0x40, 0x00, 0x00, 0x00, 0x80, 0x08, 0x01, 0x00, 0x10, 0x01, 0x00, 0x20, 0x0c, 0x03,
	0x00, 0x00, 0x00, 0x00, 0x00, 0x00, 0x00, 0x01, 0x10, 0x11, 0x01, 0x10, 0x20, 0x82, 0x08, 0x20, 0x84, 0x04, 0x40, 0x40, 0x00, 0x00, 0x00, 0x00,
	0x81, 0x18, 0x11, 0x01, 0x00, 0x20, 0x82, 0x08, 0x20, 0x84, 0x04, 0x40, 0x40, 0x00, 0x00, 0x00, 0x01, 0x81, 0x28, 0x11, 0x81, 0x00, 0x20, 0x82,
	0x08, 0x20, 0x84, 0x04, 0x40, 0x40, 0x00, 0x00, 0x00, 0x20, 0x02, 0x00, 0x27, 0x83, 0x80, 0x20, 0x02, 0x00, 0x20, 0x03, 0xf8, 0x00, 0x00, 0x00,
	0x00, 0x00, 0x01, 0x42, 0x08, 0x20, 0x02, 0x38, 0x3c, 0x02, 0x00, 0x20, 0x02, 0x00, 0x3f, 0x80, 0x00, 0x00, 0x00, 0x00, 0xc2, 0x14, 0x20, 0xc2,
	0x38, 0x3c, 0x02, 0x00, 0x20, 0x02, 0x00, 0x3f, 0x80, 0x00, 0x00, 0x00, 0x00, 0x07, 0xf8, 0x00, 0x40, 0x08, 0x00, 0x80, 0x08, 0x01, 0x00, 0x20,
	0x1c, 0x00, 0x00, 0x00, 0x00, 0x00, 0xc7, 0xf8, 0x00, 0x80, 0x08, 0x00, 0x80, 0x08, 0x01, 0x00, 0x20, 0x1c, 0x00, 0x00, 0x00, 0x00, 0x00, 0xe7,
	0xfa, 0x00, 0xc0, 0x08, 0x00, 0x80, 0x08, 0x01, 0x00, 0x20, 0x1c, 0x00, 0x00, 0x00, 0x00, 0x00, 0x00, 0x00, 0x0c, 0x01, 0x60, 0x22, 0x06, 0x10,
	0x40, 0x80, 0x04, 0x00, 0x00, 0x00, 0x00, 0x00, 0x00, 0x00, 0x14, 0x09, 0x41, 0x40, 0x22, 0x02, 0x10, 0x40, 0x80, 0x04, 0x00, 0x00, 0x00, 0x00,
	0x00, 0x00, 0x80, 0x14, 0x09, 0x41, 0x48, 0x22, 0x02, 0x10, 0x40, 0x80, 0x04, 0x00, 0x00, 0x00, 0x00, 0x00, 0x04, 0x00, 0x40, 0x7f, 0xc0, 0x40,
	0x24, 0x82, 0x48, 0x44, 0x44, 0x44, 0x1c, 0x00, 0x00, 0x00, 0x00, 0x04, 0xc0, 0x42, 0x7f, 0xc0, 0x40, 0x24, 0x02, 0x48, 0x44, 0x84, 0x44, 0x1c,
	0x00, 0x00, 0x00, 0x00, 0x04, 0xe0, 0x4a, 0x7f, 0xc0, 0x40, 0x24, 0x02, 0x48, 0x44, 0x84, 0x44, 0x1c, 0x00, 0x00, 0x00, 0x00, 0x00, 0x07, 0xfc,
	0x00, 0x40, 0x08, 0x01, 0x01, 0x20, 0x0c, 0x00, 0x40, 0x04, 0x00, 0x00, 0x00, 0x00, 0x3f, 0x80, 0x00, 0x00, 0x03, 0xe0, 0x01, 0x00, 0x00, 0x00,
	0x03, 0xf8, 0x00, 0x00, 0x00, 0x00, 0x00, 0x08, 0x00, 0x80, 0x10, 0x01, 0x00, 0x10, 0x81, 0x08, 0x20, 0xc7, 0xf4, 0x00, 0x00, 0x00, 0x00, 0x00,
	0x01, 0x00, 0x10, 0x19, 0x00, 0xe0, 0x06, 0x00, 0xd0, 0x18, 0x82, 0x00, 0x00, 0x00, 0x00, 0x00, 0x00, 0x00, 0x03, 0xf8, 0x08, 0x00, 0x80, 0x7f,
	0xc0, 0x80, 0x08, 0x00, 0x80, 0x0f, 0x80, 0x00, 0x00, 0x00, 0x00, 0x00, 0x00, 0x00, 0x00, 0x88, 0x1f, 0x82, 0x88, 0x09, 0x00, 0x80, 0x08, 0x00,
	0x00, 0x00, 0x00, 0x10, 0x01, 0x3c, 0x7c, 0x40, 0x88, 0x08, 0x80, 0x80, 0x08, 0x00, 0x80, 0x00, 0x00, 0x00, 0x00, 0x00, 0x00, 0x00, 0x00, 0x1f,
	0x00, 0x10, 0x01, 0x00, 0x10, 0x02, 0x03, 0xf8, 0x00, 0x00, 0x00, 0x00, 0x00, 0x00, 0x03, 0xf0, 0x01, 0x00, 0x10, 0x01, 0x00, 0x10, 0x01, 0x00,
	0x10, 0x7f, 0xc0, 0x00, 0x00, 0x00, 0x00, 0x00, 0x00, 0x3f, 0x80, 0x08, 0x1f, 0x80, 0x08, 0x00, 0x83, 0xf8, 0x00, 0x00, 0x00, 0x00, 0x00, 0x00,
	0x07, 0xf8, 0x00, 0x80, 0x08, 0x3f, 0x80, 0x08, 0x00, 0x80, 0x08, 0x7f, 0x80, 0x00, 0x00, 0x00, 0x00, 0x03, 0xf8, 0x00, 0x00, 0x00, 0x7f, 0xc0,
	0x04, 0x00, 0x80, 0x10, 0x1e, 0x00, 0x00, 0x00, 0x00, 0x20, 0x82, 0x08, 0x20, 0x82, 0x08, 0x20, 0x80, 0x10, 0x01, 0x00, 0x60, 0x08, 0x00, 0x00,
	0x00, 0x00, 0x12, 0x01, 0x20, 0x12, 0x01, 0x20, 0x12, 0x42, 0x24, 0x22, 0xc4, 0x38, 0x00, 0x00, 0x00, 0x00, 0x00, 0x20, 0x02, 0x00, 0x20, 0x02,
	0x04, 0x20, 0x82, 0x08, 0x21, 0x03, 0xe0, 0x00, 0x00, 0x00, 0x00, 0x00, 0x00, 0x07, 0xfc, 0x40, 0x44, 0x04, 0x40, 0x44, 0x04, 0x40, 0x44, 0x04,
	0x7f, 0xc0, 0x00, 0x00, 0x00, 0x00, 0x00, 0x00, 0x3f, 0x82, 0x08, 0x20, 0x80, 0x10, 0x01, 0x00, 0xe0, 0x00, 0x00, 0x00, 0x00, 0x00, 0x00, 0x03,
	0xfc, 0x40, 0x44, 0x04, 0x40, 0x40, 0x08, 0x00, 0x80, 0x10, 0x0e, 0x00, 0x00, 0x00, 0x00, 0x01, 0x07, 0xfc, 0x11, 0x01, 0x10, 0x11, 0x01, 0x10,
	0x7f, 0xc0, 0x10, 0x01, 0x00, 0x00, 0x00, 0x00, 0x00, 0x03, 0xfc, 0x00, 0x40, 0x48, 0x05, 0x00, 0x50, 0x04, 0x00, 0x40, 0x7f, 0xc0, 0x00, 0x00,
	0x00, 0x00, 0x07, 0xf8, 0x00, 0x80, 0x08, 0x3f, 0x80, 0x08, 0x01, 0x00, 0x20, 0x1c, 0x00, 0x00, 0x00, 0x00, 0x00, 0x02, 0x00, 0x18, 0x40, 0x04,
	0x00, 0x80, 0x08, 0x01, 0x00, 0x60, 0x38, 0x00, 0x00, 0x00, 0x00, 0x04, 0xc0, 0x42, 0x7f, 0x84, 0x04, 0x40, 0x80, 0x08, 0x00, 0x80, 0x10, 0x06,
	0x00, 0x80, 0x00, 0x00, 0x00, 0x00, 0x00, 0x08, 0x03, 0xf0, 0x08, 0x80, 0x88, 0x08, 0x81, 0x10, 0x13, 0x00, 0x00, 0x00, 0x00, 0x00, 0x00, 0x00,
	0x10, 0x01, 0xf8, 0x22, 0x02, 0x20, 0x02, 0x00, 0x40, 0x0c, 0x00, 0x00, 0x00, 0x00, 0x00, 0xc7, 0xfa, 0x40, 0x84, 0x08, 0x40, 0x80, 0x08, 0x00,
	0x80, 0x10, 0x1e, 0x00, 0x00, 0x00, 0x00, 0x00, 0xc0, 0x12, 0x7f, 0xc1, 0x10, 0x11, 0x01, 0x10, 0x11, 0x07, 0xfc, 0x01, 0x00, 0x10, 0x00, 0x00,
	0x00, 0xc7, 0xfa, 0x00, 0x80, 0x48, 0x05, 0x00, 0x60, 0x04, 0x00, 0x40, 0x7f, 0xc0, 0x00, 0x00, 0x00, 0x00, 0xc7, 0xfa, 0x00, 0x80, 0x08, 0x3f,
	0x80, 0x08, 0x01, 0x00, 0x20, 0x1c, 0x00, 0x00, 0x00, 0x00, 0x00, 0x00, 0x00, 0x00, 0x00, 0x00, 0x04, 0x00, 0x40, 0x00, 0x00, 0x00, 0x00, 0x00,
	0x00, 0x00, 0x00, 0x00, 0x00, 0x00, 0x00, 0x00, 0x00, 0x3f, 0x80, 0x00, 0x00, 0x00, 0x00, 0x00, 0x00, 0x00, 0x00, 0x00, 0x00, 0x01, 0x00, 0x08,
	0x00, 0x40, 0x02, 0x00, 0x20, 0x01, 0x00, 0x00, 0x00, 0x00, 0x00, 0x00, 0x00, 0x01, 0x01, 0x28, 0x18, 0x00, 0x80, 0x04, 0x00, 0x20, 0x02, 0x00,
	0x00, 0x00, 0x00, 0x00, 0x00, 0x00, 0x00, 0x00, 0x00, 0x00, 0x00, 0x00, 0x7f, 0xc0, 0x00, 0x00, 0x00, 0x00, 0x00, 0x00, 0x00, 0x00, 0x00, 0x7f,
	0xc0, 0x40, 0x04, 0x00, 0x40, 0x04, 0x00, 0x40, 0x04, 0x00, 0x40, 0x1c, 0x00, 0x00, 0x00, 0x00, 0x10, 0x01, 0x00, 0x10, 0x41, 0xf8, 0x70, 0x01,
	0x00, 0x10, 0x41, 0x04, 0x10, 0x80, 0xf8, 0x00, 0x00, 0x7f, 0xc0, 0x80, 0x08, 0x00, 0xf8, 0x10, 0x81, 0x08, 0x10, 0x82, 0x08, 0x43, 0x00, 0x00,
	0x00, 0x00, 0x00, 0x00, 0x40, 0x7f, 0xc0, 0x40, 0x14, 0x01, 0x40, 0x0c, 0x00, 0xe0, 0x31, 0x84, 0x04, 0x00, 0x00, 0x3f, 0x80, 0x00, 0x00, 0x03,
	0xf8, 0x00, 0x00, 0x00, 0x00, 0x07, 0xfc, 0x00, 0x00, 0x00, 0x00, 0x00, 0x00, 0x00, 0x40, 0x04, 0x00, 0x7c, 0x04, 0x00, 0x40, 0x04, 0x00, 0x40,
	0x04, 0x07, 0xfc, 0x00, 0x00, 0x7f, 0xc0, 0x40, 0x06, 0x00, 0x50, 0x04, 0x80, 0x40, 0x04, 0x00, 0x40, 0x04, 0x00, 0x00, 0x00, 0x00, 0x7f, 0xc0,
	0x40, 0x0c, 0x01, 0x50, 0x24, 0x84, 0x44, 0x04, 0x00, 0x40, 0x04, 0x00, 0x00, 0x00, 0x00, 0x20, 0x03, 0xfc, 0x20, 0x02, 0x00, 0x3f, 0x80, 0x08,
	0x7f, 0xe0, 0x08, 0x01, 0x00, 0xf0, 0x00, 0x00, 0x3f, 0x81, 0x08, 0x10, 0x87, 0xfc, 0x11, 0x01, 0x10, 0x11, 0x07, 0xfc, 0x00, 0x00, 0x00, 0x00,
	0x00, 0x3f, 0x82, 0x08, 0x20, 0x83, 0xf8, 0x20, 0x82, 0x08, 0x3f, 0x82, 0x08, 0x20, 0x87, 0xfc, 0x00, 0x00, 0x24, 0x82, 0x48, 0xff, 0xe2, 0x48,
	0x24, 0x82, 0x48, 0x27, 0x82, 0x00, 0x3f, 0xc2, 0x00, 0x00, 0x00, 0x00, 0x83, 0xf0, 0x20, 0x02, 0x00, 0x3f, 0x82, 0x10, 0x21, 0x02, 0x10, 0x21,
	0x07, 0xfc, 0x00, 0x00, 0x7f, 0xc0, 0x40, 0x04, 0x07, 0xfc, 0x4c, 0x44, 0xb4, 0x71, 0xc4, 0x04, 0x40, 0x44, 0x1c, 0x00, 0x00, 0x3f, 0x80, 0x18,
	0x06, 0x07, 0xe4, 0x17, 0x81, 0x50, 0x24, 0x85, 0xc4, 0x00, 0x07, 0xfc, 0x00, 0x00, 0x7f, 0xc0, 0x40, 0x7f, 0xc4, 0x44, 0x55, 0x45, 0x54, 0x55,
	0x45, 0xf4, 0x50, 0x44, 0x1c, 0x00, 0x00, 0x11, 0x00, 0x90, 0x7e, 0xc0, 0xa4, 0x4a, 0x42, 0xa8, 0x2a, 0x80, 0xa0, 0x0a, 0x07, 0xfc, 0x00, 0x00,
	0x04, 0x00, 0x40, 0x7f, 0xc4, 0x44, 0x44, 0x44, 0x44, 0x7f, 0xc0, 0x40, 0x04, 0x00, 0x40, 0x00, 0x00, 0x04, 0x07, 0xfc, 0x44, 0x47, 0xfc, 0x04,
	0x07, 0xfc, 0x44, 0x47, 0xfc, 0x44, 0x40, 0x40, 0x00, 0x00, 0x08, 0x00, 0x80, 0x7f, 0x00, 0x90, 0x69, 0x01, 0x10, 0x19, 0x21, 0x52, 0x21, 0x24,
	0x1c, 0x00, 0x00, 0x3f, 0x82, 0x08, 0x24, 0x82, 0x28, 0x20, 0x87, 0xfc, 0x20, 0x84, 0x08, 0x40, 0x80, 0x38, 0x00, 0x00, 0x1c, 0x00, 0x30, 0x7f,
	0xc0, 0x40, 0x04, 0x03, 0xf8, 0x04, 0x00, 0x40, 0x04, 0x07, 0xfc, 0x00, 0x00, 0x7f, 0x01, 0x10, 0x11, 0x01, 0x0c, 0x10, 0x41, 0x04, 0x20, 0x42,
	0x0c, 0x43, 0x00, 0x00, 0x00, 0x00, 0x08, 0x01, 0xf0, 0x11, 0x02, 0x10, 0x42, 0x00, 0x20, 0x05, 0x00, 0x98, 0x30, 0xc4, 0x00, 0x00, 0x00, 0x04,
	0x00, 0x40, 0x7f, 0xc0, 0x08, 0x01, 0x00, 0x20, 0x2c, 0x05, 0x00, 0x4c, 0x00, 0x3c, 0x00, 0x00, 0x20, 0x03, 0xfc, 0x24, 0x04, 0x40, 0x07, 0xc0,
	0x40, 0x04, 0x00, 0x78, 0x04, 0x00, 0x40, 0x00, 0x00, 0x00, 0x87, 0xf0, 0x04, 0x82, 0x48, 0x15, 0x0f, 0xfe, 0x04, 0x00, 0x40, 0x04, 0x01, 0xc0,
	0x00, 0x00, 0x00, 0xc7, 0xf0, 0x04, 0x07, 0xfc, 0x00, 0x80, 0x10, 0x26, 0x05, 0x80, 0x58, 0x04, 0x7c, 0x00, 0x00, 0x01, 0xc3, 0xe0, 0x7f, 0xc2,
	0x48, 0x7f, 0xc2, 0x48, 0x7f, 0xc1, 0xf0, 0x24, 0x84, 0x44, 0x00, 0x00, 0x3f, 0x80, 0x30, 0x04, 0x00, 0x80, 0x10, 0x02, 0x04, 0x40, 0x46, 0x08,
	0x1f, 0x00, 0x00, 0x00, 0x00, 0x08, 0x00, 0x80, 0x7f, 0x01, 0x10, 0x11, 0x01, 0x10, 0x11, 0x22, 0x12, 0x61, 0x24, 0x1c, 0x00, 0x00, 0x20, 0x03,
	0xfc, 0x40, 0x07, 0xf8, 0x02, 0x00, 0xc0, 0x10, 0x42, 0x04, 0x40, 0xc3, 0xf0, 0x00, 0x00, 0x04, 0x02, 0x40, 0x27, 0xc7, 0xc4, 0x24, 0x42, 0x48,
	0x25, 0x82, 0x04, 0x20, 0x41, 0xf8, 0x00, 0x00, 0x04, 0x07, 0xa0, 0x12, 0x0f, 0xe0, 0x12, 0x07, 0xa0, 0x46, 0x24, 0x62, 0x7e, 0x24, 0x5c, 0x00,
	0x00, 0x0d, 0x07, 0x10, 0x55, 0x01, 0x50, 0x7d, 0x00, 0xd0, 0x17, 0x27, 0x92, 0x11, 0x27, 0x1c, 0x00, 0x00, 0x22, 0x0f, 0xbe, 0x24, 0x0d, 0xfc,
	0x78, 0x88, 0x90, 0x7a, 0x02, 0x42, 0x7c, 0x42, 0x3c, 0x00, 0x00, 0x1e, 0x02, 0x20, 0x7d, 0x83, 0xf8, 0x3f, 0x87, 0xfc, 0x44, 0x47, 0xfc, 0x7f,
	0xa0, 0x7c, 0x00, 0x00, 0x3f, 0xc0, 0x10, 0x02, 0x00, 0x40, 0x04, 0x00, 0x40, 0x04, 0x00, 0x40, 0x1c, 0x00, 0x00, 0x00, 0x00, 0x3f, 0x80, 0x08,
	0x19, 0x00, 0x60, 0x7f, 0xc0, 0x44, 0x04, 0x80, 0x40, 0x04, 0x01, 0xc0, 0x00, 0x00, 0x10, 0x01, 0xf0, 0x3f, 0x84, 0x44, 0x7f, 0xc0, 0x44, 0x04,
	0x43, 0xfc, 0x04, 0x01, 0xc0, 0x00, 0x00, 0x04, 0x07, 0xfc, 0x7f, 0xc7, 0xfc, 0x04, 0x03, 0xfc, 0x7f, 0xc0, 0x44, 0x3f, 0xc1, 0xc0, 0x00, 0x00,
	0x00, 0x03, 0xf8, 0x00, 0x00, 0x00, 0x00, 0x00, 0x00, 0x00, 0x00, 0x00, 0x7f, 0xc0, 0x00, 0x00, 0x00, 0x3f, 0x80, 0x00, 0x00, 0x07, 0xfc, 0x08,
	0x01, 0x08, 0x10, 0x81, 0x7c, 0x68, 0x40, 0x00, 0x00, 0x00, 0x7f, 0xc0, 0x80, 0x1f, 0x81, 0x10, 0x11, 0x03, 0xf0, 0x01, 0x07, 0xfc, 0x00, 0x00,
	0x00, 0x00, 0x00, 0x7f, 0xc0, 0x80, 0x08, 0x03, 0xf0, 0x08, 0x81, 0x08, 0x10, 0x87, 0xfc, 0x00, 0x00, 0x00, 0x00, 0x00, 0x11, 0x01, 0x10, 0x7f,
	0xc1, 0x10, 0x11, 0x01, 0x10, 0x7f, 0xc1, 0x10, 0x21, 0x04, 0x10, 0x00, 0x00, 0x7f, 0xc0, 0x00, 0x3f, 0x82, 0x08, 0x20, 0x83, 0xf8, 0x20, 0x83,
	0xf8, 0x00, 0x07, 0xfc, 0x00, 0x00, 0x7f, 0xc1, 0x00, 0x1f, 0x81, 0xc8, 0x22, 0x82, 0x90, 0x07, 0x07, 0xfc, 0x00, 0x00, 0x00, 0x00, 0x00, 0x12,
	0x05, 0x24, 0x5b, 0x85, 0x20, 0x5e, 0x46, 0x18, 0x3f, 0x80, 0x00, 0x00, 0x07, 0xfc, 0x00, 0x00, 0x7f, 0xc0, 0xa0, 0x0a, 0x07, 0xfc, 0x4a, 0x44,
	0xa4, 0x7f, 0xc0, 0xa0, 0x0a, 0x07, 0xfc, 0x00, 0x00, 0x04, 0x00, 0x40, 0x7f, 0xc2, 0x00, 0x20, 0x02, 0x00, 0x20, 0x02, 0x00, 0x20, 0x01, 0xf8,
	0x00, 0x00, 0x04, 0x07, 0xfc, 0x00, 0x01, 0x18, 0x60, 0x41, 0x10, 0x0a, 0x00, 0x40, 0x3b, 0x84, 0x04, 0x00, 0x00, 0x04, 0x07, 0xfc, 0x08, 0x03,
	0x10, 0x16, 0x40, 0x88, 0x71, 0x00, 0x70, 0x18, 0x86, 0x04, 0x00, 0x00, 0x04, 0x07, 0xfc, 0x0a, 0x02, 0xa8, 0x2a, 0x84, 0xa4, 0x52, 0x41, 0x20,
	0x22, 0x04, 0x60, 0x00, 0x00, 0x04, 0x07, 0xfc, 0x3f, 0x82, 0x08, 0x3f, 0x87, 0xfc, 0x00, 0x80, 0x70, 0x04, 0x01, 0xc0, 0x00, 0x00, 0x04, 0x07,
	0xbc, 0x3f, 0x82, 0x08, 0x1f, 0x07, 0xfc, 0x07, 0x0f, 0xfe, 0x04, 0x01, 0xc0, 0x00, 0x00, 0x04, 0x07, 0xfc, 0x3f, 0x82, 0x08, 0x20, 0x83, 0xf8,
	0x04, 0x02, 0x48, 0x44, 0x41, 0xc0, 0x00, 0x00, 0x04, 0x07, 0xfc, 0x3f, 0x82, 0x08, 0x1f, 0x07, 0xfc, 0x7f, 0xc0, 0x40, 0x04, 0x01, 0xc0, 0x00,
	0x00, 0x04, 0x07, 0xfc, 0x3f, 0x82, 0x08, 0x1f, 0x07, 0xfc, 0x4a, 0x41, 0x20, 0x32, 0x44, 0x1c, 0x00, 0x00, 0x04, 0x00, 0x40, 0x04, 0x00, 0x40,
	0x0c, 0x00, 0xa0, 0x12, 0x01, 0x10, 0x60, 0xc0, 0x00, 0x00, 0x00, 0x11, 0x01, 0x10, 0x21, 0x02, 0x10, 0x6f, 0xca, 0x10, 0x21, 0x02, 0x10, 0x21,
	0x02, 0x10, 0x00, 0x00, 0x20, 0x02, 0xf8, 0x20, 0x06, 0x00, 0x60, 0x0a, 0x00, 0x20, 0x02, 0x00, 0x3f, 0xc2, 0x00, 0x00, 0x00, 0x24, 0x02, 0x40,
	0x5f, 0x84, 0x48, 0x44, 0x8c, 0x48, 0x48, 0xa4, 0x8a, 0x50, 0xa5, 0x0c, 0x00, 0x00, 0x0e, 0x01, 0xb0, 0x20, 0x85, 0xf4, 0x00, 0x07, 0xfc, 0x00,
	0x80, 0x10, 0x02, 0x00, 0x40, 0x00, 0x00, 0x0e, 0x01, 0x30, 0x20, 0x85, 0x14, 0x11, 0x01, 0x10, 0x11, 0x01, 0x10, 0x21, 0x04, 0x10, 0x00, 0x00,
	0x10, 0x01, 0x20, 0x22, 0x02, 0x20, 0x64, 0x0a, 0x48, 0x24, 0x42, 0x84, 0x2b, 0xc2, 0x42, 0x00, 0x00, 0x20, 0x02, 0x7c, 0x20, 0x84, 0x10, 0x41,
	0x0c, 0xfc, 0x41, 0x04, 0x10, 0x41, 0x00, 0x60, 0x00, 0x00, 0x20, 0x02, 0x20, 0x22, 0x07, 0xfc, 0x62, 0x0a, 0x20, 0x22, 0x02, 0x20, 0x22, 0x02,
	0xfc, 0x00, 0x00, 0x11, 0x02, 0x90, 0x2b, 0xc7, 0xd4, 0x69, 0x4a, 0x94, 0x29, 0xc2, 0x84, 0x28, 0x42, 0x7c, 0x00, 0x00, 0x20, 0x02, 0x08, 0x2f,
	0xc6, 0x08, 0x68, 0x8a, 0x48, 0x22, 0x82, 0x08, 0x20, 0x82, 0x38, 0x00, 0x00, 0x20, 0x02, 0x20, 0x22, 0x05, 0x24, 0x52, 0x4d, 0x24, 0x52, 0x45,
	0x24, 0x4f, 0xc4, 0x00, 0x00, 0x00, 0x04, 0x01, 0xb0, 0x20, 0x84, 0x04, 0x3f, 0x80, 0x40, 0x04, 0x00, 0x40, 0x04, 0x07, 0xfc, 0x00, 0x00, 0x12,
	0x82, 0x24, 0x22, 0x47, 0xf8, 0x62, 0x0a, 0x10, 0x21, 0x02, 0x12, 0x20, 0xc2, 0x04, 0x00, 0x00, 0x0e, 0x01, 0x10, 0x60, 0xc1, 0xf0, 0x00, 0x07,
	0xfc, 0x08, 0x40, 0x84, 0x09, 0xc0, 0x80, 0x00, 0x00, 0x00, 0x44, 0x84, 0x44, 0x44, 0x44, 0x40, 0x84, 0x08, 0x44, 0x87, 0x98, 0xc6, 0x40, 0x82,
	0x00, 0x00, 0x07, 0xc2, 0x80, 0x28, 0x04, 0xfc, 0x4c, 0x4c, 0xa8, 0x4a, 0x85, 0x10, 0x56, 0xc0, 0x00, 0x00, 0x00, 0x22, 0x05, 0xdc, 0x52, 0x45,
	0x24, 0xd2, 0x4d, 0x24, 0x52, 0x45, 0xe4, 0x42, 0xc4, 0x00, 0x00, 0x00, 0x22, 0x02, 0x20, 0x3f, 0xc5, 0x24, 0x52, 0x4d, 0x24, 0x5f, 0xc4, 0x20,
	0x42, 0x04, 0x20, 0x00, 0x00, 0x25, 0x02, 0x90, 0x2f, 0xc5, 0x10, 0x51, 0x0d, 0xfc, 0x41, 0x04, 0x10, 0x41, 0x00, 0x10, 0x00, 0x00, 0x20, 0x02,
	0xfc, 0x42, 0x04, 0x20, 0x42, 0x0d, 0xfc, 0x42, 0x04, 0x20, 0x42, 0x04, 0xdc, 0x00, 0x00, 0x0e, 0x01, 0xb0, 0x24, 0x84, 0x44, 0x24, 0x02, 0x7c,
	0x24, 0x02, 0x40, 0x24, 0x07, 0xfc, 0x00, 0x00, 0x20, 0x02, 0xfc, 0x42, 0x45, 0xfe, 0x42, 0x4d, 0xfc, 0x42, 0x44, 0x20, 0x44, 0x04, 0x80, 0x00,
	0x00, 0x20, 0x02, 0xfc, 0x24, 0x04, 0x40, 0x4f, 0x8c, 0x48, 0x44, 0x84, 0x48, 0x44, 0x81, 0xb4, 0x00, 0x00, 0x22, 0x03, 0xfc, 0x22, 0x04, 0x20,
	0x4d, 0xcc, 0x84, 0x44, 0x84, 0x30, 0x45, 0x85, 0x84, 0x00, 0x00, 0x22, 0x82, 0x24, 0x42, 0x05, 0xfc, 0x42, 0x0c, 0x30, 0x45, 0x04, 0x48, 0x48,
	0xc5, 0x00, 0x00, 0x00, 0x24, 0x82, 0x44, 0x44, 0xc5, 0xb0, 0x42, 0x4c, 0x28, 0x41, 0x04, 0x32, 0x4c, 0xc5, 0x04, 0x00, 0x00, 0x22, 0x02, 0x20,
	0x3f, 0xe4, 0x30, 0x47, 0x0c, 0x68, 0x4a, 0x45, 0x22, 0x42, 0x04, 0x20, 0x00, 0x00, 0x0e, 0x01, 0x30, 0x20, 0x87, 0xfc, 0x00, 0x07, 0xfc, 0x08,
	0x01, 0x08, 0x11, 0xc7, 0xe4, 0x00, 0x00, 0x20, 0x02, 0xf8, 0x40, 0x05, 0xfc, 0x44, 0x0c, 0x40, 0x44, 0x84, 0x84, 0x4b, 0xc5, 0x40, 0x00, 0x00,
	0x22, 0x02, 0x20, 0x2d, 0xc4, 0x84, 0x48, 0x4c, 0xfc, 0x48, 0x44, 0x84, 0x4f, 0xc4, 0x04, 0x00, 0x00, 0x20, 0x02, 0xa4, 0x4a, 0x44, 0x20, 0x5f,
	0xcc, 0x20, 0x5f, 0xe4, 0x20, 0x42, 0x04, 0x00, 0x00, 0x00, 0x23, 0x02, 0x48, 0x28, 0x45, 0x78, 0x40, 0x0d, 0xfc, 0x42, 0x44, 0x24, 0x42, 0xc0,
	0x20, 0x00, 0x00, 0x22, 0x02, 0xfc, 0x32, 0x45, 0x24, 0x5f, 0xcd, 0x24, 0x52, 0x45, 0xfc, 0x42, 0x04, 0x20, 0x00, 0x00, 0x2f, 0xc2, 0x04, 0x5f,
	0x44, 0x04, 0x4f, 0x4c, 0x94, 0x49, 0x44, 0xf4, 0x40, 0x44, 0x1c, 0x00, 0x00, 0x20, 0x43, 0x44, 0x52, 0x45, 0x14, 0x50, 0x4d, 0x08, 0x52, 0x85,
	0xcc, 0x43, 0x44, 0x42, 0x00, 0x00, 0x20, 0x03, 0x1c, 0x5f, 0x45, 0x34, 0xd3, 0x4d, 0x34, 0x55, 0x45, 0x54, 0x65, 0xc6, 0xd0, 0x00, 0x00, 0x2f,
	0xc3, 0x24, 0x52, 0x45, 0x24, 0x5f, 0xcd, 0x24, 0x52, 0x45, 0x24, 0x52, 0x45, 0xdc, 0x00, 0x00, 0x2f, 0x82, 0x84, 0x28, 0x44, 0xfc, 0x48, 0x4c,
	0x84, 0x4f, 0xc4, 0x00, 0x40, 0x05, 0xfc, 0x00, 0x00, 0x22, 0x03, 0xfc, 0x20, 0x04, 0x84, 0x48, 0x8c, 0x88, 0x48, 0x84, 0x48, 0x41, 0x01, 0xfc,
	0x00, 0x00, 0x20, 0xc2, 0xf0, 0x31, 0x05, 0x10, 0x5f, 0xcd, 0x10, 0x51, 0x25, 0xea, 0x40, 0xc4, 0xf8, 0x00, 0x00, 0x26, 0x02, 0x18, 0x3f, 0xc4,
	0x20, 0x42, 0x0c, 0xfc, 0x42, 0x04, 0x20, 0x42, 0x01, 0xfc, 0x00, 0x00, 0x24, 0x02, 0x40, 0x2f, 0xc4, 0x40, 0x48, 0x0c, 0xfc, 0x49, 0x05, 0x10,
	0x51, 0x00, 0xfc, 0x00, 0x00, 0x22, 0x03, 0xfc, 0x24, 0x04, 0x40, 0x44, 0x0c, 0xbc, 0x58, 0x45, 0x84, 0x48, 0x40, 0xfc, 0x00, 0x00, 0x22, 0x02,
	0x20, 0x5f, 0xe4, 0x30, 0x46, 0x8c, 0xa8, 0x4a, 0x45, 0xfa, 0x42, 0x04, 0x20, 0x00, 0x00, 0x20, 0x02, 0xfc, 0x20, 0x44, 0xf4, 0x49, 0x4c, 0x94,
	0x4f, 0x44, 0x84, 0x40, 0x40, 0x1c, 0x00, 0x00, 0x04, 0x01, 0xb0, 0x60, 0xc1, 0xf0, 0x04, 0x07, 0xfc, 0x15, 0x02, 0x48, 0x44, 0x41, 0xc0, 0x00,
	0x00, 0x14, 0x02, 0x7e, 0x2a, 0x02, 0xa0, 0x73, 0xc2, 0x20, 0x22, 0x02, 0x3c, 0x22, 0x02, 0x20, 0x00, 0x00, 0x22, 0x02, 0xfc, 0x22, 0x04, 0x20,
	0x4d, 0xcc, 0x20, 0x5f, 0xc4, 0x20, 0x42, 0x01, 0xfc, 0x00, 0x00, 0x28, 0x82, 0x48, 0x5f, 0xc4, 0x88, 0x48, 0x8d, 0xfc, 0x48, 0x84, 0x88, 0x48,
	0x85, 0x08, 0x00, 0x00, 0x22, 0x03, 0xfc, 0x24, 0x84, 0x84, 0x50, 0x4c, 0x48, 0x43, 0x04, 0x30, 0x44, 0x81, 0x86, 0x00, 0x00, 0x22, 0x03, 0xfc,
	0x2f, 0xc5, 0x24, 0x52, 0x4d, 0xfc, 0x4a, 0x04, 0x60, 0x4f, 0x01, 0x0c, 0x00, 0x00, 0x2f, 0xc2, 0x84, 0x28, 0x44, 0x84, 0x4f, 0xcc, 0xa8, 0x4a,
	0x84, 0xaa, 0x4a, 0xa5, 0x2c, 0x00, 0x00, 0x20, 0x45, 0xf4, 0x49, 0x45, 0x74, 0xd3, 0x4d, 0xf4, 0x45, 0x44, 0x44, 0x48, 0x45, 0x0c, 0x00, 0x00,
	0x22, 0x03, 0xfc, 0x22, 0x05, 0xfe, 0x40, 0x8d, 0xfe, 0x48, 0x84, 0x48, 0x40, 0x80, 0x18, 0x00, 0x00, 0x20, 0x82, 0x88, 0x5f, 0xc4, 0x88, 0x48,
	0x8d, 0xfc, 0x40, 0x04, 0x58, 0x48, 0x45, 0x04, 0x00, 0x00, 0x22, 0x03, 0xfc, 0x22, 0x04, 0x50, 0x49, 0x4d, 0x98, 0x48, 0x84, 0x88, 0x4b, 0x41,
	0xc0, 0x00, 0x00, 0x22, 0x03, 0xfc, 0x22, 0x44, 0xa4, 0x42, 0x0d, 0xfc, 0x43, 0x04, 0x50, 0x48, 0xc1, 0x00, 0x00, 0x00, 0x20, 0x03, 0xfc, 0x45,
	0x05, 0xfc, 0x55, 0x4d, 0x54, 0x55, 0x45, 0x54, 0x55, 0x45, 0xac, 0x00, 0x00, 0x2f, 0xc2, 0x84, 0x28, 0x44, 0xfc, 0x48, 0x8d, 0x68, 0x51, 0x45,
	0x06, 0x4e, 0x04, 0x18, 0x00, 0x00, 0x28, 0x02, 0xfc, 0x2f, 0xc5, 0xa4, 0x4a, 0x4d, 0xfe, 0x52, 0x45, 0x24, 0x5f, 0xc4, 0x18, 0x00, 0x00, 0x2f,
	0x82, 0x08, 0x20, 0x84, 0xf4, 0x4f, 0xcd, 0x10, 0x5f, 0xc4, 0x30, 0x44, 0x85, 0x84, 0x00, 0x00, 0x2f, 0xc2, 0x04, 0x2f, 0xc4, 0xfc, 0x5f, 0xcd,
	0x02, 0x4f, 0x84, 0x50, 0x47, 0x05, 0x8e, 0x00, 0x00, 0x2f, 0xc2, 0x84, 0x28, 0x44, 0xfc, 0x42, 0x0d, 0xfc, 0x50, 0x45, 0x04, 0x5f, 0xc5, 0x04,
	0x00, 0x00, 0x2f, 0xc2, 0x20, 0x3f, 0xc5, 0x24, 0x5f, 0xcd, 0xfc, 0x4a, 0x44, 0x60, 0x4f, 0x01, 0x0c, 0x00, 0x00, 0x20, 0xc2, 0xf0, 0x44, 0x84,
	0x90, 0x46, 0x4c, 0xfc, 0x52, 0x24, 0xa8, 0x52, 0x44, 0x20, 0x00, 0x00, 0x2f, 0xc2, 0x84, 0x68, 0x44, 0xfc, 0x42, 0x0c, 0xa0, 0x4b, 0xc5, 0xa0,
	0x56, 0x04, 0x1e, 0x00, 0x00, 0x27, 0x03, 0x94, 0x49, 0x05, 0xfc, 0x49, 0x0c, 0xb4, 0x5c, 0x84, 0x8c, 0x4b, 0xc5, 0x84, 0x00, 0x00, 0x24, 0x82,
	0x84, 0x3f, 0xc4, 0x50, 0x59, 0xcc, 0x7c, 0x4c, 0x44, 0x38, 0x47, 0x85, 0x86, 0x00, 0x00, 0x24, 0x02, 0x48, 0x3a, 0x44, 0x50, 0x48, 0x8d, 0xfe,
	0x48, 0x44, 0x84, 0x48, 0x44, 0xfc, 0x00, 0x00, 0x2f, 0xc2, 0x84, 0x68, 0x44, 0xfc, 0x42, 0x0d, 0xfc, 0x47, 0x04, 0xa8, 0x52, 0x44, 0x20, 0x00,
	0x00, 0x2f, 0xc2, 0x00, 0x3f, 0xe4, 0x00, 0x4f, 0x8c, 0xfc, 0x40, 0x04, 0xfc, 0x48, 0x44, 0xfc, 0x00, 0x00, 0x2f, 0xc2, 0x84, 0x68, 0x44, 0xfc,
	0x40, 0x0c, 0xfc, 0x5f, 0xc4, 0x30, 0x45, 0x85, 0x86, 0x00, 0x00, 0x24, 0x04, 0x7c, 0x5a, 0x85, 0x30, 0xdc, 0xcd, 0x30, 0x54, 0x85, 0x70, 0x50,
	0x84, 0xf0, 0x00, 0x00, 0x25, 0x02, 0x50, 0x4d, 0xc4, 0x50, 0x5d, 0xcc, 0x50, 0x4d, 0x05, 0x5c, 0x49, 0x05, 0x90, 0x00, 0x00, 0x22, 0x03, 0xfc,
	0x42, 0x04, 0xf8, 0x5f, 0xcc, 0x60, 0x49, 0x45, 0x88, 0x49, 0xc5, 0xe2, 0x00, 0x00, 0x22, 0x03, 0xfc, 0x5f, 0xc4, 0x50, 0x5f, 0xec, 0xa8, 0x5f,
	0xe4, 0x20, 0x5f, 0xc4, 0x20, 0x00, 0x00, 0x22, 0x03, 0xfc, 0x46, 0x84, 0xa4, 0x57, 0xed, 0x24, 0x5f, 0xc4, 0xfe, 0x42, 0x24, 0x3c, 0x00, 0x00,
	0x0e, 0x03, 0xf8, 0xff, 0xe2, 0x08, 0x3f, 0x83, 0xf8, 0x20, 0x07, 0xf8, 0x60, 0x83, 0xf8, 0x00, 0x00, 0x3f, 0xc5, 0x24, 0x52, 0x45, 0x7c, 0xd2,
	0x4d, 0x5c, 0x54, 0xc5, 0x74, 0x50, 0x45, 0xfc, 0x00, 0x00, 0x22, 0x03, 0xfc, 0x48, 0x84, 0x88, 0x5f, 0xcc, 0x00, 0x5f, 0xc5, 0x04, 0x50, 0x44,
	0xfc, 0x00, 0x00, 0x20, 0x45, 0xf4, 0x4b, 0x45, 0x34, 0xdd, 0x4c, 0x94, 0x5f, 0x44, 0x84, 0x46, 0x45, 0x8c, 0x00, 0x00, 0x22, 0x02, 0xfc, 0x42,
	0x05, 0xdc, 0x48, 0x8c, 0x48, 0x5b, 0x44, 0x20, 0x5f, 0xc4, 0x20, 0x00, 0x00, 0x27, 0x84, 0x08, 0x50, 0x85, 0x74, 0xd7, 0xcd, 0x90, 0x5f, 0xe5,
	0x10, 0x52, 0x84, 0xc6, 0x00, 0x00, 0x24, 0x83, 0xfc, 0x44, 0x84, 0x48, 0x5b, 0x4c, 0xfc, 0x50, 0x44, 0xfc, 0x50, 0x44, 0xfc, 0x00, 0x00, 0x29,
	0x03, 0xd0, 0x52, 0xc5, 0x34, 0xdf, 0x4d, 0x54, 0x54, 0x85, 0x48, 0x65, 0x46, 0xe0, 0x00, 0x00, 0x21, 0x03, 0xfc, 0x42, 0x05, 0x5c, 0x57, 0xcd,
	0x44, 0x57, 0xc5, 0x7c, 0x50, 0x05, 0xfc, 0x00, 0x00, 0x22, 0x42, 0xa8, 0x3f, 0xc4, 0x50, 0x5f, 0xec, 0xfc, 0x50, 0xa4, 0xf8, 0x48, 0x44, 0xfc,
	0x00, 0x00, 0x23, 0x02, 0x48, 0x3f, 0xc4, 0x00, 0x5f, 0xcd, 0x54, 0x5f, 0xc5, 0x54, 0x55, 0x45, 0x54, 0x00, 0x00, 0x20, 0xc2, 0xf0, 0x5f, 0xc4,
	0x70, 0x5a, 0xcd, 0xfc, 0x48, 0x85, 0xd0, 0x47, 0x85, 0x84, 0x00, 0x00, 0x2f, 0x83, 0x04, 0x6f, 0xc5, 0x04, 0x4f, 0xcd, 0x04, 0x4f, 0x85, 0xfe,
	0x4c, 0x85, 0x04, 0x00, 0x00, 0x23, 0x02, 0xc8, 0x5f, 0xc4, 0x20, 0x5f, 0xcd, 0x24, 0x4f, 0xc4, 0x30, 0x4c, 0x85, 0x06, 0x00, 0x00, 0x22, 0x02,
	0xfc, 0x5f, 0xc4, 0x00, 0x4f, 0xcc, 0xfc, 0x5f, 0xc4, 0x90, 0x5f, 0xe4, 0x10, 0x00, 0x00, 0x3f, 0xc2, 0x00, 0x5f, 0xc5, 0x04, 0x5f, 0x8d, 0xfc,
	0x5d, 0x45, 0xfc, 0x6d, 0x44, 0x84, 0x00, 0x00, 0x22, 0x03, 0xfe, 0x2f, 0xc5, 0x04, 0x4f, 0x8d, 0xfe, 0x5f, 0xa4, 0x10, 0x41, 0x04, 0x60, 0x00,
	0x00, 0x21, 0x05, 0x7c, 0x5f, 0xe6, 0x14, 0xff, 0xce, 0xfc, 0x71, 0x05, 0x7c, 0x59, 0x06, 0x7c, 0x00, 0x00, 0x2f, 0xc3, 0x24, 0x52, 0x45, 0xfc,
	0x52, 0x4c, 0xd8, 0x46, 0x45, 0x54, 0x54, 0xa4, 0x78, 0x00, 0x00, 0x3c, 0x45, 0x34, 0x5f, 0x45, 0x34, 0xdf, 0x4d, 0x34, 0x5f, 0x44, 0x04, 0x52,
	0x45, 0x2c, 0x00, 0x00, 0x22, 0x02, 0x3c, 0x4f, 0xc5, 0x04, 0x4f, 0xcd, 0x04, 0x5f, 0xc4, 0xfc, 0x44, 0x85, 0x86, 0x00, 0x00, 0x2f, 0xc3, 0x24,
	0x4f, 0xc5, 0x24, 0x4f, 0x8d, 0xfc, 0x52, 0x45, 0x3c, 0x54, 0x45, 0x0c, 0x00, 0x00, 0x2a, 0x03, 0xf8, 0x44, 0x44, 0x7c, 0x48, 0x4c, 0xfc, 0x50,
	0x27, 0x5a, 0x55, 0x45, 0x0c, 0x00, 0x00, 0x22, 0x02, 0xdc, 0x44, 0x85, 0xfc, 0x52, 0x0d, 0xfc, 0x44, 0x04, 0x7c, 0x48, 0x45, 0x18, 0x00, 0x00,
	0x28, 0x43, 0x7c, 0x55, 0x44, 0xd4, 0x4b, 0xcd, 0x24, 0x5f, 0xc4, 0x70, 0x5a, 0xc4, 0x20, 0x00, 0x00, 0x0e, 0x01, 0x10, 0x64, 0xc3, 0x50, 0x4e,
	0xc2, 0x50, 0x7e, 0xc0, 0x40, 0x7f, 0xc0, 0x40, 0x00, 0x00, 0x24, 0x83, 0xfc, 0x40, 0x85, 0xf4, 0x5f, 0xcd, 0x94, 0x5f, 0xc6, 0xfc, 0x69, 0x44,
	0x9c, 0x00, 0x00, 0x22, 0x03, 0x24, 0x4f, 0xc4, 0x90, 0x5f, 0xcd, 0x10, 0x7f, 0xc4, 0xfc, 0x51, 0x04, 0xec, 0x00, 0x00, 0x22, 0x03, 0xdc, 0x57,
	0xc5, 0xfe, 0xdf, 0xcd, 0xfc, 0x5a, 0x45, 0xfc, 0x6d, 0xc4, 0x8c, 0x00, 0x00, 0x22, 0x02, 0xfc, 0x4f, 0xc5, 0xfc, 0x4f, 0xcc, 0xfc, 0x4f, 0xc4,
	0xfc, 0x45, 0x85, 0x84, 0x00, 0x00, 0x28, 0x02, 0xfc, 0x5f, 0xc5, 0xfc, 0x4f, 0xcd, 0xfe, 0x4f, 0xc5, 0x4c, 0x49, 0x44, 0x6c, 0x00, 0x00, 0x27,
	0xc5, 0x10, 0x53, 0xc5, 0xa4, 0xd3, 0xcd, 0x3c, 0x5a, 0x45, 0xbc, 0x42, 0xc4, 0x42, 0x00, 0x00, 0x24, 0x83, 0xfe, 0x44, 0x85, 0xb4, 0x52, 0x4c,
	0xf8, 0x5f, 0xc5, 0xfc, 0x42, 0x05, 0xfc, 0x00, 0x00, 0x26, 0x85, 0x88, 0x5f, 0xc5, 0xec, 0xeb, 0x4f, 0xf4, 0x5f, 0x45, 0xf4, 0x49, 0x47, 0xec,
	0x00, 0x00, 0x28, 0x02, 0xf0, 0x5f, 0xc5, 0x24, 0x4f, 0xcd, 0xb4, 0x4e, 0x85, 0x38, 0x4d, 0x45, 0x60, 0x00, 0x00, 0x21, 0xc2, 0xe0, 0x5f, 0xe4,
	0xf8, 0xd8, 0xec, 0x70, 0x5f, 0xc5, 0x74, 0x57, 0x45, 0x0c, 0x00, 0x00, 0x35, 0x42, 0xd8, 0x5a, 0xc4, 0x50, 0xda, 0xcd, 0xfc, 0x42, 0x05, 0xfc,
	0x45, 0x07, 0x8e, 0x00, 0x00, 0x22, 0x02, 0xfc, 0x5d, 0x44, 0xf8, 0xd8, 0xcc, 0xf8, 0x4f, 0x84, 0x28, 0x5a, 0x44, 0x60, 0x00, 0x00, 0x28, 0x83,
	0xfc, 0x52, 0x45, 0xfc, 0x5f, 0xcc, 0x00, 0x5f, 0xc5, 0xfc, 0x50, 0x45, 0xfc, 0x00, 0x00, 0x38, 0x85, 0x7e, 0x55, 0x45, 0xd4, 0xd3, 0xed, 0xc8,
	0x54, 0x87, 0x5c, 0x7c, 0x85, 0x48, 0x00, 0x00, 0x28, 0x83, 0x74, 0x5f, 0xc4, 0x20, 0xdd, 0xcd, 0xd4, 0x5f, 0xe4, 0xf4, 0x59, 0xa5, 0xa4, 0x00,
	0x00, 0x22, 0x03, 0xfc, 0x49, 0x05, 0x6c, 0xdf, 0xcd, 0xfc, 0x5f, 0xc5, 0x24, 0x58, 0xc6, 0xfa, 0x00, 0x00, 0x3f, 0xc4, 0x20, 0x5f, 0xc5, 0xac,
	0xca, 0x8d, 0xfe, 0x5f, 0xc5, 0x54, 0x55, 0x45, 0x54, 0x00, 0x00, 0x2a, 0x83, 0xfc, 0x5f, 0xc4, 0xf8, 0x4f, 0xcd, 0xfc, 0x50, 0x45, 0xfc, 0x4f,
	0x85, 0x8c, 0x00, 0x00, 0x3f, 0xc2, 0x20, 0x5f, 0xc5, 0xfc, 0xdf, 0xcc, 0x8e, 0x57, 0x45, 0x88, 0x47, 0x05, 0xce, 0x00, 0x00, 0x3c, 0x84, 0x1c,
	0x5d, 0x44, 0x3e, 0xd9, 0x0d, 0xfc, 0x41, 0x45, 0xdc, 0x55, 0x45, 0xd8, 0x00, 0x00, 0x08, 0x01, 0x10, 0x10, 0x83, 0xfc, 0x40, 0x00, 0xa0, 0x12,
	0x01, 0x24, 0x22, 0x44, 0x3c, 0x00, 0x00, 0x3f, 0x80, 0x00, 0x7f, 0xc1, 0x20, 0x12, 0x01, 0x20, 0x12, 0x42, 0x24, 0x41, 0x80, 0x00, 0x00, 0x00,
	0x3f, 0x82, 0x08, 0x20, 0x82, 0x08, 0x3f, 0x81, 0x20, 0x12, 0x01, 0x24, 0x22, 0x44, 0x1c, 0x00, 0x00, 0x04, 0x07, 0xfc, 0x11, 0x01, 0x08, 0x1f,
	0xc6, 0xa4, 0x12, 0x01, 0x24, 0x22, 0x44, 0x3c, 0x00, 0x00, 0x0a, 0x04, 0xa4, 0x2a, 0x82, 0xb0, 0x0a, 0x01, 0xa8, 0x6a, 0x41, 0x20, 0x32, 0x44,
	0x3c, 0x00, 0x00, 0x01, 0x05, 0xa4, 0x44, 0x44, 0xb4, 0x50, 0x43, 0xf8, 0x12, 0x01, 0x24, 0x22, 0x44, 0x1c, 0x00, 0x00, 0x04, 0x03, 0xf8, 0x24,
	0x04, 0x40, 0x7f, 0xc0, 0xa0, 0x0a, 0x01, 0x24, 0x22, 0x44, 0x1c, 0x00, 0x00, 0x04, 0x02, 0x48, 0x24, 0x81, 0x50, 0x7f, 0xc0, 0xa0, 0x12, 0x01,
	0x24, 0x22, 0x44, 0x18, 0x00, 0x00, 0x04, 0x07, 0xfc, 0x04, 0x03, 0xf8, 0x20, 0x82, 0x08, 0x1f, 0x00, 0xa4, 0x12, 0x46, 0x3c, 0x00, 0x00, 0x10,
	0x02, 0xe0, 0x26, 0x07, 0xdc, 0x24, 0x43, 0xfc, 0x2a, 0x00, 0xa4, 0x32, 0x44, 0x3c, 0x00, 0x00, 0x03, 0xc3, 0xc0, 0x3f, 0x84, 0x44, 0x44, 0x47,
	0xfc, 0x0a, 0x81, 0x20, 0x32, 0x44, 0x3c, 0x00, 0x00, 0x4f, 0x85, 0x04, 0x50, 0x45, 0xfc, 0x50, 0x44, 0xfc, 0x0a, 0x01, 0x20, 0x32, 0x44, 0x1c,
	0x00, 0x00, 0x24, 0x81, 0x50, 0x6a, 0xc7, 0xfc, 0x20, 0x82, 0x08, 0x1f, 0x01, 0x24, 0x32, 0x44, 0x1c, 0x00, 0x00, 0x04, 0x07, 0xfc, 0x51, 0x45,
	0xf4, 0x51, 0x47, 0xfc, 0x0a, 0x01, 0x24, 0x12, 0x46, 0x3c, 0x00, 0x00, 0x1c, 0x00, 0x40, 0x04, 0x00, 0x60, 0x0a, 0x00, 0x90, 0x11, 0x02, 0x08,
	0x40, 0x40, 0x00, 0x00, 0x00, 0x0e, 0x01, 0xb0, 0x20, 0x87, 0xfc, 0x04, 0x00, 0x40, 0x3f, 0x80, 0x40, 0x04, 0x07, 0xfc, 0x00, 0x00, 0x0f, 0x00,
	0x10, 0x11, 0x01, 0x10, 0x20, 0x82, 0x08, 0x20, 0xc4, 0x04, 0x00, 0x00, 0x00, 0x00, 0x00, 0x11, 0x01, 0x10, 0x20, 0x84, 0x84, 0x08, 0x01, 0x08,
	0x10, 0x81, 0x7c, 0x68, 0x40, 0x00, 0x00, 0x00, 0x04, 0x00, 0x40, 0x7f, 0xc0, 0x00, 0x11, 0x01, 0x10, 0x20, 0x82, 0x08, 0x40, 0x40, 0x00, 0x00,
	0x00, 0x11, 0x01, 0x10, 0x7f, 0xc1, 0x10, 0x11, 0x07, 0xfc, 0x00, 0x01, 0x90, 0x30, 0x84, 0x04, 0x00, 0x00, 0x00, 0x83, 0xf0, 0x20, 0x03, 0xf8,
	0x21, 0x02, 0x10, 0x7f, 0xc0, 0x80, 0x31, 0x84, 0x04, 0x00, 0x00, 0x20, 0x87, 0xfc, 0x20, 0x83, 0xf8, 0x20, 0x83, 0xf8, 0x20, 0x87, 0xfc, 0x11,
	0x86, 0x04, 0x00, 0x00, 0x3f, 0x82, 0x08, 0x3f, 0x82, 0x08, 0x3f, 0x82, 0x08, 0x1f, 0x07, 0xfc, 0x11, 0x86, 0x04, 0x00, 0x00, 0x0a, 0x07, 0xfc,
	0x4a, 0x44, 0xa4, 0x7f, 0xc4, 0xa4, 0x7f, 0xc0, 0x00, 0x31, 0x84, 0x04, 0x00, 0x00, 0x11, 0x07, 0xfc, 0x3f, 0x80, 0xa4, 0x7f, 0xc0, 0xa4, 0x7f,
	0x81, 0xb0, 0x6a, 0xc0, 0xa0, 0x00, 0x00, 0x04, 0x07, 0xfc, 0x44, 0x44, 0x44, 0x4a, 0x45, 0x14, 0x60, 0xc4, 0x04, 0x40, 0x44, 0x1c, 0x00, 0x00,
	0x7f, 0xc4, 0x44, 0x44, 0x44, 0x44, 0x7b, 0xc4, 0x04, 0x40, 0x44, 0x04, 0x41, 0x80, 0x00, 0x00, 0x00, 0x7f, 0xc4, 0xa4, 0x4a, 0x47, 0xfc, 0x4a,
	0x44, 0xa4, 0x4a, 0x44, 0xa4, 0x40, 0x80, 0x00, 0x00, 0x00, 0x7f, 0xc0, 0x40, 0x3f, 0x84, 0x48, 0x3f, 0x84, 0x48, 0xff, 0xe4, 0x08, 0x40, 0x80,
	0x18, 0x00, 0x00, 0x7f, 0xc4, 0x04, 0x7f, 0xc7, 0xfc, 0x00, 0x03, 0xf8, 0x3f, 0x83, 0xf8, 0x20, 0x83, 0xf8, 0x00, 0x00, 0x7f, 0xc4, 0x04, 0x5f,
	0x41, 0x10, 0x11, 0x01, 0x10, 0x21, 0x46, 0x14, 0x01, 0xc0, 0x00, 0x00, 0x00, 0x3f, 0x85, 0x04, 0x5f, 0xc2, 0x00, 0x3f, 0x02, 0x08, 0x7f, 0xc0,
	0x10, 0x01, 0x00, 0xf0, 0x00, 0x00, 0x3f, 0x84, 0x04, 0x78, 0xc0, 0x7c, 0x78, 0x82, 0xa8, 0x29, 0x84, 0x88, 0x49, 0x40, 0xfc, 0x00, 0x00, 0x7f,
	0xc4, 0x04, 0x7f, 0xc2, 0x08, 0x3f, 0x83, 0xf8, 0x04, 0x07, 0xbc, 0x11, 0x86, 0x04, 0x00, 0x00, 0x7f, 0xc4, 0x04, 0x5f, 0x43, 0xf8, 0x3f, 0x80,
	0x00, 0x7f, 0xc7, 0xfc, 0x44, 0x47, 0xbc, 0x00, 0x00, 0x08, 0x01, 0xf8, 0x31, 0x04, 0xa0, 0x0e, 0x07, 0x1c, 0x0e, 0x00, 0x00, 0x3c, 0x00, 0x38,
	0x00, 0x00, 0x4f, 0xc2, 0x88, 0x08, 0x81, 0xfe, 0x01, 0x82, 0x28, 0x4c, 0x85, 0x08, 0x03, 0x80, 0x00, 0x00, 0x00, 0x00, 0x04, 0x48, 0x24, 0x40,
	0xbc, 0x04, 0x20, 0xfc, 0x28, 0x42, 0x84, 0x48, 0x40, 0xfc, 0x00, 0x00, 0x03, 0x04, 0x58, 0x28, 0x41, 0x78, 0x00, 0x01, 0xfc, 0x22, 0x44, 0x24,
	0x42, 0xc0, 0x20, 0x00, 0x00, 0x02, 0x05, 0xfc, 0x5f, 0xc1, 0xfe, 0x02, 0x40, 0xd8, 0x5f, 0xc5, 0xd0, 0x47, 0x81, 0x84, 0x00, 0x00, 0x08, 0x84,
	0xfc, 0x29, 0x01, 0x90, 0x0f, 0xc0, 0x90, 0x2f, 0xc4, 0x90, 0x49, 0x00, 0xec, 0x00, 0x00, 0x0f, 0xc5, 0x24, 0x37, 0xc1, 0x24, 0x17, 0xc1, 0x74,
	0x34, 0xc5, 0x4c, 0x57, 0x41, 0x0c, 0x00, 0x00, 0x02, 0x04, 0xfc, 0x3f, 0xc0, 0x50, 0x09, 0x40, 0x48, 0x2b, 0xc5, 0x48, 0x47, 0x01, 0x8e, 0x00,
	0x00, 0x02, 0x05, 0xfc, 0x3f, 0xc1, 0x24, 0x1f, 0xc1, 0x24, 0x2f, 0x84, 0x68, 0x5a, 0x40, 0x20, 0x00, 0x00, 0x21, 0xcb, 0x84, 0x65, 0x43, 0xc8,
	0x1f, 0xe2, 0x8c, 0x7e, 0xc4, 0xa8, 0x97, 0x82, 0x2e, 0x00, 0x00, 0x3f, 0x02, 0x10, 0x29, 0x02, 0x50, 0x25, 0x02, 0x12, 0x21, 0x24, 0x12, 0x00,
	0xc0, 0x00, 0x00, 0x00, 0x20, 0x03, 0x38, 0x4a, 0x84, 0xa8, 0x74, 0x83, 0x4c, 0x34, 0xc3, 0x4c, 0x48, 0x00, 0x7c, 0x00, 0x00, 0x7f, 0x84, 0x48,
	0x44, 0x85, 0xf8, 0x55, 0x85, 0x54, 0x55, 0x45, 0x56, 0x44, 0x60, 0x44, 0x00, 0x00, 0x7f, 0x84, 0x08, 0x44, 0x85, 0x48, 0x57, 0x85, 0x44, 0x54,
	0x45, 0x46, 0x54, 0x60, 0xb4, 0x00, 0x00, 0x15, 0x85, 0x64, 0x2a, 0x4f, 0xe4, 0x02, 0x47, 0xa4, 0x7a, 0x64, 0xa6, 0x5e, 0x66, 0x44, 0x00, 0x00,
	0x00, 0x04, 0x14, 0x51, 0x44, 0xa4, 0x44, 0x44, 0xa4, 0x59, 0x46, 0x04, 0x40, 0x47, 0xfc, 0x00, 0x00, 0x0e, 0x01, 0x10, 0x11, 0x01, 0x10, 0x71,
	0xc4, 0x04, 0x40, 0x44, 0x04, 0x7f, 0xc4, 0x04, 0x00, 0x00, 0x7b, 0xc4, 0xa4, 0x4a, 0x44, 0xa4, 0x4e, 0x44, 0x04, 0x40, 0x47, 0xfc, 0x40, 0x40,
	0x00, 0x00, 0x00, 0x04, 0x02, 0x48, 0x24, 0x82, 0x48, 0x3f, 0x84, 0x44, 0x44, 0x44, 0x44, 0x7f, 0xc4, 0x04, 0x00, 0x00, 0x7f, 0xc0, 0x80, 0x08,
	0x06, 0xcc, 0x55, 0x44, 0xc4, 0x55, 0x46, 0xcc, 0x40, 0x47, 0xfc, 0x00, 0x00, 0x7f, 0xc0, 0x84, 0x08, 0x40, 0x84, 0x10, 0x41, 0x04, 0x10, 0x82,
	0x08, 0x03, 0x00, 0x00, 0x00, 0x00, 0x7f, 0xc0, 0x84, 0x28, 0x41, 0x84, 0x0c, 0x41, 0x24, 0x10, 0x82, 0x08, 0x43, 0x00, 0x00, 0x00, 0x00, 0x00,
	0x01, 0x10, 0x20, 0x84, 0x04, 0x3f, 0x80, 0x88, 0x08, 0x81, 0x08, 0x20, 0x84, 0x70, 0x00, 0x00, 0x40, 0x04, 0xfc, 0x4a, 0x4f, 0x24, 0x42, 0x44,
	0xa4, 0x4a, 0x47, 0x44, 0x08, 0x40, 0x18, 0x00, 0x00, 0x08, 0x40, 0xa4, 0x4a, 0x46, 0xa4, 0x12, 0x41, 0xa4, 0x2a, 0x42, 0x44, 0x40, 0x40, 0x0c,
	0x00, 0x00, 0x00, 0x47, 0xa4, 0x12, 0x41, 0x24, 0x7e, 0x41, 0x24, 0x12, 0x41, 0x04, 0x10, 0x41, 0x1c, 0x00, 0x00, 0x00, 0x47, 0xd4, 0x29, 0x42,
	0x94, 0x7d, 0x42, 0x94, 0x29, 0x44, 0x94, 0x48, 0x44, 0x9c, 0x00, 0x00, 0x00, 0x47, 0x94, 0x21, 0x43, 0xd4, 0x45, 0x45, 0x94, 0x09, 0x41, 0x04,
	0x20, 0x44, 0x1c, 0x00, 0x00, 0x20, 0x02, 0xfc, 0x72, 0x41, 0x24, 0x2a, 0x47, 0x24, 0xb2, 0x42, 0x44, 0x28, 0x42, 0x18, 0x00, 0x00, 0x10, 0x45,
	0x54, 0x55, 0x41, 0x14, 0x7d, 0x41, 0x14, 0x11, 0x47, 0xc4, 0x10, 0x41, 0x0c, 0x00, 0x00, 0x78, 0x44, 0x64, 0x46, 0x47, 0xa4, 0x22, 0x43, 0xe4,
	0x26, 0x44, 0x84, 0x48, 0x41, 0x9c, 0x00, 0x00, 0x18, 0x46, 0x24, 0x22, 0x47, 0xe4, 0x32, 0x42, 0xa4, 0x66, 0x4a, 0x04, 0x20, 0x40, 0x1c, 0x00,
	0x00, 0x00, 0x47, 0xd4, 0x29, 0x42, 0xd4, 0x53, 0x41, 0x14, 0x7d, 0x41, 0x14, 0x1e, 0x46, 0x1c, 0x00, 0x00, 0x50, 0x47, 0xd4, 0x51, 0x47, 0xd4,
	0x11, 0x47, 0xd4, 0x55, 0x45, 0x54, 0x5c, 0x41, 0x1c, 0x00, 0x00, 0x3c, 0x44, 0x54, 0x45, 0x47, 0x94, 0x51, 0x47, 0xd4, 0x75, 0x47, 0x54, 0xb4,
	0x41, 0x1c, 0x00, 0x00, 0x04, 0x82, 0x48, 0x7f, 0xc0, 0xa0, 0x7f, 0xc2, 0x08, 0x5f, 0xc0, 0x88, 0x10, 0x86, 0x70, 0x00, 0x00, 0x10, 0x4f, 0xd4,
	0x11, 0x47, 0xd4, 0x55, 0x45, 0xd4, 0x19, 0x43, 0x54, 0xd0, 0x41, 0x1c, 0x00, 0x00, 0x10, 0x47, 0xf4, 0x11, 0x46, 0x54, 0x29, 0x41, 0x54, 0x65,
	0x41, 0x94, 0x24, 0x44, 0x0c, 0x00, 0x00, 0x28, 0x47, 0xd4, 0x15, 0x47, 0xd4, 0x51, 0x47, 0xd4, 0x15, 0x43, 0x54, 0x54, 0x41, 0x0c, 0x00, 0x00,
	0x78, 0x44, 0x64, 0x7e, 0x44, 0x64, 0x7e, 0x44, 0x64, 0x7e, 0x40, 0x04, 0x68, 0x44, 0x5c, 0x00, 0x00, 0x10, 0x45, 0x54, 0x11, 0x47, 0xd4, 0x45,
	0x47, 0xd4, 0x45, 0x47, 0xd4, 0x44, 0x44, 0xdc, 0x00, 0x00, 0x11, 0x07, 0xfc, 0x00, 0x07, 0xa4, 0x4a, 0x47, 0xa4, 0x4a, 0x47, 0x84, 0x48, 0x45,
	0x9c, 0x00, 0x00, 0x10, 0x47, 0xf4, 0x45, 0x42, 0x94, 0x7f, 0x40, 0x14, 0x7d, 0x44, 0x54, 0x44, 0x47, 0xcc, 0x00, 0x00, 0x7e, 0x06, 0x34, 0x6b,
	0x47, 0xf4, 0x53, 0x47, 0x74, 0x77, 0x47, 0xe4, 0x62, 0x44, 0x6c, 0x00, 0x00, 0x10, 0x42, 0xd4, 0xff, 0x41, 0x14, 0x7d, 0x45, 0x54, 0x7d, 0x41,
	0x94, 0x24, 0x44, 0x0c, 0x00, 0x00, 0x10, 0x47, 0xf4, 0x29, 0x41, 0x94, 0x67, 0x47, 0xd4, 0x45, 0x47, 0xd4, 0x44, 0x40, 0x5c, 0x00, 0x00, 0x7c,
	0x40, 0x54, 0x7d, 0x40, 0x54, 0x7f, 0x45, 0x54, 0x31, 0x43, 0x94, 0x56, 0x43, 0x1c, 0x00, 0x00, 0x7c, 0x40, 0x14, 0x7d, 0x44, 0x54, 0x39, 0x47,
	0xd4, 0x55, 0x47, 0xd4, 0x54, 0x46, 0x8c, 0x00, 0x00, 0x04, 0x47, 0x94, 0x7d, 0x45, 0x54, 0xff, 0x45, 0x54, 0x7d, 0x43, 0x94, 0x56, 0x41, 0x1c,
	0x00, 0x00, 0x10, 0x47, 0xf4, 0x7d, 0x41, 0x14, 0x3d, 0x47, 0xf4, 0x3d, 0x44, 0x54, 0x44, 0x47, 0xcc, 0x00, 0x00, 0x18, 0x42, 0x54, 0xd9, 0x47,
	0xd4, 0x7d, 0x47, 0xd4, 0x41, 0x47, 0xd4, 0xc4, 0x43, 0xcc, 0x00, 0x00, 0x10, 0x07, 0xd4, 0x7d, 0x47, 0x94, 0x7d, 0x46, 0xd4, 0x7d, 0x47, 0xd4,
	0x7c, 0x4f, 0xcc, 0x00, 0x00, 0x1c, 0x41, 0x14, 0x6f, 0x47, 0xd4, 0x5d, 0x47, 0xd4, 0x6d, 0x4b, 0x94, 0x9e, 0x43, 0x8c, 0x00, 0x00, 0x30, 0x04,
	0xf4, 0x5b, 0x47, 0xf4, 0x19, 0x47, 0xf4, 0x11, 0x47, 0xe4, 0x34, 0x47, 0xac, 0x00, 0x00, 0x08, 0x00, 0x80, 0x3f, 0xc0, 0x84, 0x08, 0x40, 0x84,
	0x10, 0x41, 0x08, 0x20, 0x84, 0x30, 0x00, 0x00, 0x02, 0x07, 0xa0, 0x2f, 0xc2, 0x24, 0x22, 0x42, 0x24, 0x2c, 0x47, 0x44, 0x08, 0x41, 0x1c, 0x00,
	0x00, 0x20, 0x02, 0x3c, 0x7a, 0x42, 0xa4, 0x2a, 0x42, 0xa4, 0x4a, 0x44, 0xa4, 0x4b, 0xc1, 0x24, 0x00, 0x00, 0x04, 0x02, 0x48, 0x45, 0x44, 0xa0,
	0x1c, 0x0e, 0x40, 0x3f, 0xc0, 0x84, 0x10, 0x86, 0x38, 0x00, 0x00, 0x01, 0x07, 0x90, 0x4f, 0xc7, 0x94, 0x4a, 0x44, 0xa4, 0x7a, 0x44, 0xa4, 0x74,
	0x40, 0x5c, 0x00, 0x00, 0x20, 0x07, 0xbc, 0x4a, 0x47, 0x18, 0x3b, 0xc4, 0x40, 0x7f, 0xc0, 0x84, 0x10, 0x86, 0x38, 0x00, 0x00, 0x21, 0x07, 0x90,
	0x23, 0xc2, 0x14, 0xf9, 0x42, 0x24, 0x2a, 0x44, 0xa4, 0x74, 0x40, 0x5c, 0x00, 0x00, 0x01, 0x07, 0x90, 0x7b, 0xc6, 0x14, 0x59, 0x46, 0x54, 0x66,
	0x4a, 0xa4, 0xa2, 0x40, 0x8c, 0x00, 0x00, 0x24, 0x82, 0x50, 0x7f, 0xc4, 0x04, 0x08, 0x03, 0xfc, 0x08, 0x40, 0x88, 0x30, 0x84, 0x38, 0x00, 0x00,
	0x11, 0x0f, 0xd0, 0x2f, 0xc4, 0x94, 0x4e, 0x43, 0x24, 0x12, 0x43, 0x24, 0x4c, 0x40, 0x5c, 0x00, 0x00, 0x11, 0x07, 0xd0, 0x23, 0xc6, 0x94, 0x31,
	0x43, 0x64, 0x4a, 0x41, 0xa4, 0x24, 0x44, 0x5c, 0x00, 0x00, 0x01, 0x07, 0xd0, 0x23, 0xcd, 0xd4, 0x7a, 0x41, 0x24, 0x1e, 0x47, 0x24, 0x14, 0x47,
	0x5c, 0x00, 0x00, 0x11, 0x0f, 0xd0, 0x13, 0xc7, 0x94, 0x59, 0x47, 0xa4, 0x32, 0x45, 0xa4, 0xd4, 0x41, 0x5c, 0x00, 0x00, 0x7f, 0xc1, 0x18, 0x3f,
	0x84, 0x44, 0x7f, 0xc3, 0xf8, 0x04, 0x07, 0xbc, 0x10, 0x46, 0x38, 0x00, 0x00, 0x21, 0x05, 0x90, 0x57, 0xcf, 0xd4, 0x56, 0x47, 0xe4, 0x32, 0x43,
	0x54, 0x50, 0xc0, 0xfc, 0x00, 0x00, 0x1d, 0x07, 0x10, 0x7f, 0xc7, 0xd4, 0x55, 0x47, 0xd4, 0x7e, 0x47, 0xe4, 0x12, 0x47, 0x8c, 0x00, 0x00, 0x49,
	0x07, 0xd0, 0x7b, 0xc4, 0x94, 0x79, 0x4f, 0xd4, 0x6a, 0x46, 0xe4, 0x42, 0x47, 0xac, 0x00, 0x00, 0x7a, 0x00, 0xbc, 0x36, 0x82, 0x18, 0x7a, 0xc2,
	0x90, 0x67, 0xc6, 0x24, 0x24, 0x46, 0x9c, 0x00, 0x00, 0x61, 0x45, 0x64, 0x5f, 0xc7, 0x28, 0x5f, 0xe5, 0x44, 0x7f, 0xe5, 0x24, 0x94, 0x43, 0x98,
	0x00, 0x00, 0x11, 0x07, 0xfc, 0x2e, 0x83, 0xf8, 0x3f, 0x87, 0xfc, 0x25, 0x87, 0xfc, 0x18, 0x86, 0x38, 0x00, 0x00, 0x21, 0x03, 0xbc, 0x7d, 0x45,
	0xf4, 0x7b, 0x67, 0xc6, 0x04, 0x07, 0xbc, 0x18, 0x46, 0x38, 0x00, 0x00, 0x09, 0x0f, 0xd0, 0x4b, 0xc7, 0x54, 0x7d, 0x41, 0x14, 0x79, 0x47, 0xe4,
	0x12, 0x47, 0x8c, 0x00, 0x00, 0x41, 0x07, 0x90, 0x23, 0xc7, 0x94, 0x79, 0x4d, 0x14, 0x7a, 0x47, 0xa4, 0x52, 0x46, 0x8c, 0x00, 0x00, 0x7d, 0x07,
	0xd0, 0x7b, 0xc7, 0xd4, 0x7e, 0x47, 0xe4, 0x1e, 0x46, 0x08, 0x4a, 0x44, 0x94, 0x00, 0x00, 0x10, 0x03, 0xfc, 0x20, 0x44, 0x04, 0x08, 0x40, 0x44,
	0x04, 0x40, 0x04, 0x00, 0x80, 0x38, 0x00, 0x00, 0x20, 0x03, 0xfc, 0x40, 0x45, 0x04, 0x10, 0x42, 0x24, 0x26, 0x47, 0x94, 0x00, 0x40, 0x38, 0x00,
	0x00, 0x10, 0x03, 0xfc, 0x29, 0x44, 0x94, 0x09, 0x41, 0x24, 0x22, 0x40, 0x44, 0x08, 0x41, 0x38, 0x00, 0x00, 0x10, 0x03, 0xfc, 0x24, 0x45, 0x44,
	0x0c, 0x40, 0xc4, 0x0b, 0x41, 0x0c, 0x20, 0x84, 0x38, 0x00, 0x00, 0x20, 0x03, 0xfc, 0x40, 0x46, 0x24, 0x3c, 0x42, 0x04, 0x22, 0x41, 0xe4, 0x00,
	0x40, 0x38, 0x00, 0x00, 0x20, 0x03, 0xfc, 0x40, 0x45, 0xe4, 0x02, 0x83, 0xe8, 0x21, 0x82, 0x04, 0x20, 0x43, 0xf8, 0x00, 0x00, 0x14, 0x01, 0x40,
	0x24, 0x42, 0x58, 0x66, 0x0a, 0x40, 0x24, 0x02, 0x44, 0x24, 0x42, 0x3c, 0x00, 0x00, 0x12, 0x01, 0x20, 0x12, 0x47, 0x28, 0x13, 0x01, 0x20, 0x12,
	0x07, 0x24, 0x12, 0x41, 0x3c, 0x00, 0x00, 0x7a, 0x04, 0xa4, 0x7a, 0x84, 0xb0, 0x32, 0x07, 0xa4, 0x52, 0x45, 0xbc, 0x70, 0x00, 0xfc, 0x00, 0x00,
	0x7f, 0xc4, 0x20, 0x42, 0x05, 0xfc, 0x52, 0x45, 0x24, 0x52, 0x44, 0x28, 0x40, 0x07, 0xfc, 0x00, 0x00, 0x7f, 0xc4, 0x00, 0x5f, 0x85, 0x00, 0x5f,
	0xc5, 0x10, 0x51, 0x06, 0x10, 0x40, 0x07, 0xfc, 0x00, 0x00, 0x7f, 0xc4, 0x00, 0x5f, 0xc4, 0x20, 0x5f, 0x84, 0x20, 0x42, 0x07, 0xfc, 0x40, 0x07,
	0xfc, 0x00, 0x00, 0x7f, 0xc4, 0x00, 0x79, 0xc4, 0xa0, 0x79, 0xc4, 0xa0, 0x79, 0xc4, 0xa0, 0x40, 0x07, 0xfc, 0x00, 0x00, 0x7f, 0xc4, 0xa0, 0x4a,
	0x45, 0x24, 0x52, 0x46, 0x18, 0x40, 0x07, 0xfc, 0x00, 0x00, 0x00, 0x00, 0x00, 0x3f, 0xc4, 0x00, 0x50, 0x84, 0xd0, 0x42, 0x04, 0x50, 0x48, 0x85,
	0x04, 0x40, 0x07, 0xfc, 0x00, 0x00, 0x7f, 0xc4, 0x80, 0x5f, 0x86, 0x20, 0x7f, 0xc4, 0x60, 0x45, 0x05, 0x88, 0x40, 0x07, 0xfc, 0x00, 0x00, 0x7f,
	0xc4, 0x80, 0x7f, 0xc4, 0x40, 0x7f, 0xc4, 0xf8, 0x58, 0x84, 0x88, 0x47, 0x07, 0xfc, 0x00, 0x00, 0x04, 0x00, 0x40, 0x04, 0x00, 0x40, 0x7f, 0xc0,
	0x40, 0x04, 0x00, 0x40, 0x04, 0x00, 0x40, 0x00, 0x00, 0x00, 0xc7, 0xf0, 0x04, 0x00, 0x40, 0x04, 0x07, 0xfc, 0x04, 0x00, 0x40, 0x04, 0x00, 0x40,
	0x00, 0x00, 0x05, 0x07, 0x90, 0x11, 0x01, 0x10, 0x7f, 0xc1, 0x10, 0x11, 0x02, 0x10, 0x21, 0x04, 0x10, 0x00, 0x00, 0x00, 0x03, 0xfc, 0x24, 0x04,
	0x40, 0x04, 0x07, 0xfc, 0x04, 0x00, 0x40, 0x04, 0x00, 0x40, 0x00, 0x00, 0x04, 0x02, 0x48, 0x24, 0x80, 0x40, 0x7f, 0xc0, 0x40, 0x7f, 0xc0, 0x40,
	0x04, 0x00, 0x40, 0x00, 0x00, 0x08, 0x07, 0xfc, 0x44, 0x47, 0xfc, 0x44, 0x43, 0xf8, 0x12, 0x0f, 0xfe, 0x02, 0x00, 0x20, 0x00, 0x00, 0x04, 0x07,
	0xfc, 0x11, 0x03, 0x10, 0x4a, 0xc4, 0x40, 0x7f, 0xc0, 0x40, 0x04, 0x00, 0x40, 0x00, 0x00, 0x04, 0x00, 0x7c, 0x04, 0x03, 0xb8, 0x3f, 0x82, 0x08,
	0x3f, 0x80, 0x40, 0x7f, 0xc0, 0x40, 0x00, 0x00, 0x42, 0x04, 0xfc, 0x64, 0x44, 0x9c, 0x48, 0x05, 0xdc, 0x55, 0x45, 0x54, 0x55, 0x44, 0xcc, 0x00,
	0x00, 0x04, 0x07, 0xfc, 0x7f, 0xc4, 0x04, 0x4a, 0x47, 0xfc, 0x44, 0x47, 0xfc, 0x44, 0x44, 0x5c, 0x00, 0x00, 0x24, 0x82, 0x50, 0x7f, 0xc4, 0x44,
	0x7f, 0xc4, 0x44, 0x3f, 0x87, 0xfc, 0x04, 0x00, 0x40, 0x00, 0x00, 0x42, 0x85, 0xfe, 0x4f, 0xc7, 0x24, 0x5f, 0xc4, 0xfc, 0x5f, 0xc4, 0x88, 0x44,
	0x84, 0x38, 0x00, 0x00, 0x10, 0x01, 0x00, 0x10, 0x01, 0x00, 0x1c, 0x01, 0x38, 0x10, 0x01, 0x00, 0x10, 0x01, 0x00, 0x00, 0x00, 0x04, 0x00, 0x40,
	0x07, 0xc0, 0x40, 0x04, 0x07, 0xbc, 0x40, 0x44, 0x04, 0x40, 0x47, 0xfc, 0x00, 0x00, 0x11, 0x07, 0xd0, 0x11, 0x01, 0x10, 0x7d, 0x81, 0x14, 0x7d,
	0x01, 0x10, 0x15, 0x06, 0x90, 0x00, 0x00, 0x08, 0x07, 0x3c, 0x4a, 0x44, 0xa4, 0x4a, 0x44, 0xa4, 0x7a, 0x4c, 0xa4, 0x12, 0x86, 0x20, 0x00, 0x00,
	0x08, 0x07, 0x7c, 0x44, 0x44, 0x44, 0x7c, 0x44, 0x44, 0x44, 0x47, 0xc4, 0x44, 0x80, 0x00, 0x00, 0x00, 0x10, 0x02, 0xf0, 0x3f, 0xc4, 0x00, 0x4f,
	0x84, 0x88, 0x48, 0x84, 0xb0, 0x48, 0x40, 0xfc, 0x00, 0x00, 0x39, 0xc4, 0xa4, 0x4a, 0x47, 0xa4, 0x4a, 0x47, 0xa4, 0x52, 0x44, 0xa4, 0x76, 0x80,
	0x20, 0x00, 0x00, 0x11, 0xc7, 0xe4, 0x12, 0x41, 0x24, 0xfe, 0x42, 0x24, 0x2a, 0x42, 0x64, 0x7e, 0x80, 0x20, 0x00, 0x00, 0x08, 0x07, 0x3c, 0x4a,
	0x46, 0xb4, 0x5a, 0xc4, 0xac, 0x7a, 0x4c, 0xa4, 0x12, 0x86, 0x20, 0x00, 0x00, 0x21, 0xc7, 0xe4, 0x52, 0x47, 0xe4, 0x12, 0x45, 0x24, 0x5a, 0x45,
	0x24, 0x5e, 0x8e, 0x20, 0x00, 0x00, 0x16, 0xc6, 0xb2, 0x5b, 0x25, 0xf2, 0x5b, 0x26, 0xf2, 0x6b, 0x2a, 0xb2, 0x2f, 0x4c, 0x00, 0x00, 0x00, 0x7f,
	0xc4, 0x00, 0x5f, 0x85, 0x08, 0x50, 0x85, 0x38, 0x50, 0x45, 0x04, 0x0f, 0xc0, 0x00, 0x00, 0x00, 0x3f, 0xc4, 0x00, 0x5f, 0xc5, 0x24, 0x5f, 0xc5,
	0x24, 0x4f, 0x85, 0xfc, 0x82, 0x03, 0xfc, 0x00, 0x00, 0x3f, 0xc4, 0x00, 0x5f, 0xc5, 0xfc, 0x50, 0x44, 0xf8, 0x5f, 0x87, 0xfc, 0x42, 0x00, 0xe0,
	0x00, 0x00, 0x3f, 0xc4, 0x20, 0x5f, 0xc5, 0x04, 0x5f, 0xc5, 0x04, 0x4f, 0x85, 0x28, 0x52, 0x40, 0xe0, 0x00, 0x00, 0x3f, 0xc4, 0x00, 0x7c, 0x45,
	0xfc, 0x64, 0x46, 0x54, 0x59, 0x45, 0x44, 0x9c, 0x43, 0x1c, 0x00, 0x00, 0x7f, 0xc4, 0x00, 0x7d, 0xc6, 0x54, 0x7d, 0x87, 0xfc, 0x68, 0x86, 0x58,
	0xba, 0xc0, 0x4c, 0x00, 0x00, 0x3f, 0xc4, 0x00, 0x7c, 0xc7, 0xc8, 0x5d, 0xc7, 0xc8, 0x7c, 0x86, 0x54, 0xbd, 0x42, 0xe0, 0x00, 0x00, 0x24, 0x87,
	0xfc, 0x41, 0x05, 0xdc, 0x7d, 0x47, 0xf4, 0x65, 0x87, 0xc8, 0xbd, 0x48, 0x60, 0x00, 0x00, 0x04, 0x03, 0xf8, 0x04, 0x00, 0x40, 0x7f, 0xc0, 0x80,
	0x09, 0x01, 0x08, 0x13, 0xc6, 0xc4, 0x00, 0x00, 0x11, 0x01, 0x18, 0x2e, 0x47, 0xfc, 0x11, 0x07, 0xec, 0x01, 0x03, 0xe0, 0x01, 0x83, 0xe0, 0x00,
	0x00, 0x7f, 0x82, 0x08, 0x11, 0x01, 0x10, 0x0a, 0x00, 0x40, 0x0a, 0x03, 0x18, 0x40, 0x40, 0x00, 0x00, 0x00, 0x7f, 0x82, 0x88, 0x15, 0x01, 0x10,
	0x0a, 0x00, 0x40, 0x0a, 0x03, 0x18, 0x40, 0x40, 0x00, 0x00, 0x00, 0x7f, 0x01, 0x10, 0x11, 0xc2, 0x84, 0x24, 0x82, 0x50, 0x23, 0x04, 0xc8, 0x10,
	0x40, 0x00, 0x00, 0x00, 0x10, 0x07, 0xfc, 0x10, 0x01, 0xf8, 0x10, 0x82, 0x88, 0x25, 0x04, 0x20, 0x4d, 0x83, 0x04, 0x00, 0x00, 0x7b, 0xc0, 0xa4,
	0x6a, 0x43, 0x24, 0x11, 0x82, 0x90, 0x23, 0x84, 0x64, 0x08, 0x00, 0x00, 0x00, 0x00, 0x3f, 0xc2, 0x00, 0x20, 0x03, 0xf8, 0x20, 0x84, 0x90, 0x45,
	0x04, 0x60, 0x49, 0x83, 0x04, 0x00, 0x00, 0x10, 0x05, 0x7c, 0x54, 0x45, 0x44, 0x52, 0x45, 0x28, 0x51, 0x87, 0x18, 0x12, 0xc1, 0x42, 0x00, 0x00,
	0x20, 0x03, 0xbc, 0x22, 0x42, 0x24, 0xfa, 0x45, 0x98, 0x59, 0x85, 0x58, 0x92, 0x42, 0x42, 0x00, 0x00, 0x7c, 0x04, 0xbc, 0x4a, 0x47, 0xa4, 0x4a,
	0x47, 0x98, 0x49, 0x85, 0x98, 0x2a, 0x40, 0x80, 0x00, 0x00, 0x00, 0xc7, 0xf8, 0x25, 0x07, 0xfc, 0x40, 0x41, 0xf8, 0x11, 0x00, 0xe0, 0x1b, 0x06,
	0x0c, 0x00, 0x00, 0x30, 0x02, 0xbe, 0x46, 0x43, 0xa4, 0x12, 0x47, 0x98, 0x59, 0x85, 0x98, 0x52, 0x43, 0x42, 0x00, 0x00, 0x23, 0xca, 0xc0, 0x6c,
	0x02, 0x7c, 0x7e, 0x42, 0x64, 0x75, 0x82, 0x58, 0x4b, 0x44, 0xc2, 0x00, 0x00, 0x18, 0x07, 0xde, 0x86, 0x47, 0xa4, 0x75, 0x44, 0x94, 0xf4, 0x87,
	0x88, 0x79, 0x47, 0xa2, 0x00, 0x00, 0x2a, 0x87, 0xfc, 0x11, 0x06, 0xec, 0x7f, 0xc7, 0xfe, 0x7b, 0xc4, 0xa4, 0x79, 0x8f, 0xa4, 0x00, 0x00, 0x7f,
	0xc4, 0x04, 0x40, 0x44, 0x04, 0x40, 0x44, 0x04, 0x40, 0x47, 0xfc, 0x40, 0x40, 0x00, 0x00, 0x00, 0x04, 0x00, 0x40, 0x7f, 0xc0, 0x40, 0x04, 0x03,
	0xb8, 0x20, 0x82, 0x08, 0x3f, 0x82, 0x08, 0x00, 0x00, 0x20, 0x03, 0xfc, 0x40, 0x45, 0xe4, 0x12, 0x41, 0x24, 0x1e, 0x41, 0x04, 0x00, 0x40, 0x38,
	0x00, 0x00, 0x03, 0xc7, 0xa4, 0x4a, 0x44, 0xa4, 0x4a, 0x44, 0xa4, 0x4a, 0x47, 0xa4, 0x42, 0x80, 0x20, 0x00, 0x00, 0x3f, 0x82, 0x08, 0x20, 0x82,
	0x08, 0x3f, 0x80, 0x00, 0x11, 0x02, 0x08, 0x40, 0x40, 0x00, 0x00, 0x00, 0x00, 0x47, 0x44, 0x54, 0x45, 0x44, 0x54, 0x45, 0x44, 0x54, 0x65, 0x7c,
	0x70, 0x40, 0x04, 0x00, 0x00, 0x3f, 0xc0, 0x84, 0x10, 0x46, 0x38, 0x3f, 0x82, 0x08, 0x20, 0x82, 0x08, 0x3f, 0x80, 0x00, 0x00, 0x00, 0x7f, 0xc0,
	0x08, 0x3e, 0x82, 0x28, 0x22, 0x83, 0xe8, 0x20, 0x80, 0x08, 0x03, 0x80, 0x00, 0x00, 0x00, 0x08, 0x01, 0x10, 0x10, 0x82, 0xfc, 0x50, 0x03, 0xf8,
	0x20, 0x82, 0x08, 0x20, 0x83, 0xf8, 0x00, 0x00, 0x04, 0x07, 0x40, 0x54, 0x45, 0x58, 0x56, 0x05, 0xc0, 0x54, 0x05, 0x44, 0x74, 0x40, 0x3c, 0x00,
	0x00, 0x04, 0x07, 0xfc, 0x44, 0x44, 0x44, 0x7f, 0xc0, 0x44, 0x14, 0x00, 0x80, 0x16, 0x06, 0x1c, 0x00, 0x00, 0x08, 0x07, 0xfc, 0x08, 0x01, 0x00,
	0x10, 0x03, 0xfc, 0x50, 0x41, 0x04, 0x10, 0x41, 0xfc, 0x00, 0x00, 0x01, 0x07, 0x10, 0x51, 0x05, 0x10, 0x57, 0xc5, 0x10, 0x51, 0x05, 0x10, 0x71,
	0x00, 0x10, 0x00, 0x00, 0x3f, 0x82, 0x08, 0x20, 0x83, 0xf8, 0x7f, 0xc2, 0x00, 0x3f, 0x82, 0x08, 0x00, 0x80, 0x78, 0x00, 0x00, 0x7f, 0x80, 0x04,
	0x3f, 0x40, 0x04, 0x3e, 0x42, 0x24, 0x22, 0x42, 0x24, 0x3c, 0x40, 0x1c, 0x00, 0x00, 0x04, 0x07, 0x7e, 0x58, 0x05, 0xfc, 0x50, 0x85, 0x30, 0x52,
	0x05, 0x44, 0x78, 0x40, 0x7c, 0x00, 0x00, 0x08, 0x01, 0xf8, 0x31, 0x04, 0xa0, 0x0e, 0x07, 0x1c, 0x3f, 0x82, 0x08, 0x20, 0x83, 0xf8, 0x00, 0x00,
	0x04, 0x01, 0xb0, 0x20, 0x85, 0xf4, 0x00, 0x03, 0xf8, 0x20, 0x82, 0x08, 0x20, 0x83, 0xf8, 0x00, 0x00, 0x04, 0x07, 0xfc, 0x04, 0x00, 0x40, 0x3b,
	0x83, 0xf8, 0x20, 0x82, 0x08, 0x20, 0x83, 0xf8, 0x00, 0x00, 0x3f, 0x82, 0x08, 0x20, 0x82, 0x08, 0x1f, 0x07, 0xfc, 0x44, 0x44, 0x44, 0x44, 0x40,
	0x48, 0x00, 0x00, 0x00, 0x47, 0x04, 0x57, 0xc5, 0x04, 0x54, 0x45, 0x24, 0x52, 0x45, 0x04, 0x70, 0x40, 0x38, 0x00, 0x00, 0x7f, 0xc4, 0x04, 0x5f,
	0x44, 0x04, 0x5f, 0x45, 0x14, 0x51, 0x45, 0xf4, 0x50, 0x44, 0x1c, 0x00, 0x00, 0x08, 0x01, 0xf8, 0x21, 0x04, 0x90, 0x06, 0x01, 0xfc, 0x70, 0x41,
	0x04, 0x10, 0x40, 0xfc, 0x00, 0x00, 0x00, 0x87, 0xf0, 0x40, 0x07, 0xfc, 0x40, 0x05, 0xfc, 0x50, 0x45, 0x04, 0x50, 0x41, 0xfc, 0x00, 0x00, 0x04,
	0x07, 0xfc, 0x3f, 0x84, 0x48, 0x44, 0x83, 0xf8, 0x04, 0x01, 0x80, 0x16, 0x06, 0x1c, 0x00, 0x00, 0x01, 0x07, 0x10, 0x5f, 0xc5, 0x10, 0x51, 0x05,
	0x10, 0x51, 0x05, 0x10, 0x61, 0x00, 0xfc, 0x00, 0x00, 0x04, 0x07, 0xfc, 0x40, 0x44, 0xe4, 0x51, 0x45, 0x14, 0x51, 0x45, 0xe4, 0x40, 0x44, 0x1c,
	0x00, 0x00, 0x3f, 0x80, 0x88, 0x7f, 0xc0, 0x88, 0x7f, 0x81, 0x00, 0x3f, 0xc5, 0x04, 0x10, 0x41, 0xfc, 0x00, 0x00, 0x03, 0x07, 0x48, 0x58, 0x45,
	0x7a, 0x50, 0x05, 0xfc, 0x50, 0x45, 0x08, 0x71, 0x00, 0x20, 0x00, 0x00, 0x02, 0x87, 0x24, 0x52, 0x05, 0xfc, 0x52, 0x05, 0x30, 0x55, 0x05, 0x48,
	0x78, 0x41, 0x00, 0x00, 0x00, 0x7f, 0xc0, 0xc0, 0x35, 0x84, 0x44, 0x3f, 0x82, 0x08, 0x20, 0x82, 0x08, 0x3f, 0x80, 0x00, 0x00, 0x00, 0x0e, 0x01,
	0x10, 0x7f, 0xc0, 0x00, 0x3f, 0x80, 0x10, 0x3f, 0x84, 0x08, 0x40, 0x83, 0xf0, 0x00, 0x00, 0x0f, 0x87, 0x48, 0x54, 0x85, 0x4c, 0x56, 0x45, 0xa4,
	0x59, 0x85, 0x98, 0x72, 0x41, 0x42, 0x00, 0x00, 0x04, 0x07, 0x7c, 0x54, 0x45, 0xa4, 0x5a, 0x85, 0x30, 0x53, 0x05, 0x48, 0x6c, 0xc0, 0x00, 0x00,
	0x00, 0x04, 0x07, 0x7c, 0x55, 0xc5, 0xac, 0x52, 0xc5, 0x54, 0x59, 0x45, 0x24, 0x62, 0x40, 0x5c, 0x00, 0x00, 0x7f, 0xc0, 0x80, 0x3f, 0x81, 0x08,
	0x7f, 0xc0, 0x00, 0x3f, 0x82, 0x08, 0x20, 0x83, 0xf8, 0x00, 0x00, 0x3f, 0x82, 0x08, 0x20, 0x83, 0xf8, 0x04, 0x07, 0xfc, 0x40, 0x44, 0x04, 0x7f,
	0xc4, 0x04, 0x00, 0x00, 0x3f, 0x82, 0x08, 0x20, 0x82, 0x08, 0x1f, 0x07, 0xfc, 0x0e, 0x01, 0x50, 0x64, 0xc0, 0x40, 0x00, 0x00, 0x3f, 0x82, 0x08,
	0x20, 0x83, 0xf8, 0x00, 0x07, 0xfc, 0x04, 0x03, 0xf8, 0x04, 0x07, 0xfc, 0x00, 0x00, 0x0f, 0x85, 0x08, 0x50, 0x84, 0xf8, 0x40, 0x03, 0xf8, 0x7f,
	0xc0, 0x00, 0x11, 0x86, 0x04, 0x00, 0x00, 0x24, 0x03, 0xfc, 0x44, 0x04, 0x40, 0x7f, 0xc0, 0x00, 0x3f, 0x82, 0x08, 0x20, 0x83, 0xf8, 0x00, 0x00,
	0x00, 0xc7, 0xf0, 0x08, 0x07, 0xfc, 0x11, 0x02, 0x08, 0x7f, 0xc2, 0x08, 0x20, 0x83, 0xf8, 0x00, 0x00, 0x3f, 0xc4, 0x44, 0x5f, 0xc4, 0x44, 0x5f,
	0xc5, 0xf4, 0x51, 0x45, 0x14, 0x5e, 0x48, 0x1c, 0x00, 0x00, 0x07, 0x87, 0x84, 0x58, 0x45, 0x84, 0x5f, 0xc5, 0x50, 0x55, 0x25, 0x52, 0x69, 0x21,
	0x0c, 0x00, 0x00, 0x01, 0x07, 0xfc, 0x51, 0x05, 0x10, 0x5f, 0xc5, 0x30, 0x55, 0x85, 0x54, 0x79, 0x40, 0x10, 0x00, 0x00, 0x00, 0x47, 0xf8, 0x51,
	0x45, 0x54, 0x55, 0x05, 0x10, 0x57, 0xc5, 0x10, 0x71, 0x00, 0x70, 0x00, 0x00, 0x0e, 0x01, 0x10, 0x7f, 0xc0, 0x00, 0x7b, 0xc4, 0xa4, 0x4a, 0x44,
	0xa4, 0x7b, 0xc0, 0x20, 0x00, 0x00, 0x04, 0x07, 0x7e, 0x56, 0x05, 0xa0, 0x5b, 0xc5, 0x20, 0x52, 0x05, 0x3c, 0x72, 0x00, 0x20, 0x00, 0x00, 0x18,
	0x06, 0x3c, 0x22, 0x4f, 0xa4, 0x32, 0x42, 0xa4, 0x6a, 0x4a, 0x24, 0x23, 0xc2, 0x00, 0x00, 0x00, 0x04, 0x07, 0x48, 0x5f, 0xc5, 0x10, 0x51, 0x05,
	0xfc, 0x53, 0x05, 0x28, 0x6c, 0xc1, 0x00, 0x00, 0x00, 0x01, 0x07, 0xfe, 0x52, 0x05, 0x68, 0x52, 0x85, 0x34, 0x54, 0x85, 0x18, 0x76, 0x40, 0x80,
	0x00, 0x00, 0x0f, 0xc6, 0x84, 0x69, 0x46, 0xfc, 0x69, 0x46, 0xb4, 0x6a, 0xc6, 0xcc, 0x68, 0x40, 0xfc, 0x00, 0x00, 0x04, 0x07, 0xfc, 0x3f, 0x82,
	0x08, 0x20, 0x81, 0xf0, 0x32, 0x85, 0x10, 0x16, 0x87, 0x84, 0x00, 0x00, 0x1f, 0x02, 0x08, 0x20, 0x82, 0x08, 0x1f, 0x07, 0xbc, 0x4a, 0x44, 0xa4,
	0x4a, 0x47, 0xbc, 0x00, 0x00, 0x10, 0x07, 0xd4, 0x11, 0x47, 0xfc, 0x01, 0x07, 0xd4, 0x45, 0x84, 0x5a, 0x7a, 0xc0, 0x44, 0x00, 0x00, 0x3f, 0x82,
	0x08, 0x3f, 0x87, 0xfc, 0x40, 0x47, 0xfc, 0x7f, 0xc7, 0xfc, 0x11, 0x06, 0x0c, 0x00, 0x00, 0x09, 0x07, 0x54, 0x55, 0x45, 0xfc, 0x58, 0x45, 0xfc,
	0x58, 0x45, 0xfc, 0x78, 0x40, 0x8c, 0x00, 0x00, 0x0f, 0xc6, 0x94, 0x69, 0x46, 0xfc, 0x69, 0x46, 0x78, 0x61, 0x06, 0xfc, 0x61, 0x00, 0xfe, 0x00,
	0x00, 0x21, 0xc7, 0xe0, 0x23, 0xe7, 0x48, 0x24, 0x86, 0x80, 0x3f, 0x82, 0x08, 0x20, 0x83, 0xf8, 0x00, 0x00, 0x07, 0xc7, 0x84, 0x5f, 0xc5, 0x84,
	0x5f, 0xc5, 0x84, 0x5f, 0xc5, 0x00, 0x64, 0xc1, 0x82, 0x00, 0x00, 0x04, 0x86, 0x44, 0x6f, 0x86, 0x52, 0x6d, 0xc6, 0x7c, 0x6c, 0x46, 0x28, 0x63,
	0x81, 0xc6, 0x00, 0x00, 0x3f, 0xc4, 0x00, 0x5f, 0x87, 0xfc, 0x52, 0x83, 0xfc, 0x3f, 0x82, 0x08, 0x20, 0x83, 0xf8, 0x00, 0x00, 0x04, 0x07, 0xfc,
	0x5f, 0xc4, 0x24, 0x7f, 0xc5, 0xfc, 0x5f, 0x86, 0x04, 0xa0, 0x43, 0xfc, 0x00, 0x00, 0x0f, 0xc6, 0x50, 0x65, 0x06, 0xfc, 0x6d, 0x46, 0xd4, 0x6f,
	0xc6, 0x50, 0x65, 0x01, 0xfe, 0x00, 0x00, 0x04, 0x87, 0x7c, 0x5d, 0x05, 0xd0, 0x57, 0xc5, 0x50, 0x57, 0xc5, 0x50, 0x75, 0x00, 0x6c, 0x00, 0x00,
	0x07, 0xc6, 0x84, 0x6f, 0xc6, 0x84, 0x67, 0x86, 0xfc, 0x68, 0x46, 0xfc, 0x68, 0x40, 0xf8, 0x00, 0x00, 0x00, 0xc6, 0xf0, 0x62, 0x06, 0xfc, 0x6a,
	0x47, 0xfc, 0x6a, 0x46, 0xfc, 0x62, 0x01, 0xfc, 0x00, 0x00, 0x0f, 0xc6, 0x30, 0x67, 0x06, 0xac, 0x63, 0xc6, 0xd8, 0x63, 0x46, 0x54, 0x59, 0x20,
	0x70, 0x00, 0x00, 0x04, 0x07, 0xbc, 0x11, 0x06, 0xec, 0x4a, 0x47, 0x1c, 0x5f, 0x45, 0x14, 0x5f, 0x44, 0x1c, 0x00, 0x00, 0x7b, 0xc4, 0xa4, 0x7b,
	0xc4, 0xa4, 0x71, 0xc5, 0xf4, 0x51, 0x45, 0x14, 0x5e, 0x44, 0x1c, 0x00, 0x00, 0x02, 0x07, 0xbc, 0x7e, 0x44, 0x98, 0x79, 0x84, 0x66, 0xbf, 0x82,
	0x08, 0x20, 0x83, 0xf8, 0x00, 0x00, 0x11, 0x07, 0xfc, 0x3f, 0x80, 0x40, 0x7f, 0xc1, 0x50, 0x6a, 0xc3, 0xf8, 0x20, 0x83, 0xf8, 0x00, 0x00, 0x03,
	0xc6, 0x84, 0x68, 0x46, 0xb8, 0x5b, 0xc6, 0xd0, 0x6f, 0xe6, 0x98, 0x6b, 0x80, 0xc6, 0x00, 0x00, 0x0a, 0x46, 0xfe, 0x6a, 0x46, 0xbc, 0x68, 0x06,
	0x7c, 0x6f, 0xe6, 0x68, 0x6a, 0x41, 0x02, 0x00, 0x00, 0x07, 0x86, 0x88, 0x5f, 0xc6, 0xb4, 0x6d, 0x46, 0xcc, 0x5f, 0xc6, 0x30, 0x65, 0x81, 0x86,
	0x00, 0x00, 0x04, 0x07, 0xfc, 0x7f, 0xc3, 0xf8, 0x20, 0x81, 0xf0, 0x7f, 0xc3, 0xf8, 0x20, 0x83, 0xf8, 0x00, 0x00, 0x07, 0xc7, 0x84, 0x5f, 0xc5,
	0xfc, 0x54, 0x05, 0xfc, 0x57, 0xc5, 0x4c, 0x77, 0xc0, 0x0c, 0x00, 0x00, 0x01, 0x06, 0xfe, 0x77, 0xa6, 0x00, 0x6f, 0xc6, 0x84, 0x6f, 0xc6, 0xfc,
	0x60, 0x00, 0xfc, 0x00, 0x00, 0x04, 0x07, 0xfc, 0x75, 0xc5, 0x64, 0x25, 0x87, 0xfc, 0x24, 0x42, 0x30, 0x25, 0x87, 0x84, 0x00, 0x00, 0x05, 0xc6,
	0xec, 0x64, 0xc6, 0xd4, 0x67, 0xc6, 0xa0, 0x6f, 0xe6, 0x30, 0x64, 0x81, 0x84, 0x00, 0x00, 0x01, 0xc3, 0xe0, 0x7f, 0xc1, 0xf0, 0x71, 0xc0, 0xe0,
	0x7f, 0xc5, 0xf4, 0x5f, 0x44, 0x18, 0x00, 0x00, 0x03, 0x07, 0x58, 0x5f, 0xe5, 0x84, 0x5f, 0xc5, 0x84, 0x5f, 0xc5, 0x98, 0x68, 0x81, 0xe6, 0x00,
	0x00, 0x24, 0x87, 0xfc, 0x40, 0x47, 0xfc, 0x20, 0x81, 0xf0, 0x3f, 0x82, 0x08, 0x20, 0x83, 0xf8, 0x00, 0x00, 0x7b, 0xc4, 0x84, 0x4b, 0xc3, 0x04,
	0x7b, 0xc7, 0xac, 0x7a, 0xc7, 0xbc, 0x7a, 0x42, 0x8c, 0x00, 0x00, 0x04, 0x86, 0xfc, 0x6f, 0xc6, 0x94, 0x6f, 0xc6, 0xfc, 0x61, 0x06, 0xfc, 0x64,
	0x80, 0x84, 0x00, 0x00, 0x04, 0x07, 0xfc, 0x7f, 0xc3, 0xf8, 0x3f, 0x81, 0x10, 0x6e, 0xc7, 0xbc, 0x2a, 0x45, 0xbc, 0x00, 0x00, 0x24, 0x87, 0xfc,
	0x7f, 0xc3, 0xf8, 0x7f, 0x87, 0xfc, 0x3f, 0x82, 0x08, 0x3f, 0x83, 0xf8, 0x00, 0x00, 0x03, 0xc6, 0x20, 0x6f, 0xc6, 0xfc, 0x6a, 0x46, 0x98, 0x6a,
	0xc7, 0x6c, 0x72, 0x81, 0x7c, 0x00, 0x00, 0x04, 0x86, 0xfe, 0x64, 0x86, 0xb4, 0x6f, 0xe6, 0xa4, 0x6f, 0xc6, 0x20, 0x7f, 0xe0, 0x20, 0x00, 0x00,
	0x0f, 0xc6, 0x84, 0x6f, 0x86, 0xfc, 0x6f, 0xc6, 0xfc, 0x6f, 0xc7, 0x9c, 0x7b, 0xc1, 0x0c, 0x00, 0x00, 0x04, 0x86, 0xf4, 0x6f, 0xc6, 0xd4, 0x68,
	0xc6, 0xfc, 0x67, 0x86, 0xfe, 0x64, 0x80, 0x18, 0x00, 0x00, 0x04, 0x06, 0xfc, 0x69, 0x26, 0xfe, 0x6f, 0xc6, 0x00, 0x6f, 0xc6, 0xfc, 0x68, 0x40,
	0xfc, 0x00, 0x00, 0x05, 0x06, 0x5c, 0x6f, 0xe6, 0xc0, 0x6a, 0xc6, 0xfc, 0x6b, 0x46, 0xec, 0x68, 0x40, 0xfc, 0x00, 0x00, 0x3b, 0x84, 0xa4, 0x4a,
	0x43, 0x58, 0x7f, 0xc3, 0x18, 0x7b, 0xc4, 0xa8, 0x4a, 0x83, 0xb0, 0x00, 0x00, 0x00, 0x06, 0xfc, 0x6f, 0xe6, 0x00, 0x6f, 0xc6, 0xfc, 0x6f, 0xc6,
	0xfc, 0x64, 0x81, 0x86, 0x00, 0x00, 0x01, 0xe6, 0xc8, 0x69, 0xc7, 0xb4, 0x7b, 0xc7, 0xbc, 0x7d, 0x46, 0xbc, 0x6b, 0x40, 0x62, 0x00, 0x00, 0x04,
	0x26, 0xec, 0x6b, 0x06, 0xce, 0x67, 0x46, 0xf4, 0x6d, 0x46, 0xf4, 0x75, 0x40, 0x44, 0x00, 0x00, 0x04, 0x87, 0xfc, 0x64, 0x87, 0xfe, 0x6c, 0xc7,
	0xfc, 0x7f, 0xe7, 0xd6, 0x75, 0x41, 0xcc, 0x00, 0x00, 0x7f, 0xc3, 0xf8, 0x7f, 0xc7, 0xfc, 0x70, 0xc7, 0xfc, 0x11, 0x07, 0xfc, 0xf1, 0x87, 0xec,
	0x00, 0x00, 0x7f, 0xc4, 0x44, 0x44, 0x44, 0x44, 0x44, 0x44, 0xa4, 0x5b, 0x47, 0x1c, 0x40, 0x47, 0xfc, 0x00, 0x00, 0x7f, 0xc4, 0xa4, 0x4a, 0x45,
	0x24, 0x53, 0xc6, 0x04, 0x40, 0x47, 0xfc, 0x00, 0x00, 0x00, 0x00, 0x00, 0x7f, 0xc4, 0x04, 0x40, 0x45, 0xf4, 0x51, 0x45, 0x14, 0x5f, 0x44, 0x04,
	0x40, 0x47, 0xfc, 0x00, 0x00, 0x7f, 0xc4, 0x44, 0x44, 0x47, 0xfc, 0x44, 0x44, 0xa4, 0x4a, 0x47, 0x1c, 0x40, 0x47, 0xfc, 0x00, 0x00, 0x7f, 0xc4,
	0x04, 0x41, 0x45, 0xf4, 0x51, 0x44, 0x94, 0x41, 0x44, 0x74, 0x40, 0x47, 0xfc, 0x00, 0x00, 0x7f, 0xc4, 0x44, 0x44, 0x47, 0xfc, 0x4e, 0x45, 0x64,
	0x55, 0x46, 0x4c, 0x40, 0x47, 0xfc, 0x00, 0x00, 0x7f, 0xc4, 0x04, 0x4a, 0x47, 0xfc, 0x4a, 0x45, 0x24, 0x7f, 0xc5, 0x24, 0x40, 0x47, 0xfc, 0x00,
	0x00, 0x7f, 0xc4, 0x44, 0x54, 0xc5, 0x34, 0x41, 0x45, 0xa4, 0x46, 0x45, 0x94, 0x40, 0x47, 0xfc, 0x00, 0x00, 0x7f, 0xc4, 0x44, 0x44, 0x45, 0xf4,
	0x44, 0x45, 0xb4, 0x51, 0x45, 0xf4, 0x40, 0x47, 0xfc, 0x00, 0x00, 0x7f, 0xc4, 0x04, 0x7f, 0xc4, 0x44, 0x5f, 0x44, 0x54, 0x44, 0xc7, 0xfc, 0x40,
	0x47, 0xfc, 0x00, 0x00, 0x7f, 0xc4, 0x54, 0x5e, 0x47, 0xfc, 0x64, 0xc7, 0xfc, 0x7f, 0xc6, 0x4c, 0x41, 0x47, 0xfc, 0x00, 0x00, 0x7f, 0xc4, 0x44,
	0x7f, 0xc4, 0xa4, 0x7f, 0xc7, 0xec, 0x5e, 0x45, 0x14, 0x4e, 0x47, 0xfc, 0x00, 0x00, 0x7f, 0xc4, 0x44, 0x5f, 0x47, 0xfc, 0x5f, 0x45, 0x14, 0x4e,
	0xc5, 0xf4, 0x40, 0x47, 0xfc, 0x00, 0x00, 0x04, 0x00, 0x40, 0x04, 0x07, 0xfc, 0x04, 0x00, 0x40, 0x04, 0x00, 0x40, 0x7f, 0xc0, 0x00, 0x00, 0x00,
	0x7f, 0xc4, 0x20, 0x42, 0x05, 0xfc, 0x42, 0x04, 0x20, 0x42, 0x04, 0x20, 0x3f, 0xc0, 0x00, 0x00, 0x00, 0x08, 0x07, 0xfc, 0x10, 0x02, 0x20, 0x62,
	0x0a, 0xfc, 0x22, 0x02, 0x20, 0x20, 0x02, 0xfc, 0x00, 0x00, 0x04, 0x03, 0xf8, 0x04, 0x00, 0x40, 0x7b, 0xc0, 0x40, 0x3f, 0x80, 0x40, 0x04, 0x07,
	0xfc, 0x00, 0x00, 0x01, 0x02, 0x90, 0x7b, 0xc3, 0xd4, 0x29, 0x42, 0x94, 0x29, 0x43, 0x82, 0x68, 0x40, 0x7c, 0x00, 0x00, 0x07, 0xc2, 0x80, 0x28,
	0x06, 0xfc, 0x2a, 0x42, 0xa8, 0x29, 0x83, 0x90, 0x52, 0xc0, 0x40, 0x00, 0x00, 0x04, 0x04, 0x7c, 0x68, 0x45, 0x04, 0x47, 0x44, 0x04, 0x41, 0xc5,
	0x64, 0xe0, 0x40, 0x1c, 0x00, 0x00, 0x22, 0x02, 0x20, 0x2d, 0xc7, 0x40, 0x27, 0xc2, 0x44, 0x24, 0x43, 0x44, 0x48, 0x41, 0x18, 0x00, 0x00, 0x04,
	0x02, 0x48, 0x24, 0x83, 0x58, 0x55, 0x40, 0x40, 0x7f, 0x80, 0x40, 0x04, 0x07, 0xfc, 0x00, 0x00, 0x2f, 0xe2, 0x00, 0x77, 0x82, 0x48, 0x24, 0x82,
	0x48, 0x38, 0xac, 0x8a, 0x10, 0xc0, 0x00, 0x00, 0x00, 0x00, 0x04, 0xfc, 0x52, 0x47, 0x24, 0x4f, 0xc5, 0x24, 0x52, 0x44, 0xf8, 0x62, 0x00, 0x00,
	0x00, 0x00, 0x07, 0x82, 0x84, 0x28, 0x46, 0xfc, 0x28, 0x42, 0x84, 0x2f, 0xc3, 0x00, 0x40, 0x00, 0xfc, 0x00, 0x00, 0x0f, 0xc4, 0x20, 0x4a, 0x47,
	0xa4, 0x46, 0x84, 0x20, 0x4f, 0xc5, 0x20, 0x62, 0x00, 0x20, 0x00, 0x00, 0x00, 0x83, 0xf0, 0x04, 0x07, 0xfc, 0x24, 0x87, 0xfc, 0x24, 0x87, 0xfc,
	0x04, 0x07, 0xfc, 0x00, 0x00, 0x7c, 0x42, 0x94, 0x29, 0x47, 0xd4, 0x48, 0x44, 0xcc, 0x04, 0x03, 0xf8, 0x04, 0x07, 0xfc, 0x00, 0x00, 0x20, 0xc2,
	0x70, 0x28, 0x07, 0x7e, 0x28, 0x02, 0xfc, 0x2c, 0x43, 0xc4, 0x54, 0x41, 0x7c, 0x00, 0x00, 0x0f, 0xc2, 0x00, 0x2f, 0xc6, 0x84, 0x28, 0x42, 0xfc,
	0x28, 0x43, 0xfc, 0x40, 0x00, 0xfc, 0x00, 0x00, 0x0f, 0xc4, 0xa4, 0x4a, 0x4e, 0xfc, 0x4a, 0x44, 0x78, 0x42, 0x03, 0xfc, 0xc2, 0x01, 0xfc, 0x00,
	0x00, 0x01, 0x44, 0xfe, 0x49, 0x06, 0xf4, 0x4b, 0x44, 0xac, 0x52, 0x83, 0x7a, 0xd3, 0xa1, 0x04, 0x00, 0x00, 0x01, 0x07, 0xfc, 0x33, 0x86, 0xb8,
	0x65, 0x40, 0x50, 0x04, 0x03, 0xf8, 0x04, 0x07, 0xfc, 0x00, 0x00, 0x01, 0x45, 0xfc, 0x41, 0x06, 0xf0, 0x4b, 0x44, 0xac, 0x44, 0x83, 0x6a, 0xd9,
	0xa0, 0x24, 0x00, 0x00, 0x02, 0x04, 0xfc, 0x48, 0x46, 0xf8, 0x4f, 0xc4, 0x84, 0x4f, 0xc3, 0x20, 0xcf, 0xc0, 0x20, 0x00, 0x00, 0x01, 0x04, 0xfc,
	0x41, 0x0e, 0xec, 0x4f, 0xc4, 0xc4, 0x4f, 0xc4, 0xfc, 0x68, 0x00, 0xfc, 0x00, 0x00, 0x21, 0x07, 0x90, 0x27, 0xc5, 0x94, 0x55, 0x47, 0xa4, 0x23,
	0x67, 0xae, 0x24, 0x62, 0x04, 0x00, 0x00, 0x02, 0x04, 0xfc, 0x44, 0x86, 0x48, 0x5f, 0xe4, 0x00, 0x4f, 0xc5, 0x84, 0xe8, 0x40, 0xfc, 0x00, 0x00,
	0x20, 0x87, 0xfc, 0x3f, 0x82, 0x08, 0x3f, 0x87, 0xfc, 0x34, 0x87, 0xfc, 0x04, 0x07, 0xfc, 0x00, 0x00, 0x02, 0x04, 0xfc, 0x43, 0x06, 0xcc, 0x5f,
	0xc4, 0x04, 0x4f, 0x45, 0x94, 0xee, 0x40, 0x1c, 0x00, 0x00, 0x0f, 0xc4, 0x84, 0x4f, 0xc6, 0x90, 0x4d, 0x45, 0x54, 0x53, 0x85, 0x54, 0xf5, 0x41,
	0x6c, 0x00, 0x00, 0x24, 0x87, 0xfc, 0x40, 0x47, 0xfc, 0x20, 0x83, 0xf8, 0x04, 0x03, 0xf8, 0x04, 0x07, 0xfc, 0x00, 0x00, 0x7b, 0xc5, 0x04, 0x7a,
	0x44, 0x98, 0x71, 0x87, 0xe4, 0x04, 0x03, 0xf8, 0x04, 0x07, 0xfc, 0x00, 0x00, 0x04, 0x84, 0xfc, 0xe9, 0x05, 0x90, 0x4f, 0xc4, 0x90, 0x4f, 0xc5,
	0x90, 0x69, 0x00, 0xec, 0x00, 0x00, 0x72, 0x05, 0x7c, 0x67, 0xc5, 0xfc, 0x54, 0x47, 0x7c, 0x40, 0x87, 0xfc, 0x04, 0x07, 0xfc, 0x00, 0x00, 0x0f,
	0xc4, 0x84, 0x4f, 0xc6, 0x84, 0x47, 0x84, 0xfc, 0x4a, 0x03, 0x9c, 0xd6, 0x01, 0x1c, 0x00, 0x00, 0x08, 0x85, 0xfc, 0x4f, 0x8e, 0x88, 0x4f, 0x85,
	0xfc, 0x53, 0x05, 0x5c, 0x70, 0x00, 0xfc, 0x00, 0x00, 0x4f, 0xc5, 0x00, 0x57, 0xc7, 0x7c, 0x57, 0xc5, 0xfc, 0x54, 0x87, 0x38, 0xd6, 0x41, 0xfc,
	0x00, 0x00, 0x23, 0xc5, 0xa4, 0x22, 0xc5, 0xbc, 0x4a, 0x47, 0xb4, 0x23, 0x41, 0x28, 0x6b, 0xc2, 0x30, 0x00, 0x00, 0x0f, 0xc4, 0x84, 0x4f, 0xc7,
	0xfc, 0x4f, 0xc4, 0x40, 0x5b, 0xc3, 0x54, 0xca, 0x40, 0x4c, 0x00, 0x00, 0x02, 0x02, 0xfc, 0x22, 0x87, 0xfe, 0x22, 0x02, 0xfc, 0x28, 0x43, 0x7c,
	0x68, 0x40, 0x7c, 0x00, 0x00, 0x0f, 0xc5, 0x24, 0x4f, 0xc7, 0x24, 0x4f, 0xc4, 0x48, 0x5c, 0xc7, 0x48, 0x08, 0x81, 0x08, 0x00, 0x00, 0x0f, 0xc4,
	0x84, 0x4f, 0xc6, 0xc4, 0x4f, 0xc5, 0x28, 0x52, 0x85, 0x7c, 0xf4, 0x81, 0x40, 0x00, 0x00, 0x3f, 0x84, 0x44, 0x7f, 0xc7, 0xfc, 0x60, 0xc1, 0xb0,
	0x75, 0xc7, 0xfc, 0x04, 0x07, 0xfc, 0x00, 0x00, 0x02, 0x04, 0xfc, 0x52, 0x4f, 0xfc, 0x52, 0x44, 0xfc, 0x45, 0xc7, 0x5c, 0xc9, 0x21, 0x1c, 0x00,
	0x00, 0x49, 0xc7, 0xa4, 0x63, 0xc6, 0xa4, 0x7b, 0xc2, 0x44, 0x64, 0x83, 0xfc, 0x04, 0x07, 0xfc, 0x00, 0x00, 0x04, 0x85, 0xfe, 0x46, 0x86, 0x50,
	0x48, 0xc5, 0x72, 0x4f, 0xc3, 0x84, 0xc8, 0x40, 0xfc, 0x00, 0x00, 0x43, 0x02, 0xcc, 0x47, 0x00, 0xfc, 0x22, 0x86, 0xa4, 0x00, 0x07, 0xfc, 0x04,
	0x07, 0xfc, 0x00, 0x00, 0x01, 0x04, 0xfc, 0x4f, 0xc6, 0x94, 0x4f, 0xc4, 0xfc, 0x50, 0x05, 0x7c, 0xf4, 0x41, 0x7c, 0x00, 0x00, 0x02, 0x04, 0xfc,
	0x47, 0x86, 0x84, 0x47, 0x84, 0xfc, 0x57, 0x43, 0x4c, 0xd7, 0xc0, 0x0c, 0x00, 0x00, 0x0f, 0xc5, 0x02, 0x4f, 0xcf, 0x70, 0x4a, 0xc4, 0x78, 0x49,
	0x85, 0x34, 0xed, 0x20, 0x30, 0x00, 0x00, 0x04, 0x07, 0xbc, 0x7f, 0xc1, 0x20, 0x3f, 0x87, 0xfc, 0x24, 0x85, 0xf4, 0x04, 0x07, 0xfc, 0x00, 0x00,
	0x08, 0x04, 0xfc, 0xff, 0xc5, 0x84, 0x4f, 0xc4, 0x00, 0x5f, 0xc5, 0x54, 0xf5, 0x41, 0xfe, 0x00, 0x00, 0x02, 0x05, 0xfc, 0x4f, 0xc6, 0xfc, 0x48,
	0x44, 0xfc, 0x4f, 0xc7, 0xfe, 0x0d, 0x81, 0x04, 0x00, 0x00, 0x04, 0x07, 0xbc, 0x7f, 0xc4, 0xa4, 0x77, 0x85, 0xdc, 0x7d, 0xc5, 0xfc, 0x82, 0x03,
	0xfc, 0x00, 0x00, 0x11, 0x06, 0xbc, 0x79, 0x43, 0x24, 0x7b, 0x67, 0x4e, 0x70, 0x47, 0xfc, 0x04, 0x07, 0xfc, 0x00, 0x00, 0x02, 0x04, 0xfc, 0x44,
	0x8f, 0xb4, 0x4f, 0xc4, 0xfc, 0x48, 0x43, 0x78, 0xc5, 0x21, 0x8c, 0x00, 0x00, 0x11, 0x07, 0xfc, 0x3f, 0x83, 0xf8, 0x20, 0x81, 0xf0, 0x77, 0xc7,
	0xfc, 0x04, 0x07, 0xfc, 0x00, 0x00, 0x04, 0x84, 0xfc, 0x52, 0x27, 0xfe, 0x4f, 0xc4, 0x00, 0x4f, 0xc5, 0xfc, 0xe8, 0x40, 0xfc, 0x00, 0x00, 0x72,
	0x85, 0xfc, 0x6e, 0xc5, 0x78, 0x5b, 0x47, 0xd4, 0x47, 0x07, 0xfc, 0x04, 0x07, 0xfc, 0x00, 0x00, 0x3f, 0x84, 0x48, 0x7f, 0x83, 0xf8, 0x7f, 0xc7,
	0xfc, 0x2a, 0x44, 0x40, 0x3f, 0x87, 0xfc, 0x00, 0x00, 0x02, 0x04, 0xfc, 0x5f, 0xee, 0x00, 0x4f, 0xc4, 0xfc, 0x4f, 0xc4, 0xfc, 0x64, 0x81, 0x86,
	0x00, 0x00, 0x0b, 0xc7, 0x44, 0x5f, 0xc7, 0xbc, 0x6c, 0xc3, 0xb4, 0x58, 0x07, 0xfc, 0x04, 0x07, 0xfc, 0x00, 0x00, 0x79, 0x04, 0xac, 0x7a, 0x84,
	0x14, 0x7f, 0xcc, 0x90, 0x34, 0x07, 0xfc, 0x04, 0x07, 0xfc, 0x00, 0x00, 0x02, 0x04, 0xdc, 0x5f, 0xc7, 0x7c, 0x53, 0x44, 0xf8, 0x4f, 0xc5, 0xfc,
	0xef, 0xc1, 0xfe, 0x00, 0x00, 0x42, 0x05, 0xfc, 0x5f, 0xc7, 0x54, 0x5f, 0xc4, 0x20, 0x4d, 0xc6, 0xd4, 0x15, 0x81, 0xe6, 0x00, 0x00, 0x42, 0x04,
	0xdc, 0x58, 0xc7, 0xfc, 0x44, 0x84, 0xfc, 0x4f, 0x46, 0xd4, 0x14, 0x81, 0xe6, 0x00, 0x00, 0x42, 0x05, 0xdc, 0x4f, 0xce, 0x78, 0x5f, 0xe5, 0xfa,
	0x5b, 0x46, 0xd8, 0xc7, 0x41, 0xf0, 0x00, 0x00, 0x04, 0x00, 0x40, 0x04, 0x07, 0xfc, 0x04, 0x00, 0x40, 0x04, 0x00, 0x40, 0x3f, 0x80, 0x00, 0x00,
	0x00, 0x00, 0x03, 0xf8, 0x04, 0x00, 0x40, 0x04, 0x07, 0xfc, 0x04, 0x00, 0x40, 0x3f, 0x80, 0x00, 0x00, 0x00, 0x21, 0x02, 0x10, 0x61, 0x06, 0xfc,
	0x21, 0x02, 0x10, 0x61, 0x02, 0x10, 0x21, 0x02, 0xfc, 0x00, 0x00, 0x04, 0x07, 0xfc, 0x7f, 0xc0, 0x00, 0x3f, 0x82, 0x48, 0x3f, 0x84, 0x00, 0x40,
	0x00, 0x00, 0x00, 0x00, 0x04, 0x07, 0xfc, 0x04, 0x03, 0xb8, 0x7f, 0xc4, 0x04, 0x27, 0x03, 0x80, 0x20, 0x41, 0xf8, 0x00, 0x00, 0x04, 0x07, 0xfc,
	0x04, 0x03, 0xb8, 0x7f, 0xc4, 0x04, 0x4a, 0x01, 0x20, 0x32, 0x44, 0x1c, 0x00, 0x00, 0x04, 0x07, 0xfc, 0x3f, 0x80, 0x00, 0x7f, 0xc7, 0xfc, 0x2a,
	0x83, 0xf8, 0x0a, 0x07, 0xfc, 0x00, 0x00, 0x04, 0x07, 0xfc, 0x2a, 0x82, 0xa4, 0x56, 0x41, 0x00, 0x2f, 0x84, 0xb0, 0x0f, 0x07, 0x0c, 0x00, 0x00,
	0x7f, 0xc0, 0x40, 0x7b, 0x83, 0xf8, 0x3f, 0x83, 0xf8, 0x1f, 0x87, 0x10, 0x0e, 0x07, 0x9c, 0x00, 0x00, 0x08, 0x00, 0xfc, 0x10, 0x42, 0x04, 0x4c,
	0x80, 0x28, 0x01, 0x00, 0x20, 0x0c, 0x03, 0x00, 0x00, 0x00, 0x20, 0x03, 0xd0, 0x25, 0x04, 0x70, 0x59, 0x00, 0x88, 0x09, 0x61, 0x10, 0x21, 0x04,
	0x00, 0x00, 0x00, 0x7f, 0x84, 0x08, 0x5f, 0x84, 0x88, 0x4f, 0x85, 0x14, 0x66, 0x44, 0x26, 0x4c, 0x61, 0x04, 0x00, 0x00, 0x04, 0x01, 0xb0, 0x69,
	0x00, 0x60, 0x1b, 0xc6, 0xc4, 0x34, 0xc0, 0x30, 0x06, 0x03, 0x80, 0x00, 0x00, 0x04, 0x07, 0xfc, 0x24, 0x02, 0xbc, 0x4a, 0x45, 0x98, 0xc5, 0x04,
	0x20, 0x4d, 0x85, 0x04, 0x00, 0x00, 0x11, 0x07, 0xfc, 0x7f, 0xc4, 0xa4, 0x35, 0x87, 0xfc, 0x1f, 0x86, 0x90, 0x06, 0x07, 0x80, 0x00, 0x00, 0x04,
	0x00, 0x40, 0x7f, 0xc0, 0x40, 0x04, 0x00, 0xa0, 0x0a, 0x01, 0x10, 0x20, 0x84, 0x04, 0x00, 0x00, 0x7f, 0xc0, 0x40, 0x04, 0x07, 0xfc, 0x04, 0x00,
	0xa0, 0x11, 0x02, 0x08, 0x40, 0x40, 0x00, 0x00, 0x00, 0x04, 0x00, 0x40, 0x7f, 0xc0, 0x40, 0x0c, 0x00, 0xa0, 0x11, 0x01, 0x90, 0x64, 0xc0, 0x00,
	0x00, 0x00, 0x04, 0x03, 0xf8, 0x04, 0x00, 0x40, 0x7f, 0xc0, 0x40, 0x0a, 0x01, 0x10, 0x20, 0x84, 0x04, 0x00, 0x00, 0x04, 0x03, 0xf8, 0x44, 0x44,
	0x44, 0x44, 0x4f, 0xfe, 0x0c, 0x00, 0xa0, 0x31, 0x84, 0x04, 0x00, 0x00, 0x14, 0x03, 0xf8, 0x24, 0x04, 0x40, 0x7f, 0xc0, 0x40, 0x0a, 0x01, 0x90,
	0x20, 0x84, 0x04, 0x00, 0x00, 0x04, 0x07, 0xfc, 0x7f, 0x80, 0x44, 0x3f, 0x84, 0x40, 0x7f, 0xc0, 0xac, 0x11, 0x06, 0x0c, 0x00, 0x00, 0x04, 0x07,
	0xfc, 0x15, 0x02, 0x48, 0x5f, 0x44, 0x48, 0x7f, 0x83, 0xf8, 0x04, 0x40, 0x7c, 0x00, 0x00, 0x04, 0x07, 0xfc, 0x0b, 0x07, 0x0c, 0x7f, 0xc0, 0x08,
	0x3e, 0x82, 0x28, 0x3c, 0x80, 0x38, 0x00, 0x00, 0x04, 0x07, 0xfc, 0x19, 0x03, 0x18, 0x4e, 0x40, 0x00, 0x3f, 0x82, 0x48, 0x64, 0x41, 0xc0, 0x00,
	0x00, 0x04, 0x07, 0xbc, 0x7f, 0xc0, 0xa0, 0x7f, 0xc2, 0x48, 0x5f, 0x40, 0x40, 0x3f, 0x80, 0x40, 0x00, 0x00, 0x04, 0x07, 0xbc, 0x7f, 0xc0, 0xa0,
	0x7f, 0xc3, 0xf8, 0x44, 0x43, 0xf8, 0x1b, 0x06, 0x0c, 0x00, 0x00, 0x13, 0xc7, 0x94, 0x11, 0x43, 0xa4, 0x3a, 0x44, 0x48, 0x7f, 0xc0, 0xa0, 0x11,
	0x06, 0x0c, 0x00, 0x00, 0x04, 0x07, 0xfc, 0x15, 0x02, 0x48, 0x5f, 0x41, 0x50, 0x11, 0x07, 0xfc, 0x21, 0x04, 0x10, 0x00, 0x00, 0x04, 0x07, 0xfc,
	0x11, 0x06, 0xec, 0x1f, 0x81, 0xf8, 0x20, 0x05, 0xfc, 0x10, 0x87, 0xf4, 0x00, 0x00, 0x08, 0x07, 0x7c, 0x55, 0x47, 0xfc, 0x4e, 0x47, 0x5c, 0x04,
	0x07, 0xfc, 0x1b, 0x06, 0x0c, 0x00, 0x00, 0x20, 0xc6, 0xf4, 0x6a, 0x82, 0xfc, 0x64, 0x42, 0x1c, 0x04, 0x07, 0xfc, 0x1b, 0x06, 0x0c, 0x00, 0x00,
	0x04, 0x07, 0xfc, 0x74, 0x82, 0xf4, 0x7f, 0x83, 0xf8, 0x3f, 0x87, 0xfc, 0x30, 0x80, 0xf8, 0x00, 0x00, 0x08, 0x07, 0x7c, 0x7f, 0xc2, 0x40, 0x7f,
	0x83, 0xf8, 0x1b, 0x87, 0xfc, 0x7f, 0xc7, 0xbc, 0x00, 0x00, 0x08, 0x00, 0x80, 0x7f, 0xc1, 0x10, 0x11, 0x03, 0x10, 0x0e, 0x00, 0x70, 0x18, 0x86,
	0x04, 0x00, 0x00, 0x20, 0x02, 0x7c, 0x7c, 0x44, 0xc4, 0x4a, 0x45, 0x28, 0x31, 0x83, 0x98, 0x26, 0xc4, 0x02, 0x00, 0x00, 0x20, 0x02, 0x3c, 0xf8,
	0x44, 0x88, 0x51, 0x05, 0x7c, 0x31, 0x03, 0x10, 0x29, 0x04, 0x30, 0x00, 0x00, 0x20, 0x02, 0x3c, 0x7a, 0x44, 0xa4, 0x4a, 0x44, 0xa4, 0x32, 0x41,
	0x24, 0x2b, 0xc4, 0x24, 0x00, 0x00, 0x20, 0x02, 0x3c, 0x78, 0x44, 0x84, 0x4f, 0xc5, 0x40, 0x34, 0x03, 0xc2, 0x24, 0x44, 0x3c, 0x00, 0x00, 0x04,
	0x07, 0xfc, 0x20, 0x03, 0x1c, 0x0e, 0x07, 0xfc, 0x11, 0x03, 0xa0, 0x0f, 0x07, 0x0c, 0x00, 0x00, 0x20, 0x02, 0x7c, 0x71, 0x05, 0x10, 0x51, 0x05,
	0x7c, 0x21, 0x03, 0x10, 0x41, 0x00, 0x6c, 0x00, 0x00, 0x21, 0x02, 0xfe, 0xf1, 0x05, 0x10, 0x56, 0xc5, 0x44, 0x22, 0x83, 0x10, 0x46, 0x88, 0x86,
	0x00, 0x00, 0x20, 0x42, 0xf8, 0xf1, 0x05, 0x10, 0x5f, 0xe5, 0x10, 0x23, 0x03, 0x28, 0x44, 0x48, 0x82, 0x00, 0x00, 0x21, 0x02, 0x54, 0xf5, 0x45,
	0x54, 0x59, 0x25, 0x14, 0x22, 0x43, 0x08, 0x43, 0x08, 0xc0, 0x00, 0x00, 0x00, 0xc7, 0xf0, 0x24, 0x82, 0x48, 0x08, 0x07, 0xfc, 0x11, 0x03, 0xa0,
	0x0f, 0x07, 0x0c, 0x00, 0x00, 0x22, 0x02, 0x20, 0x7f, 0xc5, 0x20, 0x53, 0xc5, 0x44, 0x34, 0x43, 0x44, 0x48, 0x45, 0x18, 0x00, 0x00, 0x20, 0x02,
	0x7c, 0xf2, 0x05, 0x20, 0x54, 0x05, 0x7c, 0x2c, 0x43, 0x44, 0x44, 0x48, 0x7c, 0x00, 0x00, 0x21, 0x02, 0x7c, 0x71, 0x05, 0x10, 0x5f, 0xe5, 0x30,
	0x25, 0x83, 0x54, 0x49, 0x60, 0x10, 0x00, 0x00, 0x04, 0x07, 0xfc, 0x3f, 0x87, 0xfc, 0x04, 0x83, 0xb0, 0x7f, 0xc3, 0x90, 0x0f, 0x07, 0x0c, 0x00,
	0x00, 0x04, 0x07, 0xfc, 0x11, 0x07, 0xfc, 0x08, 0x07, 0xfc, 0x11, 0x03, 0xa0, 0x0f, 0x07, 0x0c, 0x00, 0x00, 0x21, 0x02, 0xfe, 0xf1, 0x05, 0x7c,
	0x59, 0x45, 0x94, 0x29, 0x43, 0x94, 0x49, 0xc8, 0x10, 0x00, 0x00, 0x22, 0x02, 0x28, 0xf4, 0x45, 0x5c, 0x52, 0x25, 0x7c, 0x24, 0x43, 0x44, 0x44,
	0x48, 0x7c, 0x00, 0x00, 0x27, 0xc2, 0x44, 0x7c, 0x44, 0xfc, 0x54, 0x45, 0x44, 0x37, 0xc3, 0x44, 0x2c, 0x44, 0xfe, 0x00, 0x00, 0x21, 0x02, 0x10,
	0xf7, 0xc5, 0x10, 0x51, 0x05, 0x6c, 0x24, 0x43, 0x44, 0x47, 0xc8, 0x44, 0x00, 0x00, 0x25, 0x02, 0x50, 0xf7, 0xc5, 0x90, 0x59, 0x05, 0x7c, 0x21,
	0x03, 0x10, 0x41, 0x08, 0xfc, 0x00, 0x00, 0x03, 0xc3, 0xc0, 0x7f, 0xc1, 0xf0, 0x6c, 0xc7, 0xfc, 0x11, 0x03, 0xa0, 0x0f, 0x07, 0x0c, 0x00, 0x00,
	0x02, 0x04, 0xfc, 0xf2, 0x85, 0xfc, 0x53, 0x06, 0x44, 0x2d, 0x82, 0x60, 0x54, 0x48, 0x7c, 0x00, 0x00, 0x08, 0x07, 0xfc, 0x33, 0x00, 0xf0, 0x78,
	0xc2, 0x10, 0x7a, 0xc5, 0x28, 0x39, 0x84, 0x64, 0x00, 0x00, 0x20, 0x02, 0xfc, 0xf4, 0x85, 0x4c, 0x5f, 0x25, 0x10, 0x2f, 0xc3, 0x10, 0x41, 0x08,
	0xfc, 0x00, 0x00, 0x27, 0xc2, 0x90, 0xf9, 0x05, 0x7c, 0x58, 0x45, 0x84, 0x27, 0xc3, 0x90, 0x49, 0x08, 0x6c, 0x00, 0x00, 0x21, 0x02, 0x28, 0xf4,
	0x45, 0xf8, 0x50, 0x05, 0x7c, 0x28, 0x43, 0x84, 0x48, 0x48, 0x7c, 0x00, 0x00, 0x0f, 0xc4, 0x84, 0xf9, 0x45, 0xfc, 0x59, 0x46, 0xb4, 0x2a, 0xc2,
	0xcc, 0x58, 0x48, 0xf8, 0x00, 0x00, 0x44, 0x02, 0xbc, 0x02, 0x82, 0x50, 0x58, 0xc7, 0xfc, 0x11, 0x03, 0xa0, 0x0f, 0x07, 0x0c, 0x00, 0x00, 0x02,
	0x87, 0xfc, 0x42, 0x05, 0xd4, 0x7f, 0x85, 0x58, 0x55, 0x04, 0xda, 0x52, 0xc2, 0x44, 0x00, 0x00, 0x21, 0x02, 0xfc, 0xf1, 0x05, 0x10, 0x5e, 0xc5,
	0x10, 0x2f, 0xc3, 0x10, 0x41, 0x08, 0xfc, 0x00, 0x00, 0x21, 0x02, 0x7c, 0xf8, 0x45, 0x7c, 0x58, 0x45, 0x7c, 0x29, 0x43, 0x98, 0x48, 0xc8, 0xe2,
	0x00, 0x00, 0x07, 0xc4, 0x80, 0xfb, 0xc5, 0x80, 0x5f, 0xc6, 0xb0, 0x2a, 0xc3, 0xa8, 0x53, 0x49, 0x40, 0x00, 0x00, 0x24, 0x04, 0x78, 0xf9, 0x05,
	0xfc, 0x59, 0x46, 0xfc, 0x2b, 0x02, 0x52, 0x55, 0x29, 0x9c, 0x00, 0x00, 0x23, 0xc4, 0xa4, 0xfa, 0x45, 0xbc, 0x58, 0x06, 0x7c, 0x2f, 0xc2, 0x00,
	0x54, 0xc8, 0x80, 0x00, 0x00, 0x27, 0xc2, 0x44, 0xf7, 0xc5, 0x44, 0x53, 0x85, 0xfc, 0x28, 0x43, 0xfc, 0x48, 0x48, 0xf8, 0x00, 0x00, 0x04, 0x07,
	0xfc, 0x7f, 0xc3, 0xf8, 0x7f, 0xc7, 0xfc, 0x7f, 0xc2, 0x10, 0x1f, 0x07, 0x8c, 0x00, 0x00, 0x41, 0x02, 0xfc, 0x6f, 0xc0, 0xa8, 0x37, 0x84, 0x84,
	0x7f, 0xc3, 0x90, 0x0f, 0x07, 0x0c, 0x00, 0x00, 0x01, 0xc4, 0xf0, 0xff, 0xc5, 0x90, 0x5e, 0xa6, 0xfc, 0x28, 0x42, 0xfc, 0x58, 0x48, 0xfc, 0x00,
	0x00, 0x0f, 0xc4, 0x04, 0xf7, 0xc5, 0xfc, 0x50, 0x05, 0xfe, 0x2f, 0xc2, 0xa4, 0x5a, 0x48, 0x28, 0x00, 0x00, 0x0f, 0xe4, 0x12, 0xf9, 0xc5, 0xf8,
	0x58, 0x46, 0xfc, 0x2f, 0xc2, 0xfc, 0x58, 0x48, 0x8c, 0x00, 0x00, 0x28, 0x44, 0xfe, 0x78, 0x45, 0xfc, 0x58, 0x46, 0x78, 0x2f, 0xe2, 0x38, 0x4d,
	0x49, 0x12, 0x00, 0x00, 0x20, 0xc4, 0xf4, 0xf9, 0x45, 0xfc, 0x5f, 0xc6, 0x40, 0x2b, 0xc3, 0xe8, 0x53, 0x89, 0xc4, 0x00, 0x00, 0x01, 0x04, 0xee,
	0xff, 0xa5, 0x30, 0x5e, 0xc6, 0x3c, 0x2d, 0x82, 0x34, 0x5d, 0x28, 0x30, 0x00, 0x00, 0x01, 0x04, 0x7c, 0xfa, 0x05, 0xbc, 0x54, 0x86, 0xbc, 0x78,
	0x82, 0x98, 0x5a, 0x48, 0x40, 0x00, 0x00, 0x04, 0x84, 0xfc, 0x7f, 0xc5, 0x54, 0x5f, 0xe6, 0x54, 0x2f, 0xc3, 0xd8, 0x55, 0x48, 0x52, 0x00, 0x00,
	0x01, 0x04, 0xec, 0xf4, 0x85, 0xb4, 0x5f, 0xc6, 0x94, 0x2e, 0xc2, 0xcc, 0x5f, 0x48, 0x8c, 0x00, 0x00, 0x01, 0x04, 0xfc, 0xff, 0xc5, 0xfc, 0x68,
	0x46, 0x78, 0x2f, 0xe2, 0xfc, 0x58, 0x48, 0xfc, 0x00, 0x00, 0x01, 0x04, 0xec, 0xfc, 0x45, 0xfc, 0x54, 0x86, 0xfc, 0x2b, 0x42, 0xd4, 0x54, 0x88,
	0xe6, 0x00, 0x00, 0x0f, 0xc4, 0x10, 0xff, 0xe5, 0xda, 0x55, 0x86, 0xfe, 0x6f, 0xc2, 0xac, 0x5a, 0xc8, 0xa4, 0x00, 0x00, 0x7b, 0xc4, 0xa4, 0x7b,
	0xc7, 0xbc, 0x31, 0x84, 0xa4, 0x7f, 0xc3, 0x90, 0x0f, 0x07, 0x0c, 0x00, 0x00, 0x3f, 0x80, 0x10, 0x06, 0x00, 0x40, 0x7f, 0xc0, 0x40, 0x04, 0x00,
	0x40, 0x1c, 0x00, 0x00, 0x00, 0x00, 0x78, 0x00, 0xa0, 0x0a, 0x01, 0x20, 0x1e, 0x0f, 0x20, 0x12, 0x21, 0x22, 0x12, 0x27, 0x1c, 0x00, 0x00, 0x04,
	0x07, 0xfc, 0x40, 0x45, 0xf4, 0x02, 0x00, 0x40, 0x7f, 0xc0, 0x40, 0x04, 0x01, 0xc0, 0x00, 0x00, 0x08, 0x07, 0xfc, 0x10, 0x02, 0x7c, 0x60, 0x8a,
	0x10, 0x3f, 0xc2, 0x10, 0x21, 0x02, 0x70, 0x00, 0x00, 0x72, 0x00, 0xbc, 0x14, 0x42, 0x64, 0x2a, 0x4f, 0x28, 0x21, 0x82, 0x10, 0x22, 0xc6, 0xc0,
	0x00, 0x00, 0x04, 0x43, 0xf8, 0x05, 0x07, 0xfc, 0x0c, 0x03, 0x38, 0x47, 0x07, 0xfc, 0x04, 0x01, 0xc0, 0x00, 0x00, 0x3f, 0x80, 0x10, 0x06, 0x07,
	0xfc, 0x14, 0x00, 0x80, 0x3f, 0x82, 0xa8, 0x2a, 0x87, 0xfc, 0x00, 0x00, 0x03, 0xc3, 0xc0, 0x7f, 0xc1, 0xf0, 0x64, 0xc3, 0xf8, 0x06, 0x07, 0xfc,
	0x04, 0x01, 0xc0, 0x00, 0x00, 0x60, 0x41, 0xfc, 0x2a, 0x44, 0xa4, 0x3a, 0x4c, 0xa4, 0x4a, 0x45, 0x2c, 0x53, 0xcd, 0x40, 0x00, 0x00, 0x24, 0x87,
	0xfc, 0x40, 0x47, 0xfc, 0x01, 0x00, 0x60, 0x7f, 0xc0, 0x40, 0x04, 0x01, 0xc0, 0x00, 0x00, 0x60, 0xc1, 0xf0, 0x24, 0x84, 0x90, 0x36, 0x4c, 0xfc,
	0x42, 0x24, 0x68, 0x5a, 0x4c, 0x20, 0x00, 0x00, 0x04, 0x07, 0xfc, 0x40, 0xc3, 0xf0, 0x08, 0x00, 0x9c, 0x7e, 0x00, 0x84, 0x08, 0x40, 0xf8, 0x00,
	0x00, 0x04, 0x07, 0xfc, 0x40, 0x45, 0xf4, 0x04, 0x07, 0xfc, 0x04, 0x00, 0x40, 0x04, 0x01, 0xc0, 0x00, 0x00, 0x04, 0x07, 0xfc, 0x41, 0x40, 0x10,
	0x7f, 0xc2, 0x10, 0x11, 0x00, 0x90, 0x01, 0x00, 0x70, 0x00, 0x00, 0x04, 0x07, 0xfc, 0x48, 0x40, 0x80, 0x77, 0xc1, 0x10, 0x31, 0x00, 0xe0, 0x19,
	0x86, 0x04, 0x00, 0x00, 0x04, 0x07, 0xfc, 0x44, 0x40, 0x40, 0x7f, 0xc0, 0xe0, 0x15, 0x02, 0x48, 0x44, 0x40, 0x40, 0x00, 0x00, 0x04, 0x07, 0xfc,
	0x40, 0x43, 0xf8, 0x00, 0x07, 0xfc, 0x12, 0x01, 0x24, 0x22, 0x44, 0x3c, 0x00, 0x00, 0x04, 0x07, 0xfc, 0x40, 0x44, 0x44, 0x04, 0x07, 0xbc, 0x11,
	0x01, 0x18, 0x20, 0x84, 0x04, 0x00, 0x00, 0x04, 0x07, 0xfc, 0x48, 0x40, 0x80, 0x7f, 0xc1, 0x20, 0x14, 0x82, 0x44, 0x69, 0xc5, 0x60, 0x00, 0x00,
	0x04, 0x07, 0xfc, 0x40, 0x47, 0xfc, 0x08, 0x01, 0x00, 0x3f, 0xc5, 0x04, 0x10, 0x41, 0xfc, 0x00, 0x00, 0x04, 0x07, 0xfc, 0x40, 0x41, 0xf0, 0x00,
	0x07, 0xfc, 0x04, 0x02, 0x48, 0x44, 0x41, 0xc0, 0x00, 0x00, 0x04, 0x07, 0xfc, 0x7f, 0xc2, 0x08, 0x20, 0x83, 0xf0, 0x3f, 0x82, 0x08, 0x20, 0x83,
	0xf8, 0x00, 0x00, 0x04, 0x07, 0xfc, 0x44, 0x40, 0x40, 0x7f, 0xc4, 0x44, 0x7f, 0xc4, 0x44, 0x44, 0x47, 0xbc, 0x00, 0x00, 0x04, 0x07, 0xfc, 0x40,
	0x43, 0xf8, 0x04, 0x02, 0x78, 0x24, 0x05, 0x40, 0x4c, 0x00, 0x3c, 0x00, 0x00, 0x04, 0x07, 0xfc, 0x40, 0x43, 0xbc, 0x2a, 0x46, 0xa4, 0x1b, 0xc1,
	0x20, 0x22, 0x44, 0x3c, 0x00, 0x00, 0x04, 0x07, 0xfc, 0x40, 0x43, 0xf8, 0x20, 0x83, 0xf8, 0x20, 0x83, 0xf8, 0x20, 0x87, 0xfc, 0x00, 0x00, 0x04,
	0x07, 0xfc, 0x40, 0x43, 0xf8, 0x04, 0x00, 0x40, 0x1f, 0x00, 0x48, 0x04, 0x87, 0xfc, 0x00, 0x00, 0x04, 0x07, 0xfc, 0x44, 0x43, 0xf8, 0x3f, 0x80,
	0x40, 0x7f, 0xc0, 0xa0, 0x11, 0x06, 0x0c, 0x00, 0x00, 0x04, 0x07, 0xfc, 0x5f, 0xc7, 0x10, 0x0e, 0x01, 0xb0, 0x7f, 0xc2, 0x08, 0x20, 0x83, 0xf8,
	0x00, 0x00, 0x04, 0x07, 0xfc, 0x7f, 0xc0, 0x00, 0x3f, 0x82, 0x08, 0x3f, 0x83, 0xf8, 0x00, 0x07, 0xfc, 0x00, 0x00, 0x04, 0x07, 0xfc, 0x7f, 0xc1,
	0x10, 0x13, 0x82, 0xc4, 0x04, 0x03, 0xf8, 0x04, 0x07, 0xfc, 0x00, 0x00, 0x04, 0x07, 0xfc, 0x08, 0x07, 0x7c, 0x3f, 0x86, 0x04, 0xbf, 0xc2, 0x04,
	0x3f, 0xc2, 0x18, 0x00, 0x00, 0x04, 0x07, 0xfc, 0x5f, 0x42, 0x08, 0x20, 0x81, 0xf0, 0x3f, 0x82, 0x08, 0x20, 0x83, 0xf8, 0x00, 0x00, 0x04, 0x07,
	0xfc, 0x44, 0x43, 0xf8, 0x11, 0x01, 0x10, 0x6e, 0xc0, 0x40, 0x7f, 0xc0, 0x40, 0x00, 0x00, 0x04, 0x07, 0xfc, 0x7f, 0xc0, 0x40, 0x3f, 0x87, 0xfc,
	0x00, 0x03, 0xf8, 0x20, 0x83, 0xf8, 0x00, 0x00, 0x04, 0x07, 0xfc, 0x7f, 0xc3, 0xf8, 0x20, 0x81, 0xf0, 0x7f, 0xc3, 0x90, 0x0f, 0x07, 0x0c, 0x00,
	0x00, 0x04, 0x07, 0xfc, 0x64, 0xc1, 0x50, 0x3f, 0x84, 0x08, 0x7f, 0x83, 0xf8, 0x40, 0x80, 0x18, 0x00, 0x00, 0x04, 0x07, 0xbc, 0x7f, 0xc0, 0xa0,
	0x76, 0x40, 0xd8, 0x77, 0x00, 0xa8, 0x72, 0x40, 0xc0, 0x00, 0x00, 0x04, 0x07, 0xfc, 0x51, 0x42, 0x48, 0x4a, 0x43, 0x18, 0x7f, 0xc2, 0x08, 0x20,
	0x83, 0xf8, 0x00, 0x00, 0x04, 0x07, 0xfc, 0x6f, 0xc2, 0x20, 0x4f, 0xc4, 0x84, 0xcf, 0xc4, 0x84, 0x48, 0x40, 0xfc, 0x00, 0x00, 0x04, 0x07, 0xbc,
	0x60, 0x43, 0xbc, 0x22, 0x8f, 0xe8, 0x59, 0x85, 0x90, 0x92, 0xc3, 0x42, 0x00, 0x00, 0x04, 0x07, 0xfc, 0x7f, 0xc0, 0xe0, 0x71, 0xc7, 0xfc, 0x3e,
	0x82, 0x28, 0x3e, 0x80, 0x38, 0x00, 0x00, 0x04, 0x07, 0xbc, 0x7f, 0xc0, 0x40, 0x7f, 0x84, 0x48, 0x7f, 0x83, 0xf8, 0x11, 0x06, 0x0c, 0x00, 0x00,
	0x04, 0x07, 0xfc, 0x55, 0x43, 0x28, 0x54, 0xc1, 0xf0, 0x64, 0x04, 0x44, 0x44, 0x47, 0xbc, 0x00, 0x00, 0x04, 0x07, 0xbc, 0x7f, 0xc3, 0xf8, 0x20,
	0x81, 0xf0, 0x7f, 0xc7, 0xfc, 0x44, 0x47, 0xbc, 0x00, 0x00, 0x04, 0x07, 0xbc, 0x7f, 0xc1, 0x20, 0x3f, 0x87, 0xfc, 0x20, 0x84, 0xf4, 0x38, 0x00,
	0x78, 0x00, 0x00, 0x04, 0x07, 0xbc, 0x7f, 0xc3, 0xf8, 0x24, 0x81, 0xf0, 0x7f, 0xc4, 0x54, 0x7e, 0xc4, 0x1c, 0x00, 0x00, 0x04, 0x07, 0xbc, 0x3f,
	0x83, 0xf8, 0x20, 0x83, 0xf8, 0x3f, 0x83, 0xf8, 0x1a, 0x46, 0x3c, 0x00, 0x00, 0x04, 0x07, 0xbc, 0x2f, 0xca, 0xfc, 0x6f, 0xc3, 0xfc, 0x3f, 0xce,
	0x88, 0x27, 0x03, 0xcc, 0x00, 0x00, 0x04, 0x07, 0xfc, 0x7d, 0xc5, 0xa8, 0x51, 0x06, 0xec, 0x7f, 0xc0, 0x50, 0x24, 0xc5, 0xc4, 0x00, 0x00, 0x04,
	0x07, 0xbc, 0x5f, 0x43, 0xb8, 0x3f, 0x83, 0xf8, 0x5f, 0x47, 0xfc, 0x18, 0x86, 0x70, 0x00, 0x00, 0x04, 0x07, 0xbc, 0x77, 0xc5, 0xf4, 0x3f, 0x84,
	0xa4, 0x35, 0x87, 0xfc, 0x04, 0x01, 0xc0, 0x00, 0x00, 0x04, 0x07, 0xbc, 0x7f, 0x41, 0x50, 0x7f, 0xc1, 0x50, 0x7f, 0xc3, 0xf8, 0x44, 0x83, 0xf8,
	0x00, 0x00, 0x04, 0x07, 0xfc, 0x7f, 0xc7, 0x1c, 0x3f, 0x8f, 0xfe, 0x20, 0x81, 0xf0, 0x24, 0x85, 0xc4, 0x00, 0x00, 0x04, 0x07, 0xbc, 0x7b, 0xc4,
	0xbc, 0x78, 0x47, 0xb8, 0x7b, 0xc4, 0xbc, 0x7b, 0xe5, 0xbc, 0x00, 0x00, 0x01, 0x00, 0x10, 0x7f, 0xc0, 0x10, 0x11, 0x01, 0x10, 0x09, 0x00, 0x10,
	0x01, 0x00, 0x70, 0x00, 0x00, 0x04, 0x07, 0xfc, 0x04, 0x07, 0xfc, 0x01, 0x07, 0xfc, 0x01, 0x01, 0x10, 0x09, 0x00, 0x70, 0x00, 0x00, 0x20, 0x42,
	0x04, 0x57, 0xc5, 0x04, 0x52, 0x43, 0x24, 0x12, 0x42, 0x84, 0x48, 0x40, 0x38, 0x00, 0x00, 0x04, 0x03, 0xf8, 0x7f, 0xc0, 0x80, 0x7f, 0xc1, 0x08,
	0x7f, 0xc2, 0xc8, 0x44, 0x80, 0x38, 0x00, 0x00, 0x00, 0x47, 0x84, 0x27, 0xe2, 0x04, 0x7a, 0x42, 0x24, 0x79, 0x42, 0x04, 0x2c, 0x45, 0x1c, 0x00,
	0x00, 0x04, 0x07, 0xfc, 0x3f, 0x84, 0x48, 0x7f, 0x83, 0xf8, 0x7f, 0xc2, 0x10, 0x19, 0x00, 0x70, 0x00, 0x00, 0x10, 0x47, 0x84, 0x4f, 0xe7, 0x84,
	0x7a, 0x44, 0xd4, 0xf9, 0x41, 0x84, 0x68, 0x41, 0x9c, 0x00, 0x00, 0x20, 0xc2, 0xf0, 0x6a, 0x46, 0xa4, 0x20, 0x02, 0xfe, 0x60, 0x42, 0x44, 0x22,
	0x42, 0x18, 0x00, 0x00, 0x78, 0x44, 0x44, 0x7f, 0xe4, 0x04, 0x7e, 0x44, 0x14, 0x7d, 0x47, 0x44, 0xb4, 0x41, 0x1c, 0x00, 0x00, 0x11, 0x06, 0xec,
	0x7f, 0xc5, 0x24, 0x61, 0xc7, 0xfc, 0x3f, 0x87, 0xfc, 0x10, 0x80, 0xf8, 0x00, 0x00, 0x7f, 0x80, 0x04, 0x3f, 0xc7, 0xf8, 0x7f, 0xc2, 0x44, 0x5b,
	0x87, 0xfc, 0x30, 0x80, 0x70, 0x00, 0x00, 0x44, 0x82, 0xb4, 0x0d, 0xc6, 0xfc, 0x2f, 0xc2, 0xfc, 0x5f, 0xc7, 0xfc, 0x30, 0x80, 0xf8, 0x00, 0x00,
	0x04, 0x00, 0x40, 0x04, 0x02, 0x48, 0x44, 0x44, 0x44, 0x44, 0x48, 0x42, 0x04, 0x01, 0xc0, 0x00, 0x00, 0x04, 0x02, 0x48, 0x24, 0x84, 0x44, 0x44,
	0x40, 0x48, 0x09, 0x00, 0x20, 0x0c, 0x07, 0x00, 0x00, 0x00, 0x04, 0x01, 0x58, 0x24, 0xc4, 0x44, 0x08, 0x00, 0x40, 0x7f, 0xc0, 0xa0, 0x11, 0x86,
	0x04, 0x00, 0x00, 0x04, 0x42, 0x48, 0x04, 0x07, 0xfc, 0x40, 0x45, 0xf4, 0x51, 0x45, 0xf4, 0x50, 0x44, 0x1c, 0x00, 0x00, 0x05, 0x80, 0x44, 0x7f,
	0xc0, 0x40, 0x0a, 0x00, 0xa0, 0x0a, 0x41, 0x24, 0x22, 0x44, 0x3c, 0x00, 0x00, 0x04, 0x07, 0xfc, 0x04, 0x07, 0xfc, 0x11, 0x01, 0x10, 0x7e, 0xc1,
	0x20, 0x22, 0x44, 0x3c, 0x00, 0x00, 0x01, 0x4f, 0x94, 0x7f, 0xe4, 0x90, 0x49, 0x87, 0xa8, 0x6a, 0xa6, 0xaa, 0x24, 0xa2, 0x8c, 0x00, 0x00, 0x3f,
	0x82, 0x08, 0x20, 0x83, 0xf8, 0x22, 0x02, 0x20, 0x41, 0x04, 0x08, 0x40, 0x40, 0x00, 0x00, 0x00, 0x3f, 0x84, 0x04, 0x40, 0x47, 0xf8, 0x44, 0x05,
	0xf0, 0x44, 0x84, 0x8a, 0x58, 0xa2, 0x0c, 0x00, 0x00, 0x3f, 0x84, 0x04, 0x40, 0x47, 0xf8, 0x50, 0x45, 0x38, 0x5c, 0x05, 0x04, 0x50, 0x40, 0xf8,
	0x00, 0x00, 0x3f, 0x82, 0x08, 0x20, 0x83, 0xf8, 0x21, 0x02, 0x88, 0x46, 0x84, 0x04, 0x3c, 0x00, 0x38, 0x00, 0x00, 0x3f, 0xc4, 0x04, 0x7f, 0xc4,
	0x18, 0x5e, 0x04, 0x7c, 0x5c, 0x05, 0xfc, 0x44, 0x40, 0x7c, 0x00, 0x00, 0x3f, 0x84, 0x04, 0x7f, 0xc4, 0x20, 0x5a, 0x44, 0xa8, 0x4b, 0x05, 0x28,
	0x62, 0x40, 0xe0, 0x00, 0x00, 0x3f, 0x84, 0x04, 0x7f, 0xc4, 0x00, 0x7f, 0xc4, 0xf4, 0x51, 0x45, 0x14, 0x5e, 0x40, 0x18, 0x00, 0x00, 0x3f, 0x84,
	0x04, 0x7f, 0xc4, 0x20, 0x7f, 0xc4, 0x20, 0x5f, 0xc5, 0x04, 0x50, 0x41, 0xfc, 0x00, 0x00, 0x3f, 0xc4, 0x04, 0x7f, 0xc4, 0x20, 0x52, 0x45, 0x24,
	0x4f, 0x85, 0x24, 0x52, 0x41, 0xdc, 0x00, 0x00, 0x3f, 0xc4, 0x04, 0x7f, 0xc4, 0x20, 0x5f, 0xc5, 0x24, 0x5f, 0xc5, 0x24, 0x52, 0x41, 0xdc, 0x00,
	0x00, 0x3f, 0x84, 0x04, 0x7f, 0xc4, 0x00, 0x7f, 0xc5, 0x18, 0x4e, 0x47, 0xfc, 0x44, 0x03, 0xfc, 0x00, 0x00, 0x3f, 0xc4, 0x04, 0x7f, 0xc4, 0x00,
	0x7f, 0xc5, 0xd4, 0x75, 0x84, 0xd0, 0x49, 0x43, 0x1c, 0x00, 0x00, 0x3f, 0xc4, 0x04, 0x7f, 0x85, 0x28, 0x42, 0x05, 0xdc, 0x5f, 0xc5, 0x04, 0x5f,
	0xc1, 0x1c, 0x00, 0x00, 0x3f, 0x84, 0x04, 0x7f, 0xc4, 0x90, 0x5f, 0x84, 0x90, 0x76, 0xc5, 0x28, 0x51, 0x83, 0xe4, 0x00, 0x00, 0x3f, 0xc4, 0x04,
	0x7f, 0x85, 0xf8, 0x5f, 0xc5, 0xf8, 0x7f, 0xc6, 0x44, 0x7f, 0xc2, 0x0c, 0x00, 0x00, 0x3f, 0xc4, 0x04, 0x7f, 0x85, 0xf8, 0x45, 0x07, 0xec, 0x7f,
	0xc5, 0xfc, 0x50, 0x41, 0xfc, 0x00, 0x00, 0x7f, 0xc4, 0x04, 0x7f, 0xc4, 0xa8, 0x57, 0x47, 0xac, 0x7f, 0xc5, 0x88, 0x87, 0x03, 0x0c, 0x00, 0x00,
	0x7f, 0xc4, 0x04, 0x7f, 0x87, 0x74, 0x5f, 0xc5, 0xfc, 0x5f, 0x85, 0x04, 0x9f, 0xc1, 0xfc, 0x00, 0x00, 0x7f, 0xc4, 0x04, 0x7f, 0x85, 0x7c, 0x6f,
	0xc5, 0x7c, 0x77, 0xc5, 0x7c, 0x93, 0x81, 0xc4, 0x00, 0x00, 0x00, 0x00, 0xf8, 0x78, 0x04, 0x88, 0x48, 0x84, 0x88, 0x7f, 0x84, 0x82, 0x08, 0x40,
	0x7c, 0x00, 0x00, 0x04, 0x00, 0x40, 0x04, 0x04, 0x44, 0x44, 0x44, 0x44, 0x44, 0x44, 0x44, 0x7f, 0xc4, 0x04, 0x00, 0x00, 0x21, 0x02, 0xfe, 0x71,
	0x07, 0x10, 0x76, 0xc7, 0x44, 0x72, 0x87, 0x10, 0x72, 0x80, 0xc6, 0x00, 0x00, 0x7f, 0xc4, 0x04, 0x4a, 0x44, 0xa4, 0x55, 0x45, 0x54, 0x55, 0x45,
	0xf4, 0x50, 0x44, 0x1c, 0x00, 0x00, 0x27, 0xc2, 0x44, 0x74, 0x47, 0x7c, 0x74, 0x47, 0x44, 0x77, 0xc7, 0x44, 0x74, 0x40, 0xfe, 0x00, 0x00, 0x04,
	0x04, 0x44, 0x7f, 0xc0, 0x00, 0x7f, 0xc1, 0x00, 0x3f, 0xc5, 0x04, 0x10, 0x41, 0xfc, 0x00, 0x00, 0x27, 0xc2, 0x94, 0x79, 0x47, 0xfc, 0x79, 0x47,
	0x94, 0x7f, 0xc7, 0x10, 0x71, 0x00, 0x10, 0x00, 0x00, 0x14, 0x82, 0x48, 0x7f, 0xc6, 0x20, 0x21, 0x42, 0x4c, 0x04, 0x04, 0x44, 0x44, 0x47, 0xbc,
	0x00, 0x00, 0x01, 0x83, 0xe0, 0x3f, 0xc2, 0x10, 0x21, 0x07, 0xfc, 0x04, 0x04, 0x44, 0x44, 0x47, 0xbc, 0x00, 0x00, 0x04, 0x44, 0x44, 0x3b, 0x87,
	0xfc, 0x40, 0x05, 0xfc, 0x42, 0x05, 0xfc, 0x42, 0x00, 0x20, 0x00, 0x00, 0x22, 0x02, 0x3c, 0x72, 0x06, 0xfc, 0x70, 0x06, 0xfe, 0x73, 0x07, 0x2c,
	0x72, 0x00, 0x20, 0x00, 0x00, 0x21, 0x02, 0xfc, 0x79, 0x47, 0x54, 0x75, 0x07, 0xfe, 0x73, 0x07, 0x28, 0x7c, 0x40, 0x00, 0x00, 0x00, 0x23, 0x02,
	0xd4, 0x75, 0x07, 0xfc, 0x74, 0x87, 0x4c, 0x7e, 0xc7, 0x4a, 0x75, 0xc0, 0xc4, 0x00, 0x00, 0x44, 0x47, 0xfc, 0x08, 0x07, 0x78, 0x0e, 0x0f, 0x5e,
	0x3f, 0x87, 0xfc, 0xff, 0xe0, 0x40, 0x00, 0x00, 0x22, 0x02, 0x5c, 0x7a, 0x87, 0x38, 0x7d, 0x47, 0x7c, 0x77, 0xc7, 0x10, 0x7f, 0xe0, 0x10, 0x00,
	0x00, 0x08, 0x03, 0xf8, 0x3f, 0x82, 0x08, 0x3f, 0x03, 0xfc, 0x3f, 0xc4, 0x84, 0x7e, 0x44, 0x1c, 0x00, 0x00, 0x22, 0x82, 0x44, 0x7f, 0x87, 0x52,
	0x74, 0xc7, 0xbc, 0x7c, 0x47, 0x28, 0x73, 0x80, 0xc6, 0x00, 0x00, 0x44, 0x44, 0x44, 0x3f, 0x87, 0xfc, 0x40, 0x41, 0xf0, 0x7f, 0xc0, 0x50, 0x24,
	0xc5, 0xc0, 0x00, 0x00, 0x21, 0x02, 0x7c, 0x73, 0x87, 0x44, 0x7f, 0xc7, 0x04, 0x77, 0x47, 0x54, 0x77, 0x40, 0x1c, 0x00, 0x00, 0x44, 0x47, 0xfc,
	0x00, 0x07, 0xfc, 0x5f, 0x84, 0x20, 0x5f, 0xc5, 0xfc, 0x42, 0x03, 0xfc, 0x00, 0x00, 0x44, 0x44, 0x44, 0x3b, 0x87, 0xbc, 0x4a, 0x47, 0xbc, 0x4a,
	0x47, 0xbc, 0x4c, 0x49, 0xcc, 0x00, 0x00, 0x44, 0x47, 0xfc, 0x00, 0x07, 0xf8, 0x5f, 0x85, 0xf8, 0x65, 0x45, 0xf6, 0x45, 0x6b, 0xac, 0x00, 0x00,
	0x44, 0x47, 0xfc, 0x04, 0x07, 0xbc, 0x3f, 0x81, 0xf0, 0x7f, 0xc5, 0xf4, 0x5f, 0x45, 0x1c, 0x00, 0x00, 0x24, 0x82, 0xfc, 0x71, 0x07, 0x7c, 0x71,
	0x07, 0x6c, 0x77, 0xc7, 0x90, 0x79, 0x01, 0x7c, 0x00, 0x00, 0x22, 0x02, 0xdc, 0x77, 0xc7, 0x84, 0x7f, 0x87, 0x7e, 0x77, 0xc7, 0x9c, 0x7d, 0x40,
	0x8c, 0x00, 0x00, 0x44, 0x47, 0xfc, 0x20, 0x05, 0x7c, 0xff, 0xc0, 0x7c, 0xff, 0xc4, 0xc4, 0x4b, 0x85, 0xe6, 0x00, 0x00, 0x44, 0x47, 0xfc, 0x24,
	0x87, 0xfc, 0x7d, 0x07, 0xdc, 0x7f, 0x46, 0x48, 0xbc, 0x8b, 0xf6, 0x00, 0x00, 0x00, 0x02, 0x44, 0x24, 0x42, 0x44, 0x24, 0x42, 0x44, 0x24, 0x44,
	0x44, 0x44, 0x40, 0x04, 0x00, 0x00, 0x00, 0x42, 0x24, 0x22, 0x46, 0xb4, 0x6b, 0x46, 0x2c, 0x22, 0x42, 0x24, 0x62, 0x44, 0x04, 0x00, 0x00, 0x01,
	0x44, 0x94, 0x2a, 0x41, 0x28, 0x72, 0x82, 0xa4, 0x29, 0x42, 0x54, 0x70, 0x00, 0xfc, 0x00, 0x00, 0x24, 0x81, 0x50, 0x6e, 0xc7, 0xfc, 0x44, 0x43,
	0xf8, 0x7f, 0xc0, 0xe0, 0x35, 0x84, 0x44, 0x00, 0x00, 0x7f, 0xc0, 0x40, 0x04, 0x00, 0x40, 0x04, 0x00, 0x40, 0x04, 0x07, 0xfc, 0x00, 0x00, 0x00,
	0x00, 0x00, 0x10, 0x07, 0xfc, 0x10, 0x01, 0x00, 0x1f, 0xc2, 0x20, 0x22, 0x04, 0x20, 0x02, 0x01, 0xfc, 0x00, 0x00, 0x7f, 0xc2, 0x20, 0x24, 0x02,
	0x7c, 0x28, 0x42, 0x04, 0x70, 0x40, 0x04, 0x03, 0x80, 0x00, 0x00, 0x00, 0x3f, 0xc4, 0x00, 0x40, 0x07, 0xf8, 0x40, 0x84, 0x08, 0x7f, 0x84, 0x00,
	0x40, 0x07, 0xf8, 0x00, 0x00, 0x11, 0x07, 0xfc, 0x04, 0x03, 0xf8, 0x04, 0x07, 0xbc, 0x3f, 0xc2, 0x20, 0x42, 0x01, 0xfc, 0x00, 0x00, 0x3f, 0x80,
	0x08, 0x00, 0x83, 0xf8, 0x20, 0x02, 0x00, 0x20, 0x42, 0x04, 0x3f, 0x80, 0x00, 0x00, 0x00, 0x3f, 0x82, 0x08, 0x20, 0x83, 0xf8, 0x20, 0x02, 0x00,
	0x20, 0x42, 0x04, 0x3f, 0x80, 0x00, 0x00, 0x00, 0x7f, 0xc4, 0x44, 0x44, 0x47, 0xfc, 0x40, 0x44, 0x00, 0x40, 0x44, 0x04, 0x3f, 0x80, 0x00, 0x00,
	0x00, 0x11, 0x07, 0xfc, 0x11, 0x07, 0xfc, 0x11, 0x03, 0xf8, 0x41, 0x43, 0xf0, 0x20, 0x83, 0xf8, 0x00, 0x00, 0x24, 0x82, 0x48, 0x7f, 0xc0, 0xa0,
	0x7f, 0xc3, 0xf8, 0x41, 0x43, 0xf0, 0x20, 0x83, 0xf8, 0x00, 0x00, 0x7b, 0xc0, 0x84, 0x7b, 0x84, 0xa4, 0x31, 0x87, 0xfc, 0x11, 0x07, 0xfc, 0x19,
	0x86, 0x04, 0x00, 0x00, 0x04, 0x00, 0x40, 0x7f, 0xc4, 0x44, 0x44, 0x44, 0x44, 0x44, 0x44, 0x44, 0x04, 0x80, 0x40, 0x00, 0x00, 0x04, 0x07, 0xfc,
	0x04, 0x03, 0xf8, 0x44, 0x44, 0x44, 0x44, 0x44, 0x44, 0x45, 0xc0, 0x40, 0x00, 0x00, 0x08, 0x07, 0xfc, 0x10, 0x01, 0x20, 0x3f, 0xc6, 0x24, 0xe2,
	0x42, 0x24, 0x22, 0xc0, 0x20, 0x00, 0x00, 0x27, 0x82, 0x48, 0x74, 0x87, 0x68, 0x76, 0x87, 0x98, 0x78, 0xa7, 0x8a, 0x28, 0xa2, 0x0c, 0x00, 0x00,
	0x30, 0x80, 0xf0, 0x79, 0xc0, 0x80, 0x77, 0xc1, 0x20, 0x2f, 0xce, 0x24, 0x22, 0x40, 0x28, 0x00, 0x00, 0x21, 0x02, 0x10, 0x71, 0xc7, 0x10, 0x71,
	0x07, 0xec, 0x78, 0x47, 0x84, 0x28, 0x42, 0xf8, 0x00, 0x00, 0x04, 0x07, 0xfc, 0x11, 0x01, 0x10, 0x6e, 0xc4, 0x44, 0x3f, 0x82, 0x48, 0x25, 0x80,
	0x40, 0x00, 0x00, 0x01, 0x02, 0x10, 0x5f, 0xc4, 0xd4, 0x75, 0x44, 0x54, 0x7d, 0x44, 0xd0, 0x49, 0x47, 0x90, 0x00, 0x00, 0x20, 0x02, 0x7c, 0x59,
	0x04, 0xfc, 0x75, 0x44, 0x54, 0x7d, 0x44, 0xd4, 0x4d, 0x47, 0x90, 0x00, 0x00, 0x04, 0x07, 0xfc, 0x7f, 0xc4, 0x88, 0x4f, 0x04, 0x40, 0x5f, 0xc6,
	0x44, 0xa4, 0x40, 0x48, 0x00, 0x00, 0x24, 0x87, 0xfc, 0x24, 0x83, 0xf8, 0x7f, 0xc4, 0x44, 0x3f, 0x82, 0x48, 0x24, 0x80, 0x50, 0x00, 0x00, 0x2f,
	0xc2, 0x04, 0x6f, 0xc6, 0xfc, 0x60, 0x07, 0xfe, 0x2f, 0xc2, 0xa4, 0x4a, 0x44, 0x28, 0x00, 0x00, 0x27, 0xc2, 0x40, 0x77, 0xc7, 0x7c, 0x74, 0x07,
	0xfe, 0x76, 0x47, 0x54, 0x25, 0x82, 0xe6, 0x00, 0x00, 0x24, 0x87, 0xfc, 0x40, 0x47, 0xfc, 0x20, 0x81, 0xf0, 0x7f, 0xc4, 0x44, 0x44, 0x40, 0x48,
	0x00, 0x00, 0x27, 0xc2, 0x82, 0x7f, 0xe7, 0xfc, 0x70, 0x07, 0xfc, 0x77, 0xc7, 0x7c, 0x28, 0x42, 0x7c, 0x00, 0x00, 0x27, 0xc2, 0x00, 0x77, 0xc7,
	0x44, 0x73, 0x87, 0xfc, 0x79, 0x47, 0xfc, 0x29, 0x42, 0xe8, 0x00, 0x00, 0x27, 0xc2, 0x84, 0x7f, 0xc7, 0xfc, 0x75, 0x47, 0x54, 0x7f, 0xc7, 0x50,
	0x25, 0x23, 0x8c, 0x00, 0x00, 0x11, 0x07, 0xfc, 0x2e, 0x83, 0xf8, 0x3f, 0x87, 0xfc, 0x35, 0x87, 0xfc, 0x24, 0x82, 0x58, 0x00, 0x00, 0x00, 0xc4,
	0x74, 0xf5, 0x8d, 0xfe, 0xd5, 0x8d, 0xfe, 0xd9, 0x4d, 0xfc, 0x49, 0x40, 0xec, 0x00, 0x00, 0x55, 0x05, 0xac, 0x77, 0x47, 0xd8, 0x55, 0xc0, 0x00,
	0x7f, 0xc4, 0x44, 0x44, 0x44, 0x48, 0x00, 0x00, 0x3f, 0x80, 0x40, 0x04, 0x07, 0xfc, 0x04, 0x00, 0x40, 0x04, 0x00, 0x40, 0x04, 0x00, 0x00, 0x00,
	0x00, 0x7f, 0xc0, 0x40, 0x24, 0x82, 0x48, 0x15, 0x07, 0xfc, 0x04, 0x00, 0x40, 0x04, 0x00, 0x40, 0x00, 0x00, 0x00, 0x03, 0xfc, 0x24, 0x04, 0x40,
	0x7f, 0x82, 0x40, 0x24, 0x05, 0xfc, 0x04, 0x00, 0x00, 0x00, 0x00, 0x04, 0x03, 0xf8, 0x04, 0x07, 0xbc, 0x11, 0x01, 0x10, 0x6e, 0xc0, 0x40, 0x3f,
	0x80, 0x40, 0x00, 0x00, 0x21, 0x8f, 0xa4, 0x24, 0x2d, 0xbc, 0x79, 0x08, 0x90, 0x7f, 0xc2, 0x10, 0x79, 0x02, 0x10, 0x00, 0x00, 0x10, 0x02, 0x7c,
	0x20, 0x44, 0x84, 0x30, 0x43, 0x04, 0x28, 0x42, 0x84, 0x5c, 0x42, 0x58, 0x00, 0x00, 0x01, 0x02, 0x10, 0x27, 0xc4, 0xa4, 0x52, 0x43, 0x24, 0x2a,
	0x44, 0xa4, 0x74, 0x40, 0x5c, 0x00, 0x00, 0x04, 0x05, 0x54, 0x6d, 0x46, 0xec, 0x75, 0x45, 0xdc, 0x6e, 0x47, 0xfc, 0x44, 0x47, 0xbc, 0x00, 0x00,
	0x24, 0x02, 0xf4, 0x75, 0x82, 0xd4, 0x7f, 0xc0, 0x28, 0x7f, 0x43, 0x28, 0x4b, 0x44, 0xcc, 0x00, 0x00, 0x04, 0x07, 0xfc, 0x40, 0x05, 0xfc, 0x41,
	0x04, 0x10, 0x41, 0x04, 0x10, 0x41, 0x00, 0x60, 0x00, 0x00, 0x04, 0x07, 0xfc, 0x40, 0x04, 0x40, 0x44, 0x04, 0x80, 0x48, 0x85, 0x08, 0x53, 0xc2,
	0xc4, 0x00, 0x00, 0x04, 0x07, 0xfc, 0x42, 0x04, 0x20, 0x5f, 0xc4, 0x20, 0x42, 0x04, 0x20, 0x42, 0x03, 0xfc, 0x00, 0x00, 0x04, 0x07, 0xfc, 0x50,
	0x05, 0x20, 0x52, 0xc5, 0xd0, 0x52, 0x05, 0x22, 0x96, 0x43, 0x9c, 0x00, 0x00, 0x04, 0x07, 0xfc, 0x42, 0x04, 0x20, 0x5f, 0xc4, 0x70, 0x4a, 0x85,
	0x2c, 0x62, 0x40, 0x20, 0x00, 0x00, 0x04, 0x07, 0xfc, 0x5f, 0x84, 0x18, 0x4e, 0x07, 0xfc, 0x42, 0x44, 0x28, 0x82, 0x00, 0xc0, 0x00, 0x00, 0x04,
	0x07, 0xfc, 0x5f, 0x85, 0x20, 0x5f, 0xc5, 0x10, 0x51, 0x05, 0xd4, 0x80, 0xc1, 0xf0, 0x00, 0x00, 0x04, 0x07, 0xbc, 0x4f, 0xc5, 0x04, 0x6f, 0x44,
	0x14, 0x5f, 0x45, 0x0a, 0x90, 0x21, 0xfc, 0x00, 0x00, 0x04, 0x07, 0xfc, 0x44, 0x04, 0x3c, 0x44, 0x04, 0x40, 0x5b, 0xc5, 0x04, 0x50, 0x41, 0xfc,
	0x00, 0x00, 0x04, 0x07, 0xfc, 0x5f, 0xc4, 0x44, 0x7f, 0xc4, 0x44, 0x5f, 0x84, 0x60, 0x49, 0x03, 0x0c, 0x00, 0x00, 0x04, 0x07, 0xfc, 0x50, 0x85,
	0xfc, 0x50, 0x87, 0x48, 0x72, 0x85, 0x28, 0x90, 0x81, 0x18, 0x00, 0x00, 0x04, 0x07, 0xfc, 0x7f, 0xc4, 0x90, 0x4f, 0x04, 0x00, 0x5f, 0x84, 0xd0,
	0x87, 0x03, 0x8c, 0x00, 0x00, 0x04, 0x07, 0xfc, 0x54, 0x85, 0x48, 0x5d, 0x46, 0x54, 0x5f, 0x84, 0x40, 0x84, 0x03, 0xfc, 0x00, 0x00, 0x04, 0x07,
	0xfc, 0x7f, 0xc4, 0x20, 0x5f, 0xc5, 0xfc, 0x52, 0x44, 0xf8, 0xbf, 0xc0, 0x20, 0x00, 0x00, 0x04, 0x07, 0xfc, 0x7b, 0xc5, 0x10, 0x51, 0x05, 0xb8,
	0x69, 0x05, 0x3c, 0x98, 0x0a, 0x7c, 0x00, 0x00, 0x04, 0x07, 0xfc, 0x7f, 0xc4, 0x90, 0x52, 0xc7, 0xf4, 0x5f, 0xc5, 0x24, 0x9f, 0xa0, 0x3c, 0x00,
	0x00, 0x04, 0x07, 0xfc, 0x48, 0x87, 0xfc, 0x48, 0x84, 0x88, 0x47, 0x05, 0xa8, 0xa9, 0x42, 0x10, 0x00, 0x00, 0x04, 0x07, 0xfc, 0x5f, 0xc4, 0x24,
	0x7f, 0xc5, 0xfc, 0x52, 0x44, 0xf8, 0x92, 0xc2, 0xe0, 0x00, 0x00, 0x04, 0x07, 0xbc, 0x5f, 0xc7, 0xfc, 0x7f, 0xc5, 0xfc, 0x62, 0x47, 0xfc, 0xbf,
	0xc2, 0x3c, 0x00, 0x00, 0x04, 0x07, 0xbc, 0x5e, 0x85, 0x54, 0x58, 0x86, 0xfc, 0x49, 0x05, 0xfc, 0x89, 0x43, 0x1c, 0x00, 0x00, 0x04, 0x07, 0xbc,
	0x7f, 0xc4, 0x90, 0x5f, 0xc7, 0xfc, 0x49, 0x45, 0xf8, 0x99, 0x82, 0x94, 0x00, 0x00, 0x04, 0x07, 0xfc, 0x49, 0xc7, 0x54, 0x7d, 0x46, 0x54, 0x7d,
	0x46, 0x54, 0xad, 0xcb, 0x10, 0x00, 0x00, 0x04, 0x07, 0xfc, 0x7f, 0xc5, 0xd4, 0x65, 0x45, 0x94, 0x7d, 0x44, 0xf4, 0xb9, 0xc9, 0x90, 0x00, 0x00,
	0x04, 0x07, 0xfc, 0x7d, 0xc4, 0x94, 0x75, 0xc7, 0xd4, 0x66, 0x45, 0xbc, 0xbe, 0x48, 0xac, 0x00, 0x00, 0x04, 0x07, 0xfc, 0x69, 0x04, 0xdc, 0x7d,
	0x46, 0xb4, 0x7d, 0x87, 0xc8, 0xb5, 0x4a, 0xe0, 0x00, 0x00, 0x00, 0x46, 0xf8, 0x21, 0x04, 0x50, 0x75, 0xc5, 0x50, 0x65, 0x02, 0xfc, 0x50, 0x00,
	0xfc, 0x00, 0x00, 0x00, 0x46, 0xf8, 0x21, 0x04, 0x10, 0x7f, 0xc5, 0x10, 0x61, 0x02, 0xfc, 0x50, 0x00, 0xfc, 0x00, 0x00, 0x02, 0x06, 0x7c, 0x3f,
	0xe4, 0x24, 0x7f, 0x85, 0xfc, 0x62, 0x02, 0xfc, 0x50, 0x00, 0xfc, 0x00, 0x00, 0x07, 0x86, 0x84, 0x2b, 0x44, 0xb4, 0x7b, 0x46, 0xb4, 0x68, 0x42,
	0xfc, 0x50, 0x00, 0xfc, 0x00, 0x00, 0x0f, 0xc6, 0x30, 0x2f, 0xc4, 0xb4, 0x7b, 0x46, 0xdc, 0x68, 0x42, 0xfc, 0x50, 0x00, 0xfc, 0x00, 0x00, 0x20,
	0x82, 0x08, 0x7f, 0xc2, 0x08, 0x20, 0x82, 0x08, 0x20, 0x82, 0x08, 0x3f, 0x82, 0x08, 0x00, 0x00, 0x08, 0x01, 0x10, 0x11, 0x87, 0xf4, 0x11, 0x07,
	0xfc, 0x11, 0x01, 0x10, 0x21, 0x04, 0x10, 0x00, 0x00, 0x3f, 0x80, 0x40, 0x3f, 0x80, 0x40, 0x7f, 0xc1, 0x10, 0x7f, 0xc1, 0x10, 0x21, 0x04, 0x10,
	0x00, 0x00, 0x55, 0x05, 0xac, 0x77, 0x47, 0xd8, 0x55, 0xc0, 0x00, 0x11, 0x07, 0xfc, 0x21, 0x04, 0x10, 0x00, 0x00, 0x02, 0x80, 0x24, 0x7f, 0x80,
	0x20, 0x7d, 0x01, 0x10, 0x11, 0x01, 0x12, 0x1c, 0xc2, 0x04, 0x00, 0x00, 0x02, 0x83, 0xe4, 0x01, 0x07, 0xfc, 0x01, 0x07, 0xd0, 0x01, 0x00, 0x12,
	0x1c, 0xc2, 0x04, 0x00, 0x00, 0x3f, 0x80, 0x08, 0x00, 0x83, 0xf8, 0x20, 0x03, 0xf8, 0x40, 0x40, 0x08, 0x00, 0x80, 0x78, 0x00, 0x00, 0x3f, 0xc0,
	0x44, 0x3f, 0xc4, 0x40, 0x7f, 0xc4, 0x44, 0x04, 0x40, 0x44, 0x04, 0x80, 0x00, 0x00, 0x00, 0x78, 0x00, 0x48, 0x04, 0x87, 0xc8, 0x40, 0x87, 0x88,
	0x44, 0x80, 0x48, 0x08, 0x83, 0x80, 0x00, 0x00, 0x0a, 0x07, 0xfc, 0x0a, 0x43, 0xfc, 0x4a, 0x04, 0xa0, 0x7f, 0xc1, 0x24, 0x12, 0xc6, 0x20, 0x00,
	0x00, 0x71, 0x00, 0x90, 0x09, 0x07, 0xa0, 0x42, 0x07, 0x24, 0x4a, 0x41, 0x44, 0x15, 0xc7, 0x22, 0x00, 0x00, 0x61, 0x01, 0x50, 0x17, 0xc7, 0xd4,
	0x45, 0x46, 0x54, 0x15, 0x41, 0x42, 0x14, 0x46, 0x7c, 0x00, 0x00, 0x11, 0x07, 0xfc, 0x04, 0x43, 0xfc, 0x44, 0x07, 0xfc, 0x44, 0x41, 0xc4, 0x65,
	0x40, 0x48, 0x00, 0x00, 0x64, 0x01, 0x7e, 0x15, 0x07, 0x90, 0x45, 0x47, 0x54, 0x15, 0x41, 0x92, 0x19, 0x26, 0x30, 0x00, 0x00, 0x61, 0x01, 0xfe,
	0x12, 0x07, 0xc4, 0x4c, 0x86, 0x50, 0x13, 0x81, 0x24, 0x15, 0xc6, 0xa2, 0x00, 0x00, 0x60, 0x41, 0xfc, 0x1a, 0x46, 0xa4, 0x4a, 0x46, 0xa4, 0x2a,
	0x42, 0xac, 0x2b, 0xc6, 0x40, 0x00, 0x00, 0x7b, 0xc0, 0x84, 0x3b, 0xc4, 0x20, 0x7b, 0xc4, 0xa4, 0x29, 0x41, 0x9c, 0x6a, 0x43, 0x98, 0x00, 0x00,
	0x67, 0xc1, 0x40, 0x17, 0xc7, 0x7c, 0x44, 0x06, 0xfe, 0x56, 0x41, 0x58, 0x15, 0x86, 0xe4, 0x00, 0x00, 0x62, 0x81, 0x44, 0x1f, 0xc7, 0x7c, 0x49,
	0x46, 0x94, 0x5f, 0xc1, 0x14, 0x11, 0x46, 0xe8, 0x00, 0x00, 0x6e, 0xc2, 0x44, 0x24, 0x46, 0xec, 0x4a, 0x86, 0xac, 0x6f, 0x42, 0xa4, 0x2e, 0x46,
	0xac, 0x00, 0x00, 0x6a, 0x41, 0x54, 0x1f, 0xc6, 0x94, 0x4f, 0xc6, 0x94, 0x27, 0x82, 0xfc, 0x21, 0x06, 0x10, 0x00, 0x00, 0x6f, 0xc2, 0x00, 0x2f,
	0xc6, 0xfc, 0x45, 0x86, 0xfc, 0x6f, 0xc2, 0xfc, 0x2f, 0xc7, 0xfc, 0x00, 0x00, 0x04, 0x02, 0x48, 0x24, 0x81, 0x50, 0x7f, 0xc0, 0x04, 0x7f, 0xc0,
	0x04, 0x00, 0x43, 0xfc, 0x00, 0x00, 0x7c, 0x42, 0x8c, 0x2b, 0x02, 0x80, 0x7e, 0xc2, 0x90, 0x28, 0x04, 0x84, 0x49, 0x80, 0x20, 0x00, 0x00, 0x04,
	0x07, 0xfc, 0x11, 0x07, 0xfc, 0x43, 0x85, 0xc0, 0x43, 0x85, 0xc0, 0x41, 0xc1, 0xe0, 0x00, 0x00, 0x04, 0x07, 0x8c, 0x55, 0x05, 0x40, 0x10, 0xc7,
	0xd0, 0x38, 0x05, 0x44, 0x51, 0x81, 0x20, 0x00, 0x00, 0x1c, 0x41, 0x18, 0x6c, 0x07, 0x84, 0x65, 0x85, 0x80, 0x48, 0xca, 0xb0, 0xa8, 0x44, 0x7c,
	0x00, 0x00, 0x7c, 0x05, 0x4c, 0x7d, 0x05, 0x40, 0x7c, 0x4b, 0xd8, 0xac, 0x0a, 0xc4, 0xb4, 0x88, 0xd0, 0x00, 0x00, 0x24, 0x02, 0x4c, 0xef, 0x06,
	0x40, 0x6e, 0x4a, 0xf8, 0xb4, 0x02, 0x44, 0x24, 0x82, 0x50, 0x00, 0x00, 0x10, 0x47, 0xcc, 0x29, 0x07, 0xc0, 0x7c, 0xc7, 0xd0, 0x44, 0x03, 0x84,
	0x7f, 0x81, 0x20, 0x00, 0x00, 0x7c, 0x04, 0x4c, 0x7d, 0x03, 0x80, 0xfc, 0xc7, 0xd0, 0x44, 0x07, 0x84, 0x55, 0x8b, 0x20, 0x00, 0x00, 0x07, 0x02,
	0x48, 0x48, 0xa2, 0x8c, 0x60, 0x0c, 0xfc, 0x44, 0x84, 0x30, 0x47, 0x81, 0x84, 0x00, 0x00, 0x01, 0x02, 0xfe, 0x49, 0x42, 0x90, 0x2e, 0xcc, 0xc8,
	0x4a, 0x85, 0x10, 0x52, 0x81, 0xc6, 0x00, 0x00, 0x06, 0x02, 0x18, 0x5f, 0xc2, 0x20, 0x22, 0x0c, 0xfc, 0x42, 0x04, 0x20, 0x42, 0x01, 0xfc, 0x00,
	0x00, 0x00, 0x02, 0xfc, 0x42, 0x02, 0xa0, 0x29, 0xcc, 0xa0, 0x4a, 0x04, 0xa0, 0x4a, 0x01, 0xfc, 0x00, 0x00, 0x0f, 0xc2, 0x04, 0x44, 0x82, 0x30,
	0x6c, 0xcc, 0x10, 0x4f, 0xc4, 0x10, 0x41, 0x01, 0xfc, 0x00, 0x00, 0x02, 0x02, 0xfc, 0x42, 0x02, 0xfe, 0x60, 0x8d, 0xfe, 0x40, 0x84, 0x48, 0x40,
	0x80, 0x18, 0x00, 0x00, 0x20, 0x06, 0xfc, 0x02, 0x42, 0xfc, 0x4f, 0xcc, 0x20, 0x5f, 0xc4, 0x20, 0x5f, 0xc0, 0x20, 0x00, 0x00, 0x22, 0x02, 0x48,
	0xc9, 0x02, 0x64, 0x5f, 0xcc, 0x40, 0x4f, 0xc5, 0x68, 0x43, 0x81, 0xc4, 0x00, 0x00, 0x23, 0x06, 0x48, 0x08, 0x43, 0x78, 0x42, 0x0c, 0xfc, 0x42,
	0x84, 0xa4, 0x52, 0x40, 0x60, 0x00, 0x00, 0x22, 0x06, 0xfc, 0x02, 0x03, 0xfc, 0x62, 0x0c, 0xa0, 0x4b, 0x85, 0xa0, 0x56, 0x01, 0x1e, 0x00, 0x00,
	0x20, 0x86, 0x48, 0x1f, 0xc2, 0x20, 0x6a, 0x0c, 0xbc, 0x4a, 0x05, 0xa0, 0x56, 0x01, 0x1e, 0x00, 0x00, 0x0f, 0xc2, 0x84, 0x4f, 0xc2, 0xfc, 0x60,
	0x0c, 0xfc, 0x5f, 0xe4, 0x48, 0x42, 0x80, 0x18, 0x00, 0x00, 0x28, 0xc4, 0xea, 0x94, 0xa3, 0xea, 0x44, 0xad, 0x4a, 0x56, 0xa5, 0x4a, 0x5e, 0xc4,
	0x08, 0x00, 0x00, 0x28, 0x06, 0xfc, 0x0f, 0xc3, 0xfc, 0x48, 0x4c, 0x7c, 0x4f, 0xc5, 0x48, 0x43, 0x01, 0xcc, 0x00, 0x00, 0x20, 0x46, 0xf8, 0x0f,
	0xc3, 0x10, 0x77, 0xcd, 0x44, 0x57, 0xc5, 0x7c, 0x54, 0x40, 0x7c, 0x00, 0x00, 0x24, 0x87, 0x70, 0x97, 0xc2, 0xf4, 0x40, 0xcc, 0xec, 0x4c, 0xc5,
	0x28, 0x55, 0x44, 0x02, 0x00, 0x00, 0x22, 0x07, 0xfc, 0x0f, 0xc3, 0x54, 0x75, 0x4c, 0xfc, 0x42, 0x05, 0x54, 0x54, 0xc0, 0x78, 0x00, 0x00, 0x24,
	0x87, 0x70, 0x97, 0xc2, 0xf4, 0x5e, 0xcc, 0x4c, 0x5e, 0xc4, 0x48, 0x5f, 0x44, 0x02, 0x00, 0x00, 0x24, 0x85, 0xf0, 0x8b, 0xc3, 0xf4, 0x5e, 0xcd,
	0x2c, 0x5e, 0xc5, 0xe8, 0x52, 0xc5, 0x72, 0x00, 0x00, 0x24, 0x87, 0x70, 0x9f, 0xc2, 0x94, 0x5b, 0x4d, 0x6c, 0x5f, 0xc4, 0xa8, 0x5b, 0x44, 0x02,
	0x00, 0x00, 0x18, 0x00, 0x70, 0x00, 0x01, 0x00, 0x50, 0x45, 0x04, 0x50, 0x49, 0x0a, 0x11, 0x00, 0xf0, 0x00, 0x00, 0x18, 0x00, 0x68, 0x10, 0x81,
	0x10, 0x51, 0x45, 0x24, 0x54, 0x49, 0x8a, 0x31, 0x04, 0xf0, 0x00, 0x00, 0x3f, 0x00, 0x08, 0x00, 0x83, 0xf8, 0x20, 0x43, 0xf8, 0x14, 0x05, 0x24,
	0x50, 0xc1, 0xf0, 0x00, 0x00, 0x3f, 0x80, 0x44, 0x38, 0x40, 0xe4, 0x30, 0x84, 0x10, 0x14, 0x05, 0x24, 0x50, 0xc1, 0xf0, 0x00, 0x00, 0x04, 0x07,
	0xfc, 0x04, 0x00, 0x40, 0x7f, 0xc1, 0x40, 0x52, 0x45, 0x04, 0x50, 0xc1, 0xf0, 0x00, 0x00, 0x04, 0x07, 0xfc, 0x20, 0x02, 0x00, 0x3f, 0xc0, 0x40,
	0x12, 0x05, 0x24, 0x50, 0xc1, 0xf0, 0x00, 0x00, 0x21, 0x02, 0x10, 0x3e, 0xcb, 0x40, 0xb4, 0x0a, 0x40, 0x24, 0x02, 0x40, 0x24, 0x02, 0x7c, 0x00,
	0x00, 0x04, 0x07, 0xfc, 0x4c, 0x04, 0x30, 0x48, 0x05, 0x84, 0x68, 0x46, 0x8c, 0xa8, 0xa0, 0x70, 0x00, 0x00, 0x04, 0x07, 0xfc, 0x44, 0x44, 0x44,
	0x7f, 0xc0, 0x40, 0x14, 0x05, 0x24, 0x50, 0xc1, 0xf0, 0x00, 0x00, 0x22, 0x02, 0xf8, 0x22, 0x4b, 0x24, 0xb2, 0x4b, 0xfe, 0x23, 0x02, 0x50, 0x2c,
	0xc3, 0x00, 0x00, 0x00, 0x0e, 0x01, 0x10, 0x7f, 0xc0, 0x00, 0x3f, 0x80, 0x10, 0x04, 0x05, 0x24, 0x50, 0xc1, 0xf0, 0x00, 0x00, 0x10, 0x02, 0xfc,
	0x49, 0x41, 0x24, 0x24, 0x40, 0x18, 0x14, 0x05, 0x24, 0x50, 0xc1, 0xf0, 0x00, 0x00, 0x20, 0x07, 0xbc, 0x4a, 0x46, 0x98, 0x19, 0x86, 0x64, 0x14,
	0x05, 0x24, 0x50, 0xc1, 0xf0, 0x00, 0x00, 0x22, 0x03, 0xfc, 0x24, 0x0b, 0x90, 0xbf, 0xcb, 0x94, 0x29, 0x42, 0x94, 0x29, 0xc2, 0x10, 0x00, 0x00,
	0x23, 0x02, 0x48, 0x28, 0x4b, 0x78, 0xa0, 0x0b, 0xfc, 0x22, 0x42, 0x24, 0x22, 0xc2, 0x20, 0x00, 0x00, 0x3f, 0x84, 0x48, 0x44, 0x87, 0xf8, 0x44,
	0x83, 0xb0, 0x14, 0x05, 0x24, 0x50, 0xc1, 0xf0, 0x00, 0x00, 0x19, 0x01, 0x08, 0x7f, 0xc3, 0xf8, 0x20, 0x83, 0xf8, 0x04, 0x05, 0x24, 0x50, 0xc1,
	0xf0, 0x00, 0x00, 0x10, 0x02, 0xf0, 0x3f, 0x84, 0x04, 0x3f, 0xc0, 0x04, 0x3f, 0x81, 0x64, 0x50, 0xc1, 0xf0, 0x00, 0x00, 0x21, 0x02, 0x90, 0x2f,
	0xcb, 0x90, 0xb1, 0x0a, 0xfc, 0x21, 0x02, 0x10, 0x21, 0x03, 0xfc, 0x00, 0x00, 0x20, 0x03, 0xbc, 0x6a, 0x41, 0xbc, 0x12, 0x46, 0x3c, 0x14, 0x05,
	0x24, 0x50, 0xc1, 0xf0, 0x00, 0x00, 0x2f, 0xc2, 0x04, 0x24, 0x8b, 0x30, 0xa6, 0xca, 0xa0, 0x2f, 0xc2, 0x20, 0x22, 0x03, 0xfc, 0x00, 0x00, 0x22,
	0x02, 0xfc, 0x22, 0x0b, 0x20, 0xaf, 0xca, 0x20, 0x24, 0x82, 0x44, 0x25, 0xc3, 0xa0, 0x00, 0x00, 0x04, 0x07, 0xfc, 0x2a, 0x82, 0xac, 0x52, 0x41,
	0x60, 0x14, 0x05, 0x24, 0x50, 0xc1, 0xf0, 0x00, 0x00, 0x03, 0x87, 0x48, 0x26, 0x82, 0x5a, 0x74, 0xa0, 0x84, 0x14, 0x05, 0x24, 0x50, 0xc1, 0xf0,
	0x00, 0x00, 0x2f, 0xc2, 0x00, 0x2f, 0xcb, 0x84, 0xb8, 0x4a, 0xfc, 0x28, 0x42, 0xfc, 0x20, 0x03, 0xfc, 0x00, 0x00, 0x20, 0x07, 0xbc, 0x4a, 0x46,
	0xa4, 0x1a, 0x46, 0x3c, 0x14, 0x05, 0x24, 0x50, 0xc1, 0xf0, 0x00, 0x00, 0x0f, 0xc2, 0x80, 0x29, 0x0a, 0xd4, 0xbd, 0x4a, 0x90, 0x33, 0x03, 0x28,
	0x34, 0x43, 0x00, 0x00, 0x00, 0x72, 0x05, 0x18, 0x52, 0x07, 0x64, 0x5a, 0x47, 0xa4, 0x5a, 0x27, 0xaa, 0x12, 0x81, 0x38, 0x00, 0x00, 0x27, 0xc2,
	0x84, 0x2f, 0xcb, 0x84, 0xb8, 0x4a, 0xf8, 0x29, 0x42, 0x98, 0x28, 0xc3, 0xe0, 0x00, 0x00, 0x3f, 0x84, 0x44, 0x5f, 0x44, 0xa4, 0x51, 0x43, 0xf8,
	0x14, 0x05, 0x24, 0x50, 0xc1, 0xf0, 0x00, 0x00, 0x11, 0x07, 0xfc, 0x11, 0x01, 0x10, 0x7f, 0xc2, 0x88, 0x4a, 0x42, 0xa8, 0x29, 0x41, 0x90, 0x00,
	0x00, 0x04, 0x03, 0xf8, 0x40, 0x87, 0xf8, 0x3f, 0x84, 0x08, 0x3f, 0x01, 0x64, 0x50, 0xc1, 0xf0, 0x00, 0x00, 0x23, 0x02, 0x48, 0x28, 0x4b, 0x78,
	0xb0, 0x0a, 0xfc, 0x28, 0x42, 0x84, 0x28, 0x42, 0xfc, 0x00, 0x00, 0x04, 0x07, 0xfc, 0x3f, 0x84, 0x48, 0x7f, 0x84, 0x48, 0x3f, 0x05, 0x24, 0x50,
	0xc1, 0xf0, 0x00, 0x00, 0x03, 0xc3, 0xc8, 0x25, 0x07, 0xfc, 0x1f, 0x06, 0x4c, 0x14, 0x05, 0x24, 0x50, 0xc1, 0xf0, 0x00, 0x00, 0x44, 0x85, 0xfc,
	0x62, 0x46, 0xfc, 0xd2, 0x0d, 0xfc, 0x52, 0x44, 0x64, 0x5a, 0x44, 0x28, 0x00, 0x00, 0x48, 0x04, 0xfc, 0x6f, 0xc5, 0xa4, 0xca, 0x4d, 0xfe, 0x4a,
	0x45, 0x24, 0x5f, 0xc4, 0x18, 0x00, 0x00, 0x2f, 0xc2, 0x20, 0x2f, 0x8b, 0x44, 0xbf, 0xca, 0x00, 0x2f, 0xc2, 0x84, 0x28, 0x42, 0xfc, 0x00, 0x00,
	0x22, 0x03, 0x7c, 0x56, 0x8d, 0x18, 0x53, 0x80, 0x46, 0x14, 0x05, 0x24, 0x50, 0xc1, 0xf0, 0x00, 0x00, 0x04, 0x07, 0xf8, 0x3f, 0x80, 0x40, 0x7f,
	0xc7, 0xfc, 0x04, 0x05, 0x44, 0x52, 0xc1, 0xf0, 0x00, 0x00, 0x00, 0x84, 0x48, 0x4f, 0xcd, 0x84, 0xd8, 0x4c, 0xf8, 0x45, 0x04, 0x52, 0x49, 0x21,
	0x1c, 0x00, 0x00, 0x22, 0x02, 0xa4, 0x29, 0x4b, 0x08, 0xb4, 0xcb, 0x34, 0x33, 0x43, 0x4c, 0x30, 0x42, 0xfc, 0x00, 0x00, 0x7f, 0xc0, 0xa0, 0x7f,
	0xc4, 0xa4, 0x3f, 0x80, 0xa0, 0x75, 0xc5, 0x24, 0x50, 0xc1, 0xf0, 0x00, 0x00, 0x0a, 0x07, 0xbc, 0x0a, 0x07, 0xbc, 0x0a, 0x07, 0x3c, 0x36, 0x01,
	0x24, 0x50, 0xc1, 0xf0, 0x00, 0x00, 0x7b, 0xc4, 0xa4, 0x7b, 0xc4, 0xa4, 0x71, 0xc4, 0xe4, 0x59, 0x46, 0x8c, 0x6a, 0x44, 0x4c, 0x00, 0x00, 0x42,
	0x04, 0x3c, 0x62, 0x07, 0xdc, 0xcf, 0xcd, 0x04, 0x4f, 0xc4, 0x20, 0x5f, 0xc4, 0x20, 0x00, 0x00, 0x22, 0x02, 0xfc, 0x2f, 0xcb, 0x20, 0xbd, 0xca,
	0xfc, 0x2f, 0xc2, 0x84, 0x2f, 0xc2, 0x9c, 0x00, 0x00, 0x42, 0x05, 0xdc, 0x6f, 0xc6, 0x84, 0xc7, 0x8c, 0xfc, 0x41, 0x85, 0xfe, 0x41, 0x04, 0x60,
	0x00, 0x00, 0x02, 0xc7, 0xfc, 0x7a, 0x44, 0x98, 0x79, 0x01, 0xec, 0x60, 0x41, 0x64, 0x50, 0xc1, 0xf0, 0x00, 0x00, 0x24, 0x02, 0xbc, 0x32, 0xca,
	0x54, 0xb9, 0x4a, 0x2c, 0x26, 0x43, 0x54, 0x34, 0xa2, 0x78, 0x00, 0x00, 0x24, 0x82, 0xfc, 0x24, 0x8b, 0x48, 0xbb, 0x4a, 0xfc, 0x28, 0x42, 0xfc,
	0x28, 0x42, 0xfc, 0x00, 0x00, 0x24, 0x82, 0xfc, 0x29, 0x0b, 0x90, 0xaf, 0xca, 0x90, 0x2f, 0xc2, 0x90, 0x29, 0x02, 0xec, 0x00, 0x00, 0x64, 0x07,
	0x7c, 0xaa, 0xc2, 0x54, 0xf9, 0x42, 0x74, 0x00, 0x81, 0x64, 0x50, 0xc1, 0xf0, 0x00, 0x00, 0x24, 0x82, 0x8c, 0x27, 0x0b, 0xfe, 0xb9, 0x8b, 0x66,
	0x28, 0x82, 0xf0, 0x20, 0xc2, 0xf0, 0x00, 0x00, 0x24, 0x02, 0xfc, 0x27, 0xcb, 0x90, 0xb2, 0xcb, 0xfc, 0x2f, 0xc2, 0x84, 0x2f, 0xc2, 0x9c, 0x00,
	0x00, 0x23, 0xc7, 0xc4, 0x37, 0xc3, 0x44, 0x6f, 0xc2, 0x7c, 0x00, 0x01, 0x64, 0x50, 0xc1, 0xf0, 0x00, 0x00, 0x11, 0x07, 0xfc, 0x08, 0x07, 0x7c,
	0x3f, 0xc5, 0x04, 0x1f, 0x81, 0x64, 0x50, 0xc1, 0xf0, 0x00, 0x00, 0x19, 0x06, 0x30, 0x7d, 0x42, 0x98, 0x6a, 0x80, 0x46, 0x14, 0x05, 0x24, 0x50,
	0xc1, 0xf0, 0x00, 0x00, 0x0e, 0x03, 0xf8, 0xc0, 0x47, 0xa4, 0x7a, 0x47, 0xa4, 0x59, 0xc0, 0x40, 0x52, 0xc1, 0xf0, 0x00, 0x00, 0x23, 0x02, 0x48,
	0x2f, 0xcb, 0x00, 0xbf, 0x4a, 0xf4, 0x33, 0x42, 0xf4, 0x32, 0x42, 0x6c, 0x00, 0x00, 0x04, 0x07, 0xfc, 0x11, 0x06, 0xec, 0x3f, 0x83, 0xf8, 0x3f,
	0x81, 0x40, 0x52, 0xc1, 0xf0, 0x00, 0x00, 0x3f, 0x82, 0x48, 0x3f, 0x83, 0xf8, 0x7f, 0xc4, 0x54, 0x5a, 0xc1, 0x64, 0x50, 0xc1, 0xf0, 0x00, 0x00,
	0x03, 0xc3, 0xc8, 0x7f, 0xc5, 0x44, 0x31, 0x84, 0xe4, 0x3f, 0x85, 0xb0, 0x0e, 0x07, 0x1c, 0x00, 0x00, 0x02, 0xc7, 0xfc, 0x7e, 0x05, 0xd8, 0x65,
	0x05, 0xec, 0x00, 0x41, 0x64, 0x50, 0xc1, 0xf0, 0x00, 0x00, 0x11, 0x07, 0xfc, 0x21, 0x04, 0xa8, 0x39, 0x43, 0xbc, 0x44, 0x05, 0x44, 0x50, 0xc1,
	0xf0, 0x00, 0x00, 0x22, 0x05, 0xbc, 0x22, 0x47, 0x98, 0x7b, 0x87, 0xa0, 0x5b, 0xc1, 0x60, 0x50, 0xc1, 0xf0, 0x00, 0x00, 0x48, 0x85, 0xfc, 0x62,
	0x07, 0xfc, 0xc8, 0x0c, 0xfc, 0x4a, 0x84, 0xaa, 0x4a, 0xa5, 0x2c, 0x00, 0x00, 0x02, 0x05, 0xfc, 0x4f, 0xce, 0xfc, 0xd8, 0x4c, 0xfc, 0x4f, 0xc5,
	0xfe, 0x44, 0x81, 0x84, 0x00, 0x00, 0x11, 0x07, 0xfc, 0x2e, 0x83, 0xf8, 0x3f, 0x87, 0xfc, 0x31, 0x84, 0xac, 0x2a, 0x45, 0x94, 0x00, 0x00, 0x0f,
	0xc2, 0x84, 0x2f, 0xcb, 0x78, 0xbf, 0xeb, 0xfc, 0x2f, 0xc2, 0x48, 0x23, 0x03, 0xce, 0x00, 0x00, 0x2f, 0xc3, 0x24, 0x3f, 0xca, 0xd8, 0xbf, 0xcb,
	0xfc, 0x3f, 0xc3, 0xfc, 0x24, 0x83, 0x84, 0x00, 0x00, 0x00, 0x07, 0xbc, 0x7b, 0xc7, 0xbc, 0x7f, 0xc7, 0xfc, 0x7f, 0xc1, 0x60, 0x50, 0xc1, 0xf0,
	0x00, 0x00, 0x4d, 0xc5, 0x34, 0x53, 0x47, 0xf4, 0xd3, 0xed, 0xc8, 0x54, 0x85, 0x7a, 0x5a, 0xa4, 0x44, 0x00, 0x00, 0x07, 0x83, 0xfc, 0x49, 0x45,
	0xe4, 0x5f, 0x85, 0x24, 0x5f, 0xc4, 0xd8, 0x6a, 0xc2, 0xf8, 0x00, 0x00, 0x7c, 0x44, 0x7c, 0x7a, 0x45, 0x94, 0x79, 0x4a, 0x44, 0x10, 0x81, 0x64,
	0x50, 0xc1, 0xf0, 0x00, 0x00, 0x04, 0x07, 0xbc, 0x7f, 0xc7, 0xfc, 0x7f, 0xc6, 0xac, 0x6f, 0x47, 0xf8, 0x86, 0x03, 0x9e, 0x00, 0x00, 0x28, 0x04,
	0xfc, 0x33, 0x44, 0xd4, 0x79, 0x84, 0xa4, 0x70, 0x01, 0x64, 0x50, 0xc1, 0xf0, 0x00, 0x00, 0x7f, 0xc0, 0x40, 0x3f, 0x83, 0xf8, 0x7f, 0xc7, 0x1c,
	0x4f, 0x47, 0x18, 0x0e, 0x07, 0x1c, 0x00, 0x00, 0x08, 0x83, 0xfc, 0x32, 0x4b, 0xfc, 0xbf, 0xca, 0x00, 0x2f, 0xc2, 0xfc, 0x28, 0x42, 0xfc, 0x00,
	0x00, 0x4a, 0x44, 0x68, 0x7f, 0xe6, 0x68, 0xda, 0x6c, 0xec, 0x5b, 0x84, 0x58, 0x4b, 0xe5, 0x00, 0x00, 0x00, 0x20, 0x02, 0xfc, 0x3f, 0xea, 0x00,
	0xbf, 0xca, 0xfc, 0x2f, 0xc2, 0xfc, 0x24, 0x83, 0x86, 0x00, 0x00, 0x42, 0x05, 0xfc, 0x64, 0x87, 0xb4, 0xcf, 0xcc, 0xfc, 0x4f, 0xc4, 0x20, 0x4f,
	0xc5, 0xfc, 0x00, 0x00, 0x19, 0x06, 0x3c, 0x7c, 0x42, 0x7c, 0x5b, 0xc4, 0xc4, 0x33, 0x81, 0x64, 0x50, 0xc1, 0xf0, 0x00, 0x00, 0x04, 0x07, 0xfc,
	0x7f, 0xc3, 0xf8, 0x7f, 0xc7, 0xfc, 0x7f, 0xc1, 0x40, 0x50, 0xc1, 0xf0, 0x00, 0x00, 0x42, 0x05, 0xfc, 0x65, 0x07, 0xac, 0xdf, 0xcd, 0xfc, 0x5f,
	0xc4, 0x24, 0x59, 0xc4, 0x7a, 0x00, 0x00, 0x41, 0x45, 0xfc, 0x7f, 0x47, 0xf4, 0xda, 0xad, 0xfa, 0x50, 0x45, 0xb4, 0x58, 0xc4, 0x7a, 0x00, 0x00,
	0x0b, 0xc7, 0x44, 0x5f, 0xc7, 0xbc, 0x6c, 0xc3, 0xb4, 0x58, 0x01, 0x64, 0x50, 0xc1, 0xf0, 0x00, 0x00, 0x42, 0x05, 0xfc, 0x5f, 0xc5, 0x54, 0xdf,
	0xcc, 0x20, 0x4d, 0xc4, 0xd4, 0x55, 0x85, 0xe6, 0x00, 0x00, 0x36, 0x85, 0x7e, 0x29, 0x45, 0xec, 0x5e, 0xc4, 0x6c, 0x59, 0x21, 0x64, 0x50, 0xc1,
	0xf0, 0x00, 0x00, 0x39, 0xc7, 0xb4, 0x7a, 0x87, 0x94, 0x7b, 0xa6, 0xb4, 0x25, 0x01, 0x60, 0x50, 0xc1, 0xf0, 0x00, 0x00, 0x05, 0x80, 0x48, 0x7f,
	0x44, 0x40, 0x42, 0x84, 0x28, 0x43, 0x04, 0x32, 0x4d, 0xc1, 0x0c, 0x00, 0x00, 0x02, 0x87, 0xfc, 0x02, 0x01, 0x24, 0x12, 0x87, 0xd8, 0x11, 0x02,
	0x12, 0x26, 0xc4, 0x84, 0x00, 0x00, 0x02, 0x83, 0xfc, 0x42, 0x07, 0xa4, 0x4a, 0x84, 0xa8, 0x49, 0x07, 0xb2, 0x44, 0xc0, 0x84, 0x00, 0x00, 0x0a,
	0x87, 0x24, 0x12, 0x47, 0xfc, 0x12, 0x41, 0x58, 0x79, 0x81, 0x12, 0x16, 0xc6, 0x04, 0x00, 0x00, 0x02, 0x87, 0xfc, 0x02, 0x02, 0xa4, 0x2a, 0x87,
	0xd8, 0x29, 0x02, 0x92, 0x46, 0xc4, 0x84, 0x00, 0x00, 0x02, 0xc7, 0xfc, 0x02, 0x07, 0xa4, 0x4a, 0x84, 0x98, 0x31, 0x01, 0xf2, 0x64, 0xc0, 0x84,
	0x00, 0x00, 0x02, 0x87, 0xfc, 0x52, 0x05, 0xd4, 0x51, 0x86, 0xd8, 0x4d, 0x86, 0x9a, 0x6a, 0xc1, 0xc4, 0x00, 0x00, 0x01, 0x07, 0x94, 0x21, 0x05,
	0xbc, 0x79, 0x44, 0x94, 0x79, 0x82, 0x1a, 0x7a, 0xa2, 0x44, 0x00, 0x00, 0x45, 0x05, 0x54, 0x7d, 0x05, 0x7c, 0x7d, 0x45, 0x54, 0x38, 0x8f, 0xda,
	0x12, 0xa1, 0x44, 0x00, 0x00, 0x1d, 0x01, 0x14, 0x6d, 0x07, 0xbc, 0x65, 0x45, 0x94, 0x5c, 0x8b, 0xca, 0x9d, 0xa6, 0x24, 0x00, 0x00, 0x10, 0x87,
	0xd4, 0x7f, 0xc7, 0xd0, 0x7d, 0x47, 0xd4, 0x7d, 0x87, 0xda, 0x29, 0xc4, 0x24, 0x00, 0x00, 0x7f, 0x83, 0xf8, 0x20, 0x82, 0x08, 0x3f, 0x82, 0x08,
	0x20, 0x04, 0x00, 0x40, 0x00, 0x00, 0x00, 0x00, 0x7f, 0xc0, 0x00, 0x3f, 0xc4, 0x04, 0x3f, 0x84, 0x20, 0x7f, 0xc4, 0x60, 0x59, 0x82, 0x04, 0x00,
	0x00, 0x7f, 0xc0, 0x00, 0x3f, 0xc4, 0x04, 0x7f, 0x83, 0xfc, 0x48, 0x04, 0xfc, 0x50, 0x82, 0x38, 0x00, 0x00, 0x00, 0x47, 0xb8, 0x7a, 0x04, 0xbc,
	0x4a, 0x87, 0xa8, 0x44, 0x84, 0x48, 0x44, 0x80, 0x08, 0x00, 0x00, 0x7f, 0xc0, 0x00, 0x7f, 0xc4, 0x04, 0x7f, 0x87, 0xfc, 0x55, 0x44, 0xc4, 0x77,
	0x40, 0xcc, 0x00, 0x00, 0x7f, 0xc0, 0x00, 0x7f, 0xc4, 0x04, 0x7f, 0x85, 0xdc, 0x5d, 0x04, 0x5c, 0x79, 0xc1, 0x90, 0x00, 0x00, 0x00, 0x87, 0xf0,
	0x04, 0x07, 0xfc, 0x04, 0x00, 0x40, 0x7f, 0xc0, 0x40, 0x04, 0x01, 0xc0, 0x00, 0x00, 0x02, 0x00, 0x20, 0x7f, 0xc0, 0x20, 0x03, 0x80, 0xe0, 0x72,
	0x00, 0x20, 0x02, 0x00, 0xe0, 0x00, 0x00, 0x20, 0x02, 0x7c, 0x70, 0x82, 0x08, 0x20, 0x83, 0x08, 0x60, 0x82, 0x08, 0x20, 0x86, 0x38, 0x00, 0x00,
	0x21, 0x02, 0x20, 0x72, 0x02, 0x20, 0x22, 0x03, 0x48, 0x64, 0x42, 0x44, 0x2b, 0xc6, 0x42, 0x00, 0x00, 0x20, 0x42, 0xf8, 0x72, 0x02, 0x20, 0x22,
	0x67, 0xf8, 0x22, 0x02, 0x24, 0x22, 0x46, 0x3c, 0x00, 0x00, 0x23, 0x02, 0x48, 0xf8, 0x82, 0x84, 0x37, 0xe3, 0x24, 0xe4, 0x42, 0x44, 0x28, 0x47,
	0x38, 0x00, 0x00, 0x2f, 0x82, 0x48, 0x74, 0x82, 0x4c, 0x26, 0x43, 0xa4, 0x69, 0x82, 0x98, 0x32, 0x47, 0x42, 0x00, 0x00, 0x21, 0x02, 0xfc, 0xf1,
	0x02, 0x10, 0x21, 0x03, 0xfc, 0xe3, 0x02, 0x30, 0x2c, 0xc7, 0x00, 0x00, 0x00, 0x29, 0x02, 0x90, 0xe9, 0x42, 0xf8, 0x29, 0x03, 0x90, 0xe9, 0x22,
	0x92, 0x2f, 0x25, 0x1c, 0x00, 0x00, 0x3f, 0x80, 0x18, 0x06, 0x07, 0x54, 0x1f, 0x43, 0xf8, 0x24, 0x85, 0xf4, 0x84, 0x21, 0xc0, 0x00, 0x00, 0x21,
	0x02, 0xfc, 0x71, 0x02, 0x10, 0x2e, 0xc3, 0x44, 0x64, 0x82, 0x30, 0x26, 0x87, 0x84, 0x00, 0x00, 0x21, 0x02, 0x54, 0x75, 0x42, 0x94, 0x29, 0x23,
	0x14, 0x62, 0x42, 0x08, 0x23, 0x06, 0xc0, 0x00, 0x00, 0x20, 0x02, 0xfc, 0x7a, 0x42, 0xa4, 0x2f, 0xc7, 0x84, 0x28, 0x02, 0x82, 0x28, 0x44, 0xfc,
	0x00, 0x00, 0x42, 0x04, 0xdc, 0xf1, 0x45, 0x14, 0x51, 0x47, 0x14, 0xd1, 0x44, 0xd4, 0x51, 0xcc, 0x10, 0x00, 0x00, 0x27, 0x02, 0x48, 0x74, 0xa2,
	0x8e, 0x20, 0x03, 0xfc, 0x64, 0x82, 0x30, 0x27, 0x87, 0x84, 0x00, 0x00, 0x22, 0x03, 0xfe, 0x70, 0x02, 0x78, 0x24, 0x83, 0x48, 0xe4, 0x82, 0x8a,
	0x28, 0xad, 0x0c, 0x00, 0x00, 0x20, 0x42, 0x78, 0x74, 0x02, 0x7c, 0x24, 0x83, 0x48, 0x68, 0x82, 0x88, 0x28, 0x86, 0x08, 0x00, 0x00, 0x24, 0x03,
	0xfe, 0xf4, 0x02, 0x7c, 0x28, 0x43, 0xc8, 0x6a, 0x83, 0x10, 0x36, 0x84, 0x84, 0x00, 0x00, 0x20, 0x02, 0x7c, 0x74, 0x42, 0x44, 0x27, 0xc3, 0x90,
	0x69, 0x02, 0x88, 0x28, 0x46, 0x04, 0x00, 0x00, 0x21, 0x02, 0xfe, 0x79, 0x42, 0x90, 0x2e, 0xc2, 0xc8, 0x6a, 0x83, 0x10, 0x32, 0x85, 0xc6, 0x00,
	0x00, 0x08, 0x04, 0xfc, 0xf8, 0x45, 0x74, 0x41, 0x42, 0xf4, 0xc8, 0xc4, 0x82, 0x48, 0x4c, 0xfc, 0x00, 0x00, 0x20, 0xc2, 0xf0, 0x79, 0x02, 0x90,
	0x2f, 0xc2, 0x90, 0x68, 0xa3, 0xea, 0x20, 0x44, 0xf8, 0x00, 0x00, 0x21, 0x02, 0xfc, 0xf1, 0x02, 0x10, 0x2f, 0xc7, 0x30, 0x25, 0x82, 0xd4, 0x39,
	0x46, 0x10, 0x00, 0x00, 0x0f, 0xc4, 0xa4, 0xea, 0x44, 0xfc, 0x4a, 0x42, 0xa4, 0xcf, 0xc4, 0x20, 0x42, 0x0c, 0x00, 0x00, 0x00, 0x00, 0x04, 0x20,
	0xef, 0xc4, 0xa4, 0x4a, 0x42, 0xfc, 0xca, 0x44, 0xa4, 0x4f, 0xcc, 0x80, 0x00, 0x00, 0x27, 0x82, 0x84, 0x78, 0x42, 0xfc, 0x28, 0x43, 0x84, 0x6f,
	0xc2, 0x00, 0x20, 0x06, 0xfc, 0x00, 0x00, 0x21, 0x02, 0x20, 0xfd, 0xc2, 0x84, 0x28, 0x43, 0xfc, 0xe8, 0x42, 0x84, 0x2f, 0xc6, 0x84, 0x00, 0x00,
	0x27, 0xc2, 0x84, 0x78, 0x42, 0xfc, 0x20, 0x03, 0xfc, 0x62, 0x42, 0x44, 0x24, 0x46, 0x9c, 0x00, 0x00, 0x27, 0xc2, 0x80, 0xf8, 0x02, 0xfc, 0x28,
	0x43, 0x84, 0x6f, 0xc2, 0x80, 0x28, 0x06, 0xfc, 0x00, 0x00, 0x20, 0x02, 0xfc, 0x74, 0x02, 0x40, 0x24, 0x07, 0xfc, 0x3c, 0x42, 0x44, 0x24, 0x46,
	0x7c, 0x00, 0x00, 0x24, 0x02, 0x7c, 0xf8, 0x42, 0xf4, 0x29, 0x43, 0x94, 0xe7, 0x42, 0x04, 0x20, 0x4c, 0x1c, 0x00, 0x00, 0x01, 0x04, 0x94, 0xe9,
	0x44, 0x94, 0x4f, 0xc2, 0x10, 0xc9, 0x44, 0x94, 0x4f, 0xcc, 0x80, 0x00, 0x00, 0x27, 0xc2, 0x24, 0x72, 0x42, 0x64, 0x2c, 0xc3, 0x7c, 0x68, 0x42,
	0x84, 0x28, 0x46, 0x7c, 0x00, 0x00, 0x20, 0x02, 0x7c, 0x71, 0x02, 0x7c, 0x21, 0x03, 0x7c, 0x61, 0x02, 0xfc, 0x21, 0x06, 0x10, 0x00, 0x00, 0x40,
	0x05, 0xdc, 0xf5, 0x45, 0x54, 0x55, 0x46, 0xe6, 0xca, 0x64, 0xa6, 0x56, 0x0c, 0x1e, 0x00, 0x00, 0x21, 0x02, 0x7c, 0x78, 0x02, 0x90, 0x29, 0x03,
	0xa0, 0x6a, 0x42, 0xa4, 0x2b, 0xc6, 0x40, 0x00, 0x00, 0x20, 0x42, 0xf8, 0xf2, 0x02, 0xfc, 0x22, 0x03, 0xfc, 0x68, 0x42, 0x84, 0x28, 0x44, 0xfc,
	0x00, 0x00, 0x20, 0xc2, 0x0c, 0x7f, 0x82, 0x08, 0x2e, 0x83, 0x48, 0x64, 0x82, 0x5a, 0x2e, 0xa6, 0x04, 0x00, 0x00, 0x24, 0x82, 0x88, 0x1f, 0x07,
	0xfc, 0x11, 0x07, 0xec, 0x3f, 0x80, 0x40, 0x7f, 0xc1, 0xc0, 0x00, 0x00, 0x25, 0x02, 0x94, 0xfa, 0x82, 0x54, 0x26, 0x03, 0x7c, 0x68, 0x42, 0x38,
	0x23, 0x06, 0xc0, 0x00, 0x00, 0x02, 0x04, 0xfc, 0xe2, 0x85, 0xfe, 0x46, 0x07, 0xfc, 0x4f, 0xc4, 0x84, 0x40, 0x44, 0x38, 0x00, 0x00, 0x23, 0x02,
	0x48, 0x7c, 0x42, 0x7c, 0x20, 0x03, 0xfc, 0x68, 0x42, 0x84, 0x28, 0x46, 0xfc, 0x00, 0x00, 0x21, 0x02, 0xfc, 0x71, 0x02, 0xfe, 0x20, 0x83, 0xfe,
	0x60, 0x82, 0x48, 0x22, 0x86, 0x18, 0x00, 0x00, 0x20, 0x02, 0xfc, 0x78, 0x42, 0x7c, 0x20, 0x03, 0x7c, 0x68, 0x42, 0xfc, 0x28, 0x46, 0x7c, 0x00,
	0x00, 0x02, 0x05, 0xfc, 0xf2, 0x44, 0x40, 0x5f, 0xc6, 0x88, 0xcd, 0x04, 0x30, 0x46, 0x8d, 0x84, 0x00, 0x00, 0x25, 0x03, 0x54, 0xfd, 0x42, 0x58,
	0x25, 0x07, 0xdc, 0x35, 0x02, 0x52, 0x29, 0x2d, 0x1c, 0x00, 0x00, 0x24, 0x81, 0x50, 0x7f, 0xc1, 0x30, 0x6c, 0xc3, 0xf8, 0x04, 0x0f, 0xfe, 0x04,
	0x01, 0xc0, 0x00, 0x00, 0x20, 0x02, 0xfc, 0xfa, 0x42, 0xa4, 0x22, 0x06, 0xfe, 0x23, 0x02, 0x48, 0x28, 0xc7, 0x00, 0x00, 0x00, 0x04, 0x84, 0x44,
	0xef, 0xc4, 0x40, 0x4b, 0xc7, 0x20, 0x5f, 0xe4, 0x30, 0x44, 0x8d, 0x86, 0x00, 0x00, 0x22, 0x02, 0xa8, 0xfa, 0x82, 0xec, 0x36, 0xc7, 0x20, 0x2f,
	0xc2, 0x20, 0x22, 0x05, 0xfc, 0x00, 0x00, 0x2f, 0xc2, 0x80, 0xff, 0xc2, 0x80, 0x2f, 0xc3, 0xd0, 0xf5, 0x43, 0x48, 0x35, 0x45, 0xe0, 0x00, 0x00,
	0x40, 0x44, 0xf8, 0xe8, 0x85, 0x08, 0x5f, 0xc7, 0x48, 0xd8, 0x84, 0xbc, 0x5c, 0x0d, 0x3e, 0x00, 0x00, 0x04, 0x04, 0xb8, 0xe9, 0x05, 0xec, 0x4a,
	0x42, 0xfc, 0xc5, 0x04, 0x52, 0x49, 0x2d, 0x1c, 0x00, 0x00, 0x00, 0xc4, 0xf0, 0xef, 0xe4, 0x20, 0x4f, 0xc2, 0xfc, 0xca, 0x44, 0xfc, 0x42, 0x04,
	0x00, 0x00, 0x00, 0x27, 0xc2, 0x84, 0x78, 0x42, 0xfc, 0x21, 0x03, 0x90, 0x69, 0xc2, 0x90, 0x37, 0x07, 0x1e, 0x00, 0x00, 0x0c, 0x05, 0x34, 0xf3,
	0x44, 0xf4, 0x49, 0x43, 0xf4, 0xcb, 0x44, 0xa4, 0x52, 0x4d, 0x6c, 0x00, 0x00, 0x02, 0xc5, 0xfc, 0xe2, 0x05, 0xfc, 0x52, 0x43, 0xfc, 0xd2, 0x45,
	0xfc, 0x52, 0x4c, 0x0c, 0x00, 0x00, 0x0a, 0x04, 0x9c, 0xea, 0x05, 0xfe, 0x42, 0x82, 0xa4, 0x50, 0x24, 0x28, 0x43, 0x05, 0xc0, 0x00, 0x00, 0x00,
	0x04, 0xfc, 0xea, 0x44, 0xfc, 0x4f, 0xc2, 0x20, 0x4d, 0xc4, 0x48, 0x43, 0x05, 0xcc, 0x00, 0x00, 0x42, 0x05, 0xfc, 0xef, 0xc4, 0x50, 0x5f, 0xe6,
	0xa8, 0xd7, 0xc4, 0x20, 0x4f, 0xcc, 0x20, 0x00, 0x00, 0x03, 0x04, 0x48, 0xea, 0x44, 0x78, 0x42, 0x02, 0xdc, 0xcf, 0xc4, 0x84, 0x48, 0x44, 0xfc,
	0x00, 0x00, 0x2f, 0xc2, 0x84, 0xff, 0xc2, 0x90, 0x2f, 0xe3, 0x90, 0xf7, 0xc3, 0x44, 0x34, 0x45, 0x7c, 0x00, 0x00, 0x02, 0x44, 0xa8, 0xef, 0xc4,
	0x50, 0x5f, 0xe2, 0xfc, 0xd0, 0xa4, 0xf8, 0x48, 0x4c, 0xfc, 0x00, 0x00, 0x22, 0x02, 0xfc, 0xff, 0xc2, 0x24, 0x2f, 0xc3, 0xfc, 0xea, 0x02, 0x9c,
	0x2e, 0x05, 0x1c, 0x00, 0x00, 0x02, 0x05, 0xfc, 0xe5, 0x04, 0x88, 0x57, 0x44, 0x00, 0x6f, 0xc4, 0xa8, 0x52, 0x44, 0x60, 0x00, 0x00, 0x03, 0x04,
	0x48, 0xff, 0xc4, 0x00, 0x4f, 0xc3, 0x08, 0x42, 0x05, 0x44, 0x54, 0xc4, 0x78, 0x00, 0x00, 0x0f, 0xc4, 0x04, 0xe7, 0xc4, 0xfc, 0x40, 0x03, 0xfe,
	0xcf, 0xc4, 0xa4, 0x4a, 0x44, 0x28, 0x00, 0x00, 0x20, 0xc2, 0xf4, 0xfa, 0x42, 0xfc, 0x30, 0x43, 0xfc, 0x64, 0x82, 0x30, 0x27, 0x85, 0x84, 0x00,
	0x00, 0x24, 0x87, 0xfc, 0x7f, 0xc2, 0x08, 0x1f, 0x03, 0xf8, 0x7f, 0xc0, 0x40, 0x7f, 0xc1, 0xc0, 0x00, 0x00, 0x20, 0x02, 0x50, 0xed, 0xc2, 0x50,
	0x3c, 0xc3, 0x50, 0xed, 0x03, 0x5c, 0x25, 0x04, 0x80, 0x00, 0x00, 0x2f, 0xc2, 0x84, 0xff, 0xc2, 0x90, 0x2d, 0x43, 0x54, 0xf3, 0x83, 0x54, 0x35,
	0x45, 0x6c, 0x00, 0x00, 0x44, 0x85, 0xf8, 0xe4, 0x84, 0x48, 0x4a, 0xc6, 0x4a, 0xdf, 0x84, 0x48, 0x47, 0x8d, 0x88, 0x00, 0x00, 0x02, 0x05, 0xfe,
	0xef, 0xc4, 0x84, 0x48, 0x42, 0xfc, 0xc2, 0x84, 0xa4, 0x5a, 0x44, 0x60, 0x00, 0x00, 0x20, 0x42, 0xf8, 0xfa, 0x42, 0x94, 0x22, 0x07, 0xfc, 0x23,
	0x02, 0x68, 0x2a, 0x46, 0x20, 0x00, 0x00, 0x0f, 0xc5, 0x54, 0xe5, 0x04, 0x9c, 0x42, 0x03, 0xfc, 0x47, 0x04, 0x68, 0x5a, 0x44, 0x20, 0x00, 0x00,
	0x02, 0x05, 0xfc, 0xf4, 0x85, 0xfc, 0x40, 0x03, 0xfe, 0x48, 0x84, 0xf0, 0x47, 0x8d, 0x84, 0x00, 0x00, 0x02, 0x02, 0xfc, 0xfb, 0x02, 0x50, 0x2d,
	0xc3, 0x00, 0x67, 0x82, 0x20, 0x42, 0x04, 0xfc, 0x00, 0x00, 0x24, 0x82, 0x7c, 0x79, 0x03, 0x90, 0x2f, 0xc3, 0x90, 0x6f, 0xc2, 0x90, 0x29, 0x06,
	0xec, 0x00, 0x00, 0x02, 0x05, 0xfc, 0xe6, 0x84, 0xa4, 0x57, 0xe5, 0x24, 0xff, 0xc4, 0xfe, 0x42, 0x2c, 0x3c, 0x00, 0x00, 0x04, 0x85, 0xfc, 0xf4,
	0x84, 0x48, 0x4b, 0x46, 0xfc, 0x48, 0x44, 0xfc, 0x48, 0x4c, 0xfc, 0x00, 0x00, 0x4f, 0xc7, 0xac, 0x4b, 0x44, 0x34, 0x4f, 0xce, 0x74, 0x4a, 0xc5,
	0x24, 0xc2, 0xc0, 0x00, 0x00, 0x00, 0x2f, 0xc2, 0x84, 0xff, 0xc2, 0xfc, 0x24, 0x03, 0xfc, 0x6b, 0x42, 0xcc, 0x2f, 0x4c, 0x1c, 0x00, 0x00, 0x5f,
	0xc5, 0x04, 0xf7, 0xc5, 0x24, 0x57, 0xc7, 0x2c, 0xd2, 0xc5, 0xfc, 0x50, 0x4d, 0xf8, 0x00, 0x00, 0x2f, 0xc2, 0x04, 0xf6, 0x82, 0x78, 0x29, 0x43,
	0xfc, 0xe9, 0x42, 0xf8, 0x21, 0x45, 0xe8, 0x00, 0x00, 0x04, 0x85, 0xfe, 0xe0, 0x05, 0xf4, 0x53, 0x43, 0xf4, 0xd3, 0x45, 0xe4, 0x52, 0x4d, 0x6c,
	0x00, 0x00, 0x24, 0x82, 0xfc, 0x74, 0x82, 0x7c, 0x2a, 0x43, 0xa4, 0x6f, 0xc2, 0xa4, 0x2a, 0x46, 0xdc, 0x00, 0x00, 0x27, 0xc2, 0x84, 0x7f, 0xc2,
	0x84, 0x27, 0x86, 0xfc, 0x2a, 0x02, 0x9c, 0x2e, 0x07, 0x1c, 0x00, 0x00, 0x0f, 0xc4, 0x84, 0xef, 0xc5, 0xfe, 0x48, 0x43, 0xfc, 0xc8, 0x44, 0xfc,
	0x5f, 0xcc, 0x04, 0x00, 0x00, 0x0f, 0xc4, 0x84, 0xef, 0xc4, 0xfc, 0x4f, 0xc2, 0x40, 0x4b, 0xc5, 0x54, 0x49, 0x4c, 0x2c, 0x00, 0x00, 0x07, 0x04,
	0x88, 0xff, 0xc5, 0x54, 0x55, 0x42, 0x8c, 0xdf, 0xc4, 0x20, 0x45, 0x8d, 0x86, 0x00, 0x00, 0x2f, 0xc2, 0x84, 0xff, 0xc2, 0xfc, 0x2a, 0x83, 0x5c,
	0xf3, 0x03, 0x7c, 0x31, 0x05, 0xfe, 0x00, 0x00, 0x0f, 0xc5, 0x24, 0xff, 0xc4, 0xfc, 0x4a, 0x42, 0xfc, 0x4a, 0x44, 0x78, 0x5f, 0xe4, 0x20, 0x00,
	0x00, 0x20, 0xc2, 0xf4, 0xfa, 0x42, 0xfc, 0x2f, 0xc3, 0x40, 0xeb, 0xc2, 0xa8, 0x33, 0x84, 0xc4, 0x00, 0x00, 0x20, 0x42, 0xfc, 0xfa, 0x42, 0x08,
	0x2f, 0x46, 0x20, 0x2f, 0xc2, 0xa4, 0x2a, 0x44, 0xdc, 0x00, 0x00, 0x0f, 0xc4, 0x84, 0xef, 0xc4, 0xfc, 0x50, 0x43, 0xfc, 0xcf, 0xc4, 0xfc, 0x44,
	0x8d, 0x86, 0x00, 0x00, 0x49, 0x85, 0xd4, 0xfd, 0x65, 0xe6, 0x54, 0x0d, 0xdc, 0x5d, 0x45, 0xc8, 0x5d, 0x4c, 0x62, 0x00, 0x00, 0x04, 0x83, 0xfe,
	0xf6, 0x82, 0x50, 0x28, 0xc3, 0x72, 0x6f, 0xc2, 0x84, 0x48, 0x44, 0xfc, 0x00, 0x00, 0x24, 0x82, 0xfc, 0xff, 0xc3, 0x90, 0x2f, 0xc3, 0x6c, 0x6f,
	0x82, 0x4c, 0x24, 0x45, 0x9c, 0x00, 0x00, 0x02, 0x02, 0xfc, 0x75, 0x02, 0x5c, 0x2c, 0x03, 0x7e, 0x6a, 0x03, 0x3c, 0x43, 0xc4, 0x20, 0x00, 0x00,
	0x2f, 0xc2, 0x84, 0xff, 0xc2, 0xfc, 0x29, 0xe2, 0x60, 0xec, 0xc2, 0x00, 0x24, 0x8d, 0x84, 0x00, 0x00, 0x02, 0x04, 0xdc, 0xf4, 0x85, 0xb4, 0x57,
	0xc3, 0x24, 0x55, 0xc5, 0x4c, 0x57, 0x44, 0x0c, 0x00, 0x00, 0x04, 0x07, 0xbc, 0x7f, 0xc5, 0x98, 0x62, 0x45, 0xfc, 0x7f, 0xc4, 0x20, 0xbf, 0xc0,
	0xe0, 0x00, 0x00, 0x04, 0x85, 0xfc, 0xef, 0xc4, 0x84, 0x4f, 0xc2, 0xfc, 0xc2, 0x05, 0xfc, 0x45, 0x0d, 0x8c, 0x00, 0x00, 0x1d, 0xc5, 0x34, 0xea,
	0x45, 0xbc, 0x46, 0x46, 0xfc, 0x48, 0x44, 0xfc, 0x48, 0x4c, 0xfc, 0x00, 0x00, 0x13, 0x86, 0xaa, 0x7c, 0x47, 0xbc, 0xff, 0x80, 0xfc, 0x34, 0x03,
	0xf8, 0x7f, 0xc1, 0xc0, 0x00, 0x00, 0x4a, 0x85, 0xf0, 0xeb, 0xc5, 0xf4, 0x4e, 0xc7, 0x2c, 0xde, 0xc5, 0xe8, 0x52, 0xcd, 0x72, 0x00, 0x00, 0x00,
	0xc4, 0xec, 0xfb, 0xc5, 0x48, 0x4d, 0x82, 0xa4, 0x52, 0x24, 0xd4, 0x55, 0x45, 0x00, 0x00, 0x00, 0x02, 0x05, 0xfc, 0xe4, 0x85, 0xb4, 0x4f, 0xc2,
	0xfc, 0xcf, 0xc4, 0x20, 0x4f, 0xcd, 0xfc, 0x00, 0x00, 0x44, 0x85, 0xf0, 0xeb, 0xc5, 0xf4, 0x5e, 0xc7, 0x2c, 0x5e, 0xc5, 0xe8, 0x52, 0xcd, 0x72,
	0x00, 0x00, 0x08, 0x05, 0xfc, 0xfd, 0x45, 0xfc, 0x4d, 0x42, 0xd4, 0xdf, 0xc4, 0xd4, 0x55, 0x4d, 0x00, 0x00, 0x00, 0x00, 0xc4, 0xf0, 0xea, 0x85,
	0xfe, 0x46, 0x87, 0xfc, 0x4a, 0x44, 0xfc, 0x4a, 0x4c, 0xdc, 0x00, 0x00, 0x4f, 0xc5, 0x04, 0xff, 0xc4, 0xf8, 0x5f, 0xe7, 0xfc, 0x53, 0x45, 0xf4,
	0x5e, 0xcc, 0x32, 0x00, 0x00, 0x1d, 0xc4, 0x24, 0xfd, 0xc5, 0x34, 0x4c, 0x87, 0xfc, 0x44, 0x85, 0xfc, 0x4c, 0x8d, 0x04, 0x00, 0x00, 0x01, 0x44,
	0xd4, 0xf6, 0x84, 0x48, 0x4b, 0x46, 0xfc, 0x42, 0x04, 0xfc, 0x45, 0x8d, 0x86, 0x00, 0x00, 0x0a, 0x45, 0xfc, 0xf0, 0x45, 0xf8, 0x4f, 0x82, 0xf8,
	0x48, 0x84, 0x78, 0x45, 0x4d, 0x9c, 0x00, 0x00, 0x42, 0x05, 0xdc, 0xe9, 0x45, 0x7c, 0x5a, 0x86, 0xbc, 0xde, 0x84, 0x7c, 0x4a, 0x8d, 0x3c, 0x00,
	0x00, 0x0f, 0xc4, 0x84, 0xef, 0xc4, 0xfc, 0x53, 0x42, 0xfc, 0xdf, 0xe4, 0x70, 0x4a, 0xcd, 0x00, 0x00, 0x00, 0x0d, 0xc4, 0x24, 0xee, 0xc4, 0xfc,
	0x49, 0x07, 0xfc, 0x5f, 0xc4, 0xfc, 0x49, 0x0c, 0xec, 0x00, 0x00, 0x42, 0x05, 0xdc, 0xfe, 0xc5, 0xd4, 0x54, 0x87, 0xf4, 0x5f, 0xc4, 0x28, 0x4a,
	0x4d, 0x60, 0x00, 0x00, 0x51, 0xc5, 0xc4, 0xf5, 0x45, 0xc8, 0x7f, 0xee, 0xa8, 0x5e, 0xc4, 0xa8, 0x57, 0x8e, 0x2e, 0x00, 0x00, 0x5f, 0xc4, 0x20,
	0xef, 0xc4, 0xfc, 0x5f, 0xc7, 0x9e, 0xd7, 0x45, 0x88, 0x47, 0x0d, 0xce, 0x00, 0x00, 0x04, 0x07, 0xfc, 0x04, 0x00, 0x40, 0x3b, 0x81, 0x10, 0x0b,
	0x00, 0x40, 0x3b, 0x84, 0x04, 0x00, 0x00, 0x02, 0x07, 0x3c, 0x14, 0x41, 0x64, 0x7a, 0x44, 0x28, 0x49, 0x84, 0x90, 0x7a, 0xc0, 0xc2, 0x00, 0x00,
	0x04, 0x07, 0xfc, 0x24, 0x42, 0xc4, 0x2c, 0x42, 0x28, 0x22, 0x87, 0x10, 0x06, 0x80, 0x84, 0x00, 0x00, 0x22, 0x0f, 0xa0, 0x43, 0xc4, 0x64, 0x7e,
	0x44, 0xa8, 0x49, 0x84, 0x98, 0x52, 0xcb, 0x40, 0x00, 0x00, 0x02, 0x07, 0xa0, 0x13, 0xc5, 0x64, 0x5e, 0x45, 0x18, 0x51, 0x85, 0x18, 0x7a, 0x40,
	0xc0, 0x00, 0x00, 0x22, 0x02, 0x20, 0x7b, 0xc2, 0x64, 0x26, 0x45, 0xa8, 0x49, 0x84, 0x98, 0x7a, 0x44, 0x40, 0x00, 0x00, 0x21, 0x07, 0xd0, 0x42,
	0xcf, 0xf4, 0x57, 0x4f, 0xd4, 0x58, 0x86, 0x88, 0x7d, 0x41, 0xa2, 0x00, 0x00, 0x15, 0x07, 0xe0, 0x13, 0xc5, 0xa4, 0x5d, 0x41, 0x18, 0x39, 0x85,
	0x58, 0x12, 0x47, 0x40, 0x00, 0x00, 0x72, 0x04, 0xa0, 0x7b, 0xc4, 0xe4, 0x7e, 0x44, 0xa8, 0x79, 0x80, 0x18, 0x52, 0xc8, 0x40, 0x00, 0x00, 0x21,
	0x07, 0xe0, 0x2b, 0xcf, 0xf4, 0x25, 0x45, 0x94, 0x11, 0x87, 0xd8, 0x13, 0x47, 0x40, 0x00, 0x00, 0x79, 0x01, 0x20, 0x7f, 0xc4, 0xa4, 0x7d, 0x44,
	0x94, 0x79, 0x84, 0x88, 0xfb, 0x40, 0x80, 0x00, 0x00, 0x4a, 0x07, 0xe0, 0x4b, 0xcf, 0xe4, 0x05, 0x47, 0x98, 0x79, 0x84, 0x88, 0x7b, 0x45, 0x80,
	0x00, 0x00, 0x21, 0x07, 0xa0, 0x7b, 0xc4, 0xa4, 0x35, 0x47, 0x98, 0x11, 0x8f, 0xd8, 0x12, 0x47, 0x40, 0x00, 0x00, 0x09, 0x0f, 0xe0, 0x4b, 0xc7,
	0xe4, 0x45, 0x4f, 0x58, 0x55, 0x87, 0x58, 0x4b, 0x41, 0x80, 0x00, 0x00, 0x55, 0x05, 0xa0, 0x7f, 0xc3, 0xa4, 0x55, 0x42, 0x18, 0x79, 0x86, 0x98,
	0x3b, 0x44, 0x00, 0x00, 0x00, 0x10, 0x07, 0xbc, 0x7e, 0x47, 0x98, 0x79, 0x89, 0x64, 0x7f, 0xc2, 0x78, 0x24, 0x07, 0xfc, 0x00, 0x00, 0x11, 0x06,
	0xd0, 0x29, 0xcd, 0x74, 0xbf, 0x49, 0x54, 0xac, 0x8a, 0xc8, 0xb5, 0x40, 0xe0, 0x00, 0x00, 0x19, 0x07, 0xe0, 0x7f, 0xc7, 0xe4, 0x55, 0x43, 0x98,
	0x6d, 0x83, 0xd8, 0x4b, 0x41, 0x80, 0x00, 0x00, 0x04, 0x07, 0xfc, 0x00, 0x81, 0x10, 0x11, 0x00, 0xa0, 0x0e, 0x00, 0xe0, 0x31, 0x84, 0x04, 0x00,
	0x00, 0x04, 0x07, 0xfc, 0x13, 0x00, 0xe0, 0x71, 0xc3, 0xf8, 0x20, 0x83, 0xf8, 0x20, 0x84, 0x08, 0x00, 0x00, 0x20, 0xc2, 0x2a, 0x5f, 0xe2, 0x28,
	0x62, 0x82, 0xb8, 0x2a, 0x85, 0xaa, 0x4b, 0x60, 0xc4, 0x00, 0x00, 0x04, 0x07, 0xbc, 0x1b, 0x01, 0xf0, 0x6f, 0xc2, 0x08, 0x3f, 0x82, 0x48, 0x55,
	0x84, 0xd8, 0x00, 0x00, 0x0a, 0x07, 0xbc, 0x7b, 0xc0, 0xa0, 0x7b, 0xc0, 0x40, 0x7b, 0xc1, 0xb0, 0x1e, 0x06, 0x1c, 0x00, 0x00, 0x04, 0x06, 0x5c,
	0x3e, 0x83, 0x28, 0x7b, 0xc2, 0x48, 0x24, 0x83, 0xa8, 0xc8, 0x81, 0x1c, 0x00, 0x00, 0x01, 0x01, 0x90, 0x05, 0x02, 0x10, 0x11, 0x00, 0x90, 0x01,
	0xc7, 0xf0, 0x01, 0x00, 0x10, 0x00, 0x00, 0x20, 0x4b, 0x24, 0x71, 0x42, 0x44, 0x76, 0x43, 0x24, 0x70, 0x6a, 0xfc, 0x20, 0x42, 0x04, 0x00, 0x00,
	0x30, 0x42, 0xa4, 0x45, 0x43, 0x84, 0x12, 0x47, 0x94, 0x59, 0xe5, 0xa4, 0x50, 0x43, 0x04, 0x00, 0x00, 0x21, 0x8f, 0xa4, 0x24, 0x2d, 0x94, 0x78,
	0x48, 0xa4, 0x79, 0x42, 0x1c, 0x7a, 0x42, 0x04, 0x00, 0x00, 0x00, 0x83, 0xf0, 0x20, 0x02, 0x00, 0x3f, 0x82, 0x20, 0x42, 0x04, 0x20, 0x42, 0x00,
	0x20, 0x00, 0x00, 0x00, 0x83, 0xf0, 0x20, 0x03, 0xfc, 0x22, 0x02, 0xe0, 0x43, 0x04, 0x2c, 0x42, 0x00, 0x20, 0x00, 0x00, 0x0b, 0x07, 0x0c, 0x0e,
	0x03, 0xb8, 0x7f, 0xc2, 0x00, 0x3f, 0xc2, 0x20, 0x42, 0x00, 0x20, 0x00, 0x00, 0x00, 0x4f, 0xb8, 0x22, 0x07, 0xbc, 0x7a, 0x86, 0xa8, 0x7a, 0x82,
	0x48, 0x7c, 0x82, 0x00, 0x00, 0x00, 0x50, 0x47, 0x78, 0x7a, 0x07, 0xfc, 0x5a, 0x87, 0xa8, 0x76, 0x85, 0x48, 0x7c, 0x84, 0x40, 0x00, 0x00, 0x48,
	0x47, 0xf8, 0x4a, 0x07, 0xbc, 0x4a, 0x87, 0xa8, 0x4a, 0x83, 0x28, 0x4c, 0x84, 0x00, 0x00, 0x00, 0x20, 0x47, 0xf8, 0x4a, 0x03, 0x3c, 0x6a, 0x87,
	0xa8, 0x32, 0x86, 0xc8, 0x24, 0x80, 0x40, 0x00, 0x00, 0x04, 0x00, 0x40, 0x7b, 0xc0, 0x80, 0x0f, 0x81, 0x08, 0x10, 0x81, 0x08, 0x20, 0x84, 0x30,
	0x00, 0x00, 0x21, 0x0f, 0xa8, 0x42, 0x44, 0x44, 0x79, 0x04, 0x88, 0x48, 0x04, 0xb0, 0x50, 0x8b, 0x04, 0x00, 0x00, 0x24, 0x0f, 0x7c, 0x49, 0x04,
	0x54, 0x77, 0xc5, 0x54, 0x55, 0x45, 0x50, 0x54, 0x4b, 0x7c, 0x00, 0x00, 0x22, 0x0f, 0xfc, 0x44, 0x84, 0x30, 0x77, 0x05, 0x2c, 0x52, 0x85, 0x28,
	0x52, 0x4b, 0x22, 0x00, 0x00, 0x24, 0x0f, 0x7c, 0x48, 0x04, 0x3c, 0x75, 0x45, 0x50, 0x55, 0xc5, 0x50, 0x57, 0x0b, 0x8e, 0x00, 0x00, 0x22, 0x0f,
	0x7c, 0x4a, 0x04, 0x3c, 0x75, 0x05, 0x10, 0x57, 0xc5, 0x18, 0x52, 0xcb, 0xc6, 0x00, 0x00, 0x24, 0x0f, 0xfc, 0x4c, 0x44, 0x7c, 0x77, 0xc5, 0x44,
	0x57, 0xc5, 0xfe, 0x52, 0x8b, 0xc4, 0x00, 0x00, 0x33, 0xc4, 0xa8, 0x4a, 0x87, 0xa8, 0x4f, 0xc7, 0x10, 0x51, 0x85, 0xaa, 0x64, 0xa0, 0x8c, 0x00,
	0x00, 0x3f, 0x82, 0x08, 0x20, 0x82, 0x08, 0x3f, 0x82, 0x08, 0x20, 0x82, 0x08, 0x3f, 0x82, 0x08, 0x00, 0x00, 0x3f, 0x82, 0x08, 0x20, 0x83, 0xf8,
	0x20, 0x82, 0x08, 0x3f, 0x80, 0x00, 0x00, 0x07, 0xfc, 0x00, 0x00, 0x4f, 0x85, 0x04, 0x50, 0x45, 0x04, 0x5f, 0xc5, 0x04, 0x50, 0x45, 0x04, 0x5f,
	0xc5, 0x04, 0x00, 0x00, 0x40, 0x07, 0xf8, 0x40, 0x47, 0xfc, 0x00, 0x03, 0xf8, 0x20, 0x83, 0xf8, 0x20, 0x83, 0xf8, 0x00, 0x00, 0x3f, 0x84, 0x04,
	0x40, 0x47, 0xfc, 0x40, 0x43, 0xf8, 0x04, 0x07, 0xfc, 0x04, 0x00, 0x40, 0x00, 0x00, 0x20, 0x03, 0xfc, 0x40, 0x45, 0xe4, 0x22, 0x41, 0xe4, 0x22,
	0x41, 0xe4, 0x00, 0x40, 0x38, 0x00, 0x00, 0x23, 0x82, 0x44, 0x74, 0x43, 0x7c, 0x54, 0x45, 0x44, 0x57, 0xe5, 0x02, 0x50, 0x28, 0xfc, 0x00, 0x00,
	0x77, 0xc5, 0x10, 0x51, 0x07, 0x7c, 0x51, 0x05, 0x10, 0x51, 0x07, 0x10, 0x06, 0xc0, 0x00, 0x00, 0x00, 0x3f, 0x84, 0x08, 0x3f, 0x84, 0x08, 0x3f,
	0x07, 0xbc, 0x42, 0x44, 0x24, 0x73, 0xc0, 0x20, 0x00, 0x00, 0x3f, 0x82, 0x08, 0x3f, 0x82, 0x08, 0x3f, 0x80, 0x20, 0x3b, 0xc2, 0x20, 0x2a, 0x4f,
	0x3c, 0x00, 0x00, 0x3f, 0x84, 0x08, 0x3f, 0x84, 0x08, 0x3f, 0x87, 0xd0, 0x11, 0x07, 0xfc, 0x31, 0x06, 0x10, 0x00, 0x00, 0x3f, 0x82, 0x08, 0x3f,
	0x82, 0x08, 0x1f, 0x07, 0xfc, 0x40, 0x47, 0xfc, 0x40, 0x47, 0xfc, 0x00, 0x00, 0x03, 0xc7, 0xc4, 0x4c, 0x44, 0xbc, 0x7c, 0x44, 0xc4, 0x4f, 0xc7,
	0x44, 0x04, 0x40, 0x9c, 0x00, 0x00, 0x07, 0x87, 0xa0, 0x3f, 0xc4, 0x60, 0x79, 0x43, 0xf8, 0x20, 0x83, 0xf8, 0x20, 0x83, 0xf8, 0x00, 0x00, 0x3f,
	0x82, 0x08, 0x3f, 0x82, 0x08, 0x1f, 0x01, 0xfc, 0x29, 0x44, 0xa4, 0x34, 0x40, 0x58, 0x00, 0x00, 0x11, 0x07, 0xfc, 0x11, 0x07, 0xfc, 0x00, 0x03,
	0xf8, 0x20, 0x83, 0xf8, 0x20, 0x83, 0xf8, 0x00, 0x00, 0x3f, 0x84, 0x08, 0x3f, 0x84, 0x08, 0x3f, 0x82, 0x40, 0x5f, 0x83, 0xf8, 0x04, 0x07, 0xfc,
	0x00, 0x00, 0x01, 0x07, 0x7c, 0x59, 0x45, 0x94, 0x79, 0x45, 0xfe, 0x53, 0x05, 0x28, 0x74, 0xc4, 0x80, 0x00, 0x00, 0x04, 0x07, 0xbc, 0x7f, 0xc0,
	0xa0, 0x7f, 0xc2, 0x08, 0x7f, 0xc3, 0xf8, 0x20, 0x83, 0xf8, 0x00, 0x00, 0x01, 0x07, 0xfc, 0x51, 0x05, 0x10, 0x7f, 0xc5, 0x30, 0x55, 0x85, 0x54,
	0x79, 0x40, 0x10, 0x00, 0x00, 0x04, 0x07, 0x7e, 0x56, 0x05, 0xa0, 0x7b, 0xc5, 0x20, 0x52, 0x05, 0x3c, 0x72, 0x04, 0x20, 0x00, 0x00, 0x07, 0xc7,
	0x14, 0x52, 0x45, 0x24, 0x7c, 0xc5, 0x7c, 0x54, 0x45, 0x44, 0x74, 0x44, 0x7c, 0x00, 0x00, 0x3f, 0x82, 0x08, 0x3f, 0x82, 0x08, 0x1f, 0x07, 0xfc,
	0x24, 0x02, 0x78, 0x5c, 0x04, 0x3c, 0x00, 0x00, 0x3f, 0x82, 0x04, 0x3f, 0xc4, 0x08, 0x5f, 0x85, 0xf4, 0x51, 0x49, 0xf2, 0x00, 0x07, 0xfc, 0x00,
	0x00, 0x01, 0x07, 0x7c, 0x51, 0x05, 0xfc, 0x70, 0x85, 0xfc, 0x54, 0x85, 0x68, 0x70, 0x80, 0x18, 0x00, 0x00, 0x3f, 0x84, 0x04, 0x7f, 0xc4, 0x04,
	0x3f, 0x81, 0x48, 0x7f, 0xc1, 0x20, 0x12, 0x46, 0x3c, 0x00, 0x00, 0x7f, 0xc0, 0xa0, 0x2a, 0x80, 0xa0, 0x75, 0xc3, 0xf8, 0x20, 0x83, 0xf8, 0x20,
	0x83, 0xf8, 0x00, 0x00, 0x0f, 0xc6, 0x30, 0x6f, 0xc6, 0xb4, 0x6b, 0x46, 0xb4, 0x6c, 0xc6, 0x84, 0x68, 0x40, 0xfc, 0x00, 0x00, 0x04, 0x06, 0x7c,
	0x6f, 0xc5, 0x94, 0x69, 0x46, 0xfe, 0x6a, 0x46, 0xa4, 0x6f, 0xc0, 0x18, 0x00, 0x00, 0x04, 0x07, 0xb8, 0x59, 0x05, 0xfc, 0x79, 0x45, 0xfc, 0x5d,
	0x05, 0x52, 0x69, 0x21, 0x1c, 0x00, 0x00, 0x11, 0x07, 0xfc, 0x2a, 0x82, 0xa8, 0x7f, 0xc0, 0x00, 0x3f, 0x83, 0xf8, 0x20, 0x83, 0xf8, 0x00, 0x00,
	0x3f, 0x84, 0x04, 0x7f, 0xc3, 0xf8, 0x7f, 0xc3, 0xf8, 0x20, 0x83, 0xf0, 0x24, 0x85, 0xc4, 0x00, 0x00, 0x01, 0x07, 0x7c, 0x5f, 0xc5, 0xfc, 0x70,
	0x05, 0xfc, 0x5f, 0xc5, 0x84, 0x7f, 0xc4, 0x9c, 0x00, 0x00, 0x3f, 0x82, 0x08, 0x3f, 0x82, 0x08, 0x1f, 0x07, 0xbc, 0x4a, 0x47, 0xbc, 0x4a, 0x47,
	0xbc, 0x00, 0x00, 0x40, 0x07, 0xbc, 0x12, 0x47, 0xa4, 0x2b, 0xc7, 0xf8, 0x20, 0x83, 0xf8, 0x20, 0x83, 0xf8, 0x00, 0x00, 0x02, 0x06, 0xfc, 0x62,
	0x86, 0xfc, 0x64, 0x86, 0x48, 0x6f, 0x46, 0x52, 0x6d, 0x41, 0x0c, 0x00, 0x00, 0x0e, 0xc7, 0xa4, 0x5a, 0x45, 0xec, 0x78, 0x05, 0xec, 0x59, 0x45,
	0xe8, 0x79, 0x40, 0xa0, 0x00, 0x00, 0x3f, 0x84, 0x04, 0x7f, 0xc3, 0xfc, 0x3f, 0x8f, 0xfe, 0x3f, 0x86, 0x04, 0x3f, 0xc3, 0xfc, 0x00, 0x00, 0x00,
	0xc6, 0xf4, 0x6a, 0x46, 0xfc, 0x6f, 0xc6, 0x40, 0x6b, 0xc6, 0xa8, 0x73, 0x81, 0xc4, 0x00, 0x00, 0x01, 0x07, 0xfc, 0x54, 0x85, 0xfc, 0x70, 0x05,
	0x7c, 0x58, 0x45, 0xfc, 0x78, 0x44, 0x7c, 0x00, 0x00, 0x27, 0xc2, 0x84, 0x77, 0xc7, 0x7c, 0x7f, 0xc7, 0x40, 0x7b, 0xc3, 0x6c, 0x29, 0x42, 0x2c,
	0x00, 0x00, 0x7f, 0xc5, 0x10, 0x7f, 0xc5, 0x58, 0x73, 0x44, 0x00, 0x7f, 0xc5, 0xfc, 0xa0, 0x41, 0xfc, 0x00, 0x00, 0x11, 0xc7, 0xa0, 0x7b, 0xe7,
	0xa8, 0x7e, 0x80, 0x00, 0x3f, 0x83, 0xf8, 0x20, 0x83, 0xf8, 0x00, 0x00, 0x11, 0x07, 0xfc, 0x2e, 0x83, 0xf8, 0x3f, 0x87, 0xfc, 0x3f, 0x86, 0x0c,
	0x3f, 0x83, 0xf8, 0x00, 0x00, 0x3f, 0x84, 0x04, 0x7f, 0xc3, 0xf8, 0x7f, 0xc7, 0xfc, 0x35, 0x8c, 0x46, 0x15, 0x86, 0xc4, 0x00, 0x00, 0x3f, 0x83,
	0xf8, 0x3f, 0x87, 0xfc, 0x44, 0x45, 0x54, 0x11, 0x03, 0xf8, 0x7f, 0xc7, 0xfc, 0x00, 0x00, 0x0f, 0xc6, 0xd4, 0x6f, 0xc6, 0xfc, 0x62, 0x86, 0xf4,
	0x6f, 0xc6, 0x84, 0x6f, 0xc0, 0x7c, 0x00, 0x00, 0x0f, 0xc7, 0x24, 0x56, 0xc5, 0xfc, 0x74, 0x85, 0xb4, 0x57, 0xc5, 0x7c, 0x79, 0x04, 0x6c, 0x00,
	0x00, 0x0f, 0xc6, 0x84, 0x6f, 0xc6, 0x78, 0x6f, 0xc5, 0xfe, 0x68, 0x85, 0x66, 0x66, 0x81, 0xe4, 0x00, 0x00, 0x0a, 0x00, 0xa0, 0x7f, 0xc4, 0xa4,
	0x4a, 0x47, 0xfc, 0x4a, 0x44, 0xa4, 0x7f, 0xc4, 0x04, 0x00, 0x00, 0x04, 0x03, 0xf8, 0x44, 0x47, 0xfc, 0x44, 0x47, 0xfc, 0x02, 0x80, 0x30, 0x0d,
	0x47, 0x0c, 0x00, 0x00, 0x7f, 0xc0, 0x40, 0x3f, 0x84, 0x48, 0x7f, 0x83, 0xf8, 0x04, 0x01, 0x80, 0x16, 0x06, 0x1c, 0x00, 0x00, 0x04, 0x03, 0xf8,
	0x7f, 0xc3, 0xf8, 0x7f, 0xc7, 0xfc, 0x3f, 0x82, 0x08, 0x3f, 0x83, 0xf8, 0x00, 0x00, 0x0a, 0x07, 0xfc, 0x7f, 0xc7, 0xfc, 0x4a, 0x43, 0x58, 0x3f,
	0x83, 0xf8, 0x20, 0x83, 0xf8, 0x00, 0x00, 0x11, 0x07, 0xfc, 0x44, 0x47, 0xfc, 0x7f, 0xc0, 0x00, 0x3f, 0x83, 0xf8, 0x20, 0x83, 0xf8, 0x00, 0x00,
	0x0f, 0x06, 0x0c, 0xdf, 0x65, 0x54, 0x44, 0x43, 0xb8, 0x3f, 0x83, 0xf8, 0x20, 0x83, 0xf8, 0x00, 0x00, 0x11, 0x07, 0xbc, 0x21, 0x07, 0xbc, 0x4a,
	0xc3, 0xf8, 0x20, 0x83, 0xf8, 0x20, 0x83, 0xf8, 0x00, 0x00, 0x3f, 0x84, 0x04, 0x7f, 0xc3, 0xf8, 0x7f, 0xc7, 0xbc, 0x4a, 0x47, 0x98, 0x59, 0x82,
	0xa4, 0x00, 0x00, 0x3f, 0x82, 0x08, 0x20, 0x83, 0xf8, 0x20, 0x82, 0x08, 0x3f, 0x82, 0x08, 0x40, 0x84, 0x38, 0x00, 0x00, 0x08, 0x07, 0xfc, 0x10,
	0x03, 0xfc, 0x60, 0x4d, 0xfc, 0x20, 0x41, 0xfc, 0x20, 0x40, 0x18, 0x00, 0x00, 0x3b, 0xc4, 0xa4, 0x4a, 0x47, 0xbc, 0x4a, 0x44, 0xa4, 0x7b, 0xc4,
	0xa4, 0x4c, 0x41, 0xcc, 0x00, 0x00, 0x77, 0xc5, 0x44, 0x55, 0xc7, 0x7c, 0x54, 0x45, 0x64, 0x75, 0x85, 0x48, 0x55, 0xc3, 0x60, 0x00, 0x00, 0x4b,
	0xc2, 0xa4, 0x7e, 0x45, 0x3c, 0x5a, 0x45, 0xa4, 0x7b, 0xc2, 0x24, 0x24, 0x44, 0x4c, 0x00, 0x00, 0x74, 0x45, 0x48, 0x5f, 0xc7, 0x10, 0x51, 0x05,
	0xfc, 0x73, 0x05, 0x28, 0x94, 0xc3, 0x80, 0x00, 0x00, 0x13, 0xc7, 0xa4, 0x4a, 0x47, 0xbc, 0x4a, 0x47, 0xa4, 0x53, 0xc4, 0xa4, 0x7c, 0x40, 0x4c,
	0x00, 0x00, 0x11, 0xc7, 0xa4, 0x43, 0xc4, 0x3c, 0x3c, 0x40, 0x08, 0x3f, 0x83, 0xf8, 0x04, 0x07, 0xfc, 0x00, 0x00, 0x03, 0xc7, 0xa4, 0x22, 0x45,
	0xbc, 0x7a, 0x44, 0xa4, 0x7b, 0xc2, 0x24, 0x7c, 0x42, 0x4c, 0x00, 0x00, 0x4b, 0xc7, 0xe4, 0x4a, 0x47, 0xbc, 0x4a, 0x47, 0xa4, 0x4b, 0xc3, 0x24,
	0x4a, 0x44, 0x4c, 0x00, 0x00, 0x04, 0x00, 0x40, 0x7f, 0xc0, 0xe0, 0x0e, 0x01, 0x50, 0x24, 0x84, 0x44, 0x04, 0x00, 0x40, 0x00, 0x00, 0x04, 0x07,
	0xfc, 0x04, 0x00, 0x40, 0x7f, 0xc0, 0xe0, 0x15, 0x02, 0x48, 0x44, 0x40, 0x40, 0x00, 0x00, 0x04, 0x07, 0xfc, 0x04, 0x00, 0x40, 0x7f, 0xc0, 0xe0,
	0x15, 0x02, 0x48, 0x44, 0x40, 0x40, 0x00, 0x00, 0x04, 0x00, 0x40, 0x7f, 0xc0, 0xe0, 0x15, 0x01, 0x50, 0x24, 0x85, 0xf4, 0x04, 0x00, 0x40, 0x00,
	0x00, 0x12, 0x01, 0x20, 0x7a, 0x03, 0x20, 0x3a, 0x05, 0xa0, 0x52, 0x29, 0x22, 0x12, 0x21, 0x3c, 0x00, 0x00, 0x04, 0x03, 0xfc, 0x24, 0x04, 0x40,
	0x7f, 0xc0, 0x60, 0x0e, 0x01, 0x58, 0x64, 0x40, 0x40, 0x00, 0x00, 0x12, 0x01, 0x20, 0x7a, 0x03, 0x20, 0x3b, 0x85, 0xa4, 0x52, 0x09, 0x20, 0x12,
	0x01, 0x20, 0x00, 0x00, 0x27, 0x82, 0x48, 0x7c, 0x83, 0x48, 0x34, 0x86, 0xc8, 0xa4, 0xaa, 0x8a, 0x28, 0xa2, 0x0c, 0x00, 0x00, 0x20, 0x02, 0xfc,
	0x72, 0x02, 0x20, 0x75, 0xc7, 0x44, 0x60, 0x42, 0x04, 0x20, 0x42, 0x38, 0x00, 0x00, 0x20, 0x42, 0x18, 0x7e, 0x03, 0x04, 0x30, 0x86, 0xf0, 0x60,
	0x0a, 0x0c, 0x23, 0x02, 0x40, 0x00, 0x00, 0x04, 0x07, 0xfc, 0x1f, 0x02, 0x48, 0x40, 0x41, 0xf8, 0x06, 0x07, 0xfc, 0x04, 0x01, 0xc0, 0x00, 0x00,
	0x04, 0x07, 0xfc, 0x0e, 0x01, 0x50, 0x64, 0xc0, 0x00, 0x3f, 0x82, 0x08, 0x20, 0x83, 0xf8, 0x00, 0x00, 0x20, 0x42, 0x04, 0x77, 0xc3, 0x0c, 0x31,
	0x46, 0xa4, 0xa6, 0x42, 0xc4, 0x20, 0x42, 0x38, 0x00, 0x00, 0x20, 0x42, 0x04, 0x77, 0xc3, 0x04, 0x72, 0x46, 0xa4, 0xa0, 0x42, 0x04, 0x20, 0x42,
	0x38, 0x00, 0x00, 0x22, 0x02, 0x7c, 0x74, 0x42, 0x84, 0x32, 0x47, 0x14, 0x61, 0x4a, 0x04, 0x20, 0x42, 0x1c, 0x00, 0x00, 0x20, 0x82, 0x08, 0x77,
	0xe2, 0x10, 0x35, 0x07, 0x50, 0x63, 0x0a, 0x30, 0x24, 0x82, 0x84, 0x00, 0x00, 0x21, 0x02, 0x10, 0x77, 0xc3, 0x10, 0x31, 0x06, 0x90, 0x61, 0x0a,
	0x10, 0x21, 0x02, 0xfc, 0x00, 0x00, 0x04, 0x07, 0xfc, 0x04, 0x07, 0xf8, 0x44, 0x83, 0xf8, 0x0e, 0x01, 0x50, 0x64, 0xc0, 0x40, 0x00, 0x00, 0x08,
	0x01, 0x78, 0x71, 0x00, 0xe0, 0x39, 0xc4, 0x40, 0x7f, 0xc1, 0xf0, 0x64, 0xc0, 0x40, 0x00, 0x00, 0x04, 0x07, 0xfc, 0x0e, 0x01, 0x50, 0x64, 0xc0,
	0x00, 0x3f, 0x80, 0x40, 0x04, 0x07, 0xfc, 0x00, 0x00, 0x04, 0x07, 0xfc, 0x24, 0x81, 0x48, 0x15, 0x07, 0xfc, 0x0e, 0x03, 0x58, 0x44, 0x40, 0x40,
	0x00, 0x00, 0x20, 0x02, 0xfe, 0xf0, 0x02, 0x78, 0x64, 0x87, 0x48, 0xa4, 0x8a, 0x8a, 0x28, 0xa3, 0x0c, 0x00, 0x00, 0x20, 0x02, 0xfc, 0x71, 0x02,
	0x30, 0x75, 0x87, 0x54, 0xa9, 0x2a, 0x10, 0x21, 0x02, 0x10, 0x00, 0x00, 0x04, 0x07, 0xfc, 0x3f, 0x84, 0x48, 0x3f, 0x84, 0x48, 0x3f, 0x81, 0xf0,
	0x24, 0x84, 0x44, 0x00, 0x00, 0x24, 0x02, 0x7c, 0x75, 0x02, 0x90, 0x31, 0x07, 0x7e, 0x61, 0x0a, 0x10, 0x21, 0x02, 0x10, 0x00, 0x00, 0x20, 0x02,
	0xfc, 0x79, 0x42, 0x94, 0x7f, 0xc7, 0x84, 0xa8, 0x02, 0x82, 0x28, 0x22, 0x7c, 0x00, 0x00, 0x20, 0x02, 0x48, 0x74, 0x42, 0x84, 0x6a, 0x27, 0x20,
	0xa4, 0x42, 0x44, 0x25, 0xc2, 0xa2, 0x00, 0x00, 0x27, 0xc2, 0x80, 0x78, 0x02, 0xfc, 0x7a, 0x47, 0xa4, 0xa9, 0x82, 0x90, 0x32, 0xc2, 0x40, 0x00,
	0x00, 0x29, 0x02, 0x90, 0xf9, 0x42, 0xf8, 0x69, 0x07, 0x90, 0xa9, 0x22, 0x92, 0x2f, 0x23, 0x1c, 0x00, 0x00, 0x20, 0x42, 0x78, 0x7c, 0x02, 0x7c,
	0x34, 0x87, 0x48, 0xa4, 0x82, 0x88, 0x28, 0x82, 0x08, 0x00, 0x00, 0x22, 0x02, 0xfc, 0xf2, 0x43, 0x24, 0x63, 0x07, 0x30, 0xb5, 0x42, 0x54, 0x29,
	0x43, 0x1c, 0x00, 0x00, 0x21, 0x02, 0x10, 0x7f, 0xc3, 0x18, 0x31, 0x86, 0xb4, 0xa5, 0x4a, 0x52, 0x21, 0x02, 0x10, 0x00, 0x00, 0x20, 0x02, 0x7c,
	0x74, 0x42, 0xc4, 0x3a, 0x47, 0x28, 0x62, 0x8a, 0x10, 0x26, 0x82, 0x84, 0x00, 0x00, 0x3f, 0x84, 0x48, 0x3f, 0x84, 0x48, 0x3f, 0x80, 0x40, 0x7f,
	0xc1, 0x50, 0x64, 0xc0, 0x40, 0x00, 0x00, 0x21, 0x02, 0xfc, 0xf1, 0x02, 0x10, 0x7e, 0xc7, 0x44, 0xa4, 0x82, 0x30, 0x26, 0x83, 0x84, 0x00, 0x00,
	0x22, 0x02, 0x78, 0x72, 0xa2, 0x2a, 0x34, 0x66, 0x10, 0x6f, 0xea, 0x10, 0x21, 0x02, 0x10, 0x00, 0x00, 0x20, 0x02, 0xfc, 0xf8, 0x42, 0xa8, 0x69,
	0x87, 0x98, 0xab, 0x42, 0xa4, 0x2f, 0xc2, 0x80, 0x00, 0x00, 0x21, 0x02, 0x10, 0xff, 0xc2, 0x10, 0x71, 0x07, 0xec, 0xa8, 0x42, 0x84, 0x2f, 0xc2,
	0x84, 0x00, 0x00, 0x20, 0x07, 0xbc, 0x2a, 0x44, 0xa4, 0x5b, 0xc0, 0x40, 0x7f, 0xc1, 0xf0, 0x24, 0x84, 0x44, 0x00, 0x00, 0x21, 0x02, 0xfc, 0xf8,
	0x42, 0x44, 0x74, 0x87, 0x70, 0xa4, 0x02, 0x44, 0x24, 0x42, 0x7c, 0x00, 0x00, 0x2f, 0xc2, 0x10, 0xff, 0xc2, 0xa4, 0x6b, 0x47, 0xac, 0xac, 0xc2,
	0x84, 0x28, 0x42, 0x8c, 0x00, 0x00, 0x24, 0x02, 0x7c, 0xfc, 0xc2, 0x38, 0x63, 0x87, 0xc6, 0xb3, 0x82, 0x00, 0x2e, 0x02, 0x1c, 0x00, 0x00, 0x21,
	0x02, 0x20, 0x7d, 0xc2, 0x84, 0x68, 0x47, 0xfc, 0xa8, 0x4a, 0x84, 0x2f, 0xc2, 0x80, 0x00, 0x00, 0x00, 0x07, 0xfc, 0x21, 0x03, 0xf0, 0x21, 0x01,
	0xe0, 0x7f, 0xc0, 0xe0, 0x35, 0x84, 0x44, 0x00, 0x00, 0x28, 0x42, 0x84, 0xff, 0xc2, 0x84, 0x68, 0x47, 0xfc, 0xa8, 0x42, 0x84, 0x2f, 0xc2, 0x84,
	0x00, 0x00, 0x42, 0x02, 0xf8, 0x64, 0x81, 0x4a, 0x68, 0xc0, 0x40, 0x7f, 0xc1, 0xf0, 0x24, 0x84, 0x44, 0x00, 0x00, 0x3f, 0x81, 0x18, 0x0e, 0x07,
	0xfc, 0x35, 0x84, 0xc0, 0x7f, 0xc1, 0xf0, 0x24, 0x84, 0x44, 0x00, 0x00, 0x20, 0x02, 0xfc, 0x74, 0x02, 0x40, 0x64, 0x07, 0xfc, 0xac, 0x42, 0x44,
	0x24, 0x42, 0x7c, 0x00, 0x00, 0x21, 0x02, 0x10, 0xff, 0xc2, 0x94, 0x69, 0x47, 0xfc, 0xa9, 0x42, 0x94, 0x2f, 0xc2, 0x80, 0x00, 0x00, 0x27, 0x02,
	0x08, 0xff, 0xc2, 0x10, 0x61, 0x07, 0xfc, 0xa1, 0x02, 0x10, 0x21, 0x02, 0xfc, 0x00, 0x00, 0x02, 0x04, 0xde, 0xfb, 0x26, 0xb2, 0x6b, 0x2d, 0xb2,
	0xcf, 0x25, 0x34, 0x45, 0x40, 0x90, 0x00, 0x00, 0x12, 0x05, 0x2c, 0x5b, 0x05, 0x24, 0x7b, 0xc0, 0x40, 0x7f, 0xc1, 0xf0, 0x24, 0x84, 0x44, 0x00,
	0x00, 0x07, 0xc4, 0xb4, 0xeb, 0x46, 0xb4, 0x6f, 0xec, 0xb4, 0xcb, 0x44, 0xb4, 0x4b, 0x40, 0x84, 0x00, 0x00, 0x04, 0x07, 0xfc, 0x1f, 0x02, 0x48,
	0x7f, 0xc2, 0x08, 0x3f, 0x83, 0xf8, 0x20, 0x87, 0xfc, 0x00, 0x00, 0x20, 0x02, 0xfc, 0xf1, 0x02, 0x90, 0x69, 0xc7, 0x90, 0xa9, 0x02, 0x90, 0x29,
	0x03, 0xfc, 0x00, 0x00, 0x21, 0x02, 0xfe, 0xf1, 0x02, 0xfc, 0x79, 0x47, 0x94, 0xa9, 0x42, 0x94, 0x29, 0xc2, 0x10, 0x00, 0x00, 0x20, 0x02, 0xfc,
	0xfb, 0x42, 0x94, 0x6f, 0xe7, 0xa4, 0xa9, 0x42, 0x84, 0x2f, 0xc2, 0x18, 0x00, 0x00, 0x20, 0xc2, 0xf0, 0x78, 0x02, 0xfc, 0x7a, 0x07, 0xbc, 0xaa,
	0x42, 0xa4, 0x34, 0x42, 0x5c, 0x00, 0x00, 0x24, 0x81, 0x50, 0x6a, 0xc4, 0x44, 0x7f, 0xc0, 0xe0, 0x15, 0x02, 0x48, 0x44, 0x40, 0x40, 0x00, 0x00,
	0x23, 0x02, 0x48, 0xf8, 0x42, 0xfc, 0x62, 0x07, 0x20, 0xaf, 0xc2, 0x20, 0x22, 0x02, 0xfc, 0x00, 0x00, 0x2f, 0xc2, 0x30, 0xff, 0xc2, 0xb4, 0x6b,
	0x47, 0xb4, 0xac, 0xc2, 0x84, 0x28, 0x42, 0xfc, 0x00, 0x00, 0x7f, 0xc0, 0xa0, 0x7f, 0xc4, 0xa4, 0x4a, 0x43, 0x58, 0x7f, 0xc1, 0xe0, 0x25, 0x84,
	0x44, 0x00, 0x00, 0x21, 0x02, 0xfe, 0x74, 0x82, 0x44, 0x78, 0x27, 0x48, 0xa2, 0x82, 0x30, 0x26, 0x82, 0x86, 0x00, 0x00, 0x2f, 0xc2, 0x10, 0xf2,
	0x02, 0xfc, 0x68, 0x47, 0x84, 0xaf, 0xc2, 0x84, 0x28, 0x42, 0xfc, 0x00, 0x00, 0x25, 0x02, 0x7c, 0xf9, 0x02, 0x90, 0x7f, 0xc7, 0x30, 0xa3, 0x82,
	0x58, 0x39, 0x62, 0x10, 0x00, 0x00, 0x24, 0x02, 0x7c, 0xf8, 0x02, 0xfc, 0x79, 0x47, 0x94, 0xaf, 0xe2, 0x84, 0x28, 0x42, 0x9c, 0x00, 0x00, 0x21,
	0x02, 0xfe, 0xf2, 0x02, 0xc8, 0x65, 0x87, 0x24, 0xac, 0x82, 0x18, 0x26, 0x43, 0x80, 0x00, 0x00, 0x27, 0xc2, 0x44, 0x77, 0xc2, 0x44, 0x34, 0x47,
	0x78, 0x65, 0x42, 0x48, 0x25, 0x42, 0xe2, 0x00, 0x00, 0x24, 0x02, 0x7c, 0xfc, 0xc2, 0x38, 0x63, 0x87, 0xc6, 0xbf, 0xc2, 0x84, 0x28, 0x42, 0xfc,
	0x00, 0x00, 0x10, 0x07, 0xd4, 0x11, 0x47, 0xfc, 0x11, 0x07, 0xd4, 0x39, 0x85, 0x5a, 0xd2, 0xc1, 0x44, 0x00, 0x00, 0x03, 0xc4, 0x40, 0xe8, 0x06,
	0x5e, 0x6c, 0x45, 0x44, 0xc4, 0x44, 0x44, 0x44, 0x40, 0x5c, 0x00, 0x00, 0x21, 0x02, 0xfc, 0xf1, 0x02, 0x10, 0x6e, 0xc7, 0x10, 0xaf, 0xc2, 0x10,
	0x21, 0x02, 0xfc, 0x00, 0x00, 0x25, 0x03, 0x54, 0xfd, 0x42, 0x58, 0x65, 0x07, 0x5c, 0xbd, 0x02, 0x52, 0x29, 0x23, 0x1c, 0x00, 0x00, 0x04, 0x07,
	0xfc, 0x7f, 0xc1, 0x10, 0x2e, 0x07, 0x98, 0x7f, 0xc0, 0xe0, 0x35, 0x84, 0x44, 0x00, 0x00, 0x2f, 0xc2, 0x84, 0xff, 0xc2, 0x84, 0x6b, 0xc7, 0xcc,
	0xac, 0xc2, 0xbc, 0x28, 0x42, 0x8c, 0x00, 0x00, 0x3f, 0x83, 0x18, 0x0e, 0x03, 0x18, 0x7b, 0xc3, 0x18, 0x7f, 0xc0, 0xe0, 0x35, 0x84, 0x44, 0x00,
	0x00, 0x2f, 0xc2, 0x00, 0xff, 0xc2, 0x84, 0x68, 0x47, 0xfc, 0xa8, 0x42, 0xfc, 0x20, 0x02, 0xfc, 0x00, 0x00, 0x21, 0x02, 0xfe, 0xf1, 0x02, 0x10,
	0x6e, 0xc7, 0xfc, 0xa8, 0x42, 0x84, 0x28, 0x42, 0xfc, 0x00, 0x00, 0x22, 0x02, 0xa4, 0x79, 0x42, 0x08, 0x64, 0x07, 0xfc, 0xa8, 0x82, 0x70, 0x26,
	0x83, 0x84, 0x00, 0x00, 0x08, 0x44, 0xe4, 0xeb, 0xc7, 0x34, 0x7d, 0x4d, 0x54, 0xc7, 0xc4, 0x84, 0x48, 0x41, 0x04, 0x00, 0x00, 0x22, 0xc2, 0xfc,
	0xf2, 0x02, 0xfc, 0x61, 0x07, 0xfc, 0xa1, 0x42, 0x18, 0x26, 0xa3, 0x84, 0x00, 0x00, 0x23, 0x02, 0x48, 0xf8, 0x42, 0x78, 0x60, 0x07, 0xfc, 0xa4,
	0x02, 0x44, 0x24, 0xc2, 0xf0, 0x00, 0x00, 0x2f, 0xc2, 0x4c, 0xf3, 0x02, 0xdc, 0x69, 0x47, 0xfc, 0xa9, 0x42, 0xfc, 0x29, 0x42, 0x8c, 0x00, 0x00,
	0x4f, 0x82, 0x28, 0x4a, 0xc1, 0x4c, 0x2b, 0x84, 0x40, 0x7f, 0xc0, 0xe0, 0x35, 0x84, 0x44, 0x00, 0x00, 0x04, 0x02, 0xfc, 0xef, 0xc7, 0x94, 0x6a,
	0x47, 0xfe, 0xaa, 0x42, 0xa4, 0x2f, 0xc2, 0x18, 0x00, 0x00, 0x21, 0x02, 0xfc, 0xf4, 0x82, 0x48, 0x6f, 0xe7, 0x10, 0xa1, 0x02, 0xfc, 0x21, 0x02,
	0x10, 0x00, 0x00, 0x2f, 0xc2, 0x20, 0xff, 0xc2, 0xa4, 0x6f, 0xc7, 0xfc, 0xaa, 0x42, 0x60, 0x27, 0x03, 0x8c, 0x00, 0x00, 0x29, 0x02, 0x94, 0x75,
	0x42, 0xfc, 0x78, 0x47, 0xfc, 0xa8, 0x42, 0xfc, 0x28, 0x42, 0x8c, 0x00, 0x00, 0x2f, 0xc2, 0x20, 0xff, 0x82, 0x44, 0x6f, 0xe7, 0x00, 0xaf, 0xc2,
	0x84, 0x28, 0x42, 0xfc, 0x00, 0x00, 0x0c, 0x47, 0x24, 0x7e, 0x43, 0xa4, 0x54, 0x40, 0x48, 0x7f, 0xc0, 0xe0, 0x35, 0x84, 0x44, 0x00, 0x00, 0x04,
	0x85, 0xfc, 0xf2, 0x46, 0xfc, 0x72, 0x0d, 0xfc, 0xd2, 0x44, 0x64, 0x5a, 0x40, 0x28, 0x00, 0x00, 0x01, 0x45, 0xfe, 0xe1, 0x06, 0xb0, 0x6a, 0xc5,
	0xec, 0xca, 0x84, 0xaa, 0x49, 0xa0, 0x24, 0x00, 0x00, 0x0f, 0xc5, 0x04, 0xf2, 0x47, 0x7c, 0x73, 0x4d, 0x74, 0xd6, 0xc5, 0xa4, 0x50, 0x41, 0xf8,
	0x00, 0x00, 0x2f, 0xc2, 0x84, 0xff, 0xc2, 0x8c, 0x6f, 0x07, 0x9c, 0xab, 0x03, 0x7c, 0x31, 0x23, 0x1c, 0x00, 0x00, 0x22, 0x02, 0xfc, 0xff, 0xc6,
	0x20, 0x6f, 0xe7, 0x44, 0xaf, 0xe2, 0xa4, 0x28, 0x42, 0x1c, 0x00, 0x00, 0x04, 0x07, 0xbc, 0x7f, 0x82, 0x4c, 0x7f, 0xc3, 0xf8, 0x04, 0x07, 0xfc,
	0x35, 0x84, 0x44, 0x00, 0x00, 0x21, 0x02, 0xfc, 0x78, 0x42, 0xfc, 0x7f, 0xc7, 0x10, 0xaf, 0xe2, 0x92, 0x29, 0x02, 0x14, 0x00, 0x00, 0x28, 0x43,
	0xfe, 0xf8, 0x42, 0xfc, 0x68, 0x47, 0xfc, 0xa8, 0x42, 0xfc, 0x24, 0x83, 0x84, 0x00, 0x00, 0x02, 0x04, 0xfc, 0xef, 0xc6, 0x50, 0x7f, 0xe4, 0xa8,
	0xd7, 0xc4, 0x20, 0x4f, 0xc0, 0x20, 0x00, 0x00, 0x0c, 0xc5, 0x34, 0xf3, 0x46, 0xfc, 0x73, 0x4d, 0x34, 0xdf, 0xc5, 0x34, 0x53, 0x41, 0x6c, 0x00,
	0x00, 0x21, 0x02, 0xfc, 0xff, 0xc2, 0x94, 0x6f, 0xc7, 0x94, 0xa7, 0x82, 0x58, 0x29, 0x42, 0x10, 0x00, 0x00, 0x04, 0x07, 0xfc, 0x1f, 0x06, 0x4c,
	0x25, 0x07, 0xfc, 0x31, 0x86, 0xb4, 0xa5, 0x22, 0x10, 0x00, 0x00, 0x02, 0x04, 0xfc, 0xef, 0xc7, 0xfe, 0x62, 0x44, 0xf8, 0xdf, 0xc4, 0xc8, 0x43,
	0x81, 0xc4, 0x00, 0x00, 0x21, 0x02, 0xfc, 0xff, 0xc2, 0x84, 0x78, 0x47, 0xf8, 0xa7, 0xc2, 0x84, 0x28, 0x42, 0x7c, 0x00, 0x00, 0x02, 0x05, 0xfc,
	0xf4, 0x46, 0xfc, 0x6b, 0x45, 0xb4, 0xc5, 0xc4, 0x52, 0x49, 0x21, 0x1c, 0x00, 0x00, 0x22, 0x02, 0xfc, 0xf3, 0x02, 0xcc, 0x6f, 0xc7, 0x04, 0xaf,
	0x42, 0x94, 0x2e, 0x42, 0x1c, 0x00, 0x00, 0x21, 0x02, 0xfe, 0x77, 0xc2, 0x84, 0x78, 0x47, 0xfc, 0xa1, 0x8a, 0x94, 0x29, 0x42, 0x70, 0x00, 0x00,
	0x01, 0x02, 0xfc, 0xf1, 0x06, 0xec, 0x6f, 0xc7, 0xc4, 0xaf, 0xc2, 0xfc, 0x28, 0x02, 0xfc, 0x00, 0x00, 0x24, 0x82, 0x7c, 0xf9, 0x02, 0x90, 0x67,
	0xc7, 0x90, 0xa7, 0xc2, 0x90, 0x29, 0x02, 0x6c, 0x00, 0x00, 0x27, 0xc2, 0x84, 0xff, 0xc2, 0x84, 0x67, 0x87, 0xfc, 0xa8, 0x42, 0xfc, 0x28, 0x42,
	0xf8, 0x00, 0x00, 0x04, 0x85, 0xfe, 0xf0, 0x86, 0x50, 0x69, 0x44, 0x98, 0xdb, 0x04, 0x92, 0x49, 0x20, 0x9c, 0x00, 0x00, 0x23, 0x02, 0x48, 0xff,
	0xe2, 0x20, 0x6f, 0xc7, 0xa4, 0xaf, 0xc2, 0x30, 0x24, 0x82, 0x86, 0x00, 0x00, 0x05, 0x84, 0x94, 0xf1, 0x67, 0xe6, 0x70, 0x0d, 0xdc, 0xd1, 0x45,
	0xc8, 0x51, 0x40, 0x22, 0x00, 0x00, 0x02, 0x04, 0xfc, 0xef, 0xc6, 0x50, 0x7f, 0xe4, 0x88, 0xdf, 0x44, 0xfc, 0x48, 0x40, 0xfc, 0x00, 0x00, 0x2f,
	0xc2, 0x84, 0xff, 0xc2, 0xfc, 0x6f, 0xc7, 0x40, 0xab, 0xc3, 0x54, 0x29, 0x42, 0x2c, 0x00, 0x00, 0x0f, 0xc5, 0x04, 0xf7, 0x47, 0x74, 0x7a, 0xcd,
	0xac, 0xd7, 0x45, 0x2e, 0x53, 0xe1, 0x42, 0x00, 0x00, 0x04, 0x04, 0xfc, 0xf7, 0xc6, 0x90, 0x76, 0xcc, 0xfc, 0xcf, 0xc4, 0x84, 0x4f, 0xc0, 0x9c,
	0x00, 0x00, 0x01, 0x07, 0xfc, 0x33, 0x86, 0xd4, 0x01, 0x07, 0xfc, 0x24, 0x42, 0x70, 0x54, 0x04, 0xbc, 0x00, 0x00, 0x02, 0x05, 0xfc, 0xef, 0xc7,
	0x04, 0x75, 0x4d, 0x7c, 0xd2, 0x45, 0x7c, 0x52, 0x41, 0x0c, 0x00, 0x00, 0x24, 0x83, 0xfe, 0xf3, 0x02, 0xfc, 0x6d, 0x47, 0xdc, 0xa8, 0x42, 0xfc,
	0x28, 0x42, 0xfc, 0x00, 0x00, 0x2a, 0x02, 0xa8, 0x55, 0x41, 0x10, 0x6e, 0xc7, 0xfc, 0x04, 0x07, 0xfc, 0x35, 0x84, 0x44, 0x00, 0x00, 0x20, 0x42,
	0xf8, 0xff, 0xc2, 0x90, 0x6f, 0xc7, 0xc4, 0xaf, 0xc3, 0x7c, 0x34, 0x43, 0x7c, 0x00, 0x00, 0x28, 0x42, 0xfc, 0xf8, 0x42, 0xfc, 0x68, 0x47, 0x78,
	0xbf, 0xe2, 0x68, 0x2a, 0x43, 0x02, 0x00, 0x00, 0x1f, 0xc4, 0x40, 0x66, 0xc7, 0xe4, 0x56, 0xcd, 0x6c, 0xd6, 0xc4, 0xb4, 0x44, 0x01, 0xfc, 0x00,
	0x00, 0x29, 0x42, 0x54, 0xff, 0xe6, 0x58, 0x69, 0x67, 0xfc, 0xa4, 0x82, 0xd8, 0x23, 0x83, 0xc4, 0x00, 0x00, 0x04, 0x05, 0xf4, 0x31, 0x81, 0xf0,
	0x71, 0x40, 0xe0, 0x7f, 0xc0, 0xe0, 0x35, 0x84, 0x44, 0x00, 0x00, 0x0d, 0xc5, 0x34, 0xf3, 0x47, 0xf4, 0x73, 0xed, 0xc8, 0xd4, 0x85, 0x7a, 0x5a,
	0xa0, 0x44, 0x00, 0x00, 0x00, 0x84, 0x9c, 0xef, 0xa6, 0x5a, 0x65, 0xe4, 0xda, 0xdb, 0xa4, 0x9e, 0x48, 0x80, 0x08, 0x00, 0x00, 0x2f, 0xc2, 0x20,
	0xfd, 0xc2, 0xfc, 0x6f, 0xc7, 0xfc, 0xa7, 0xc3, 0xc8, 0x23, 0x03, 0xce, 0x00, 0x00, 0x24, 0xc2, 0xf2, 0xeb, 0x42, 0xf4, 0x6b, 0x47, 0xf4, 0xa9,
	0x22, 0xb2, 0x2f, 0x43, 0x00, 0x00, 0x00, 0x02, 0x04, 0xfc, 0xef, 0xc6, 0x50, 0x7f, 0xe4, 0xf8, 0xd2, 0x64, 0xf8, 0x4e, 0xc1, 0x20, 0x00, 0x00,
	0x27, 0xc2, 0x8c, 0xea, 0xc6, 0xf4, 0x71, 0x47, 0xfc, 0xaa, 0x42, 0xfc, 0x2a, 0x42, 0xdc, 0x00, 0x00, 0x04, 0x84, 0xfc, 0xef, 0xc7, 0xfe, 0x6f,
	0xcd, 0x24, 0xcf, 0xc5, 0xfe, 0x50, 0x40, 0x0c, 0x00, 0x00, 0x01, 0x05, 0x7c, 0xec, 0x46, 0x7c, 0x74, 0x0c, 0xfc, 0xcc, 0x44, 0xfc, 0x58, 0x01,
	0x7c, 0x00, 0x00, 0x23, 0x02, 0x7c, 0x7f, 0xe6, 0x84, 0x6f, 0xc7, 0xfc, 0xa8, 0x02, 0xfc, 0x38, 0x43, 0x7c, 0x00, 0x00, 0x24, 0x02, 0xfc, 0xf1,
	0x02, 0xfc, 0x61, 0x07, 0xfc, 0xa9, 0x42, 0x78, 0x29, 0x42, 0x60, 0x00, 0x00, 0x22, 0x02, 0xfc, 0xff, 0xc2, 0xfc, 0x68, 0x47, 0xfc, 0xaf, 0xc3,
	0xfe, 0x24, 0x83, 0x84, 0x00, 0x00, 0x09, 0xc4, 0xa4, 0xef, 0xc6, 0xa4, 0x7f, 0xcd, 0xa4, 0xcd, 0xc4, 0x9a, 0x52, 0xa0, 0x4c, 0x00, 0x00, 0x25,
	0x02, 0xfc, 0xef, 0xc6, 0xfc, 0x75, 0x47, 0xa8, 0xaf, 0xc2, 0xfc, 0x28, 0x42, 0xfc, 0x00, 0x00, 0x07, 0xc5, 0x2c, 0xef, 0xc6, 0x54, 0x77, 0xcd,
	0x54, 0xd7, 0xc5, 0x54, 0x58, 0x00, 0x7c, 0x00, 0x00, 0x0f, 0xc4, 0x20, 0xff, 0xc6, 0x68, 0x64, 0x85, 0xfc, 0xdf, 0xe4, 0xfc, 0x48, 0x40, 0x1c,
	0x00, 0x00, 0x1f, 0xc4, 0x50, 0xff, 0xc7, 0x54, 0x6a, 0x8d, 0xfc, 0xdf, 0xc4, 0x28, 0x4a, 0x41, 0x60, 0x00, 0x00, 0x22, 0x02, 0xfc, 0xf4, 0x82,
	0xb4, 0x6f, 0xc7, 0xfc, 0xa8, 0x42, 0x78, 0x3f, 0xc2, 0x00, 0x00, 0x00, 0x24, 0x83, 0xfc, 0xff, 0xc2, 0x84, 0x6f, 0xc7, 0xfc, 0xa2, 0x03, 0xfc,
	0x25, 0x03, 0x8e, 0x00, 0x00, 0x04, 0x02, 0xfc, 0xf2, 0x06, 0xdc, 0x6d, 0x07, 0xbc, 0xaf, 0xc2, 0xfc, 0x29, 0x02, 0xec, 0x00, 0x00, 0x24, 0x82,
	0xfc, 0xff, 0xc2, 0x10, 0x6f, 0xc7, 0xfc, 0xa9, 0x42, 0xfc, 0x24, 0x82, 0x84, 0x00, 0x00, 0x0e, 0xc5, 0x44, 0xff, 0x47, 0x2c, 0x7c, 0xcd, 0xf2,
	0xc2, 0x04, 0xfc, 0x42, 0x01, 0xfc, 0x00, 0x00, 0x29, 0x02, 0xfc, 0x79, 0x03, 0xfc, 0x6f, 0xc7, 0x90, 0xaf, 0xc2, 0x94, 0x35, 0x43, 0x2a, 0x00,
	0x00, 0x04, 0x45, 0xf4, 0xe4, 0xe6, 0xa4, 0x6e, 0xcd, 0x2c, 0xce, 0xc4, 0xa4, 0x4b, 0x41, 0x4c, 0x00, 0x00, 0x08, 0x85, 0xfe, 0xe8, 0x86, 0xf4,
	0x7f, 0xcc, 0xa4, 0xdf, 0xc4, 0x20, 0x5f, 0xe0, 0x20, 0x00, 0x00, 0x24, 0x82, 0xf4, 0xff, 0xc2, 0xd4, 0x68, 0xc7, 0xfc, 0xa7, 0x83, 0xfe, 0x24,
	0x82, 0x18, 0x00, 0x00, 0x00, 0xc4, 0xf0, 0xef, 0xe6, 0xf8, 0x54, 0xe5, 0x30, 0xdf, 0xc5, 0x7c, 0x57, 0xc0, 0x0c, 0x00, 0x00, 0x0f, 0xc4, 0x48,
	0xef, 0xe6, 0x54, 0x6f, 0x05, 0xfc, 0xd5, 0xc5, 0xfc, 0x57, 0xc0, 0x0c, 0x00, 0x00, 0x0e, 0x04, 0x38, 0xfd, 0x46, 0x7c, 0x78, 0x65, 0xfc, 0xc8,
	0x44, 0x78, 0x44, 0x81, 0xfc, 0x00, 0x00, 0x0a, 0x85, 0x7c, 0xee, 0xc6, 0xec, 0x5d, 0xc6, 0x14, 0xdf, 0x84, 0xd8, 0x51, 0xa1, 0x24, 0x00, 0x00,
	0x24, 0x02, 0xb8, 0xff, 0xc2, 0xa4, 0x6f, 0xc7, 0xb4, 0xa5, 0x83, 0xb4, 0x2d, 0x43, 0x70, 0x00, 0x00, 0x1f, 0xc4, 0x00, 0xff, 0xc7, 0xfc, 0x6d,
	0x8d, 0xfc, 0xdf, 0xc5, 0xfc, 0x4f, 0xc1, 0xfc, 0x00, 0x00, 0x22, 0x02, 0xdc, 0xef, 0xc2, 0xfc, 0x6b, 0x47, 0x78, 0xaf, 0xc2, 0xfc, 0x2f, 0xc3,
	0xfe, 0x00, 0x00, 0x03, 0x02, 0xec, 0xe1, 0xa6, 0xb4, 0x6e, 0xc7, 0xfc, 0xaf, 0xc3, 0x2a, 0x37, 0x42, 0x0c, 0x00, 0x00, 0x2f, 0x82, 0x90, 0xf6,
	0xc6, 0xfc, 0x6f, 0xc7, 0xd4, 0xbf, 0xe2, 0x84, 0x2f, 0xc2, 0xfc, 0x00, 0x00, 0x09, 0x05, 0x7c, 0xf4, 0x87, 0xb4, 0x6f, 0x4d, 0x34, 0xcf, 0x45,
	0x54, 0x57, 0x41, 0x90, 0x00, 0x00, 0x03, 0xc4, 0xfc, 0xf2, 0xc7, 0x74, 0x77, 0xcd, 0x54, 0xd7, 0xc5, 0x7c, 0x5a, 0xc0, 0xfe, 0x00, 0x00, 0x0d,
	0xc5, 0x34, 0xff, 0xc7, 0xfc, 0x7f, 0xcd, 0x7c, 0xd7, 0xc5, 0x7c, 0x56, 0xc1, 0x2c, 0x00, 0x00, 0x2e, 0x87, 0xbc, 0x75, 0xc0, 0x80, 0x7f, 0xc3,
	0x58, 0x7f, 0xe7, 0xe4, 0x79, 0x47, 0x58, 0x00, 0x00, 0x10, 0x01, 0xfc, 0x20, 0x42, 0x48, 0x44, 0x80, 0x40, 0x0a, 0x01, 0x90, 0x20, 0x84, 0x04,
	0x00, 0x00, 0x04, 0x04, 0x7c, 0x28, 0x40, 0xa4, 0x12, 0x80, 0x20, 0x25, 0x04, 0x50, 0x08, 0x81, 0x04, 0x00, 0x00, 0x08, 0x07, 0x3c, 0x42, 0x47,
	0xb4, 0x51, 0x45, 0x10, 0x51, 0x85, 0x28, 0x96, 0x41, 0x00, 0x00, 0x00, 0x02, 0x07, 0xbc, 0x4a, 0x46, 0xd4, 0x51, 0x45, 0x90, 0x69, 0x86, 0x28,
	0x7c, 0x44, 0x00, 0x00, 0x00, 0x00, 0x04, 0xbc, 0x46, 0x43, 0x54, 0x49, 0x4f, 0xd0, 0x49, 0x84, 0xa8, 0x7e, 0x44, 0x00, 0x00, 0x00, 0x48, 0x07,
	0xfc, 0x4a, 0x27, 0xd4, 0x49, 0x47, 0x90, 0x49, 0x83, 0x28, 0x4a, 0x44, 0x42, 0x00, 0x00, 0x32, 0x04, 0xbc, 0xfa, 0x42, 0x54, 0x79, 0x42, 0x10,
	0x69, 0x86, 0x28, 0x3e, 0x44, 0x00, 0x00, 0x00, 0x02, 0x07, 0xbc, 0x22, 0x25, 0xd4, 0x7d, 0x47, 0x90, 0x21, 0x86, 0xa8, 0xa6, 0x42, 0x02, 0x00,
	0x00, 0x7d, 0x00, 0xbc, 0x7a, 0x47, 0xb4, 0x19, 0x47, 0xd0, 0x79, 0x85, 0x98, 0x6a, 0x41, 0x80, 0x00, 0x00, 0x49, 0x07, 0xfc, 0x7a, 0x25, 0x74,
	0x79, 0x47, 0xd0, 0x11, 0x87, 0x98, 0x2a, 0x44, 0x42, 0x00, 0x00, 0x41, 0x07, 0xbc, 0x22, 0x27, 0xb4, 0x79, 0x4d, 0x10, 0x79, 0x87, 0xa8, 0x52,
	0x46, 0xc2, 0x00, 0x00, 0x04, 0x00, 0x40, 0x24, 0x02, 0x7c, 0x24, 0x02, 0x40, 0x24, 0x02, 0x40, 0x24, 0x07, 0xfc, 0x00, 0x00, 0x7f, 0xc0, 0x40,
	0x04, 0x02, 0x78, 0x24, 0x02, 0x40, 0x24, 0x07, 0xfc, 0x00, 0x00, 0x00, 0x00, 0x00, 0x12, 0x01, 0x20, 0x52, 0x45, 0x28, 0x5b, 0x05, 0x20, 0x52,
	0x25, 0x22, 0x5e, 0x4e, 0x1c, 0x00, 0x00, 0x01, 0x83, 0x94, 0x7f, 0xc0, 0x10, 0x09, 0x04, 0xf0, 0x49, 0x04, 0x8a, 0x4e, 0xc7, 0x04, 0x00, 0x00,
	0x04, 0x02, 0x7c, 0x24, 0x07, 0xfc, 0x24, 0x82, 0x44, 0x44, 0x40, 0x90, 0x06, 0x07, 0x80, 0x00, 0x00, 0x7f, 0xc0, 0x40, 0x1d, 0x06, 0x4c, 0x04,
	0x07, 0xfc, 0x04, 0x02, 0x78, 0x24, 0x07, 0xfc, 0x00, 0x00, 0x24, 0x02, 0x78, 0x7f, 0xc5, 0x44, 0x55, 0x47, 0xfc, 0x4e, 0x45, 0x54, 0x44, 0x47,
	0xfc, 0x00, 0x00, 0x27, 0xc2, 0x40, 0x5b, 0xc7, 0xfc, 0x41, 0x45, 0xd4, 0x5d, 0x86, 0xa8, 0x69, 0xc1, 0xe4, 0x00, 0x00, 0x3f, 0xc4, 0x90, 0x7f,
	0xc5, 0xd8, 0x6b, 0x44, 0x80, 0x52, 0x05, 0x38, 0x92, 0x03, 0xfc, 0x00, 0x00, 0x7f, 0xc2, 0x20, 0x3e, 0x44, 0xa8, 0x6b, 0x01, 0xa0, 0x12, 0x42,
	0x24, 0x43, 0xc0, 0x00, 0x00, 0x00, 0x02, 0x07, 0x20, 0x44, 0x47, 0x5c, 0x52, 0x2b, 0x7c, 0x14, 0x42, 0x44, 0x64, 0x40, 0x7c, 0x00, 0x00, 0x04,
	0x07, 0x7c, 0x44, 0x47, 0xfc, 0x54, 0xcb, 0x7c, 0x14, 0xc2, 0x74, 0x40, 0x40, 0x1c, 0x00, 0x00, 0x05, 0x07, 0x7c, 0x45, 0x07, 0x90, 0x57, 0xcb,
	0x10, 0x13, 0x82, 0x54, 0x49, 0x60, 0x10, 0x00, 0x00, 0x02, 0xc7, 0x7c, 0x42, 0x07, 0x7c, 0x51, 0x0b, 0x7c, 0x11, 0x42, 0x18, 0x66, 0xa1, 0x84,
	0x00, 0x00, 0x01, 0x06, 0x7c, 0x41, 0x07, 0xac, 0x5b, 0xcb, 0xa4, 0x2b, 0xc2, 0xbc, 0x48, 0x00, 0xfc, 0x00, 0x00, 0x03, 0x87, 0xa8, 0x4a, 0xa6,
	0xce, 0x50, 0x05, 0xbc, 0x6a, 0x86, 0x18, 0x7b, 0x84, 0x44, 0x00, 0x00, 0x0b, 0x87, 0x28, 0x44, 0xa7, 0x4e, 0x40, 0x07, 0xfc, 0x42, 0x87, 0x90,
	0x46, 0x84, 0x84, 0x00, 0x00, 0x0b, 0x83, 0x28, 0x32, 0xa4, 0x4e, 0x20, 0x07, 0x3c, 0x32, 0x86, 0x98, 0x22, 0x82, 0x44, 0x00, 0x00, 0x03, 0x87,
	0xa8, 0x22, 0xa7, 0xc6, 0x78, 0x04, 0xbc, 0x72, 0x45, 0x58, 0x4f, 0xc0, 0x42, 0x00, 0x00, 0x79, 0x84, 0x68, 0x7e, 0xa4, 0xae, 0x78, 0x06, 0xbc,
	0x7a, 0x48, 0x18, 0xab, 0xc4, 0x42, 0x00, 0x00, 0x01, 0x87, 0xa8, 0x4a, 0xa7, 0xe6, 0x20, 0x05, 0xbc, 0x7a, 0x43, 0x58, 0x53, 0xc3, 0x42, 0x00,
	0x00, 0x3f, 0xc2, 0x48, 0x22, 0x8f, 0xfe, 0x48, 0x84, 0x48, 0x40, 0x87, 0xfc, 0x03, 0x80, 0x00, 0x00, 0x00, 0x20, 0x03, 0xfc, 0x5f, 0x86, 0x48,
	0x24, 0x8f, 0xfe, 0x24, 0x84, 0x48, 0x7f, 0xc0, 0x30, 0x00, 0x00, 0x04, 0x07, 0xfc, 0x7f, 0xc7, 0xfc, 0x00, 0x03, 0xf8, 0xff, 0xe4, 0x48, 0x7f,
	0xc4, 0x30, 0x00, 0x00, 0x02, 0x02, 0x20, 0x22, 0x42, 0x38, 0x3a, 0x02, 0x20, 0x22, 0x02, 0x24, 0x3a, 0x4c, 0x3c, 0x00, 0x00, 0x3f, 0x84, 0x48,
	0x3f, 0x84, 0x48, 0x3f, 0x80, 0x20, 0x3b, 0xc2, 0x20, 0x2a, 0x4f, 0x3c, 0x00, 0x00, 0x00, 0x87, 0xf0, 0x08, 0x01, 0xfc, 0x28, 0x00, 0x8c, 0x7f,
	0x00, 0x84, 0x08, 0x40, 0xf8, 0x00, 0x00, 0x01, 0x83, 0xe0, 0x44, 0x04, 0x20, 0x3f, 0xc4, 0x20, 0x42, 0x04, 0x14, 0x5d, 0x46, 0x0c, 0x00, 0x00,
	0x3f, 0x84, 0x08, 0x40, 0x87, 0xf8, 0x42, 0x03, 0xfc, 0x42, 0x04, 0x14, 0x5d, 0x46, 0x0c, 0x00, 0x00, 0x20, 0x03, 0xf8, 0x5f, 0x84, 0x00, 0x3f,
	0x00, 0x30, 0x34, 0xa0, 0x8a, 0x36, 0xc4, 0x04, 0x00, 0x00, 0x04, 0x00, 0x40, 0x74, 0x41, 0x68, 0x17, 0x01, 0x50, 0x24, 0x84, 0x44, 0x04, 0x01,
	0xc0, 0x00, 0x00, 0x04, 0x06, 0x40, 0x14, 0x40, 0x68, 0x77, 0x01, 0x50, 0x24, 0x86, 0x4c, 0x04, 0x41, 0xc0, 0x00, 0x00, 0x1c, 0x00, 0x20, 0x3c,
	0x40, 0x68, 0x7f, 0x01, 0x50, 0x14, 0x86, 0x4c, 0x44, 0x41, 0xc0, 0x00, 0x00, 0x40, 0x02, 0xfc, 0x08, 0x44, 0x84, 0x28, 0x40, 0x98, 0x18, 0x02,
	0x84, 0x28, 0x44, 0x7c, 0x00, 0x00, 0x40, 0x02, 0xfc, 0x00, 0x84, 0x08, 0x20, 0x80, 0x08, 0x10, 0x82, 0x08, 0x20, 0x84, 0x38, 0x00, 0x00, 0x41,
	0x02, 0x10, 0x01, 0x04, 0xfc, 0x21, 0x00, 0x10, 0x11, 0x02, 0x10, 0x21, 0x04, 0x10, 0x00, 0x00, 0x05, 0x87, 0xfc, 0x04, 0x02, 0x44, 0x36, 0x80,
	0x50, 0x1d, 0x02, 0x48, 0x44, 0x41, 0xc0, 0x00, 0x00, 0x47, 0x82, 0x88, 0x08, 0x84, 0xc8, 0x2a, 0x80, 0x98, 0x29, 0xa2, 0x8a, 0x50, 0xa5, 0x0c,
	0x00, 0x00, 0x42, 0x02, 0x3c, 0x04, 0x44, 0x84, 0x2a, 0x40, 0x1c, 0x10, 0x82, 0x10, 0x26, 0x04, 0x80, 0x00, 0x00, 0x40, 0x02, 0xfc, 0x01, 0x04,
	0x10, 0x2f, 0xc0, 0x10, 0x11, 0x02, 0x10, 0x21, 0x04, 0x10, 0x00, 0x00, 0x40, 0x02, 0xfc, 0x04, 0x04, 0xfc, 0x24, 0x00, 0x7c, 0x18, 0x42, 0x04,
	0x20, 0x44, 0x38, 0x00, 0x00, 0x42, 0x02, 0x20, 0x0f, 0xe4, 0x48, 0x24, 0x80, 0xc8, 0x13, 0x02, 0x18, 0x26, 0x45, 0x80, 0x00, 0x00, 0x40, 0x02,
	0xfc, 0x02, 0x04, 0x20, 0x22, 0x00, 0x20, 0x12, 0x02, 0x20, 0x22, 0x04, 0xdc, 0x00, 0x00, 0x41, 0x02, 0x90, 0x0b, 0xc5, 0xd4, 0x29, 0x40, 0x94,
	0x29, 0xc2, 0x84, 0x48, 0x44, 0x7c, 0x00, 0x00, 0x42, 0x02, 0x20, 0x1f, 0xc4, 0x20, 0x22, 0x00, 0x50, 0x25, 0x02, 0xa8, 0x5a, 0x44, 0x00, 0x00,
	0x00, 0x4f, 0x82, 0x48, 0x04, 0x84, 0x4c, 0x2a, 0x40, 0xa4, 0x29, 0x82, 0x98, 0x52, 0x45, 0x42, 0x00, 0x00, 0x42, 0x02, 0xf8, 0x02, 0x44, 0x24,
	0x22, 0x41, 0xfe, 0x23, 0x02, 0x50, 0x4c, 0xc5, 0x00, 0x00, 0x00, 0x44, 0x02, 0xfc, 0x08, 0x05, 0x38, 0x2f, 0x00, 0x08, 0x20, 0xa2, 0x0a, 0x40,
	0xc4, 0x04, 0x00, 0x00, 0x40, 0x42, 0xf8, 0x02, 0x04, 0x20, 0x3f, 0xe0, 0x20, 0x23, 0x02, 0x48, 0x48, 0xc5, 0x00, 0x00, 0x00, 0x42, 0x02, 0xfc,
	0x12, 0x45, 0x24, 0x22, 0x00, 0x60, 0x26, 0x02, 0xa4, 0x52, 0x44, 0x1c, 0x00, 0x00, 0x42, 0x02, 0x3c, 0x0e, 0x04, 0xa4, 0x2a, 0x40, 0xa4, 0x2f,
	0xc2, 0xa2, 0x42, 0x24, 0x1c, 0x00, 0x00, 0x04, 0x07, 0xec, 0x17, 0x02, 0x58, 0x5c, 0x43, 0xf8, 0x20, 0x83, 0xf8, 0x20, 0x83, 0xf8, 0x00, 0x00,
	0x42, 0x02, 0x20, 0x1f, 0xc5, 0x24, 0x32, 0x41, 0x24, 0x3f, 0xc2, 0x20, 0x42, 0x04, 0x20, 0x00, 0x00, 0x40, 0x02, 0xa0, 0x0a, 0x44, 0xa4, 0x32,
	0x20, 0x04, 0x22, 0x82, 0x18, 0x42, 0x05, 0xc0, 0x00, 0x00, 0x47, 0x02, 0x88, 0x08, 0xa4, 0x8c, 0x20, 0x00, 0xfc, 0x24, 0x82, 0x30, 0x47, 0x85,
	0x84, 0x00, 0x00, 0x40, 0x02, 0xfc, 0x08, 0x44, 0x84, 0x2f, 0xc0, 0x90, 0x29, 0x02, 0x88, 0x50, 0x45, 0x04, 0x00, 0x00, 0x42, 0x02, 0xfc, 0x02,
	0x04, 0x20, 0x2f, 0xc0, 0x30, 0x26, 0x82, 0xa4, 0x52, 0x44, 0x20, 0x00, 0x00, 0x40, 0x02, 0xfc, 0x00, 0x45, 0xf4, 0x31, 0x41, 0x14, 0x2f, 0x43,
	0x04, 0x40, 0x44, 0x1c, 0x00, 0x00, 0x45, 0x03, 0xfc, 0x05, 0x44, 0xfc, 0x35, 0x01, 0x50, 0x3f, 0xc2, 0x54, 0x49, 0xc1, 0x10, 0x00, 0x00, 0x42,
	0x02, 0x20, 0x1f, 0xc5, 0x24, 0x32, 0x41, 0xfc, 0x32, 0x43, 0x24, 0x5f, 0xc5, 0x04, 0x00, 0x00, 0x40, 0x02, 0x48, 0x04, 0x44, 0xbc, 0x24, 0x20,
	0xfc, 0x28, 0x42, 0x84, 0x48, 0x44, 0xfc, 0x00, 0x00, 0x4f, 0xc2, 0x24, 0x02, 0x44, 0x44, 0x29, 0xc0, 0xfc, 0x28, 0x42, 0x84, 0x48, 0x44, 0xfc,
	0x00, 0x00, 0x40, 0x02, 0x48, 0x04, 0x84, 0x84, 0x28, 0x40, 0xfc, 0x28, 0x42, 0x84, 0x48, 0x44, 0xfc, 0x00, 0x00, 0x47, 0x82, 0x84, 0x08, 0x44,
	0x84, 0x2f, 0xc0, 0x50, 0x25, 0x22, 0x52, 0x49, 0x25, 0x0c, 0x00, 0x00, 0x04, 0x03, 0xf8, 0x20, 0x83, 0xf8, 0x20, 0x81, 0xf4, 0x7e, 0x81, 0x50,
	0x64, 0xc1, 0xc0, 0x00, 0x00, 0x42, 0x02, 0x20, 0x0d, 0xc4, 0x84, 0x28, 0x40, 0xfc, 0x08, 0x42, 0x84, 0x4f, 0xc4, 0x84, 0x00, 0x00, 0x44, 0x02,
	0x34, 0x04, 0x84, 0xcc, 0x2d, 0x41, 0x54, 0x36, 0x43, 0x4a, 0x5c, 0x84, 0x78, 0x00, 0x00, 0x42, 0x02, 0xfc, 0x02, 0x04, 0x20, 0x3f, 0xc0, 0x20,
	0x24, 0x82, 0x44, 0x49, 0xc5, 0x60, 0x00, 0x00, 0x48, 0x02, 0xfc, 0x08, 0x45, 0x74, 0x21, 0x40, 0xf4, 0x28, 0xc2, 0x82, 0x48, 0x44, 0xfc, 0x00,
	0x00, 0x40, 0x02, 0xfe, 0x12, 0x45, 0x20, 0x3d, 0xc1, 0x48, 0x32, 0x83, 0x10, 0x56, 0x80, 0x86, 0x00, 0x00, 0x42, 0x02, 0xfc, 0x00, 0x04, 0x84,
	0x28, 0x80, 0x88, 0x24, 0x82, 0x48, 0x41, 0x05, 0xfc, 0x00, 0x00, 0x4f, 0xc2, 0x84, 0x08, 0x44, 0xf8, 0x2c, 0x40, 0xc8, 0x2f, 0x03, 0x42, 0x54,
	0x25, 0x3c, 0x00, 0x00, 0x46, 0x02, 0x18, 0x1f, 0xc4, 0x20, 0x22, 0x00, 0xfc, 0x22, 0x02, 0x20, 0x42, 0x05, 0xfc, 0x00, 0x00, 0x04, 0x07, 0xfc,
	0x7f, 0xc0, 0xa0, 0x7f, 0xc2, 0x48, 0x55, 0x40, 0x40, 0x35, 0x84, 0xc4, 0x00, 0x00, 0x46, 0x02, 0x18, 0x0e, 0x04, 0x14, 0x3d, 0x80, 0x68, 0x2a,
	0x82, 0xa4, 0x52, 0x20, 0x60, 0x00, 0x00, 0x40, 0x82, 0x48, 0x0b, 0x44, 0x20, 0x2f, 0xc0, 0x20, 0x22, 0x02, 0xfc, 0x42, 0x04, 0x20, 0x00, 0x00,
	0x48, 0x02, 0xfc, 0x0a, 0x05, 0x20, 0x3f, 0xc0, 0x50, 0x25, 0x02, 0x52, 0x49, 0x45, 0x1c, 0x00, 0x00, 0x44, 0x02, 0xfc, 0x1c, 0x84, 0x30, 0x27,
	0x81, 0x86, 0x2f, 0xc2, 0x84, 0x48, 0x44, 0xfc, 0x00, 0x00, 0x4f, 0xc3, 0x04, 0x17, 0xc5, 0x04, 0x37, 0xc1, 0x4c, 0x34, 0xc5, 0x74, 0x54, 0x41,
	0x0c, 0x00, 0x00, 0x42, 0x02, 0xfc, 0x02, 0x45, 0xfc, 0x2f, 0xc0, 0x20, 0x3f, 0xc4, 0x20, 0x5f, 0xc4, 0x20, 0x00, 0x00, 0x42, 0x02, 0xfc, 0x12,
	0x45, 0xfc, 0x32, 0x41, 0xfc, 0x21, 0x42, 0x1a, 0x46, 0xa5, 0x8c, 0x00, 0x00, 0x44, 0x82, 0x48, 0x0f, 0xc4, 0x48, 0x24, 0x81, 0xfc, 0x20, 0x02,
	0x58, 0x48, 0x45, 0x04, 0x00, 0x00, 0x08, 0x06, 0x94, 0x09, 0x45, 0xdc, 0x1d, 0xc1, 0xbc, 0x09, 0x44, 0x94, 0x51, 0x41, 0x04, 0x00, 0x00, 0x40,
	0x42, 0xf8, 0x02, 0x05, 0xfc, 0x22, 0x00, 0xfc, 0x28, 0x42, 0x84, 0x48, 0x44, 0xfc, 0x00, 0x00, 0x40, 0x42, 0xf8, 0x08, 0xc4, 0xf8, 0x2a, 0x80,
	0xac, 0x32, 0x83, 0x28, 0x52, 0x45, 0x20, 0x00, 0x00, 0x42, 0x03, 0xfc, 0x04, 0x84, 0x84, 0x3f, 0xc0, 0xa8, 0x2a, 0x82, 0xaa, 0x52, 0xa2, 0x2c,
	0x00, 0x00, 0x44, 0x02, 0xb8, 0x1f, 0xc4, 0x24, 0x3f, 0xe0, 0x24, 0x2f, 0xc4, 0x24, 0x42, 0x04, 0x60, 0x00, 0x00, 0x42, 0xc2, 0xfc, 0x02, 0x04,
	0xfc, 0x22, 0x00, 0xfc, 0x21, 0x42, 0x18, 0x46, 0xc5, 0x8c, 0x00, 0x00, 0x40, 0xc2, 0xf0, 0x08, 0x04, 0xfc, 0x28, 0x80, 0x88, 0x3f, 0xe2, 0x40,
	0x48, 0xc5, 0x04, 0x00, 0x00, 0x42, 0xc3, 0xfc, 0x02, 0x05, 0xfc, 0x32, 0x41, 0xfc, 0x32, 0x45, 0xfc, 0x52, 0x45, 0x2c, 0x00, 0x00, 0x41, 0x02,
	0xfc, 0x09, 0x04, 0x10, 0x3f, 0xc0, 0x00, 0x2f, 0xc2, 0x84, 0x48, 0x44, 0xfc, 0x00, 0x00, 0x42, 0x02, 0xfc, 0x08, 0x44, 0xfc, 0x28, 0x40, 0xfc,
	0x0a, 0x42, 0x98, 0x4a, 0x85, 0xc6, 0x00, 0x00, 0x4f, 0xc3, 0x24, 0x12, 0x45, 0xfc, 0x32, 0x40, 0xf8, 0x22, 0x02, 0xfc, 0x42, 0x05, 0xfc, 0x00,
	0x00, 0x40, 0xc2, 0xf4, 0x0a, 0x44, 0x88, 0x2f, 0xc0, 0x08, 0x2f, 0xc2, 0x10, 0x41, 0x04, 0x70, 0x00, 0x00, 0x44, 0x02, 0x48, 0x1a, 0x44, 0x50,
	0x28, 0x81, 0xfe, 0x28, 0x42, 0x84, 0x48, 0x44, 0xfc, 0x00, 0x00, 0x48, 0x02, 0xfc, 0x17, 0xc5, 0xa4, 0x2a, 0x41, 0xfe, 0x32, 0x43, 0x24, 0x5f,
	0xc0, 0x18, 0x00, 0x00, 0x4f, 0xc2, 0x04, 0x0f, 0xc4, 0xfc, 0x3f, 0xc1, 0x02, 0x27, 0x82, 0x50, 0x47, 0x05, 0x8e, 0x00, 0x00, 0x40, 0x02, 0xa4,
	0x02, 0x04, 0xfc, 0x28, 0x40, 0xfc, 0x28, 0x42, 0xfc, 0x48, 0x44, 0x8c, 0x00, 0x00, 0x5f, 0xc2, 0x0c, 0x07, 0x05, 0xec, 0x32, 0x41, 0xfc, 0x32,
	0x43, 0xfc, 0x52, 0x45, 0x0c, 0x00, 0x00, 0x4f, 0xc2, 0x00, 0x0f, 0xc4, 0x84, 0x2f, 0xc0, 0x90, 0x37, 0xc3, 0x30, 0x54, 0x84, 0x84, 0x00, 0x00,
	0x42, 0x02, 0xfc, 0x0f, 0xc4, 0x20, 0x3f, 0xe0, 0x44, 0x3f, 0xe2, 0xa4, 0x52, 0x44, 0x18, 0x00, 0x00, 0x42, 0x03, 0xfc, 0x02, 0x04, 0xd8, 0x3f,
	0xc1, 0x54, 0x25, 0x02, 0x50, 0x49, 0x45, 0x1c, 0x00, 0x00, 0x4f, 0xc3, 0x10, 0x17, 0xc5, 0x10, 0x37, 0xc1, 0x10, 0x31, 0x03, 0x7c, 0x51, 0x00,
	0xfc, 0x00, 0x00, 0x42, 0x03, 0xfc, 0x0a, 0x05, 0x5c, 0x15, 0x43, 0xc8, 0x12, 0x85, 0x10, 0x52, 0x85, 0xc4, 0x00, 0x00, 0x42, 0x03, 0xfe, 0x0f,
	0x84, 0x84, 0x28, 0x40, 0xfc, 0x22, 0x82, 0xa4, 0x52, 0x40, 0x60, 0x00, 0x00, 0x42, 0x03, 0xfc, 0x10, 0x44, 0x78, 0x22, 0x00, 0x9c, 0x2a, 0x02,
	0xa0, 0x56, 0x01, 0x1e, 0x00, 0x00, 0x48, 0x82, 0x88, 0x1d, 0xe4, 0xc8, 0x2d, 0xc1, 0xdc, 0x3a, 0xc4, 0xaa, 0x48, 0x80, 0x88, 0x00, 0x00, 0x08,
	0x06, 0xde, 0x09, 0x44, 0x94, 0x1f, 0x41, 0x94, 0x1a, 0x85, 0xa8, 0x49, 0x40, 0xa2, 0x00, 0x00, 0x48, 0x02, 0xfc, 0x18, 0x44, 0xf4, 0x22, 0x40,
	0xf4, 0x2a, 0xc4, 0xfc, 0x48, 0x44, 0x1c, 0x00, 0x00, 0x42, 0x02, 0xa4, 0x0b, 0x04, 0x58, 0x38, 0x40, 0xa0, 0x2a, 0x42, 0x30, 0x44, 0x85, 0x84,
	0x00, 0x00, 0x40, 0xc2, 0xf4, 0x0a, 0x44, 0x88, 0x20, 0xc0, 0xf0, 0x22, 0x02, 0xfc, 0x42, 0x04, 0xfc, 0x00, 0x00, 0x4f, 0xc3, 0x54, 0x15, 0x04,
	0x9c, 0x22, 0x01, 0xfc, 0x27, 0x02, 0x68, 0x5a, 0x40, 0x20, 0x00, 0x00, 0x42, 0x02, 0xdc, 0x0f, 0xc4, 0x84, 0x27, 0x80, 0xfc, 0x21, 0x83, 0xfe,
	0x41, 0x00, 0x60, 0x00, 0x00, 0x41, 0x43, 0x54, 0x15, 0x45, 0x8c, 0x2f, 0xc1, 0x04, 0x3d, 0xc3, 0x54, 0x55, 0x40, 0x14, 0x00, 0x00, 0x4f, 0xc2,
	0x84, 0x0f, 0xc4, 0x84, 0x2f, 0xc0, 0x90, 0x2f, 0xc2, 0x90, 0x4b, 0x25, 0xdc, 0x00, 0x00, 0x40, 0xc2, 0xf0, 0x02, 0x05, 0xdc, 0x28, 0x81, 0xa4,
	0x2b, 0x04, 0xb4, 0x52, 0xc4, 0x60, 0x00, 0x00, 0x40, 0x02, 0xfc, 0x0f, 0xc4, 0xfc, 0x20, 0x00, 0xfc, 0x2f, 0xc2, 0x84, 0x4f, 0xc4, 0x9c, 0x00,
	0x00, 0x4f, 0xc2, 0x84, 0x0f, 0xc4, 0xfc, 0x24, 0x00, 0xfc, 0x2b, 0x42, 0xc4, 0x4f, 0x44, 0x1c, 0x00, 0x00, 0x42, 0x03, 0xfc, 0x0c, 0x84, 0x30,
	0x3c, 0xe0, 0xfc, 0x28, 0x42, 0xfc, 0x50, 0x41, 0x04, 0x00, 0x00, 0x4a, 0x02, 0xbc, 0x0a, 0x05, 0xfe, 0x22, 0x80, 0xa4, 0x32, 0x22, 0x08, 0x43,
	0x05, 0xc0, 0x00, 0x00, 0x41, 0x02, 0x9c, 0x09, 0x04, 0x90, 0x26, 0xc0, 0x8c, 0x25, 0x02, 0x00, 0x4c, 0x85, 0x04, 0x00, 0x00, 0x40, 0xc2, 0xf4,
	0x0a, 0x44, 0x88, 0x22, 0x00, 0xfc, 0x22, 0x02, 0xfc, 0x45, 0x85, 0x86, 0x00, 0x00, 0x42, 0x02, 0xfc, 0x02, 0x85, 0xfe, 0x26, 0x00, 0xfc, 0x28,
	0x42, 0xfc, 0x48, 0x44, 0xfc, 0x00, 0x00, 0x01, 0x47, 0xfc, 0x11, 0x05, 0x54, 0x17, 0x41, 0xac, 0x1a, 0x85, 0xda, 0x63, 0xa0, 0x44, 0x00, 0x00,
	0x47, 0xc2, 0x80, 0x4f, 0xc1, 0xfc, 0x28, 0x04, 0x7c, 0x7f, 0xc0, 0xe0, 0x35, 0x84, 0x44, 0x00, 0x00, 0x41, 0x03, 0xfc, 0x1f, 0xc5, 0x44, 0x37,
	0x81, 0x00, 0x37, 0xc3, 0x28, 0x53, 0x80, 0xc6, 0x00, 0x00, 0x4f, 0xc3, 0x04, 0x0f, 0xc4, 0xfc, 0x32, 0x81, 0x5c, 0x33, 0x03, 0xfc, 0x51, 0x04,
	0xfe, 0x00, 0x00, 0x4f, 0x82, 0x84, 0x0b, 0xc4, 0xa4, 0x3f, 0xc1, 0x74, 0x34, 0xc3, 0x4c, 0x57, 0x41, 0x0c, 0x00, 0x00, 0x4f, 0x82, 0x84, 0x0f,
	0xc4, 0x84, 0x2f, 0x80, 0xfc, 0x35, 0x43, 0x54, 0x55, 0x41, 0xfe, 0x00, 0x00, 0x4c, 0x43, 0x34, 0x1f, 0x45, 0x34, 0x3f, 0x41, 0x34, 0x3f, 0x44,
	0x04, 0x52, 0x45, 0x0c, 0x00, 0x00, 0x44, 0x83, 0xfc, 0x04, 0x85, 0xfc, 0x28, 0x80, 0xfc, 0x30, 0x82, 0xf8, 0x48, 0x40, 0xfc, 0x00, 0x00, 0x42,
	0x02, 0xfc, 0x0f, 0xc4, 0x50, 0x3f, 0xe0, 0xfc, 0x32, 0x64, 0xfc, 0x45, 0x85, 0x86, 0x00, 0x00, 0x09, 0xc6, 0x94, 0x1f, 0x44, 0x9c, 0x09, 0x41,
	0x54, 0x35, 0xc5, 0x54, 0x5e, 0x41, 0x2c, 0x00, 0x00, 0x49, 0xc2, 0x94, 0x1d, 0x44, 0xdc, 0x2d, 0x41, 0xb4, 0x39, 0xc4, 0x94, 0x49, 0x40, 0x98,
	0x00, 0x00, 0x48, 0x83, 0xfc, 0x0f, 0x84, 0x88, 0x2f, 0x81, 0xfc, 0x33, 0x03, 0x5c, 0x50, 0x04, 0xfc, 0x00, 0x00, 0x1f, 0xc6, 0x48, 0x0f, 0xc5,
	0x24, 0x3f, 0xc0, 0xfc, 0x22, 0x04, 0xfc, 0x44, 0x41, 0x9c, 0x00, 0x00, 0x4f, 0x82, 0x84, 0x0f, 0xc4, 0xfc, 0x3f, 0xc0, 0x40, 0x2b, 0xc5, 0x54,
	0x4a, 0x44, 0x4c, 0x00, 0x00, 0x42, 0x03, 0xdc, 0x0d, 0x45, 0x74, 0x2f, 0xc0, 0x04, 0x2f, 0x83, 0xfc, 0x50, 0x44, 0x3c, 0x00, 0x00, 0x4f, 0x82,
	0x84, 0x0f, 0xc4, 0x84, 0x2f, 0xc0, 0x50, 0x35, 0x42, 0xd4, 0x45, 0x01, 0xfe, 0x00, 0x00, 0x44, 0x83, 0xfc, 0x04, 0x85, 0xfc, 0x3f, 0xc1, 0x24,
	0x3a, 0xc3, 0xac, 0x5d, 0xc5, 0x0c, 0x00, 0x00, 0x0e, 0x06, 0x38, 0x0d, 0x44, 0x88, 0x1f, 0xe0, 0x50, 0x3f, 0xc4, 0x50, 0x49, 0x41, 0x1c, 0x00,
	0x00, 0x4f, 0xc3, 0x10, 0x17, 0xc5, 0x44, 0x37, 0xc1, 0x44, 0x33, 0x83, 0x54, 0x59, 0x40, 0x30, 0x00, 0x00, 0x49, 0x02, 0xfc, 0x59, 0x02, 0xf8,
	0x0f, 0xc2, 0x90, 0x46, 0xc7, 0xfc, 0x04, 0x00, 0x40, 0x00, 0x00, 0x45, 0xc3, 0x94, 0x15, 0x45, 0x74, 0x38, 0xc0, 0xfc, 0x32, 0x42, 0xfc, 0x52,
	0x44, 0xdc, 0x00, 0x00, 0x44, 0x82, 0xfc, 0x1f, 0xc5, 0xfe, 0x2f, 0x81, 0x24, 0x3f, 0xc5, 0xfe, 0x50, 0x41, 0x0c, 0x00, 0x00, 0x40, 0x82, 0x48,
	0x1f, 0xc4, 0x48, 0x28, 0x81, 0xfc, 0x2d, 0x64, 0xd4, 0x4d, 0x41, 0xfc, 0x00, 0x00, 0x42, 0x03, 0xfc, 0x14, 0xc4, 0x84, 0x37, 0x00, 0x88, 0x3f,
	0xe2, 0x84, 0x48, 0x40, 0xfc, 0x00, 0x00, 0x5d, 0xc6, 0x44, 0x0c, 0xc5, 0x10, 0x1d, 0xc1, 0x54, 0x2c, 0xc4, 0xcc, 0x55, 0x40, 0xcc, 0x00, 0x00,
	0x01, 0x47, 0xfc, 0x1f, 0x05, 0x54, 0x1f, 0x41, 0xec, 0x14, 0x85, 0x7a, 0x6b, 0xa0, 0x44, 0x00, 0x00, 0x44, 0x83, 0xfe, 0x08, 0x84, 0xb4, 0x33,
	0x41, 0x58, 0x28, 0xc2, 0xb4, 0x53, 0x44, 0xea, 0x00, 0x00, 0x4f, 0xc2, 0x84, 0x0b, 0xc5, 0xfe, 0x30, 0x21, 0xfc, 0x2f, 0xc2, 0x84, 0x4f, 0xc0,
	0x9c, 0x00, 0x00, 0x42, 0x03, 0xfc, 0x04, 0x85, 0xfc, 0x2f, 0xc1, 0x24, 0x3f, 0xc3, 0xfe, 0x52, 0x24, 0x3c, 0x00, 0x00, 0x42, 0x43, 0xfe, 0x12,
	0x44, 0xf8, 0x3f, 0xc1, 0x22, 0x3f, 0xc2, 0xa4, 0x4a, 0x44, 0x28, 0x00, 0x00, 0x42, 0x03, 0xdc, 0x05, 0x05, 0xac, 0x3f, 0xc1, 0x24, 0x35, 0xc3,
	0x4c, 0x57, 0x45, 0x0c, 0x00, 0x00, 0x44, 0x02, 0xb8, 0x1f, 0xc5, 0x24, 0x2f, 0xc1, 0x24, 0x2f, 0xc2, 0x54, 0x55, 0x41, 0x40, 0x00, 0x00, 0x5f,
	0xc2, 0x50, 0x1f, 0xc5, 0x54, 0x2a, 0x80, 0xfc, 0x3f, 0xc4, 0x28, 0x4a, 0x45, 0x60, 0x00, 0x00, 0x02, 0x07, 0xfc, 0x06, 0x85, 0x86, 0x27, 0x01,
	0xac, 0x2a, 0x84, 0x70, 0x4a, 0xc1, 0x60, 0x00, 0x00, 0x02, 0x07, 0xdc, 0x1f, 0xc5, 0x54, 0x1f, 0xc1, 0x00, 0x37, 0x45, 0x98, 0x5b, 0x20, 0xcc,
	0x00, 0x00, 0x4f, 0xc3, 0x04, 0x1f, 0xc5, 0xfc, 0x31, 0x01, 0xfc, 0x3f, 0xc3, 0xdc, 0x5b, 0x40, 0x9c, 0x00, 0x00, 0x02, 0x07, 0xdc, 0x0f, 0xc4,
	0x20, 0x3f, 0xc1, 0xfc, 0x32, 0x43, 0xfc, 0x4c, 0x81, 0x04, 0x00, 0x00, 0x45, 0x03, 0xfc, 0x1f, 0xc5, 0xfc, 0x35, 0x40, 0xa8, 0x3f, 0xc2, 0xfc,
	0x50, 0x44, 0xfc, 0x00, 0x00, 0x44, 0x83, 0xfc, 0x0f, 0xc5, 0x04, 0x2f, 0xc0, 0xfc, 0x22, 0x03, 0xfc, 0x45, 0x01, 0x8c, 0x00, 0x00, 0x44, 0x82,
	0xfc, 0x0f, 0xc4, 0xa4, 0x2f, 0xc1, 0xfc, 0x22, 0x02, 0xfc, 0x44, 0x85, 0x84, 0x00, 0x00, 0x01, 0x05, 0x7c, 0x0f, 0xcc, 0x54, 0x17, 0xc1, 0x7c,
	0x11, 0x05, 0x7c, 0x59, 0x00, 0x7c, 0x00, 0x00, 0x4f, 0xc2, 0x84, 0x0f, 0xc4, 0x78, 0x3f, 0xe1, 0xfc, 0x2f, 0xc2, 0x48, 0x43, 0x05, 0xce, 0x00,
	0x00, 0x42, 0x02, 0xfc, 0x0f, 0xc5, 0xfc, 0x2f, 0xc0, 0xfc, 0x2f, 0xc2, 0xfc, 0x44, 0x85, 0x84, 0x00, 0x00, 0x08, 0x25, 0xfc, 0x09, 0x0d, 0xfe,
	0x1f, 0x41, 0xb4, 0x1f, 0x44, 0x94, 0x5f, 0x40, 0x84, 0x00, 0x00, 0x48, 0x02, 0xfc, 0x02, 0x04, 0xdc, 0x29, 0x01, 0xfc, 0x2f, 0xc2, 0xfc, 0x49,
	0x04, 0xec, 0x00, 0x00, 0x48, 0x03, 0xdc, 0x1d, 0x44, 0x94, 0x36, 0x00, 0xd0, 0x26, 0x45, 0xb8, 0x4a, 0xc5, 0x20, 0x00, 0x00, 0x48, 0x83, 0xdc,
	0x08, 0x85, 0xdc, 0x31, 0x41, 0xfe, 0x28, 0x42, 0xfc, 0x48, 0x44, 0xfc, 0x00, 0x00, 0x46, 0x03, 0x8c, 0x0d, 0xc5, 0x04, 0x2f, 0xc0, 0x80, 0x37,
	0xc2, 0xdc, 0x55, 0x44, 0x1c, 0x00, 0x00, 0x1d, 0xc7, 0x54, 0x1d, 0xc5, 0x54, 0x18, 0xc1, 0x7c, 0x32, 0x45, 0x74, 0x57, 0xc1, 0x0c, 0x00, 0x00,
	0x08, 0xc7, 0xf4, 0x09, 0x45, 0x7c, 0x1f, 0x41, 0x34, 0x3d, 0xc4, 0x94, 0x5d, 0x40, 0xac, 0x00, 0x00, 0x42, 0x03, 0xfc, 0x0f, 0xc5, 0xfe, 0x2f,
	0xc0, 0xfc, 0x2f, 0xc2, 0xfc, 0x44, 0x85, 0x84, 0x00, 0x00, 0x0e, 0x06, 0x38, 0x0d, 0x4c, 0xf8, 0x30, 0x60, 0xf8, 0x28, 0x84, 0xf8, 0x45, 0x01,
	0xfc, 0x00, 0x00, 0x1d, 0xc7, 0x54, 0x1d, 0xc5, 0x54, 0x18, 0xc1, 0x7c, 0x34, 0xc5, 0x7c, 0x57, 0x41, 0x0c, 0x00, 0x00, 0x1d, 0x85, 0x34, 0x1f,
	0x6d, 0xe6, 0x5c, 0x01, 0xdc, 0x5d, 0x46, 0x08, 0x6d, 0x41, 0x22, 0x00, 0x00, 0x08, 0x07, 0xf0, 0x1f, 0xcd, 0x34, 0x2f, 0x41, 0xf4, 0x2e, 0x85,
	0x28, 0x53, 0x40, 0xc0, 0x00, 0x00, 0x5f, 0xc3, 0x54, 0x1f, 0xc4, 0x80, 0x17, 0xc2, 0xfc, 0x32, 0xc2, 0xd4, 0x47, 0xc1, 0x9c, 0x00, 0x00, 0x05,
	0x07, 0xfc, 0x1f, 0xc5, 0xfc, 0x1f, 0xc1, 0xfc, 0x30, 0x05, 0xfc, 0x55, 0x81, 0xe4, 0x00, 0x00, 0x02, 0x07, 0xdc, 0x1f, 0xc4, 0xf8, 0x3f, 0xc1,
	0xf8, 0x3b, 0x44, 0xf8, 0x45, 0x41, 0xf0, 0x00, 0x00, 0x1f, 0xc6, 0x20, 0x1f, 0xc5, 0x2c, 0x02, 0x81, 0xfe, 0x3f, 0xc5, 0x54, 0x55, 0x41, 0x54,
	0x00, 0x00, 0x1e, 0x07, 0x5c, 0x1f, 0x05, 0xe0, 0x15, 0xc1, 0x80, 0x2f, 0xc5, 0x54, 0x55, 0x41, 0xfc, 0x00, 0x00, 0x4d, 0xc2, 0x24, 0x0e, 0xc5,
	0xfc, 0x29, 0x01, 0xfc, 0x3f, 0xc4, 0xfc, 0x49, 0x00, 0xec, 0x00, 0x00, 0x09, 0xe5, 0xc8, 0x19, 0xcf, 0xf4, 0x1d, 0xc1, 0xdc, 0x2b, 0x44, 0x5c,
	0x49, 0x43, 0x22, 0x00, 0x00, 0x09, 0x05, 0xdc, 0x1f, 0xcd, 0xcc, 0x01, 0xe1, 0xcc, 0x1d, 0xc5, 0xc8, 0x54, 0x81, 0xd8, 0x00, 0x00, 0x1c, 0x84,
	0x9c, 0x15, 0x4c, 0xbe, 0x0d, 0x01, 0x7c, 0x0d, 0x45, 0x5c, 0x45, 0x41, 0x98, 0x00, 0x00, 0x09, 0x05, 0xdc, 0x15, 0xcd, 0xc4, 0x1d, 0x81, 0x5c,
	0x1d, 0xc5, 0xd0, 0x55, 0xe1, 0x5e, 0x00, 0x00, 0x09, 0xe5, 0xe8, 0x09, 0xcf, 0xd4, 0x2d, 0xc1, 0xdc, 0x0d, 0x45, 0xdc, 0x69, 0x40, 0xa2, 0x00,
	0x00, 0x15, 0x45, 0xfc, 0x1d, 0x4e, 0xb4, 0x1d, 0xc1, 0xf4, 0x09, 0xe5, 0xd4, 0x55, 0x42, 0x18, 0x00, 0x00, 0x04, 0x00, 0x40, 0x24, 0x42, 0x48,
	0x44, 0x84, 0xa0, 0x0a, 0x01, 0x10, 0x20, 0x84, 0x04, 0x00, 0x00, 0x20, 0x02, 0x7c, 0x68, 0x86, 0x88, 0x68, 0x82, 0x08, 0x30, 0x85, 0x08, 0x48,
	0x80, 0x38, 0x00, 0x00, 0x7f, 0xc4, 0x20, 0x52, 0x45, 0x28, 0x46, 0x84, 0x60, 0x49, 0x05, 0x08, 0x20, 0x40, 0x00, 0x00, 0x00, 0x08, 0x01, 0x78,
	0x63, 0x00, 0xd0, 0x74, 0xc2, 0x40, 0x24, 0x80, 0xa0, 0x11, 0x06, 0x0c, 0x00, 0x00, 0x22, 0x02, 0x7c, 0x74, 0x4b, 0x84, 0xb2, 0x42, 0x14, 0x21,
	0x45, 0x04, 0x48, 0x40, 0x1c, 0x00, 0x00, 0x02, 0x42, 0x48, 0x49, 0x02, 0x48, 0x14, 0x42, 0x44, 0x24, 0x80, 0xa0, 0x11, 0x06, 0x0c, 0x00, 0x00,
	0x2f, 0xc2, 0x00, 0xb7, 0xcb, 0x84, 0xb8, 0x42, 0xfc, 0x28, 0x45, 0x80, 0x48, 0x00, 0x00, 0x00, 0x00, 0x20, 0x02, 0x7c, 0xb4, 0x4b, 0x94, 0xb9,
	0x02, 0x10, 0x23, 0x05, 0x48, 0x4c, 0x40, 0x00, 0x00, 0x00, 0x04, 0x02, 0x48, 0x24, 0x81, 0xb0, 0x64, 0xc2, 0x40, 0x24, 0x80, 0xa0, 0x11, 0x06,
	0x0c, 0x00, 0x00, 0x04, 0x44, 0x44, 0x3b, 0x87, 0xfc, 0x42, 0x05, 0x24, 0x52, 0x84, 0x60, 0x49, 0x03, 0x0c, 0x00, 0x00, 0x04, 0x00, 0x7c, 0x04,
	0x03, 0xf8, 0x40, 0x84, 0x08, 0x3f, 0x82, 0x28, 0x4a, 0x44, 0x94, 0x00, 0x00, 0x24, 0x07, 0xf8, 0x08, 0x80, 0xf8, 0x10, 0x43, 0xfc, 0x40, 0x2a,
	0xac, 0x2a, 0x40, 0x1c, 0x00, 0x00, 0x7c, 0x41, 0x24, 0x3e, 0x46, 0x64, 0x18, 0x41, 0x04, 0x61, 0xc2, 0xa8, 0x4a, 0x44, 0x94, 0x00, 0x00, 0x08,
	0x03, 0xf8, 0x20, 0x83, 0xf8, 0x20, 0x03, 0xf8, 0x3f, 0xc5, 0x54, 0x54, 0x41, 0x1c, 0x00, 0x00, 0x04, 0x07, 0xbc, 0x3f, 0x82, 0x08, 0x1f, 0x03,
	0xf8, 0x06, 0x01, 0x80, 0x4a, 0x44, 0x94, 0x00, 0x00, 0x22, 0x02, 0x5c, 0xbc, 0x8b, 0x08, 0xbb, 0x42, 0xa4, 0x2b, 0xc5, 0xa4, 0x5a, 0x40, 0xbc,
	0x00, 0x00, 0x01, 0x07, 0xfc, 0x33, 0x86, 0xd4, 0x01, 0x02, 0x44, 0x24, 0x84, 0xa0, 0x11, 0x06, 0x0c, 0x00, 0x00, 0x20, 0x03, 0xfc, 0x6a, 0x87,
	0xfc, 0x2a, 0x82, 0xa8, 0x7f, 0xc2, 0x28, 0x4a, 0x44, 0x94, 0x00, 0x00, 0x22, 0x07, 0xfc, 0x44, 0x0f, 0xf8, 0x3f, 0x84, 0x40, 0x3f, 0xc2, 0x28,
	0x4a, 0x44, 0x94, 0x00, 0x00, 0x11, 0x83, 0xd4, 0x57, 0xc1, 0xb0, 0x32, 0x82, 0x4c, 0x48, 0x42, 0xa8, 0x4a, 0x44, 0x94, 0x00, 0x00, 0x22, 0x02,
	0xfc, 0xb2, 0x8b, 0xfc, 0xa4, 0x82, 0x48, 0x2f, 0x45, 0x52, 0x4d, 0x41, 0x0c, 0x00, 0x00, 0x21, 0x02, 0xfc, 0xbf, 0xcb, 0x94, 0xbf, 0xc2, 0x94,
	0x27, 0x85, 0x58, 0x49, 0x40, 0x10, 0x00, 0x00, 0x11, 0x07, 0xfc, 0x78, 0x44, 0xa4, 0x7a, 0x47, 0x84, 0x59, 0xc0, 0x00, 0x4a, 0x44, 0x94, 0x00,
	0x00, 0x2f, 0xc2, 0x50, 0xbf, 0xcb, 0x54, 0xb5, 0x44, 0xfc, 0x62, 0x06, 0xfc, 0x42, 0x01, 0xfc, 0x00, 0x00, 0x20, 0x42, 0xfc, 0xb8, 0x4b, 0xfc,
	0xb8, 0x42, 0x78, 0x2f, 0xe5, 0x38, 0x4d, 0x41, 0x12, 0x00, 0x00, 0x07, 0xc7, 0x24, 0x52, 0x47, 0xcc, 0x57, 0xc5, 0x44, 0x77, 0xc0, 0x00, 0x4a,
	0x44, 0x94, 0x00, 0x00, 0x2f, 0xc2, 0x20, 0xbf, 0xcb, 0x84, 0xbf, 0xc2, 0xfc, 0x28, 0x45, 0xfc, 0x54, 0x81, 0x86, 0x00, 0x00, 0x04, 0x43, 0xf8,
	0x07, 0x07, 0xcc, 0x7f, 0xc3, 0xfc, 0x20, 0x41, 0xf8, 0x4a, 0x44, 0x94, 0x00, 0x00, 0x2f, 0xc3, 0x00, 0xbf, 0xca, 0x84, 0xaf, 0x84, 0xec, 0x76,
	0xc5, 0x24, 0x5e, 0xc0, 0x6c, 0x00, 0x00, 0x22, 0x04, 0xbc, 0x32, 0x47, 0x98, 0x7a, 0xc7, 0xb0, 0x5b, 0xc0, 0x00, 0x4a, 0x44, 0x94, 0x00, 0x00,
	0x22, 0x03, 0xfc, 0xb4, 0xca, 0x84, 0xb3, 0x02, 0x48, 0x7f, 0xe5, 0x84, 0x48, 0x40, 0xfc, 0x00, 0x00, 0x11, 0x06, 0xbc, 0x79, 0x43, 0x34, 0x79,
	0x47, 0xee, 0x14, 0x62, 0x00, 0x4a, 0x44, 0x94, 0x00, 0x00, 0x21, 0x03, 0xbc, 0x79, 0x43, 0x74, 0x69, 0x43, 0xae, 0x7e, 0x60, 0x00, 0x4a, 0x44,
	0x94, 0x00, 0x00, 0x24, 0xc3, 0xe8, 0xbb, 0xcb, 0x68, 0xad, 0x84, 0x94, 0x7a, 0x26, 0x94, 0x4d, 0x41, 0x20, 0x00, 0x00, 0x2e, 0x02, 0x38, 0xbd,
	0x4a, 0x7c, 0xb8, 0x62, 0xfc, 0x28, 0x45, 0x78, 0x44, 0x81, 0xfc, 0x00, 0x00, 0x09, 0x43, 0x58, 0xbf, 0xee, 0x58, 0xb9, 0x64, 0xec, 0x7b, 0x46,
	0x54, 0x45, 0xe1, 0x84, 0x00, 0x00, 0x11, 0x07, 0xfc, 0x1f, 0x06, 0x14, 0x2f, 0x82, 0xb4, 0x6e, 0xc0, 0x00, 0x4a, 0x44, 0x94, 0x00, 0x00, 0x2f,
	0xc3, 0x84, 0xbf, 0xcb, 0xfc, 0xb3, 0x44, 0xfc, 0x7f, 0xe6, 0x70, 0x4a, 0xc1, 0x00, 0x00, 0x00, 0x25, 0xc3, 0x54, 0xbb, 0x4b, 0xa8, 0xad, 0x44,
	0xa8, 0x7f, 0xc6, 0x30, 0x4e, 0xc1, 0x20, 0x00, 0x00, 0x0f, 0xc3, 0x54, 0xbf, 0xce, 0x80, 0xaf, 0xc5, 0xfc, 0x6a, 0xc6, 0xf4, 0x47, 0xc0, 0x9c,
	0x00, 0x00, 0x0f, 0xc3, 0x84, 0xbf, 0xce, 0x78, 0xaf, 0xc5, 0xfe, 0x6a, 0xc5, 0x62, 0x56, 0x81, 0xe4, 0x00, 0x00, 0x00, 0x43, 0xf8, 0x24, 0x82,
	0x48, 0x24, 0x82, 0x48, 0x44, 0x84, 0x44, 0x44, 0x40, 0x00, 0x00, 0x00, 0x03, 0xc7, 0xc8, 0x7f, 0xc4, 0xa4, 0x35, 0x87, 0xfe, 0x7c, 0x47, 0x94,
	0x48, 0x47, 0x58, 0x00, 0x00, 0x11, 0x02, 0x08, 0x40, 0x41, 0x10, 0x0a, 0x00, 0xc0, 0x0e, 0x03, 0x18, 0x40, 0x40, 0x00, 0x00, 0x00, 0x1b, 0x07,
	0x1c, 0x0e, 0x07, 0x1c, 0x7b, 0xc7, 0xa4, 0x4a, 0xc7, 0xa4, 0x5a, 0x42, 0xa8, 0x00, 0x00, 0x04, 0x07, 0xfc, 0x75, 0x43, 0x58, 0x04, 0x47, 0x5c,
	0x75, 0xc0, 0xa0, 0x31, 0x84, 0x04, 0x00, 0x00, 0x7f, 0xc1, 0x50, 0x64, 0xc5, 0xfc, 0x55, 0xc6, 0xec, 0x6e, 0xc5, 0x54, 0x6e, 0x44, 0x5c, 0x00,
	0x00, 0x22, 0x02, 0x20, 0x22, 0x03, 0xfc, 0x20, 0x03, 0xf0, 0x41, 0x04, 0x10, 0x41, 0x00, 0x10, 0x00, 0x00, 0x53, 0xc5, 0x40, 0x54, 0x07, 0xfc,
	0x46, 0x47, 0x64, 0x55, 0x85, 0x58, 0x9b, 0xc9, 0xc2, 0x00, 0x00, 0x42, 0x06, 0xfc, 0x69, 0x47, 0xfc, 0x49, 0x46, 0x7c, 0x55, 0x09, 0xfe, 0x91,
	0x09, 0x00, 0x00, 0x00, 0x42, 0x46, 0xfe, 0x6a, 0x47, 0x9c, 0x48, 0x06, 0x7c, 0x5f, 0xe9, 0x38, 0x95, 0x49, 0x92, 0x00, 0x00, 0x3f, 0x82, 0x10,
	0x21, 0x07, 0xfc, 0x03, 0x00, 0xd0, 0x31, 0x04, 0x10, 0x07, 0x00, 0x00, 0x00, 0x00, 0x04, 0x02, 0x40, 0x3f, 0x84, 0x40, 0x44, 0x07, 0xfc, 0x04,
	0x00, 0x40, 0x04, 0x00, 0x40, 0x00, 0x00, 0x02, 0x05, 0x20, 0x7a, 0x45, 0x38, 0x12, 0x01, 0xa0, 0x72, 0x01, 0x24, 0x12, 0x41, 0x3c, 0x00, 0x00,
	0x08, 0x01, 0x10, 0x23, 0x85, 0xc4, 0x24, 0x07, 0xfc, 0x44, 0x07, 0xfc, 0x04, 0x00, 0x40, 0x00, 0x00, 0x21, 0x06, 0x10, 0x77, 0xca, 0x10, 0x21,
	0x02, 0x10, 0xf1, 0x02, 0x10, 0x21, 0x02, 0xfc, 0x00, 0x00, 0x04, 0x07, 0xfc, 0x44, 0x42, 0x40, 0x3f, 0xc4, 0x40, 0x04, 0x07, 0xfc, 0x04, 0x00,
	0x40, 0x00, 0x00, 0x22, 0x06, 0x7c, 0x74, 0x4a, 0x44, 0x2a, 0x42, 0x28, 0xf2, 0x82, 0x10, 0x26, 0x82, 0x84, 0x00, 0x00, 0x24, 0x06, 0x7c, 0x75,
	0xca, 0xac, 0xa2, 0xc3, 0x54, 0xe9, 0x42, 0x24, 0x22, 0x42, 0x5c, 0x00, 0x00, 0x25, 0x06, 0x50, 0x7f, 0xca, 0x90, 0xa1, 0x03, 0xfc, 0xe1, 0x02,
	0x10, 0x21, 0x02, 0xfc, 0x00, 0x00, 0x21, 0x06, 0x7c, 0x71, 0x0a, 0xfe, 0xa0, 0x87, 0xfe, 0x20, 0x82, 0x48, 0x22, 0x82, 0x18, 0x00, 0x00, 0x04,
	0x07, 0xfc, 0x19, 0x07, 0xfc, 0x51, 0x43, 0xe8, 0x3f, 0xc4, 0x40, 0x7f, 0xc0, 0x40, 0x00, 0x00, 0x7f, 0xc4, 0x04, 0x7f, 0x87, 0xbc, 0x5b, 0xc4,
	0x00, 0x5f, 0xc6, 0x20, 0xbf, 0xc0, 0x20, 0x00, 0x00, 0x24, 0x86, 0xb4, 0x6f, 0xca, 0x00, 0xaf, 0xc6, 0xd4, 0x3f, 0xe2, 0x6c, 0x2c, 0xa2, 0xf4,
	0x00, 0x00, 0x05, 0x80, 0x48, 0x04, 0x07, 0xfc, 0x04, 0x00, 0xa0, 0x0a, 0x01, 0x10, 0x20, 0x84, 0x04, 0x00, 0x00, 0x48, 0x03, 0x7c, 0x64, 0x42,
	0x44, 0x14, 0x43, 0x5c, 0x54, 0x01, 0x44, 0x14, 0x46, 0x7c, 0x00, 0x00, 0x20, 0x82, 0x24, 0x62, 0x06, 0xfc, 0x23, 0x02, 0x30, 0x65, 0x02, 0x48,
	0x28, 0x43, 0x02, 0x00, 0x00, 0x50, 0x02, 0x7c, 0x61, 0x02, 0x10, 0x17, 0xc3, 0x10, 0x51, 0x01, 0x10, 0x11, 0x06, 0x6c, 0x00, 0x00, 0x50, 0x46,
	0xfc, 0x6a, 0x42, 0xa4, 0x2a, 0x46, 0xa4, 0xaa, 0x42, 0xac, 0x33, 0xc7, 0x40, 0x00, 0x00, 0x54, 0x06, 0xfc, 0x68, 0x43, 0xf4, 0x29, 0x46, 0x94,
	0xaf, 0x42, 0x84, 0x20, 0x46, 0x1c, 0x00, 0x00, 0x57, 0xc3, 0x44, 0x64, 0x42, 0x7c, 0x14, 0x43, 0x44, 0x57, 0xc1, 0x44, 0x14, 0x46, 0xfe, 0x00,
	0x00, 0x51, 0x06, 0x20, 0x6d, 0xc2, 0x84, 0x28, 0x46, 0xfc, 0xa8, 0x42, 0x84, 0x2f, 0xc6, 0x84, 0x00, 0x00, 0x52, 0x02, 0xfc, 0x68, 0x42, 0x08,
	0x2f, 0xe6, 0x08, 0x24, 0x82, 0x28, 0x20, 0x86, 0x18, 0x00, 0x00, 0x52, 0x06, 0x20, 0x6f, 0xc2, 0xa4, 0x2a, 0x46, 0xfc, 0xa2, 0x02, 0x24, 0x22,
	0xc6, 0xd2, 0x00, 0x00, 0x50, 0x06, 0xfc, 0x6a, 0x42, 0xa4, 0x22, 0x06, 0xfe, 0xa3, 0x02, 0x48, 0x28, 0xc7, 0x00, 0x00, 0x00, 0x5f, 0xc6, 0xa4,
	0x6a, 0x42, 0xfc, 0x2a, 0x46, 0x78, 0xa2, 0x02, 0xfc, 0x22, 0x07, 0xfc, 0x00, 0x00, 0x51, 0x02, 0x7c, 0x68, 0x42, 0x7c, 0x18, 0x43, 0x7c, 0x59,
	0x41, 0x98, 0x19, 0xc6, 0xe2, 0x00, 0x00, 0x57, 0xc2, 0x84, 0x6f, 0xc2, 0x84, 0x1f, 0xc3, 0x84, 0x5f, 0xc1, 0x00, 0x14, 0xc6, 0x82, 0x00, 0x00,
	0x5f, 0xc6, 0x0c, 0x61, 0x02, 0xfc, 0x27, 0x06, 0x00, 0xaf, 0xc2, 0xd4, 0x2d, 0x47, 0xfc, 0x00, 0x00, 0x5a, 0x46, 0xa8, 0x6f, 0xc2, 0xa4, 0x2f,
	0xc6, 0xa4, 0xaa, 0x42, 0xfe, 0x32, 0x67, 0x26, 0x00, 0x00, 0x52, 0x06, 0xfc, 0x62, 0x83, 0xfe, 0x22, 0x06, 0xfc, 0xa8, 0x42, 0x7c, 0x28, 0x46,
	0x7c, 0x00, 0x00, 0x54, 0x86, 0xfc, 0x64, 0x82, 0xfc, 0x2a, 0x46, 0xa4, 0xaf, 0xc2, 0xa4, 0x2a, 0x46, 0xdc, 0x00, 0x00, 0x10, 0xc7, 0xcc, 0x10,
	0x86, 0xfc, 0x74, 0x87, 0xd8, 0x55, 0x87, 0xd4, 0x56, 0x44, 0xe0, 0x00, 0x00, 0x54, 0x86, 0xfe, 0x65, 0x02, 0xfc, 0x2d, 0x46, 0xcc, 0xa8, 0x42,
	0xfc, 0x28, 0x46, 0xf8, 0x00, 0x00, 0x48, 0xcf, 0xcc, 0x30, 0x87, 0xfc, 0x74, 0x86, 0xd8, 0x45, 0x87, 0xd4, 0x46, 0x47, 0xa0, 0x00, 0x00, 0x52,
	0x06, 0xfc, 0x7f, 0xe2, 0xf8, 0x28, 0x46, 0xfc, 0xa5, 0x43, 0xd4, 0x25, 0x87, 0xe6, 0x00, 0x00, 0x5e, 0x46, 0x0a, 0x5f, 0xc2, 0x08, 0x2c, 0x86,
	0xe8, 0xa0, 0xc3, 0xf4, 0x33, 0x44, 0xd2, 0x00, 0x00, 0x54, 0x06, 0x9c, 0x54, 0x83, 0x5e, 0x3d, 0xa7, 0x1a, 0xbd, 0xa3, 0x5a, 0x35, 0xc5, 0x88,
	0x00, 0x00, 0x44, 0xc7, 0x8c, 0x54, 0x87, 0xdc, 0x7c, 0x80, 0x18, 0x7d, 0x87, 0xd4, 0x46, 0x47, 0xa0, 0x00, 0x00, 0x54, 0x86, 0xfc, 0x6f, 0xc3,
	0xfc, 0x2f, 0xc6, 0xfc, 0xaf, 0xc2, 0xcc, 0x23, 0x07, 0xce, 0x00, 0x00, 0x04, 0x07, 0xfc, 0x08, 0x05, 0x08, 0x21, 0x01, 0x20, 0x0c, 0x80, 0x88,
	0x1f, 0xc6, 0x00, 0x00, 0x00, 0x04, 0x07, 0xfc, 0x48, 0x43, 0x28, 0x2d, 0x85, 0xf4, 0x04, 0x07, 0xfc, 0x04, 0x00, 0x40, 0x00, 0x00, 0x7f, 0xc0,
	0x40, 0x04, 0x03, 0xf8, 0x04, 0x00, 0x58, 0x04, 0x87, 0xfc, 0x00, 0x00, 0x00, 0x00, 0x00, 0x7f, 0xc0, 0x40, 0x04, 0x03, 0xf8, 0x04, 0x00, 0x40,
	0x04, 0x07, 0xfc, 0x00, 0x00, 0x00, 0x00, 0x00, 0x02, 0x07, 0x3c, 0x24, 0x42, 0x44, 0x78, 0x82, 0x08, 0x21, 0x83, 0x28, 0xc4, 0x40, 0x82, 0x00,
	0x00, 0x0f, 0xc6, 0x00, 0x40, 0x04, 0xfc, 0x65, 0x04, 0x50, 0x45, 0x03, 0x52, 0xc9, 0x21, 0x0c, 0x00, 0x00, 0x03, 0x06, 0x48, 0x48, 0x45, 0x78,
	0x70, 0x04, 0xfc, 0x42, 0x44, 0x24, 0x62, 0xc0, 0x20, 0x00, 0x00, 0x0f, 0xc6, 0x04, 0x40, 0x44, 0xf4, 0x79, 0x44, 0x94, 0x4f, 0x44, 0x84, 0x60,
	0x40, 0x1c, 0x00, 0x00, 0x07, 0xc6, 0xb4, 0x4b, 0x44, 0xb4, 0x6f, 0xe4, 0xb4, 0x4b, 0x44, 0xb4, 0xeb, 0x40, 0x84, 0x00, 0x00, 0x03, 0x06, 0x48,
	0x49, 0x44, 0x20, 0x7c, 0x84, 0x10, 0x46, 0x44, 0x8c, 0x63, 0x00, 0xc0, 0x00, 0x00, 0x01, 0x06, 0xfc, 0x49, 0x05, 0x10, 0xef, 0xc4, 0x30, 0x45,
	0x83, 0xd8, 0x91, 0x60, 0x10, 0x00, 0x00, 0x01, 0x06, 0xfc, 0x41, 0x04, 0x10, 0x7e, 0xc4, 0x10, 0x4f, 0xc4, 0x10, 0x61, 0x00, 0xfc, 0x00, 0x00,
	0x00, 0x06, 0xdc, 0x2c, 0x82, 0xc8, 0x7d, 0xc2, 0xc8, 0x24, 0x83, 0x48, 0xc4, 0x80, 0x9c, 0x00, 0x00, 0x07, 0xc6, 0x84, 0x2f, 0xc2, 0x84, 0x7f,
	0xc2, 0x84, 0x27, 0xc3, 0x52, 0xc5, 0x21, 0x8c, 0x00, 0x00, 0x02, 0x87, 0xfc, 0x42, 0x04, 0x94, 0xf5, 0x84, 0x28, 0x46, 0x83, 0xa4, 0xd2, 0x20,
	0x60, 0x00, 0x00, 0x0f, 0xc6, 0xa4, 0x4a, 0x44, 0xfc, 0x6a, 0x44, 0x78, 0x42, 0x03, 0xfc, 0xc2, 0x01, 0xfc, 0x00, 0x00, 0x02, 0x06, 0xfc, 0x44,
	0x84, 0x44, 0x6f, 0x84, 0xa8, 0x4a, 0x83, 0xaa, 0xca, 0xa1, 0x2c, 0x00, 0x00, 0x0f, 0xc6, 0x30, 0x47, 0x04, 0xac, 0x62, 0x84, 0xd8, 0x43, 0x45,
	0x54, 0xf9, 0x20, 0x70, 0x00, 0x00, 0x00, 0x86, 0x88, 0x5f, 0xe4, 0xc8, 0xec, 0xc5, 0xbc, 0x5a, 0xc6, 0xaa, 0x68, 0x80, 0x08, 0x00, 0x00, 0x7b,
	0xc2, 0x10, 0x7b, 0xc2, 0xbc, 0x5e, 0x07, 0xfc, 0x00, 0x03, 0xf8, 0x01, 0x00, 0x20, 0x00, 0x00, 0x7b, 0xc2, 0x10, 0x7b, 0xc2, 0x10, 0x7b, 0xc0,
	0x20, 0x3b, 0xc2, 0x20, 0x2a, 0x47, 0x3c, 0x00, 0x00, 0x7b, 0xc2, 0x10, 0x7b, 0xc3, 0xbc, 0x7f, 0x84, 0x44, 0x44, 0x47, 0xbc, 0x40, 0x43, 0xfc,
	0x00, 0x00, 0x04, 0xc6, 0x54, 0x5f, 0x44, 0x5c, 0x65, 0x45, 0xb4, 0x53, 0xc5, 0x34, 0x6f, 0x40, 0x2c, 0x00, 0x00, 0x04, 0x86, 0xfe, 0x45, 0x84,
	0xfc, 0x69, 0x44, 0x94, 0x4f, 0xc5, 0x30, 0xe4, 0x81, 0x84, 0x00, 0x00, 0x00, 0x06, 0xa4, 0x4f, 0xc4, 0x00, 0x6f, 0xc4, 0xfc, 0x4d, 0x44, 0xd4,
	0xed, 0x40, 0x84, 0x00, 0x00, 0x07, 0xc6, 0x8c, 0x4a, 0xc4, 0xf4, 0x71, 0x44, 0xfc, 0x4a, 0x44, 0xfc, 0xea, 0x40, 0xdc, 0x00, 0x00, 0x04, 0x86,
	0xfc, 0x41, 0x04, 0xfc, 0x61, 0x04, 0xec, 0x4f, 0xc5, 0x90, 0xf1, 0x01, 0x7c, 0x00, 0x00, 0x01, 0x06, 0xfc, 0x4b, 0x44, 0xac, 0x6f, 0xc4, 0xfc,
	0x4a, 0x44, 0xcc, 0xeb, 0x40, 0x8c, 0x00, 0x00, 0x0f, 0xc7, 0x54, 0x4f, 0xc5, 0xfc, 0x6f, 0xc4, 0x84, 0x4f, 0xc3, 0x74, 0xca, 0xc1, 0x20, 0x00,
	0x00, 0x7f, 0xc2, 0x4c, 0x5f, 0x45, 0x5c, 0x6c, 0x45, 0xdc, 0x20, 0x07, 0xfc, 0x3f, 0x87, 0xfc, 0x00, 0x00, 0x00, 0x43, 0xf8, 0x24, 0x82, 0x48,
	0x24, 0x84, 0x48, 0x45, 0x84, 0x54, 0x4f, 0xc1, 0x08, 0x00, 0x00, 0x78, 0x03, 0x3c, 0x7d, 0x4b, 0xd4, 0x45, 0x47, 0xd4, 0x7d, 0xc6, 0x5c, 0x6d,
	0xa2, 0x46, 0x00, 0x00, 0x7f, 0xc1, 0x00, 0x1f, 0x01, 0x90, 0x15, 0x02, 0x52, 0x21, 0x23, 0xf2, 0x40, 0xc0, 0x00, 0x00, 0x00, 0x50, 0x01, 0x7c,
	0x7c, 0x05, 0x38, 0x54, 0x8f, 0xd8, 0x55, 0xa5, 0x4a, 0x55, 0xa1, 0xe4, 0x00, 0x00, 0x48, 0x07, 0xbc, 0xaa, 0x0f, 0xb8, 0x7b, 0x80, 0x38, 0x7b,
	0xa7, 0xaa, 0x4d, 0xa7, 0xe4, 0x00, 0x00, 0x20, 0x82, 0x08, 0x7f, 0xc2, 0x08, 0x20, 0x83, 0xf8, 0x20, 0x82, 0x08, 0x20, 0x83, 0xf8, 0x00, 0x00,
	0x20, 0x87, 0xfc, 0x3f, 0x82, 0x08, 0x3f, 0x87, 0xfc, 0x4a, 0x05, 0xbc, 0x40, 0x03, 0xfc, 0x00, 0x00, 0x0c, 0x47, 0x44, 0x27, 0xc7, 0xc4, 0x24,
	0x47, 0xfc, 0x4c, 0x44, 0xc4, 0x7f, 0xc4, 0xc4, 0x00, 0x00, 0x24, 0x02, 0x40, 0x3f, 0xc4, 0x40, 0x44, 0x03, 0xf8, 0x04, 0x00, 0x40, 0x04, 0x07,
	0xfc, 0x00, 0x00, 0x04, 0x07, 0xfc, 0x11, 0x07, 0xfc, 0x52, 0x05, 0xfc, 0x62, 0x04, 0xf8, 0x42, 0x03, 0xfc, 0x00, 0x00, 0x27, 0xc6, 0x94, 0x7f,
	0xca, 0x94, 0xaf, 0xc7, 0x10, 0x2f, 0xe2, 0x22, 0x74, 0x40, 0x9c, 0x00, 0x00, 0x3f, 0xc4, 0x44, 0x44, 0x43, 0xfc, 0x44, 0x44, 0x44, 0x7f, 0xc4,
	0x44, 0x44, 0x40, 0x5c, 0x00, 0x00, 0x05, 0x87, 0xfc, 0x04, 0x07, 0xfc, 0x44, 0x47, 0xfc, 0x44, 0x47, 0xfc, 0x44, 0x44, 0x5c, 0x00, 0x00, 0x7f,
	0xc4, 0x44, 0x44, 0x47, 0xfc, 0x44, 0x44, 0x44, 0x44, 0x47, 0xfc, 0x40, 0x40, 0x00, 0x00, 0x00, 0x04, 0x00, 0x40, 0x7f, 0xc4, 0x44, 0x44, 0x47,
	0xfc, 0x44, 0x44, 0x44, 0x7f, 0xc4, 0x04, 0x00, 0x00, 0x3f, 0x84, 0x44, 0x44, 0x47, 0xfc, 0x44, 0x44, 0x44, 0x7f, 0xc0, 0x40, 0x04, 0x00, 0x40,
	0x00, 0x00, 0x04, 0x07, 0xfc, 0x44, 0x44, 0x44, 0x7f, 0xc4, 0x44, 0x44, 0x47, 0xfc, 0x04, 0x00, 0x40, 0x00, 0x00, 0x3f, 0x84, 0x48, 0x3f, 0x84,
	0x48, 0x3f, 0x80, 0x40, 0x7f, 0xc0, 0x84, 0x10, 0x46, 0x38, 0x00, 0x00, 0x7c, 0x05, 0x7e, 0x54, 0x85, 0x48, 0x7c, 0x85, 0x48, 0x54, 0x87, 0xc8,
	0x00, 0x80, 0x38, 0x00, 0x00, 0x7f, 0xc0, 0x40, 0x1f, 0x05, 0x54, 0x55, 0x45, 0xf4, 0x55, 0x45, 0xf4, 0x40, 0x47, 0xfc, 0x00, 0x00, 0x3f, 0x84,
	0x44, 0x7f, 0xc4, 0x44, 0x7f, 0xc1, 0x10, 0x71, 0xc1, 0x10, 0x31, 0x04, 0x10, 0x00, 0x00, 0x3f, 0x84, 0x44, 0x7f, 0xc4, 0x44, 0x3f, 0x87, 0xfc,
	0x24, 0x82, 0x30, 0x25, 0x87, 0x84, 0x00, 0x00, 0x23, 0xc2, 0x54, 0x6d, 0x46, 0xd4, 0x77, 0xc2, 0x54, 0x35, 0x45, 0x54, 0x4d, 0x40, 0x6c, 0x00,
	0x00, 0x01, 0x07, 0x54, 0x75, 0x47, 0x10, 0x77, 0xc7, 0x10, 0x77, 0xc7, 0x10, 0x71, 0x00, 0x10, 0x00, 0x00, 0x18, 0x06, 0x3c, 0x4a, 0x45, 0xa4,
	0x64, 0xc3, 0xf8, 0x44, 0x83, 0xf8, 0x44, 0x83, 0xb0, 0x00, 0x00, 0x04, 0x07, 0xfc, 0x31, 0x01, 0x68, 0x7f, 0xc0, 0x00, 0x7f, 0xc7, 0xfc, 0x44,
	0x47, 0xbc, 0x00, 0x00, 0x11, 0x0f, 0xdc, 0x01, 0x47, 0xe4, 0x56, 0x45, 0x48, 0x7c, 0x85, 0x54, 0x56, 0x26, 0x82, 0x00, 0x00, 0x04, 0x03, 0xf8,
	0x3f, 0x82, 0x08, 0x3f, 0x87, 0xfc, 0x44, 0x47, 0xfc, 0x44, 0x47, 0xfc, 0x00, 0x00, 0x3f, 0x84, 0x44, 0x7f, 0xc3, 0xf8, 0x24, 0x87, 0xfc, 0x7f,
	0xc0, 0x40, 0x7f, 0xc0, 0x40, 0x00, 0x00, 0x02, 0x07, 0xbc, 0x6e, 0x46, 0x98, 0x7b, 0x86, 0xc6, 0x6f, 0xc6, 0xc4, 0x74, 0x40, 0x7c, 0x00, 0x00,
	0x01, 0x07, 0x7c, 0x71, 0x07, 0x10, 0x76, 0xc7, 0x10, 0x77, 0xc7, 0x10, 0x71, 0x00, 0x7c, 0x00, 0x00, 0x03, 0xc3, 0xc8, 0x25, 0x07, 0xfc, 0x15,
	0x07, 0xfc, 0x24, 0x83, 0xf8, 0x24, 0x83, 0xb8, 0x00, 0x00, 0x3f, 0x84, 0x44, 0x7f, 0xc4, 0x44, 0x3b, 0x87, 0xfc, 0x11, 0x07, 0xfc, 0x11, 0x86,
	0x04, 0x00, 0x00, 0x3f, 0x84, 0x44, 0x7f, 0xc3, 0xf8, 0x7f, 0xc7, 0xfc, 0x20, 0x83, 0xf8, 0x3f, 0x87, 0xfc, 0x00, 0x00, 0x0f, 0xc7, 0x24, 0x76,
	0xc7, 0x6c, 0x79, 0x27, 0xfe, 0x7f, 0x47, 0x2c, 0x74, 0xc0, 0x92, 0x00, 0x00, 0x24, 0x07, 0x74, 0x35, 0xc2, 0xd4, 0x7e, 0x87, 0xfc, 0x7e, 0x85,
	0x68, 0x7f, 0x46, 0xcc, 0x00, 0x00, 0x7f, 0xc0, 0x44, 0x24, 0x82, 0x78, 0x24, 0x02, 0x40, 0x54, 0x04, 0xc0, 0x03, 0xc0, 0x00, 0x00, 0x00, 0x71,
	0x01, 0xfe, 0x21, 0x06, 0xfc, 0x79, 0x46, 0xfc, 0x63, 0x07, 0x58, 0x69, 0x40, 0x10, 0x00, 0x00, 0x71, 0x01, 0xfc, 0x22, 0x86, 0x44, 0x7f, 0x86,
	0x48, 0x66, 0x86, 0xaa, 0x7a, 0xa1, 0x0c, 0x00, 0x00, 0x43, 0xc7, 0x04, 0x4b, 0x87, 0x90, 0x7b, 0xc5, 0x34, 0x7a, 0xc3, 0x30, 0x2f, 0x04, 0x4e,
	0x00, 0x00, 0x02, 0x03, 0xfc, 0xaf, 0x06, 0x90, 0x38, 0xc3, 0xfc, 0xe8, 0x84, 0x58, 0x47, 0x01, 0x8c, 0x00, 0x00, 0x02, 0x03, 0xfc, 0xaf, 0xc7,
	0x24, 0x32, 0x03, 0xdc, 0xf4, 0x85, 0x30, 0x53, 0x80, 0xc4, 0x00, 0x00, 0x02, 0x03, 0xfc, 0xa5, 0x07, 0x8c, 0x23, 0x82, 0xc0, 0xe1, 0x85, 0xe0,
	0x41, 0xc1, 0xe0, 0x00, 0x00, 0x02, 0x03, 0xfc, 0xa8, 0x06, 0xfc, 0x32, 0x03, 0xfe, 0xe2, 0x04, 0x50, 0x48, 0x81, 0x04, 0x00, 0x00, 0x02, 0x03,
	0xfc, 0xbf, 0xc6, 0x20, 0x3f, 0xc3, 0x24, 0xf5, 0x45, 0xcc, 0x50, 0x41, 0x0c, 0x00, 0x00, 0x02, 0x03, 0xfc, 0xa0, 0x06, 0xfc, 0x22, 0x02, 0xbc,
	0xea, 0x04, 0xa0, 0x4a, 0x01, 0xfc, 0x00, 0x00, 0x02, 0x03, 0xfc, 0xbf, 0xc6, 0x20, 0x3f, 0xe2, 0x08, 0xff, 0xe4, 0x88, 0x44, 0x80, 0x38, 0x00,
	0x00, 0x02, 0x03, 0xdc, 0xbf, 0xc7, 0x04, 0x3f, 0xc3, 0xfc, 0xf2, 0x45, 0x18, 0x52, 0x83, 0xc4, 0x00, 0x00, 0x02, 0x03, 0xfc, 0xbf, 0xc6, 0x00,
	0x3f, 0xc3, 0x04, 0xef, 0xc4, 0x88, 0x44, 0x81, 0xfc, 0x00, 0x00, 0x02, 0x03, 0xdc, 0xbf, 0xc6, 0x58, 0x3a, 0x43, 0xfc, 0xf2, 0x45, 0xfc, 0x52,
	0x41, 0x2c, 0x00, 0x00, 0x02, 0x03, 0xdc, 0xbf, 0x46, 0x94, 0x3f, 0x42, 0xd4, 0xed, 0x45, 0xb4, 0x68, 0x40, 0x8c, 0x00, 0x00, 0x02, 0x03, 0xfc,
	0xbf, 0xc7, 0xfc, 0x32, 0x42, 0xf8, 0xff, 0xc4, 0x88, 0x47, 0x01, 0xce, 0x00, 0x00, 0x02, 0x03, 0xfc, 0xb1, 0xc7, 0xd4, 0x29, 0x43, 0xf4, 0xed,
	0x44, 0xd4, 0x53, 0xc0, 0x10, 0x00, 0x00, 0x02, 0x03, 0xfc, 0xbf, 0xc7, 0xd4, 0x2f, 0x83, 0xfe, 0xe8, 0x84, 0x78, 0x5a, 0x40, 0x60, 0x00, 0x00,
	0x02, 0x03, 0xdc, 0xaf, 0x86, 0xf8, 0x3d, 0xc3, 0x54, 0xfd, 0xc5, 0x24, 0x52, 0x41, 0xdc, 0x00, 0x00, 0x02, 0x03, 0xfc, 0xbf, 0xe7, 0xd4, 0x3f,
	0x43, 0xf4, 0xf6, 0xc5, 0x24, 0x59, 0xc2, 0xfa, 0x00, 0x00, 0x02, 0x03, 0xdc, 0xbd, 0xc7, 0x54, 0x3d, 0x43, 0x3e, 0xfc, 0x85, 0x5c, 0x74, 0x81,
	0x88, 0x00, 0x00, 0x3c, 0x04, 0xb0, 0x2b, 0x43, 0x18, 0x7f, 0xc1, 0x20, 0x7f, 0xc1, 0x20, 0x32, 0x44, 0x1c, 0x00, 0x00, 0x3c, 0x04, 0xb0, 0x2b,
	0x43, 0xf8, 0x40, 0x43, 0xf8, 0x20, 0x83, 0xf8, 0x11, 0x07, 0xfc, 0x00, 0x00, 0x04, 0x03, 0xf8, 0x40, 0x44, 0x04, 0x40, 0x47, 0xfc, 0x40, 0x44,
	0x04, 0x7f, 0xc4, 0x04, 0x00, 0x00, 0x7f, 0xc0, 0x40, 0x04, 0x03, 0xf8, 0x40, 0x84, 0x08, 0x7f, 0x84, 0x08, 0x40, 0x83, 0xf0, 0x00, 0x00, 0x22,
	0x07, 0x3c, 0x4c, 0x44, 0xc4, 0x4a, 0x47, 0x94, 0x49, 0x44, 0x84, 0x70, 0x44, 0x1c, 0x00, 0x00, 0x02, 0x03, 0xbc, 0x22, 0x02, 0xa4, 0xd5, 0x83,
	0xf8, 0x20, 0x83, 0xf8, 0x20, 0x83, 0xf0, 0x00, 0x00, 0x04, 0x03, 0xf8, 0x20, 0x83, 0xf8, 0x3f, 0x80, 0x00, 0x3f, 0x83, 0xf8, 0x04, 0x07, 0xfc,
	0x00, 0x00, 0x04, 0x03, 0xf8, 0x3f, 0x84, 0x08, 0x3f, 0x87, 0x7c, 0x04, 0x03, 0x58, 0x7f, 0xc0, 0x40, 0x00, 0x00, 0x04, 0x07, 0xfc, 0x44, 0x44,
	0x40, 0x7b, 0x85, 0x10, 0x49, 0x04, 0x60, 0x49, 0x03, 0x0c, 0x00, 0x00, 0x7f, 0xc4, 0xa4, 0x4a, 0x44, 0xa4, 0x4a, 0x44, 0xa4, 0x4a, 0x47, 0xfc,
	0x00, 0x00, 0x00, 0x00, 0x00, 0x7f, 0xc0, 0xc0, 0x35, 0x84, 0x44, 0x00, 0x03, 0xf8, 0x2a, 0x82, 0xa8, 0x7f, 0xc0, 0x00, 0x00, 0x00, 0x0a, 0x03,
	0x18, 0x4e, 0xc0, 0x88, 0x10, 0x86, 0x30, 0x3f, 0x82, 0xa8, 0x2a, 0x87, 0xfc, 0x00, 0x00, 0x7f, 0x01, 0x10, 0x1f, 0xc2, 0xa4, 0x24, 0x45, 0xac,
	0x3f, 0x84, 0xa8, 0x4a, 0x87, 0xfc, 0x00, 0x00, 0x11, 0x01, 0x10, 0x7f, 0xc1, 0x10, 0x20, 0x87, 0xfc, 0x2a, 0x82, 0xa8, 0x2a, 0x87, 0xfc, 0x00,
	0x00, 0x44, 0x02, 0xfc, 0x12, 0x81, 0x20, 0x6d, 0x81, 0x04, 0x3f, 0x82, 0xa8, 0x2a, 0x87, 0xfc, 0x00, 0x00, 0x02, 0x87, 0xfc, 0x7a, 0x44, 0xa8,
	0x4b, 0x05, 0x4c, 0x3f, 0xc4, 0xa8, 0x4a, 0x87, 0xfc, 0x00, 0x00, 0x03, 0xc7, 0xc4, 0x7b, 0xc4, 0xc4, 0x7f, 0xc4, 0x8c, 0x3f, 0x84, 0xa8, 0x4a,
	0x87, 0xfc, 0x00, 0x00, 0x79, 0x05, 0x3c, 0x7a, 0x07, 0x80, 0x53, 0xc6, 0x80, 0x3f, 0x84, 0xa8, 0x4a, 0x87, 0xfc, 0x00, 0x00, 0x23, 0x85, 0xaa,
	0x58, 0xcf, 0xbc, 0x6b, 0x85, 0xbc, 0x00, 0x07, 0xf8, 0x4a, 0x87, 0xfc, 0x00, 0x00, 0x3f, 0x84, 0x04, 0x40, 0x47, 0xfc, 0x40, 0x44, 0x04, 0x7f,
	0xc4, 0x04, 0x40, 0x47, 0xfc, 0x00, 0x00, 0x04, 0x07, 0xfc, 0x20, 0x01, 0xf8, 0x3f, 0x82, 0x08, 0x3f, 0x83, 0xf8, 0x20, 0x83, 0xf8, 0x00, 0x00,
	0x04, 0x07, 0xfc, 0x0f, 0x85, 0x08, 0x5f, 0x85, 0x08, 0x5f, 0x85, 0xf8, 0x40, 0x07, 0xfc, 0x00, 0x00, 0x23, 0xc2, 0x44, 0x7c, 0x43, 0x7c, 0x34,
	0x46, 0xc4, 0x67, 0xca, 0x44, 0x24, 0x42, 0x7c, 0x00, 0x00, 0x00, 0xc7, 0xf0, 0x7f, 0xc4, 0x40, 0x5f, 0xc5, 0x04, 0x5f, 0xc5, 0xfc, 0x50, 0x41,
	0xfc, 0x00, 0x00, 0x04, 0x82, 0x4c, 0x45, 0x40, 0xe0, 0x3f, 0x86, 0x08, 0x3f, 0x83, 0xf8, 0x20, 0x83, 0xf0, 0x00, 0x00, 0x3f, 0xc4, 0x44, 0x7f,
	0xc4, 0x00, 0x5f, 0xc5, 0x04, 0x5f, 0xc5, 0xfc, 0x50, 0x41, 0xfc, 0x00, 0x00, 0x03, 0xc3, 0xc0, 0x7f, 0xc7, 0xfc, 0x10, 0x03, 0xf8, 0x5f, 0x89,
	0x08, 0x1f, 0x81, 0xf0, 0x00, 0x00, 0x1f, 0x85, 0x08, 0x5f, 0x85, 0x08, 0x5f, 0x85, 0xf8, 0x40, 0x03, 0xfc, 0x24, 0x84, 0x44, 0x00, 0x00, 0x04,
	0x07, 0xfc, 0x3f, 0x83, 0xf8, 0x20, 0x83, 0xf8, 0x3f, 0x87, 0xfc, 0x11, 0x86, 0x04, 0x00, 0x00, 0x07, 0xc7, 0x84, 0x58, 0x47, 0xf8, 0x59, 0x05,
	0x7c, 0x79, 0x05, 0x8a, 0x7b, 0xa0, 0xc4, 0x00, 0x00, 0x05, 0x07, 0x54, 0x6d, 0x46, 0x58, 0x65, 0x06, 0x5c, 0x5d, 0x06, 0x52, 0x69, 0x21, 0x0c,
	0x00, 0x00, 0x07, 0xc7, 0x44, 0x57, 0xc7, 0x44, 0x54, 0x45, 0x78, 0x75, 0x45, 0x48, 0x75, 0xc4, 0xe2, 0x00, 0x00, 0x11, 0x07, 0xfc, 0x7f, 0xc0,
	0x40, 0x7b, 0xc3, 0xf8, 0x3f, 0x85, 0x08, 0x9f, 0x81, 0xf0, 0x00, 0x00, 0x00, 0xc6, 0xf0, 0x62, 0x06, 0xfc, 0x6a, 0x47, 0xfc, 0x6a, 0x46, 0xfc,
	0x62, 0x01, 0xfc, 0x00, 0x00, 0x23, 0xc3, 0xa4, 0xfd, 0x45, 0x98, 0x76, 0x63, 0xf8, 0x3f, 0x82, 0x08, 0x3f, 0x83, 0xf8, 0x00, 0x00, 0x02, 0x07,
	0xfc, 0x52, 0x07, 0xfc, 0x55, 0x45, 0x8c, 0x72, 0x05, 0x7c, 0x62, 0x00, 0xfc, 0x00, 0x00, 0x55, 0x07, 0xec, 0x7d, 0x47, 0xc8, 0x5f, 0x43, 0xf8,
	0x40, 0x87, 0xf8, 0x7f, 0x83, 0xf0, 0x00, 0x00, 0x00, 0xc6, 0xf4, 0x65, 0x87, 0xa6, 0x76, 0x86, 0xbe, 0x6f, 0x86, 0x58, 0x64, 0xc0, 0x80, 0x00,
	0x00, 0x02, 0x06, 0xfc, 0x6d, 0x46, 0x78, 0x68, 0x46, 0x78, 0x67, 0x86, 0x58, 0x69, 0x40, 0x60, 0x00, 0x00, 0x02, 0x06, 0xfc, 0x64, 0x87, 0xb4,
	0x6f, 0xc6, 0xfc, 0x6f, 0xc6, 0x20, 0x6f, 0xc1, 0xfe, 0x00, 0x00, 0x3f, 0x80, 0x08, 0x1b, 0x00, 0x40, 0x7f, 0xc0, 0xc4, 0x14, 0x82, 0x40, 0x44,
	0x01, 0xc0, 0x00, 0x00, 0x10, 0x03, 0xf8, 0x24, 0x04, 0x40, 0x7f, 0xc0, 0x40, 0x0a, 0x01, 0x90, 0x20, 0x84, 0x04, 0x00, 0x00, 0x40, 0x07, 0xbc,
	0x52, 0x41, 0x24, 0x7e, 0x41, 0x24, 0x12, 0x42, 0xa4, 0x47, 0xc0, 0x24, 0x00, 0x00, 0x47, 0x47, 0x14, 0x61, 0x42, 0x74, 0xf4, 0x42, 0x74, 0x35,
	0x45, 0x14, 0x49, 0x40, 0x74, 0x00, 0x00, 0x43, 0xc7, 0xc0, 0x54, 0x01, 0x7c, 0x7c, 0x42, 0x44, 0x37, 0xc2, 0xc0, 0x44, 0x00, 0x7c, 0x00, 0x00,
	0x47, 0xc7, 0x80, 0x57, 0xc1, 0x44, 0x7c, 0x41, 0x7c, 0x34, 0x42, 0xa8, 0x42, 0x80, 0x7c, 0x00, 0x00, 0x40, 0xc7, 0x70, 0x6f, 0xea, 0x78, 0xfc,
	0xe2, 0x30, 0x2f, 0xc5, 0xfc, 0x5b, 0xc0, 0x8c, 0x00, 0x00, 0x7f, 0xc0, 0x80, 0x10, 0x01, 0xf8, 0x30, 0x45, 0x04, 0x10, 0x41, 0x04, 0x1f, 0xc0,
	0x00, 0x00, 0x00, 0x71, 0x02, 0x54, 0x45, 0x44, 0x54, 0x79, 0x2d, 0x14, 0x52, 0x45, 0x08, 0x73, 0x04, 0xc0, 0x00, 0x00, 0x77, 0xc2, 0x28, 0x42,
	0x84, 0x28, 0x77, 0xed, 0x28, 0x52, 0x85, 0x48, 0x74, 0x84, 0x40, 0x00, 0x00, 0x00, 0x07, 0x78, 0x42, 0xa4, 0x2a, 0x74, 0x6d, 0x10, 0xd7, 0xe5,
	0x10, 0x71, 0x04, 0x10, 0x00, 0x00, 0x70, 0xc2, 0x70, 0x49, 0x04, 0x90, 0x7f, 0xcd, 0x88, 0x58, 0xa5, 0xea, 0x70, 0x44, 0xf8, 0x00, 0x00, 0x12,
	0x05, 0xec, 0x53, 0x05, 0x64, 0x6b, 0xc7, 0xfc, 0x10, 0x06, 0xfc, 0x20, 0x43, 0xfc, 0x00, 0x00, 0x71, 0x02, 0x10, 0x41, 0xc4, 0x10, 0x71, 0x0d,
	0x6c, 0x54, 0x45, 0x44, 0x74, 0x44, 0x78, 0x00, 0x00, 0x74, 0x02, 0x7c, 0x48, 0x44, 0xb4, 0x71, 0x4d, 0x74, 0x58, 0xc5, 0x82, 0x78, 0x24, 0x7c,
	0x00, 0x00, 0x71, 0x02, 0x7e, 0x49, 0x44, 0x90, 0x7e, 0xcd, 0xa4, 0x5a, 0x85, 0x90, 0x7a, 0x84, 0x46, 0x00, 0x00, 0x77, 0xc2, 0x40, 0x47, 0xc4,
	0x50, 0x75, 0x0d, 0x5c, 0x5a, 0x45, 0xa4, 0x7a, 0x44, 0x1c, 0x00, 0x00, 0x71, 0x02, 0x7e, 0x48, 0x04, 0x90, 0x79, 0x0d, 0xa0, 0x5a, 0x45, 0xa4,
	0x7a, 0xc4, 0xd2, 0x00, 0x00, 0x71, 0x02, 0x54, 0x45, 0x44, 0x7c, 0x78, 0x4d, 0x7c, 0x58, 0x45, 0x7c, 0x78, 0x44, 0x0c, 0x00, 0x00, 0x71, 0x02,
	0xfc, 0x42, 0x84, 0x44, 0x7f, 0x8d, 0x48, 0x56, 0x85, 0xaa, 0x7a, 0xa5, 0x0c, 0x00, 0x00, 0x77, 0xc2, 0x10, 0x4f, 0xc4, 0x94, 0x7f, 0xcd, 0xfc,
	0x51, 0x45, 0x60, 0x77, 0x04, 0x8e, 0x00, 0x00, 0x77, 0xc2, 0x44, 0x47, 0xc4, 0x44, 0x77, 0xcd, 0x44, 0x57, 0xc5, 0x2a, 0x74, 0xa4, 0x8c, 0x00,
	0x00, 0x70, 0x02, 0x48, 0x49, 0x44, 0x28, 0x74, 0xcd, 0xfe, 0x54, 0x45, 0x44, 0x74, 0x44, 0x7c, 0x00, 0x00, 0x20, 0x87, 0xfc, 0x3f, 0x83, 0xf8,
	0x20, 0x85, 0xf4, 0x7f, 0xc1, 0xf8, 0x60, 0x83, 0xf8, 0x00, 0x00, 0x71, 0x02, 0xfc, 0x48, 0x44, 0x78, 0x71, 0x0d, 0x5c, 0x59, 0x05, 0xd0, 0x7b,
	0x04, 0x0e, 0x00, 0x00, 0x77, 0xc2, 0x44, 0x47, 0xc4, 0x7c, 0x70, 0x0d, 0x7c, 0x5f, 0xe5, 0x44, 0x72, 0x44, 0x1c, 0x00, 0x00, 0x72, 0x02, 0xfc,
	0x49, 0x44, 0xfc, 0x79, 0x4d, 0x7c, 0x55, 0x05, 0xfe, 0x71, 0x04, 0x00, 0x00, 0x00, 0x74, 0x82, 0x7c, 0x4d, 0x04, 0xd0, 0x77, 0xcd, 0x50, 0x57,
	0xc5, 0x50, 0x75, 0x04, 0x6c, 0x00, 0x00, 0x71, 0x02, 0xfc, 0x43, 0x04, 0xcc, 0x7f, 0xcd, 0x04, 0x5f, 0x45, 0x94, 0x77, 0x44, 0x1c, 0x00, 0x00,
	0x62, 0x05, 0xfc, 0x54, 0x44, 0xfc, 0x6b, 0x4e, 0xb4, 0x75, 0xc6, 0x52, 0x69, 0x25, 0x1c, 0x00, 0x00, 0x79, 0x02, 0x6c, 0x7b, 0xc2, 0xc4, 0x53,
	0x87, 0xfc, 0x10, 0x06, 0xfc, 0x20, 0x43, 0xfc, 0x00, 0x00, 0x77, 0xc2, 0x10, 0x47, 0xc4, 0x84, 0x7f, 0xcd, 0x7c, 0x58, 0x45, 0x7c, 0x76, 0x84,
	0x86, 0x00, 0x00, 0x72, 0x02, 0xfc, 0x4c, 0x84, 0x7c, 0x7d, 0x0d, 0x7c, 0x55, 0x05, 0x7c, 0x75, 0x04, 0x6c, 0x00, 0x00, 0x64, 0x82, 0xfe, 0x44,
	0x84, 0xa8, 0x7b, 0x4d, 0xd4, 0x56, 0xc5, 0x6c, 0x7b, 0x44, 0x4a, 0x00, 0x00, 0x7b, 0x86, 0xaa, 0x7b, 0xc6, 0xa4, 0x4b, 0xc1, 0x00, 0x7f, 0xc3,
	0xfc, 0x60, 0x43, 0xfc, 0x00, 0x00, 0x04, 0x07, 0xbc, 0x7f, 0xc5, 0x98, 0x73, 0x45, 0xfc, 0x48, 0x05, 0xfc, 0xb0, 0x41, 0xfc, 0x00, 0x00, 0x6a,
	0x85, 0xbc, 0x4e, 0xc4, 0xec, 0x7f, 0xcd, 0x14, 0x5f, 0x85, 0xc8, 0x69, 0xa5, 0x24, 0x00, 0x00, 0x74, 0x82, 0x7c, 0x49, 0x04, 0xfc, 0x77, 0xcd,
	0x90, 0x57, 0xc5, 0x24, 0x7a, 0xc4, 0xaa, 0x00, 0x00, 0x64, 0x84, 0xfc, 0x4e, 0xc4, 0x5a, 0x70, 0x8d, 0xfc, 0x52, 0x45, 0xb8, 0x6e, 0x05, 0x1c,
	0x00, 0x00, 0x3f, 0x80, 0x00, 0x7f, 0xc0, 0x40, 0x24, 0x82, 0x48, 0x44, 0x44, 0x44, 0x1c, 0x00, 0x00, 0x00, 0x00, 0x22, 0x02, 0x20, 0x7a, 0x00,
	0xa0, 0x12, 0x03, 0xa0, 0xee, 0x22, 0x22, 0x22, 0x22, 0x3c, 0x00, 0x00, 0x21, 0x02, 0x10, 0x7f, 0xc1, 0x10, 0x31, 0x07, 0x10, 0xe9, 0x02, 0x10,
	0x21, 0x02, 0x7c, 0x00, 0x00, 0x01, 0xc1, 0x24, 0x7a, 0x40, 0xa8, 0x12, 0x83, 0xa4, 0xe6, 0x42, 0x24, 0x22, 0xc0, 0x20, 0x00, 0x00, 0x20, 0xc2,
	0x70, 0x75, 0x01, 0x50, 0x27, 0xc7, 0x48, 0xb4, 0x82, 0x4a, 0x27, 0xa3, 0x84, 0x00, 0x00, 0x20, 0x42, 0x78, 0x74, 0x01, 0x7c, 0x24, 0x87, 0x48,
	0xa4, 0x82, 0x88, 0x28, 0x82, 0x08, 0x00, 0x00, 0x21, 0x02, 0x10, 0x75, 0x01, 0x5c, 0x25, 0x07, 0x50, 0xa5, 0x02, 0x50, 0x25, 0x02, 0xfc, 0x00,
	0x00, 0x22, 0x02, 0xfc, 0x72, 0x01, 0x20, 0x24, 0x07, 0x7c, 0xbc, 0x42, 0x44, 0x24, 0x42, 0x7c, 0x00, 0x00, 0x27, 0xc2, 0x44, 0x7c, 0x41, 0x7c,
	0x34, 0x47, 0x44, 0xef, 0xc2, 0x44, 0x24, 0x42, 0xfe, 0x00, 0x00, 0x27, 0x82, 0x84, 0x78, 0x41, 0x84, 0x27, 0xc7, 0x50, 0xa5, 0x22, 0x52, 0x29,
	0x23, 0x0c, 0x00, 0x00, 0x21, 0x02, 0x7c, 0x79, 0x21, 0x92, 0x27, 0xe7, 0x92, 0xb9, 0x22, 0x7e, 0x21, 0x02, 0x10, 0x00, 0x00, 0x24, 0x02, 0x7c,
	0x75, 0x01, 0x90, 0x25, 0x47, 0x54, 0xb5, 0x42, 0x92, 0x29, 0x22, 0x30, 0x00, 0x00, 0x24, 0x42, 0x28, 0x75, 0x41, 0x10, 0x2f, 0xc7, 0x10, 0xb1,
	0x02, 0x7c, 0x21, 0x02, 0x10, 0x00, 0x00, 0x7f, 0xc0, 0xa0, 0x7f, 0xc4, 0xa4, 0x35, 0x83, 0xf8, 0x7f, 0xc0, 0x50, 0x24, 0xc5, 0xc0, 0x00, 0x00,
	0x24, 0x05, 0xdc, 0x1a, 0x85, 0x10, 0x3f, 0x8c, 0x06, 0x7f, 0xc2, 0x48, 0x64, 0x41, 0xc0, 0x00, 0x00, 0x22, 0x02, 0x7c, 0x7f, 0xc1, 0x20, 0x2f,
	0xe6, 0x44, 0xbf, 0xe2, 0xa4, 0x28, 0x42, 0x1c, 0x00, 0x00, 0x01, 0x07, 0xbc, 0x6b, 0x86, 0xd4, 0x00, 0x03, 0xf8, 0x7f, 0xc0, 0x50, 0x64, 0xc1,
	0xc0, 0x00, 0x00, 0x27, 0x82, 0x04, 0x77, 0xc1, 0x04, 0x2f, 0xc6, 0x94, 0xb7, 0xc2, 0x58, 0x29, 0x42, 0x70, 0x00, 0x00, 0x2a, 0x42, 0x54, 0x7f,
	0xc1, 0x94, 0x2f, 0xc6, 0x94, 0xb7, 0x82, 0xfc, 0x21, 0x02, 0x10, 0x00, 0x00, 0x27, 0xc2, 0x84, 0x79, 0xc1, 0xa4, 0x2f, 0xc6, 0xb4, 0xbc, 0xc2,
	0xcc, 0x2f, 0x42, 0x8c, 0x00, 0x00, 0x22, 0x02, 0x3c, 0x77, 0xc1, 0x84, 0x2f, 0xc7, 0x84, 0xbf, 0xc2, 0xfc, 0x24, 0x83, 0x86, 0x00, 0x00, 0x2f,
	0xc2, 0x00, 0x7f, 0xc1, 0x84, 0x27, 0x87, 0xfc, 0xb9, 0x42, 0xfc, 0x29, 0x42, 0xe8, 0x00, 0x00, 0x2e, 0xcd, 0x4c, 0x6e, 0xcd, 0x6c, 0x5e, 0xc0,
	0x00, 0x3f, 0x87, 0xfc, 0x24, 0x85, 0xc4, 0x00, 0x00, 0x0f, 0xc4, 0x68, 0x6a, 0x63, 0x7c, 0x36, 0xc7, 0xa4, 0xd2, 0x45, 0x6c, 0x59, 0x40, 0x0c,
	0x00, 0x00, 0x0e, 0x03, 0x58, 0x4a, 0x44, 0xe8, 0x51, 0x83, 0xf8, 0x7f, 0xc4, 0x94, 0x7e, 0xc4, 0x1c, 0x00, 0x00, 0x00, 0x83, 0xf0, 0x04, 0x00,
	0x40, 0x7f, 0xc0, 0xe0, 0x15, 0x02, 0x48, 0x44, 0x40, 0x40, 0x00, 0x00, 0x03, 0xc3, 0xc0, 0x04, 0x07, 0xfc, 0x35, 0x84, 0x04, 0x0a, 0x01, 0x24,
	0x32, 0x44, 0x3c, 0x00, 0x00, 0x01, 0xc3, 0xe0, 0x7f, 0xc0, 0xe0, 0x35, 0x87, 0xf4, 0x09, 0xc1, 0x24, 0x30, 0x44, 0x38, 0x00, 0x00, 0x19, 0x06,
	0x10, 0x21, 0x0f, 0xa0, 0x32, 0x03, 0x28, 0x6c, 0x4a, 0x44, 0x25, 0xc2, 0xa2, 0x00, 0x00, 0x19, 0x06, 0x10, 0x25, 0x47, 0x54, 0x25, 0x47, 0x10,
	0x63, 0x0a, 0x28, 0x24, 0x42, 0x80, 0x00, 0x00, 0x18, 0x46, 0x24, 0x21, 0x47, 0x04, 0x36, 0x47, 0x24, 0x60, 0x6a, 0xfc, 0x20, 0x42, 0x04, 0x00,
	0x00, 0x19, 0x06, 0x54, 0x25, 0x47, 0x54, 0x29, 0x27, 0x14, 0x62, 0x4a, 0x08, 0x23, 0x02, 0xc0, 0x00, 0x00, 0x34, 0x06, 0x34, 0x24, 0x87, 0x4c,
	0x2d, 0x47, 0xd4, 0x6e, 0x2a, 0x4a, 0x2c, 0x83, 0x38, 0x00, 0x00, 0x1f, 0xc6, 0x44, 0x24, 0x47, 0x7c, 0x24, 0x47, 0x44, 0x67, 0xca, 0x44, 0x24,
	0x42, 0xfe, 0x00, 0x00, 0x17, 0xc6, 0x10, 0x29, 0x47, 0x54, 0x21, 0x07, 0x10, 0x67, 0xca, 0x10, 0x21, 0x02, 0x10, 0x00, 0x00, 0x04, 0x07, 0xbc,
	0x7f, 0xc0, 0xa0, 0x75, 0xc3, 0xe8, 0x44, 0x43, 0xf8, 0x15, 0x86, 0x44, 0x00, 0x00, 0x15, 0x06, 0x7c, 0x29, 0x07, 0x90, 0x2f, 0xc7, 0x10, 0x63,
	0x0a, 0x28, 0x2c, 0x42, 0x00, 0x00, 0x00, 0x1c, 0x06, 0x7c, 0x29, 0x07, 0x90, 0x25, 0x47, 0x54, 0x65, 0x4a, 0x92, 0x29, 0x22, 0x30, 0x00, 0x00,
	0x12, 0x06, 0x7c, 0x2a, 0x87, 0x10, 0x27, 0x07, 0x2e, 0x6d, 0x4a, 0x08, 0x21, 0x02, 0xe0, 0x00, 0x00, 0x34, 0x46, 0x38, 0x2c, 0xc7, 0x20, 0x2d,
	0xc7, 0x7c, 0xa9, 0x4b, 0x94, 0x29, 0x42, 0x10, 0x00, 0x00, 0x37, 0x86, 0x84, 0x28, 0x47, 0xfc, 0x20, 0x07, 0xfc, 0x61, 0x0a, 0x7c, 0x21, 0x02,
	0xfc, 0x00, 0x00, 0x1c, 0x46, 0x28, 0x27, 0xc7, 0x84, 0x28, 0x47, 0x7c, 0x62, 0x8a, 0x4a, 0x24, 0xa2, 0x8c, 0x00, 0x00, 0x33, 0x06, 0x48, 0x2f,
	0xc7, 0x00, 0x27, 0xc7, 0x08, 0x72, 0x0a, 0xc4, 0x34, 0xc3, 0x78, 0x00, 0x00, 0x32, 0x06, 0xfc, 0x29, 0x47, 0xfc, 0x29, 0x47, 0xfc, 0x65, 0x0b,
	0xfe, 0x21, 0x02, 0x00, 0x00, 0x00, 0x34, 0x86, 0x7c, 0x29, 0x07, 0x90, 0x27, 0xc7, 0x90, 0x67, 0xca, 0x90, 0x29, 0x02, 0x6c, 0x00, 0x00, 0x32,
	0x04, 0x7c, 0x4f, 0xce, 0x50, 0x65, 0x46, 0xc8, 0xcf, 0xcc, 0x28, 0x43, 0x81, 0xc6, 0x00, 0x00, 0x30, 0xc6, 0xf0, 0x3f, 0xc7, 0xfc, 0x2a, 0x47,
	0xfc, 0xaf, 0xca, 0xfc, 0x22, 0x03, 0xfc, 0x00, 0x00, 0x30, 0xc6, 0xf0, 0x2a, 0x47, 0x14, 0x6b, 0xc7, 0xc4, 0xac, 0x4a, 0xfc, 0x2c, 0x42, 0xbc,
	0x00, 0x00, 0x31, 0x06, 0xee, 0x2f, 0xa7, 0x30, 0x2e, 0xc7, 0x3c, 0x6d, 0x8a, 0x34, 0x2d, 0x22, 0x30, 0x00, 0x00, 0x32, 0x86, 0xfc, 0x25, 0xc7,
	0x8c, 0x2f, 0x07, 0x7c, 0x6f, 0xca, 0x84, 0x2f, 0xc2, 0xfc, 0x00, 0x00, 0x31, 0x06, 0xfc, 0x27, 0x87, 0x48, 0x23, 0x07, 0xfc, 0x7b, 0xca, 0xcc,
	0x2f, 0xc2, 0x8c, 0x00, 0x00, 0x01, 0x87, 0xa8, 0x7a, 0xa0, 0x26, 0xfc, 0x07, 0x3c, 0x7a, 0x43, 0x18, 0x6b, 0x80, 0x44, 0x00, 0x00, 0x31, 0x06,
	0xfc, 0x2f, 0xc7, 0xa4, 0x2f, 0xc7, 0xfc, 0x70, 0x0a, 0xd4, 0x34, 0xc3, 0x78, 0x00, 0x00, 0x32, 0x06, 0xdc, 0x2f, 0xc7, 0xfc, 0x25, 0x47, 0x9a,
	0x7e, 0x4a, 0x38, 0x2c, 0xc2, 0xf0, 0x00, 0x00, 0x31, 0x06, 0xfc, 0x27, 0xc7, 0xfe, 0x2f, 0xc7, 0xfc, 0xaf, 0xca, 0xfc, 0x24, 0x82, 0x86, 0x00,
	0x00, 0x43, 0xc7, 0x10, 0x4b, 0xc7, 0xc4, 0x3f, 0xc6, 0x3c, 0x7c, 0x42, 0xbc, 0x62, 0xc0, 0x42, 0x00, 0x00, 0x30, 0xc6, 0xf4, 0x2a, 0x47, 0xfc,
	0x60, 0x47, 0x7c, 0xaf, 0xca, 0x24, 0x38, 0xc2, 0x7a, 0x00, 0x00, 0x37, 0x86, 0x90, 0x3e, 0xc7, 0xdc, 0x2f, 0xc6, 0xfc, 0x7a, 0x4a, 0xfc, 0x2d,
	0xa2, 0x1e, 0x00, 0x00, 0x22, 0x04, 0xdc, 0x48, 0xce, 0xfc, 0x64, 0x84, 0xfc, 0xcf, 0x4c, 0xd4, 0x54, 0x81, 0xe6, 0x00, 0x00, 0x24, 0x84, 0xfc,
	0x4f, 0xcf, 0xfc, 0x6f, 0xc6, 0xfc, 0xcf, 0xcc, 0xcc, 0x43, 0x01, 0xce, 0x00, 0x00, 0x04, 0x00, 0x40, 0x7f, 0xc4, 0x04, 0x12, 0x01, 0x10, 0x11,
	0x02, 0x08, 0x40, 0x40, 0x00, 0x00, 0x00, 0x04, 0x07, 0xfc, 0x4a, 0x41, 0x24, 0x6b, 0xc3, 0xe0, 0x09, 0x01, 0x12, 0x31, 0x24, 0x1c, 0x00, 0x00,
	0x04, 0x07, 0xfc, 0x4a, 0x41, 0x24, 0x63, 0xc0, 0x00, 0x3f, 0x80, 0x40, 0x04, 0x07, 0xfc, 0x00, 0x00, 0x04, 0x07, 0xfc, 0x4a, 0x43, 0x38, 0x3f,
	0xc2, 0x10, 0x7f, 0xc0, 0x50, 0x39, 0x04, 0x70, 0x00, 0x00, 0x04, 0x07, 0xfc, 0x4a, 0x41, 0x24, 0x67, 0xc0, 0x40, 0x7f, 0xc0, 0xa0, 0x11, 0x86,
	0x04, 0x00, 0x00, 0x04, 0x07, 0xfc, 0x4a, 0x43, 0x38, 0x00, 0x05, 0xbc, 0xe2, 0x44, 0xa4, 0x4a, 0x43, 0x5c, 0x00, 0x00, 0x04, 0x07, 0xfc, 0x4a,
	0x43, 0x38, 0x10, 0x02, 0xfc, 0x67, 0xc4, 0x40, 0x07, 0xc0, 0x40, 0x00, 0x00, 0x04, 0x07, 0xbc, 0x52, 0x42, 0x18, 0x5f, 0xc1, 0x18, 0x2e, 0x47,
	0xfc, 0x04, 0x07, 0xfc, 0x00, 0x00, 0x04, 0x07, 0xfc, 0x4a, 0x43, 0xb8, 0x09, 0x01, 0xf8, 0x24, 0x05, 0x24, 0x50, 0xc1, 0xf0, 0x00, 0x00, 0x04,
	0x07, 0xbc, 0x52, 0x42, 0x18, 0x5f, 0xc7, 0xfc, 0x52, 0x45, 0xf8, 0x62, 0x41, 0xfc, 0x00, 0x00, 0x04, 0x07, 0xbc, 0x52, 0x42, 0x18, 0x6f, 0xc0,
	0x20, 0x6f, 0xc0, 0xfc, 0x22, 0x05, 0xfc, 0x00, 0x00, 0x04, 0x07, 0xbc, 0x52, 0x43, 0x18, 0x4b, 0xc7, 0xbc, 0x7e, 0x0f, 0xbc, 0x28, 0x45, 0x9c,
	0x00, 0x00, 0x04, 0x07, 0xbc, 0x52, 0x43, 0x18, 0x7f, 0xc3, 0xf8, 0x04, 0x07, 0xbc, 0x4a, 0x44, 0x94, 0x00, 0x00, 0x04, 0x07, 0xbc, 0x52, 0x42,
	0x18, 0x77, 0xc2, 0x7c, 0xff, 0xc2, 0x7c, 0x57, 0x20, 0x8c, 0x00, 0x00, 0x04, 0x07, 0xbc, 0x65, 0x87, 0xfc, 0x3f, 0x87, 0xfc, 0x04, 0x07, 0xfc,
	0x7f, 0xc0, 0x7c, 0x00, 0x00, 0x04, 0x07, 0xfc, 0x00, 0x02, 0x08, 0x11, 0x01, 0x10, 0x11, 0x01, 0x10, 0x02, 0x07, 0xfc, 0x00, 0x00, 0x04, 0x07,
	0xfc, 0x11, 0x07, 0xfc, 0x3f, 0x84, 0x48, 0x7f, 0x87, 0xf8, 0x04, 0x40, 0x7c, 0x00, 0x00, 0x04, 0x07, 0xfc, 0x11, 0x06, 0xec, 0x3f, 0x83, 0xf8,
	0x20, 0x81, 0xf0, 0x7f, 0xc0, 0x40, 0x00, 0x00, 0x22, 0x82, 0x44, 0x7f, 0x85, 0x52, 0x5c, 0xc6, 0x7c, 0x6c, 0x42, 0x28, 0x73, 0x80, 0xc6, 0x00,
	0x00, 0x04, 0x07, 0xfc, 0x11, 0x06, 0xec, 0x3f, 0x83, 0xf8, 0x3f, 0x80, 0x40, 0x3f, 0x87, 0xfc, 0x00, 0x00, 0x78, 0x05, 0x3c, 0x6a, 0x47, 0x98,
	0x53, 0xc6, 0xc0, 0x7f, 0xc1, 0x10, 0x11, 0x07, 0xfc, 0x00, 0x00, 0x21, 0x02, 0x94, 0x7f, 0xc5, 0x00, 0x5f, 0xc5, 0x7c, 0x6b, 0x42, 0xb4, 0x7b,
	0x40, 0x84, 0x00, 0x00, 0x21, 0x07, 0xbc, 0x52, 0x87, 0xbc, 0x7b, 0xc4, 0xa4, 0x7b, 0xc3, 0x2a, 0x5a, 0xa8, 0xcc, 0x00, 0x00, 0x20, 0x02, 0x20,
	0x7b, 0xe6, 0x48, 0x20, 0x82, 0x08, 0x20, 0x82, 0x08, 0x20, 0x82, 0x38, 0x00, 0x00, 0x21, 0x03, 0xbc, 0x53, 0x05, 0x48, 0x00, 0x03, 0xf8, 0x00,
	0x00, 0x00, 0x00, 0x07, 0xfc, 0x00, 0x00, 0x21, 0x07, 0xbc, 0x54, 0x80, 0x00, 0x3f, 0x80, 0x40, 0x7f, 0xc0, 0x40, 0x04, 0x00, 0x40, 0x00, 0x00,
	0x21, 0x07, 0xfc, 0x54, 0x87, 0xf0, 0x11, 0x01, 0xbc, 0x28, 0x82, 0x70, 0x47, 0x81, 0x84, 0x00, 0x00, 0x21, 0x07, 0xfc, 0x54, 0x80, 0x18, 0x3e,
	0x00, 0x40, 0x7f, 0xc0, 0xa0, 0x11, 0x06, 0x0c, 0x00, 0x00, 0x21, 0x07, 0xfc, 0x54, 0x80, 0x40, 0x7f, 0xc4, 0x44, 0x7f, 0xc4, 0x44, 0x44, 0x47,
	0xbc, 0x00, 0x00, 0x21, 0x03, 0xfc, 0x54, 0x81, 0x48, 0x04, 0x07, 0xfc, 0x11, 0x01, 0x10, 0x02, 0x07, 0xfc, 0x00, 0x00, 0x22, 0x05, 0xbc, 0x14,
	0x87, 0xfc, 0x3f, 0x40, 0x04, 0x3e, 0x42, 0x24, 0x3e, 0x40, 0x1c, 0x00, 0x00, 0x21, 0x07, 0xfc, 0x54, 0x82, 0x00, 0x3f, 0xe6, 0x08, 0xa4, 0x82,
	0x28, 0x20, 0x82, 0x38, 0x00, 0x00, 0x22, 0x05, 0xfc, 0x50, 0x82, 0xf4, 0x3f, 0xc4, 0x40, 0x7f, 0xc0, 0xc4, 0x34, 0x44, 0x48, 0x00, 0x00, 0x21,
	0x07, 0xbc, 0x54, 0x82, 0x48, 0x7f, 0xc2, 0x48, 0x24, 0x82, 0x70, 0x20, 0x03, 0xf8, 0x00, 0x00, 0x21, 0x05, 0xac, 0x04, 0x03, 0xf8, 0x7f, 0xc3,
	0xf8, 0x04, 0x03, 0xf8, 0x7f, 0xc0, 0x40, 0x00, 0x00, 0x22, 0x05, 0xfc, 0x10, 0x83, 0xf0, 0x04, 0x07, 0xfc, 0x3f, 0x82, 0x08, 0x20, 0x83, 0xf8,
	0x00, 0x00, 0x22, 0x05, 0xfc, 0x10, 0x87, 0xfc, 0x04, 0x07, 0xfc, 0x01, 0x07, 0xfc, 0x19, 0x00, 0x70, 0x00, 0x00, 0x22, 0x03, 0xfc, 0x54, 0x87,
	0x90, 0x4f, 0xc7, 0x94, 0x4a, 0x47, 0xa4, 0x4a, 0x41, 0xdc, 0x00, 0x00, 0x20, 0x03, 0xfc, 0x54, 0x82, 0x48, 0x24, 0x45, 0xf8, 0xc2, 0x84, 0x30,
	0x47, 0x25, 0x8c, 0x00, 0x00, 0x21, 0x07, 0xfc, 0x54, 0x80, 0x38, 0x74, 0x82, 0x68, 0x25, 0x83, 0xda, 0x68, 0xa0, 0x04, 0x00, 0x00, 0x22, 0x05,
	0xbc, 0x14, 0x87, 0xfc, 0x5f, 0x44, 0x04, 0x5f, 0x45, 0x14, 0x5e, 0x44, 0x1c, 0x00, 0x00, 0x21, 0x07, 0xfc, 0x54, 0x80, 0xa0, 0x31, 0x85, 0xf4,
	0x3f, 0x82, 0x08, 0x20, 0x83, 0xf8, 0x00, 0x00, 0x22, 0x07, 0xfc, 0x14, 0x87, 0xfc, 0x04, 0x07, 0xf8, 0x44, 0x00, 0xe8, 0x35, 0x84, 0x44, 0x00,
	0x00, 0x22, 0x05, 0xfc, 0x10, 0x86, 0xf4, 0x4b, 0x45, 0x04, 0x22, 0xc3, 0xb0, 0x22, 0x47, 0xbc, 0x00, 0x00, 0x22, 0x05, 0xfc, 0x10, 0x86, 0xf4,
	0x7f, 0xc4, 0x44, 0x5b, 0x45, 0x14, 0x4e, 0x47, 0xfc, 0x00, 0x00, 0x22, 0x03, 0xfc, 0x54, 0x82, 0x20, 0x1d, 0xc4, 0x84, 0x0f, 0xc1, 0x84, 0x28,
	0x44, 0xfc, 0x00, 0x00, 0x22, 0x05, 0xfc, 0x20, 0x87, 0xfc, 0x3f, 0x82, 0x08, 0x3f, 0x87, 0xfc, 0x11, 0x86, 0x04, 0x00, 0x00, 0x22, 0x05, 0xdc,
	0x10, 0x82, 0xf8, 0x3f, 0x83, 0xf8, 0x3f, 0x81, 0x10, 0x7f, 0xc6, 0x10, 0x00, 0x00, 0x21, 0x05, 0xbc, 0x14, 0x87, 0xfc, 0x7f, 0xc2, 0x08, 0x3f,
	0x03, 0xf8, 0x20, 0x83, 0xf8, 0x00, 0x00, 0x22, 0x05, 0xdc, 0x34, 0x83, 0xf8, 0x44, 0x47, 0xfc, 0x7f, 0xc0, 0x40, 0xff, 0xe0, 0x40, 0x00, 0x00,
	0x22, 0x05, 0xfc, 0x11, 0x87, 0xfc, 0x00, 0x07, 0xa4, 0x7a, 0x44, 0xa4, 0x78, 0x45, 0x9c, 0x00, 0x00, 0x22, 0x03, 0xfc, 0x54, 0x82, 0x7c, 0x7c,
	0x43, 0x7c, 0x6c, 0x46, 0xfc, 0x24, 0x40, 0x7c, 0x00, 0x00, 0x22, 0x05, 0xfc, 0x10, 0xc7, 0xf8, 0x07, 0x07, 0xcc, 0x7f, 0xc3, 0xfc, 0x20, 0x43,
	0xfc, 0x00, 0x00, 0x22, 0x05, 0xfc, 0x90, 0x86, 0xb4, 0x7a, 0x44, 0xa4, 0x7a, 0x44, 0xa4, 0x5a, 0xce, 0x60, 0x00, 0x00, 0x22, 0x07, 0xfc, 0x54,
	0x87, 0xfc, 0x12, 0x47, 0xa4, 0x7a, 0xc7, 0xa0, 0x7e, 0x41, 0x3c, 0x00, 0x00, 0x22, 0x05, 0xfc, 0x7f, 0xc0, 0x00, 0x7f, 0xc3, 0xf8, 0x5f, 0xc6,
	0x54, 0x7f, 0xc0, 0x5c, 0x00, 0x00, 0x22, 0x05, 0xfc, 0x13, 0x86, 0x48, 0x25, 0xa7, 0x8e, 0x04, 0x07, 0xfc, 0x35, 0x84, 0x44, 0x00, 0x00, 0x22,
	0x05, 0xdc, 0x37, 0xc3, 0x48, 0x53, 0x05, 0xec, 0xdf, 0xc5, 0x30, 0x55, 0xc4, 0x90, 0x00, 0x00, 0x22, 0x05, 0xfc, 0x10, 0x86, 0xf0, 0x7f, 0x87,
	0xf8, 0x44, 0x03, 0xbc, 0x55, 0x41, 0x1c, 0x00, 0x00, 0x21, 0x05, 0xac, 0x04, 0x03, 0xb8, 0x7f, 0xc3, 0xf8, 0x44, 0x87, 0xf8, 0x7f, 0xc0, 0x7c,
	0x00, 0x00, 0x22, 0x05, 0xfc, 0x7b, 0xc4, 0xa4, 0x7b, 0xc7, 0xbc, 0x5f, 0x45, 0xf4, 0x51, 0x45, 0xfc, 0x00, 0x00, 0x22, 0x05, 0xfc, 0x4c, 0x87,
	0xbe, 0x4a, 0xc7, 0xbc, 0x7b, 0x47, 0xd8, 0x2d, 0x84, 0x66, 0x00, 0x00, 0x22, 0x05, 0xdc, 0x7f, 0xc4, 0x90, 0x5f, 0xc5, 0xfc, 0x7f, 0xc7, 0xfc,
	0x59, 0x8a, 0x94, 0x00, 0x00, 0x22, 0x05, 0xfc, 0x02, 0xc6, 0xf8, 0x1f, 0xc7, 0xfc, 0x0f, 0xc3, 0xfc, 0x4c, 0x84, 0x18, 0x00, 0x00, 0x22, 0x05,
	0xfc, 0x16, 0x87, 0xfc, 0x22, 0x47, 0xbc, 0x7b, 0xc6, 0xbc, 0x64, 0x40, 0x3c, 0x00, 0x00, 0x04, 0x02, 0x48, 0x24, 0x80, 0x40, 0x7f, 0xc0, 0xe0,
	0x15, 0x02, 0x48, 0x44, 0x40, 0x40, 0x00, 0x00, 0x20, 0x0b, 0x7c, 0x72, 0x42, 0x64, 0x72, 0x43, 0x34, 0x72, 0xca, 0x44, 0x24, 0x42, 0x8c, 0x00,
	0x00, 0x20, 0x0b, 0x7c, 0x71, 0x02, 0x10, 0x71, 0x03, 0x7c, 0x71, 0x0a, 0x90, 0x21, 0x02, 0x10, 0x00, 0x00, 0x08, 0x01, 0x78, 0x63, 0x00, 0xd0,
	0x74, 0xc3, 0x48, 0x7f, 0xc0, 0xe0, 0x35, 0x84, 0x44, 0x00, 0x00, 0x20, 0x8b, 0x48, 0x74, 0x42, 0x44, 0x7f, 0xe3, 0x24, 0x72, 0x4a, 0x44, 0x24,
	0x42, 0x98, 0x00, 0x00, 0x20, 0x0b, 0x78, 0x72, 0xa2, 0x2a, 0x74, 0x63, 0x10, 0x77, 0xea, 0x90, 0x21, 0x02, 0x10, 0x00, 0x00, 0x20, 0x4b, 0x78,
	0x72, 0x02, 0x3c, 0x76, 0x03, 0x26, 0x7f, 0x8a, 0x22, 0x22, 0x42, 0x1c, 0x00, 0x00, 0x22, 0x0a, 0xfc, 0x70, 0x02, 0x84, 0x74, 0x43, 0x48, 0x74,
	0x8a, 0x48, 0x21, 0x02, 0xfc, 0x00, 0x00, 0x21, 0x0b, 0x10, 0x7e, 0xc2, 0x84, 0x78, 0x43, 0x7c, 0x78, 0x4a, 0x84, 0x27, 0xc2, 0x00, 0x00, 0x00,
	0x27, 0xcb, 0x44, 0x74, 0x42, 0x7c, 0x74, 0x43, 0x44, 0x77, 0xca, 0x44, 0x24, 0x42, 0xfe, 0x00, 0x00, 0x21, 0x0b, 0x10, 0x71, 0xc2, 0x10, 0x71,
	0x03, 0xec, 0x78, 0x4a, 0x84, 0x28, 0x42, 0x78, 0x00, 0x00, 0x04, 0x03, 0xf8, 0xff, 0xe0, 0x48, 0x3f, 0x05, 0x54, 0x7f, 0xc4, 0xe4, 0x55, 0x48,
	0x44, 0x00, 0x00, 0x7f, 0xc0, 0xa0, 0x7f, 0xc4, 0xa4, 0x7f, 0xc2, 0x48, 0x7f, 0xc0, 0xe0, 0x35, 0x84, 0x44, 0x00, 0x00, 0x64, 0xc3, 0x54, 0x2e,
	0x46, 0x4c, 0x4e, 0x86, 0x6c, 0x6f, 0x43, 0x54, 0x34, 0x46, 0x4c, 0x00, 0x00, 0x21, 0x0b, 0x7e, 0x78, 0x02, 0x90, 0x79, 0x06, 0xbc, 0x79, 0x0a,
	0x90, 0x29, 0x02, 0xfe, 0x00, 0x00, 0x21, 0x0b, 0x7c, 0x77, 0xc2, 0xfc, 0x60, 0x02, 0xfc, 0x7f, 0xca, 0x84, 0x2f, 0xc2, 0x8c, 0x00, 0x00, 0x24,
	0xcb, 0x54, 0xbf, 0x42, 0x5c, 0x65, 0x46, 0xb4, 0x7b, 0xca, 0xb4, 0x2f, 0x42, 0x8c, 0x00, 0x00, 0x27, 0xcb, 0x80, 0x7b, 0xc2, 0xd4, 0x6f, 0xc6,
	0xd4, 0x7b, 0x8a, 0xfc, 0x29, 0x02, 0x7e, 0x00, 0x00, 0x21, 0x0b, 0xfc, 0x7f, 0xc2, 0x94, 0x6f, 0xc6, 0xfc, 0x78, 0x0a, 0xfc, 0x2c, 0x42, 0x7c,
	0x00, 0x00, 0x24, 0x87, 0xfc, 0x1f, 0x07, 0xfc, 0x7f, 0xc7, 0xfc, 0x7f, 0xc1, 0x10, 0x6f, 0xc7, 0x0c, 0x00, 0x00, 0x22, 0x83, 0xfc, 0x7f, 0xc2,
	0xfc, 0x6a, 0xc6, 0x50, 0x7f, 0xca, 0xfc, 0x28, 0x42, 0xfc, 0x00, 0x00, 0x21, 0x0b, 0xfc, 0x7f, 0xc2, 0x94, 0x6f, 0xc6, 0xfc, 0x7d, 0x0a, 0xbc,
	0x2d, 0x42, 0x30, 0x00, 0x00, 0x2f, 0xcb, 0xfc, 0xbf, 0xc2, 0xfe, 0x67, 0xc6, 0x94, 0x7f, 0xca, 0x78, 0x2f, 0xc2, 0xfe, 0x00, 0x00, 0x04, 0x00,
	0x88, 0x33, 0x01, 0x48, 0x08, 0x47, 0xfc, 0x04, 0x03, 0x58, 0x44, 0x40, 0x40, 0x00, 0x00, 0x01, 0x83, 0xe0, 0x09, 0x83, 0x20, 0x14, 0x81, 0xbc,
	0x64, 0x01, 0x50, 0x64, 0xc0, 0x40, 0x00, 0x00, 0x20, 0x42, 0x24, 0x52, 0x46, 0x24, 0x2a, 0x47, 0xa4, 0x62, 0x66, 0xfc, 0xa8, 0x42, 0x04, 0x00,
	0x00, 0x20, 0x02, 0x3c, 0x50, 0x46, 0x04, 0x2f, 0xc7, 0xc0, 0x64, 0x06, 0xc2, 0xac, 0x42, 0x3c, 0x00, 0x00, 0x22, 0x02, 0x3c, 0x54, 0x46, 0x44,
	0x2a, 0x47, 0x94, 0x69, 0x46, 0x84, 0xa8, 0x42, 0x1c, 0x00, 0x00, 0x20, 0x02, 0x7c, 0x51, 0x06, 0x10, 0x29, 0x07, 0x90, 0x61, 0x0a, 0x90, 0xa1,
	0x02, 0x6c, 0x00, 0x00, 0x21, 0x02, 0x7c, 0x50, 0x46, 0x44, 0x2c, 0x47, 0xa8, 0x62, 0x8a, 0x90, 0xa2, 0xc2, 0x42, 0x00, 0x00, 0x21, 0x02, 0x7c,
	0x55, 0x46, 0x54, 0x2d, 0xc7, 0xec, 0x64, 0x4b, 0x44, 0xac, 0x42, 0x4c, 0x00, 0x00, 0x27, 0x84, 0x24, 0x52, 0x47, 0x24, 0x57, 0xc6, 0xc4, 0x74,
	0x4b, 0x44, 0xa4, 0x82, 0xfc, 0x00, 0x00, 0x21, 0x02, 0x1c, 0x57, 0x06, 0x54, 0x2d, 0x47, 0xd4, 0x67, 0xcb, 0x52, 0xa9, 0x22, 0x1c, 0x00, 0x00,
	0x21, 0x05, 0x54, 0x55, 0x47, 0x54, 0x55, 0x26, 0x14, 0x32, 0x4b, 0x08, 0xb3, 0x02, 0xc0, 0x00, 0x00, 0x22, 0x04, 0x20, 0x57, 0xc6, 0x20, 0x2b,
	0x07, 0xd0, 0x65, 0x4b, 0x54, 0xa6, 0xc2, 0xb2, 0x00, 0x00, 0x20, 0xc2, 0x70, 0x55, 0x06, 0x50, 0x2f, 0xc7, 0xc8, 0x64, 0x8a, 0xca, 0xa7, 0xa2,
	0x84, 0x00, 0x00, 0x27, 0x82, 0x28, 0x52, 0x86, 0x2c, 0x2e, 0x47, 0xd4, 0x65, 0x8a, 0xc8, 0xa9, 0x42, 0xa2, 0x00, 0x00, 0x22, 0x84, 0x28, 0x54,
	0x47, 0x44, 0x53, 0xe6, 0xa4, 0x72, 0x4b, 0x24, 0xa4, 0x42, 0x98, 0x00, 0x00, 0x04, 0x03, 0xf8, 0x7f, 0xc0, 0x40, 0x7f, 0xc3, 0x20, 0x0c, 0x47,
	0x78, 0x25, 0x84, 0x44, 0x00, 0x00, 0x22, 0x04, 0x20, 0x57, 0xc6, 0x20, 0x4b, 0xc7, 0xc4, 0x74, 0x4b, 0x44, 0xa4, 0x42, 0x98, 0x00, 0x00, 0x04,
	0x07, 0xfc, 0x7f, 0xc4, 0x44, 0x79, 0x41, 0xe8, 0x7f, 0xc0, 0x40, 0x25, 0x84, 0x44, 0x00, 0x00, 0x12, 0x05, 0xfc, 0x52, 0x05, 0xe4, 0x2d, 0x83,
	0x20, 0x0c, 0x47, 0x78, 0x25, 0x84, 0x44, 0x00, 0x00, 0x21, 0x05, 0x10, 0x57, 0xc6, 0x54, 0x4d, 0x47, 0xfc, 0x75, 0x4b, 0x54, 0xa7, 0xc2, 0x40,
	0x00, 0x00, 0x3f, 0x84, 0x44, 0x7f, 0xc4, 0x44, 0x3f, 0x83, 0x20, 0x0c, 0x47, 0x78, 0x25, 0x84, 0x44, 0x00, 0x00, 0x23, 0xc2, 0x54, 0x55, 0x46,
	0x54, 0x2f, 0xc7, 0xd4, 0x65, 0x46, 0xd4, 0xad, 0x42, 0x6c, 0x00, 0x00, 0x21, 0x05, 0x7c, 0x55, 0x46, 0x54, 0x4f, 0xc7, 0xd4, 0x75, 0x4b, 0x78,
	0xa1, 0x02, 0x10, 0x00, 0x00, 0x27, 0xc5, 0x14, 0x52, 0x47, 0x24, 0x54, 0xc6, 0xfc, 0x74, 0x47, 0x44, 0xa4, 0x42, 0x7c, 0x00, 0x00, 0x24, 0x45,
	0x44, 0x57, 0xc7, 0x44, 0x54, 0x46, 0xfc, 0x74, 0x47, 0x44, 0xa7, 0xc2, 0x44, 0x00, 0x00, 0x22, 0x05, 0x7c, 0x5c, 0x47, 0x28, 0x53, 0x86, 0xc6,
	0x71, 0x8b, 0x00, 0xb7, 0x02, 0x0c, 0x00, 0x00, 0x21, 0x04, 0x7e, 0x52, 0x06, 0x24, 0x2c, 0x87, 0xa8, 0x63, 0x8b, 0x24, 0xa4, 0xc2, 0xb2, 0x00,
	0x00, 0x23, 0xc2, 0x44, 0x54, 0x46, 0x7c, 0x2c, 0x47, 0xc4, 0x67, 0xca, 0xc4, 0xa4, 0x42, 0xfe, 0x00, 0x00, 0x27, 0xc2, 0x04, 0x52, 0x46, 0x18,
	0x2a, 0xc7, 0x90, 0x67, 0xca, 0x90, 0xa1, 0x02, 0x7e, 0x00, 0x00, 0x21, 0x05, 0xfe, 0x51, 0x07, 0x10, 0x56, 0xc6, 0xfc, 0x74, 0x47, 0x44, 0xa4,
	0x42, 0x7c, 0x00, 0x00, 0x21, 0x02, 0x7e, 0x52, 0x86, 0x44, 0x2c, 0x27, 0xa8, 0x62, 0x8a, 0x90, 0xa2, 0x82, 0xc6, 0x00, 0x00, 0x22, 0x02, 0x3c,
	0x56, 0x46, 0x18, 0x2b, 0x87, 0xc6, 0x77, 0xc6, 0xc4, 0xac, 0x42, 0x7c, 0x00, 0x00, 0x24, 0x05, 0x7c, 0x54, 0x47, 0xfc, 0x54, 0xc6, 0xfc, 0x74,
	0xcb, 0x74, 0xb0, 0x42, 0x1c, 0x00, 0x00, 0x21, 0x05, 0x28, 0x54, 0x47, 0xfa, 0x50, 0x06, 0xfc, 0x74, 0x4b, 0x44, 0xa4, 0x42, 0x7c, 0x00, 0x00,
	0x21, 0x04, 0x7c, 0x52, 0x87, 0x24, 0x57, 0xc6, 0xa8, 0x72, 0x8b, 0x4a, 0xa4, 0xa2, 0x8c, 0x00, 0x00, 0x21, 0x05, 0x28, 0x54, 0x47, 0xfe, 0x50,
	0x06, 0xfc, 0x72, 0x0b, 0x24, 0xb4, 0xc2, 0xf0, 0x00, 0x00, 0x22, 0x05, 0x58, 0x55, 0x07, 0x7c, 0x55, 0x46, 0x7c, 0x74, 0x0b, 0x42, 0xb4, 0x22,
	0x7c, 0x00, 0x00, 0x27, 0xc5, 0x44, 0x57, 0xc7, 0x00, 0x57, 0xc6, 0xfc, 0x74, 0x4b, 0x7c, 0xa4, 0x42, 0x4c, 0x00, 0x00, 0x24, 0x05, 0x6c, 0x56,
	0xc7, 0x48, 0x57, 0xce, 0xd8, 0x37, 0x4b, 0x50, 0xa4, 0x02, 0x7c, 0x00, 0x00, 0x21, 0x05, 0x7c, 0x51, 0x07, 0x68, 0x57, 0xc6, 0xa4, 0x72, 0x8b,
	0x28, 0xa4, 0xc2, 0x8c, 0x00, 0x00, 0x21, 0x05, 0xfc, 0x68, 0x27, 0x38, 0x50, 0x0e, 0x7e, 0x31, 0x0b, 0x54, 0xb9, 0x42, 0x30, 0x00, 0x00, 0x20,
	0x45, 0x7c, 0x55, 0x47, 0x7c, 0x48, 0x47, 0x7c, 0x74, 0x8b, 0x30, 0xb3, 0x82, 0xc4, 0x00, 0x00, 0x24, 0x85, 0x7c, 0x54, 0x87, 0xc8, 0x57, 0xc6,
	0xc8, 0x77, 0xcb, 0x48, 0xb4, 0x82, 0x74, 0x00, 0x00, 0x27, 0xc5, 0x8c, 0x6a, 0xc7, 0xbc, 0x49, 0x4f, 0xdc, 0x3d, 0xcb, 0xbc, 0xb8, 0x42, 0x8c,
	0x00, 0x00, 0x27, 0xc5, 0x8c, 0x6a, 0xc7, 0xfc, 0x49, 0x4f, 0xfc, 0x3a, 0x4b, 0xa4, 0xb9, 0xc2, 0x8c, 0x00, 0x00, 0x0f, 0xc5, 0x34, 0x6c, 0xc6,
	0x6c, 0x59, 0x2f, 0xfe, 0x4b, 0x4d, 0x4c, 0xde, 0xc0, 0x12, 0x00, 0x00, 0x21, 0x05, 0x7c, 0x58, 0x47, 0x38, 0x51, 0x0e, 0xdc, 0x75, 0x0b, 0x50,
	0xab, 0x02, 0x8e, 0x00, 0x00, 0x21, 0x05, 0x7c, 0x51, 0x07, 0x6c, 0x54, 0xa6, 0xa4, 0x75, 0xcb, 0xa8, 0xa3, 0x82, 0xc6, 0x00, 0x00, 0x21, 0x04,
	0x7c, 0x54, 0x46, 0x7c, 0x4f, 0xc7, 0x90, 0x77, 0xcb, 0x54, 0xa5, 0x02, 0x14, 0x00, 0x00, 0x7b, 0xc5, 0x24, 0x69, 0x87, 0x18, 0x7a, 0x63, 0x30,
	0x14, 0x87, 0xfc, 0x35, 0x84, 0x44, 0x00, 0x00, 0x22, 0x85, 0x28, 0x66, 0xc7, 0x28, 0x5e, 0xee, 0x28, 0x36, 0x8b, 0xac, 0xb4, 0x82, 0x88, 0x00,
	0x00, 0x22, 0x85, 0x44, 0x5a, 0x07, 0x28, 0x57, 0xc6, 0xb0, 0x72, 0x4b, 0xa4, 0xaa, 0xa2, 0x38, 0x00, 0x00, 0x27, 0x84, 0x04, 0x57, 0xc6, 0x04,
	0x4f, 0xc7, 0xd4, 0x75, 0xcb, 0x38, 0xad, 0x42, 0x30, 0x00, 0x00, 0x21, 0x05, 0x7c, 0x51, 0x87, 0x7e, 0x53, 0x06, 0xfc, 0x74, 0x4b, 0x7c, 0xa4,
	0x42, 0x7c, 0x00, 0x00, 0x21, 0x04, 0x7c, 0x54, 0x46, 0x7c, 0x4f, 0xc7, 0x90, 0x77, 0xcb, 0x58, 0xa5, 0x42, 0x30, 0x00, 0x00, 0x21, 0x05, 0xfc,
	0x64, 0x87, 0x48, 0x5b, 0x67, 0x12, 0x3f, 0xcb, 0x94, 0xb9, 0xc2, 0x10, 0x00, 0x00, 0x2f, 0xc5, 0x00, 0x6f, 0xc7, 0x84, 0x5f, 0x86, 0xfc, 0x7e,
	0xcb, 0xfc, 0xae, 0xc2, 0x4c, 0x00, 0x00, 0x20, 0xc5, 0xf4, 0x65, 0x47, 0xfc, 0x5f, 0xc6, 0x40, 0x3b, 0xcb, 0xe8, 0xb3, 0x82, 0xc4, 0x00, 0x00,
	0x2f, 0xc5, 0x10, 0x62, 0x07, 0xfc, 0x5a, 0xcf, 0xbc, 0x3a, 0xcb, 0xbc, 0xba, 0xc2, 0xd0, 0x00, 0x00, 0x20, 0x05, 0x7c, 0x5f, 0xc7, 0x00, 0x57,
	0xc6, 0xfc, 0x7f, 0xcb, 0x48, 0xaf, 0xe2, 0x08, 0x00, 0x00, 0x21, 0x05, 0xfc, 0x57, 0xc7, 0x94, 0x4f, 0xc7, 0x94, 0x77, 0x8b, 0x38, 0xad, 0x42,
	0x10, 0x00, 0x00, 0x27, 0x84, 0x04, 0x57, 0xc6, 0x04, 0x4f, 0x87, 0xdc, 0x73, 0x8b, 0x54, 0xa7, 0x42, 0x30, 0x00, 0x00, 0x27, 0xc5, 0x94, 0x6f,
	0xc7, 0x7c, 0x57, 0xc6, 0x94, 0x7f, 0xcb, 0x96, 0xbf, 0xa2, 0x1c, 0x00, 0x00, 0x21, 0x45, 0xfe, 0x67, 0xc7, 0x94, 0x5f, 0xce, 0x7c, 0x3f, 0xeb,
	0x44, 0xb2, 0x42, 0x18, 0x00, 0x00, 0x21, 0x05, 0xfc, 0x67, 0xc7, 0x44, 0x53, 0x86, 0xfc, 0x3b, 0xcb, 0xac, 0xbb, 0xc2, 0x8c, 0x00, 0x00, 0x26,
	0x45, 0x94, 0x6b, 0xe6, 0x88, 0x5a, 0x8f, 0xac, 0x3a, 0x8b, 0xa8, 0xbd, 0x82, 0xce, 0x00, 0x00, 0x01, 0x05, 0xac, 0x65, 0x87, 0x34, 0x5b, 0xcf,
	0x48, 0x45, 0xcd, 0x7e, 0xdc, 0x80, 0x3e, 0x00, 0x00, 0x21, 0x05, 0xfc, 0x6f, 0xc7, 0x50, 0x57, 0xc6, 0xe4, 0x77, 0xcb, 0x64, 0xb6, 0x42, 0x7c,
	0x00, 0x00, 0x21, 0x05, 0x7c, 0x67, 0xc7, 0xfe, 0x5f, 0xce, 0xfc, 0x3f, 0xcb, 0xfc, 0xb4, 0x82, 0x86, 0x00, 0x00, 0x21, 0x05, 0xac, 0x7a, 0x47,
	0xd8, 0x7b, 0xc0, 0x90, 0x36, 0x87, 0xfc, 0x15, 0x06, 0x4c, 0x00, 0x00, 0x24, 0x85, 0xfc, 0x64, 0x86, 0xfe, 0x56, 0x8f, 0x7c, 0x4f, 0xcd, 0xea,
	0xd7, 0xa0, 0xa4, 0x00, 0x00, 0x13, 0x86, 0xaa, 0x7c, 0x47, 0xbc, 0xfd, 0x80, 0xb6, 0x36, 0x87, 0xfc, 0x15, 0x06, 0x4c, 0x00, 0x00, 0x21, 0x05,
	0x7c, 0x6f, 0xe7, 0x14, 0x57, 0x8f, 0xbc, 0x3b, 0xcb, 0xbc, 0xad, 0xc2, 0x90, 0x00, 0x00, 0x24, 0x85, 0xfc, 0x6a, 0x87, 0xfc, 0x50, 0x8f, 0xec,
	0x3e, 0xcb, 0xaa, 0xbf, 0xa2, 0xa4, 0x00, 0x00, 0x24, 0x85, 0xfc, 0x67, 0xc7, 0x10, 0x57, 0xcf, 0x58, 0x3a, 0x4b, 0xfc, 0xb8, 0x42, 0xfc, 0x00,
	0x00, 0x11, 0x07, 0xfc, 0x7f, 0xc5, 0x54, 0x6f, 0xc5, 0x7c, 0x7f, 0xc7, 0xdc, 0x7f, 0xc5, 0x4c, 0x00, 0x00, 0x27, 0xc5, 0x44, 0x67, 0xc7, 0xec,
	0x5b, 0x4e, 0x7c, 0x3f, 0xeb, 0x38, 0xa5, 0x42, 0x90, 0x00, 0x00, 0x3b, 0xc5, 0x48, 0x2b, 0x83, 0xf8, 0x3f, 0x87, 0xfc, 0x28, 0x85, 0xec, 0x7f,
	0x46, 0x5c, 0x00, 0x00, 0x21, 0x05, 0xec, 0x6f, 0xc7, 0xfc, 0x5b, 0x8f, 0xfc, 0x4e, 0xcd, 0xdc, 0xd7, 0xc0, 0x7e, 0x00, 0x00, 0x10, 0x03, 0xf8,
	0x24, 0x04, 0x40, 0x7f, 0xc0, 0x40, 0x44, 0x44, 0x44, 0x44, 0x47, 0xbc, 0x00, 0x00, 0x7f, 0xc4, 0xa4, 0x7f, 0xc0, 0xa0, 0x7b, 0xc0, 0xa0, 0x7b,
	0xc3, 0x20, 0x53, 0xc2, 0x20, 0x00, 0x00, 0x7f, 0xc4, 0xa4, 0x7f, 0xc1, 0x10, 0x3d, 0x07, 0xf0, 0x11, 0xc7, 0xd0, 0x11, 0x07, 0xd0, 0x00, 0x00,
	0x7f, 0xc4, 0xa4, 0x35, 0x87, 0xfc, 0x5f, 0x85, 0xf8, 0x50, 0x85, 0xf8, 0x4f, 0x07, 0xfc, 0x00, 0x00, 0x7f, 0xc4, 0xa4, 0x7f, 0xc7, 0xc4, 0x7e,
	0x47, 0xa4, 0x7a, 0x40, 0x24, 0x7c, 0x47, 0xdc, 0x00, 0x00, 0x7f, 0xc4, 0xa4, 0x7f, 0xc7, 0xfc, 0x05, 0x07, 0xec, 0x7f, 0x82, 0x04, 0x3f, 0xc3,
	0xfc, 0x00, 0x00, 0x7f, 0xc4, 0xa4, 0x7f, 0xc7, 0xfc, 0x7f, 0x87, 0xf8, 0x44, 0x03, 0xbc, 0x55, 0x41, 0x1c, 0x00, 0x00, 0x7f, 0xc4, 0xa4, 0x7f,
	0xc2, 0xa4, 0x7b, 0x87, 0xa4, 0x4b, 0x87, 0xbc, 0x7a, 0x05, 0xbc, 0x00, 0x00, 0x7f, 0xc4, 0xa4, 0x7f, 0xc2, 0x48, 0x57, 0xc2, 0xfc, 0x7c, 0x86,
	0xfc, 0x6c, 0x82, 0x7c, 0x00, 0x00, 0x11, 0x01, 0x20, 0x6d, 0xc0, 0x40, 0x7f, 0xc0, 0x40, 0x04, 0x07, 0xfc, 0x04, 0x00, 0x40, 0x00, 0x00, 0x11,
	0x07, 0xfc, 0x04, 0x03, 0xf8, 0x7f, 0xc0, 0x40, 0x7f, 0xc0, 0xa0, 0x11, 0x06, 0x0c, 0x00, 0x00, 0x7a, 0x42, 0x94, 0xfe, 0x82, 0x88, 0x7b, 0xc4,
	0x08, 0x78, 0x8c, 0xbc, 0x48, 0x87, 0x88, 0x00, 0x00, 0x11, 0x07, 0xfc, 0x3f, 0x80, 0x40, 0x7f, 0xc2, 0x7c, 0x4a, 0x40, 0x28, 0x25, 0x05, 0x8c,
	0x00, 0x00, 0x11, 0x06, 0xec, 0x3f, 0x80, 0x40, 0x7b, 0xc7, 0xac, 0x7f, 0xc1, 0xd8, 0x73, 0x07, 0xcc, 0x00, 0x00, 0x73, 0x80, 0x84, 0x4a, 0x42,
	0x94, 0x08, 0x41, 0x8c, 0x29, 0x44, 0xa4, 0x08, 0x43, 0x9c, 0x00, 0x00, 0x11, 0x02, 0x88, 0x49, 0x43, 0xf8, 0x00, 0x07, 0xbc, 0x29, 0x41, 0x8c,
	0x6b, 0x41, 0x8c, 0x00, 0x00, 0x7b, 0xc4, 0xa4, 0x29, 0x43, 0xb4, 0x59, 0xc0, 0x40, 0x7f, 0xc1, 0x10, 0x12, 0x07, 0xfc, 0x00, 0x00, 0x7b, 0xc4,
	0xa4, 0x29, 0x46, 0xb4, 0x1d, 0xc3, 0xf8, 0x20, 0x83, 0xf8, 0x20, 0x83, 0xf0, 0x00, 0x00, 0x7b, 0xc6, 0xa4, 0x18, 0xc6, 0xb4, 0x14, 0x87, 0xfc,
	0x31, 0x04, 0xac, 0x7f, 0xc0, 0x40, 0x00, 0x00, 0xf9, 0xcb, 0x40, 0x24, 0x07, 0xfc, 0x6e, 0x87, 0xa8, 0x4a, 0x87, 0xaa, 0x4a, 0xa7, 0x4c, 0x00,
	0x00, 0x21, 0x0f, 0x28, 0x24, 0x6d, 0x2c, 0x76, 0xc9, 0x6c, 0x72, 0x42, 0x6c, 0x72, 0x42, 0x6c, 0x00, 0x00, 0x1e, 0xc6, 0x94, 0x75, 0xcf, 0xdc,
	0x71, 0x4f, 0xb4, 0x6d, 0xc7, 0x94, 0x69, 0x45, 0xec, 0x00, 0x00, 0x7b, 0xc2, 0xb4, 0x39, 0xc7, 0xfc, 0x7f, 0xc7, 0xfc, 0x7f, 0xc1, 0x10, 0x6f,
	0xc7, 0x0c, 0x00, 0x00, 0x2e, 0xcb, 0x24, 0x76, 0xc6, 0xec, 0xf4, 0x86, 0xb4, 0x57, 0xc6, 0x7c, 0x79, 0x08, 0x6c, 0x00, 0x00, 0x08, 0x43, 0xf8,
	0x09, 0x87, 0xfc, 0x04, 0x01, 0x88, 0x77, 0x01, 0x84, 0x10, 0x41, 0xf8, 0x00, 0x00, 0x08, 0x43, 0xf8, 0x09, 0x07, 0xfc, 0x18, 0x47, 0xf8, 0x3f,
	0x82, 0x08, 0x00, 0x80, 0x78, 0x00, 0x00, 0x04, 0x43, 0xf8, 0x05, 0x0f, 0xfe, 0x0c, 0x03, 0xfc, 0x60, 0x41, 0xfc, 0x20, 0x41, 0xfc, 0x00, 0x00,
	0x7f, 0xc0, 0x40, 0x7f, 0xc4, 0xa4, 0x4a, 0x44, 0xa4, 0x4a, 0x44, 0xa4, 0x40, 0xc0, 0x00, 0x00, 0x00, 0x7c, 0x42, 0x04, 0x7b, 0xe7, 0x44, 0x76,
	0x47, 0x54, 0x75, 0x47, 0x44, 0x74, 0x44, 0xdc, 0x00, 0x00, 0x22, 0x47, 0xa4, 0x27, 0xe7, 0xa4, 0x22, 0x47, 0x24, 0x37, 0xc6, 0xa4, 0xa4, 0x42,
	0x44, 0x00, 0x00, 0x20, 0x47, 0xf8, 0x22, 0x07, 0xbc, 0x26, 0x07, 0x26, 0x37, 0x86, 0xa2, 0xa2, 0x42, 0x1c, 0x00, 0x00, 0x7f, 0xc2, 0x08, 0x3f,
	0x82, 0x08, 0x3f, 0x82, 0x08, 0x23, 0xc7, 0xc8, 0x00, 0x80, 0x00, 0x00, 0x00, 0x7d, 0xc4, 0xa4, 0x4a, 0x47, 0xa8, 0x4a, 0x87, 0xa4, 0x4a, 0x47,
	0xa4, 0x0a, 0xc0, 0xa0, 0x00, 0x00, 0x71, 0x05, 0x7c, 0x59, 0x47, 0x94, 0x51, 0x07, 0x30, 0x53, 0x27, 0x52, 0x15, 0x41, 0x8c, 0x00, 0x00, 0x7c,
	0x04, 0xbc, 0x7a, 0x47, 0xa4, 0x7a, 0x40, 0x18, 0x7f, 0xc3, 0xf8, 0x04, 0x07, 0xfc, 0x00, 0x00, 0x7b, 0xc4, 0xa4, 0x7b, 0xc4, 0xa4, 0x71, 0xc5,
	0xf4, 0x5f, 0x45, 0xf4, 0x5f, 0x44, 0x0c, 0x00, 0x00, 0x74, 0x86, 0x4c, 0x6a, 0x46, 0x28, 0x6f, 0xc6, 0x20, 0x6d, 0x46, 0xc4, 0x34, 0xa0, 0x38,
	0x00, 0x00, 0x60, 0x8a, 0xb4, 0xad, 0x8e, 0xac, 0x9f, 0xe6, 0x20, 0xab, 0x4a, 0xb4, 0x65, 0x80, 0xd0, 0x00, 0x00, 0x62, 0x0a, 0xfc, 0xaf, 0xc6,
	0xb4, 0xab, 0x46, 0xfc, 0xa1, 0x0a, 0xc4, 0x6c, 0xa0, 0x38, 0x00, 0x00, 0x64, 0x8a, 0xfc, 0xaa, 0x8e, 0xfc, 0xa0, 0x86, 0xec, 0xae, 0xca, 0xaa,
	0x6f, 0xa0, 0xa4, 0x00, 0x00, 0x7b, 0xc3, 0x3c, 0x7a, 0x07, 0xbc, 0x7b, 0xe1, 0xbc, 0x7f, 0xc2, 0x08, 0x3f, 0x87, 0xfc, 0x00, 0x00, 0x7a, 0x00,
	0x3c, 0x7d, 0x87, 0x2c, 0xbf, 0x8f, 0xfe, 0x3f, 0x87, 0xfc, 0x04, 0x07, 0xfc, 0x00, 0x00, 0x04, 0x07, 0xfc, 0x44, 0x44, 0xb4, 0x74, 0xc4, 0x44,
	0x4b, 0x47, 0x0c, 0x40, 0x44, 0x1c, 0x00, 0x00, 0x70, 0x05, 0x20, 0x57, 0xc7, 0x24, 0x52, 0x45, 0x24, 0x72, 0x45, 0x24, 0x94, 0x43, 0x5c, 0x00,
	0x00, 0x73, 0x85, 0x48, 0x54, 0x87, 0x48, 0x54, 0x85, 0x48, 0x74, 0xa5, 0x4a, 0x58, 0xa3, 0x8c, 0x00, 0x00, 0x04, 0x02, 0x48, 0x04, 0x03, 0xf8,
	0x40, 0x83, 0xf8, 0x40, 0x83, 0xf8, 0x40, 0x80, 0x38, 0x00, 0x00, 0x70, 0x44, 0x84, 0x4f, 0xc7, 0x84, 0x4a, 0x44, 0xa4, 0x79, 0x44, 0x84, 0x48,
	0x43, 0x1c, 0x00, 0x00, 0x70, 0x05, 0x3c, 0x51, 0x07, 0x10, 0x57, 0xe5, 0x10, 0x71, 0x05, 0x10, 0x51, 0x03, 0x00, 0x00, 0x00, 0x73, 0x85, 0x48,
	0x54, 0xa7, 0x4e, 0x50, 0x05, 0x7c, 0x74, 0x85, 0x38, 0x92, 0x83, 0xc4, 0x00, 0x00, 0x71, 0x05, 0xfe, 0x51, 0x07, 0x10, 0x56, 0xc5, 0x44, 0x72,
	0x85, 0x10, 0x92, 0x83, 0xc6, 0x00, 0x00, 0x60, 0x05, 0xfc, 0x59, 0x47, 0x94, 0x5f, 0xc5, 0x84, 0x78, 0x05, 0x82, 0x98, 0x2b, 0x7c, 0x00, 0x00,
	0x7f, 0xc0, 0x00, 0x7f, 0xc3, 0xfc, 0x40, 0x05, 0xfc, 0x5f, 0xc5, 0x04, 0x5f, 0xc1, 0x1c, 0x00, 0x00, 0x72, 0x05, 0x20, 0x57, 0xc7, 0x20, 0x53,
	0xc5, 0x24, 0x74, 0x45, 0x44, 0x94, 0x43, 0x98, 0x00, 0x00, 0x24, 0x02, 0x78, 0x7f, 0xc0, 0x00, 0x3f, 0x84, 0x08, 0x7f, 0x83, 0xf8, 0x40, 0x80,
	0x18, 0x00, 0x00, 0x72, 0x05, 0x20, 0x57, 0xc7, 0x30, 0x55, 0x05, 0x50, 0x75, 0x45, 0x64, 0x9a, 0xc3, 0xf2, 0x00, 0x00, 0x04, 0x07, 0xfc, 0x10,
	0x87, 0xf4, 0x3f, 0x82, 0x08, 0x3f, 0x83, 0xf8, 0x20, 0x82, 0x38, 0x00, 0x00, 0x31, 0x80, 0xe0, 0x79, 0xc7, 0xfc, 0x10, 0x02, 0xfc, 0x7f, 0xc2,
	0x04, 0x3f, 0xc2, 0x18, 0x00, 0x00, 0x61, 0x05, 0xfe, 0x51, 0x07, 0x7c, 0x59, 0x45, 0x94, 0x79, 0x45, 0x94, 0x99, 0xcb, 0x10, 0x00, 0x00, 0x7f,
	0xc4, 0x44, 0x7f, 0xc7, 0xfc, 0x00, 0x07, 0xf8, 0x3f, 0x83, 0xf8, 0x40, 0x80, 0x18, 0x00, 0x00, 0x67, 0x85, 0x84, 0x58, 0x47, 0x7c, 0x58, 0x45,
	0x84, 0x77, 0xc5, 0x00, 0x90, 0x0b, 0xfc, 0x00, 0x00, 0x0a, 0x07, 0xbc, 0x0a, 0x07, 0xbc, 0x3f, 0x82, 0x08, 0x3f, 0x83, 0xf8, 0x20, 0x80, 0x38,
	0x00, 0x00, 0x72, 0x05, 0x20, 0x54, 0x47, 0x5c, 0x52, 0x25, 0x7c, 0x74, 0x45, 0x44, 0x94, 0x4b, 0x7c, 0x00, 0x00, 0x64, 0x05, 0x7c, 0x58, 0x47,
	0xb4, 0x51, 0x45, 0x74, 0x78, 0xc5, 0x82, 0x94, 0x23, 0x7c, 0x00, 0x00, 0x03, 0xc2, 0x24, 0x7a, 0x42, 0x3c, 0x22, 0x45, 0xa4, 0x4b, 0xc4, 0xc4,
	0x7c, 0x44, 0x4c, 0x00, 0x00, 0x48, 0x05, 0x28, 0x5c, 0x84, 0x98, 0x5f, 0x85, 0xe8, 0x5e, 0xa5, 0x2a, 0x5e, 0xa1, 0x64, 0x00, 0x00, 0x67, 0xc5,
	0x84, 0x5b, 0xc7, 0x84, 0x5b, 0xc5, 0xac, 0x7a, 0xc5, 0xbc, 0x98, 0x4b, 0x8c, 0x00, 0x00, 0x64, 0x05, 0x7c, 0x59, 0x47, 0xdc, 0x5a, 0xc5, 0xbc,
	0x7d, 0xc5, 0xfc, 0x90, 0x43, 0x1c, 0x00, 0x00, 0x22, 0x04, 0xac, 0x7b, 0x00, 0x24, 0x7b, 0xc7, 0xa0, 0x4b, 0xc7, 0xa0, 0x4a, 0x45, 0xbc, 0x00,
	0x00, 0x70, 0x05, 0x7c, 0x58, 0x47, 0x7c, 0x50, 0x05, 0x7c, 0x78, 0x45, 0xfc, 0x98, 0x4b, 0x7c, 0x00, 0x00, 0x3f, 0x81, 0x84, 0x23, 0x87, 0xbc,
	0x5a, 0xc3, 0xf8, 0x3f, 0x82, 0x08, 0x3f, 0x82, 0x38, 0x00, 0x00, 0x64, 0x06, 0x78, 0x6f, 0xc6, 0x80, 0x6b, 0xc6, 0xa4, 0x6a, 0x4a, 0xa8, 0xaa,
	0x2a, 0x3c, 0x00, 0x00, 0x60, 0x0a, 0xfc, 0xa2, 0x46, 0xdc, 0xa0, 0x8a, 0xfc, 0xea, 0xca, 0xac, 0xab, 0x4a, 0x74, 0x00, 0x00, 0x70, 0x45, 0xf8,
	0x58, 0xc7, 0xf8, 0x5a, 0x85, 0xac, 0x7a, 0x85, 0xa4, 0x9a, 0x43, 0x20, 0x00, 0x00, 0x04, 0x03, 0x4c, 0x6a, 0xc1, 0x10, 0x7f, 0xc2, 0x08, 0x3f,
	0x83, 0xf8, 0x20, 0x82, 0x38, 0x00, 0x00, 0x64, 0x0a, 0xee, 0xa4, 0xa6, 0x4a, 0xaf, 0xaa, 0x4a, 0xe6, 0xaa, 0xaa, 0xaf, 0xca, 0x08, 0x00, 0x00,
	0x74, 0x45, 0x28, 0x57, 0xc7, 0x84, 0x58, 0x45, 0x7c, 0x72, 0x85, 0x2a, 0x94, 0xa3, 0x8c, 0x00, 0x00, 0x6a, 0x05, 0xa4, 0x55, 0x47, 0x08, 0x5c,
	0xc5, 0xb4, 0x79, 0x45, 0xac, 0x98, 0x43, 0xfc, 0x00, 0x00, 0x77, 0xc5, 0x40, 0x57, 0xc7, 0x7c, 0x54, 0x05, 0xfe, 0x76, 0x45, 0x58, 0x95, 0x83,
	0xe4, 0x00, 0x00, 0x7b, 0xc7, 0xa4, 0x49, 0x87, 0x38, 0x68, 0x43, 0xf8, 0x3f, 0x82, 0x08, 0x3f, 0x82, 0x38, 0x00, 0x00, 0x04, 0x07, 0xbc, 0x5f,
	0xc7, 0x48, 0x51, 0x87, 0xfc, 0x67, 0x47, 0x8c, 0xaf, 0x42, 0x1c, 0x00, 0x00, 0x61, 0x06, 0xfc, 0x6b, 0x06, 0x50, 0x6d, 0xc6, 0x00, 0xaf, 0xca,
	0x10, 0xa1, 0x0a, 0xfc, 0x00, 0x00, 0x61, 0x06, 0xfe, 0x6c, 0x26, 0x7c, 0x6b, 0x46, 0xb4, 0x67, 0xca, 0x52, 0xa9, 0x2a, 0x0c, 0x00, 0x00, 0x60,
	0xc6, 0xf0, 0x6f, 0xc6, 0xfc, 0x69, 0x46, 0xfc, 0x6f, 0xca, 0xfc, 0xa1, 0x0a, 0xfc, 0x00, 0x00, 0x6f, 0xc6, 0x30, 0x6f, 0xc6, 0xb4, 0x6f, 0xc6,
	0xfc, 0x64, 0x8a, 0xe8, 0xa3, 0x8a, 0xc4, 0x00, 0x00, 0x77, 0xc5, 0x84, 0x5f, 0xc7, 0x7c, 0x5f, 0xc5, 0x40, 0x7b, 0xc5, 0x54, 0x99, 0x43, 0x2c,
	0x00, 0x00, 0x64, 0x05, 0xbc, 0x5f, 0xc7, 0xfc, 0x58, 0x45, 0x7c, 0x77, 0xc5, 0xa8, 0x93, 0x8b, 0xc6, 0x00, 0x00, 0x61, 0x05, 0x7c, 0x58, 0x47,
	0xfc, 0x57, 0xc5, 0x10, 0x77, 0xc9, 0x58, 0x9d, 0x4b, 0x30, 0x00, 0x00, 0x63, 0xc6, 0xa4, 0x63, 0xc6, 0x24, 0x6b, 0xc6, 0xac, 0xaa, 0x8a, 0xb4,
	0xac, 0x0b, 0x3e, 0x00, 0x00, 0x7f, 0xc3, 0xf8, 0x3f, 0x87, 0xfc, 0x7f, 0xc3, 0xf8, 0x3f, 0x83, 0xf8, 0x3f, 0x80, 0x18, 0x00, 0x00, 0x07, 0xc7,
	0xfc, 0x7f, 0x44, 0x38, 0x7e, 0xc7, 0xfc, 0x5d, 0x85, 0xfc, 0x5f, 0xc1, 0x1c, 0x00, 0x00, 0x64, 0x86, 0xfc, 0x6f, 0xc6, 0x84, 0x6f, 0xc6, 0xfc,
	0x61, 0x0a, 0xfc, 0xa6, 0x8a, 0x86, 0x00, 0x00, 0x62, 0x06, 0xfc, 0x66, 0x86, 0x86, 0x67, 0x86, 0x84, 0x66, 0x4a, 0x68, 0xae, 0xca, 0x60, 0x00,
	0x00, 0x64, 0x06, 0xf4, 0x64, 0x86, 0xa0, 0x6e, 0x46, 0x98, 0xae, 0x0a, 0xa4, 0xab, 0x8a, 0xd0, 0x00, 0x00, 0x64, 0x86, 0xfc, 0x6f, 0xc6, 0x10,
	0x6f, 0xc6, 0x58, 0x6a, 0x4a, 0xfc, 0xa8, 0x4a, 0xfc, 0x00, 0x00, 0x63, 0x06, 0xfc, 0x6f, 0xc6, 0xfc, 0x6f, 0xc6, 0xfc, 0x68, 0x0b, 0x7c, 0x94,
	0x8b, 0xe6, 0x00, 0x00, 0x62, 0x06, 0xfc, 0x64, 0x86, 0xb4, 0x6f, 0xc6, 0xfc, 0x6f, 0xca, 0xe4, 0xad, 0x4b, 0x7a, 0x00, 0x00, 0x64, 0x86, 0xfc,
	0x60, 0xc6, 0xf8, 0x6f, 0xc6, 0xfc, 0x6d, 0xca, 0xea, 0xb7, 0xea, 0x14, 0x00, 0x00, 0x3f, 0xc4, 0x40, 0x44, 0x07, 0xfc, 0x40, 0x44, 0x04, 0x7f,
	0x84, 0x40, 0x44, 0x07, 0xb8, 0x00, 0x00, 0x7c, 0x05, 0x10, 0x51, 0x07, 0xd0, 0x45, 0x84, 0x58, 0x79, 0x85, 0x24, 0x52, 0x46, 0xc2, 0x00, 0x00,
	0x74, 0x06, 0x7c, 0x6f, 0xc7, 0x44, 0x57, 0xc5, 0x6c, 0x7a, 0xc6, 0xac, 0x6a, 0xc5, 0x68, 0x00, 0x00, 0x04, 0x07, 0xfc, 0x40, 0x44, 0x04, 0x7f,
	0xc4, 0x04, 0x7f, 0xc4, 0x04, 0x40, 0x47, 0xfc, 0x00, 0x00, 0x04, 0x03, 0xf8, 0x40, 0x87, 0xf8, 0x3f, 0x83, 0xf8, 0x04, 0x07, 0xfc, 0x1b, 0x06,
	0x0c, 0x00, 0x00, 0x7f, 0xc1, 0x10, 0x11, 0x87, 0xe4, 0x04, 0x07, 0xfc, 0x04, 0x00, 0x40, 0x7f, 0xc0, 0x00, 0x00, 0x00, 0x02, 0x07, 0xa0, 0x2b,
	0xc4, 0xe4, 0x76, 0x41, 0x28, 0x7d, 0x81, 0x18, 0x3a, 0xc4, 0x40, 0x00, 0x00, 0x08, 0x07, 0x3c, 0x40, 0x44, 0x04, 0x40, 0x47, 0x1c, 0x40, 0x44,
	0x04, 0x7f, 0xc4, 0x04, 0x00, 0x00, 0x2e, 0xc5, 0x14, 0x5f, 0x45, 0x54, 0x5b, 0x47, 0xbc, 0x55, 0x4f, 0xfe, 0x11, 0x86, 0x04, 0x00, 0x00, 0x00,
	0xc3, 0xf0, 0x04, 0x07, 0xfc, 0x04, 0x03, 0xf8, 0x20, 0x82, 0x08, 0x20, 0x83, 0xf8, 0x00, 0x00, 0x0e, 0x01, 0x10, 0x64, 0xc1, 0xf0, 0x04, 0x07,
	0xbc, 0x3f, 0x82, 0x08, 0x20, 0x83, 0xf8, 0x00, 0x00, 0x31, 0x44, 0xfe, 0xa1, 0x07, 0x7c, 0x25, 0x45, 0x7c, 0x75, 0x48, 0xfc, 0x8d, 0x47, 0xd4,
	0x00, 0x00, 0x31, 0x04, 0xfc, 0xff, 0xc2, 0x24, 0x7a, 0x42, 0x38, 0x7b, 0xc4, 0xa4, 0x4a, 0x47, 0xbc, 0x00, 0x00, 0x20, 0x83, 0x88, 0x27, 0xc4,
	0xa8, 0x7a, 0x81, 0xa8, 0x13, 0xe1, 0x48, 0x60, 0x80, 0x08, 0x00, 0x00, 0x03, 0xc3, 0xc8, 0x15, 0x06, 0xac, 0x78, 0xc2, 0x7c, 0x6a, 0x81, 0xa8,
	0x35, 0xc4, 0x08, 0x00, 0x00, 0x20, 0x07, 0xfc, 0x7f, 0xc2, 0xa8, 0x7f, 0xc2, 0x08, 0x5b, 0xc3, 0xa8, 0x17, 0xe6, 0x08, 0x00, 0x00, 0x04, 0x03,
	0xf8, 0x28, 0x82, 0x68, 0x20, 0x87, 0xfc, 0x24, 0x82, 0x48, 0x44, 0x80, 0x38, 0x00, 0x00, 0x21, 0x07, 0xfe, 0x68, 0x05, 0xb8, 0x4a, 0x8f, 0xa8,
	0x6a, 0x86, 0xaa, 0x8c, 0xa9, 0xc4, 0x00, 0x00, 0x23, 0x87, 0xa8, 0x6a, 0xa4, 0xce, 0x48, 0x0f, 0xbc, 0x6a, 0x46, 0x98, 0x8b, 0x89, 0xc4, 0x00,
	0x00, 0x21, 0x07, 0xfe, 0x6c, 0x24, 0xa4, 0x4a, 0x8f, 0xb0, 0x6a, 0x06, 0xa4, 0x8a, 0x49, 0xbc, 0x00, 0x00, 0x21, 0x07, 0x90, 0x6e, 0xc4, 0xc4,
	0x4c, 0x4f, 0xfc, 0x6c, 0x46, 0xc4, 0x8f, 0xc9, 0xc0, 0x00, 0x00, 0x21, 0x07, 0x7e, 0x71, 0x07, 0x24, 0x54, 0x8f, 0xa8, 0x71, 0x07, 0x24, 0x94,
	0xcb, 0x72, 0x00, 0x00, 0x21, 0x87, 0xa8, 0x6a, 0x45, 0xa4, 0x48, 0x0f, 0xbc, 0x6a, 0x46, 0xa4, 0x8a, 0x49, 0xbc, 0x00, 0x00, 0x20, 0x07, 0x5c,
	0x94, 0x8b, 0x88, 0x9d, 0xcf, 0xc8, 0xdc, 0x8d, 0x5c, 0x9e, 0x0b, 0x9e, 0x00, 0x00, 0x2e, 0x87, 0xce, 0x9f, 0x0b, 0xe0, 0x9c, 0xcf, 0xa0, 0xd7,
	0xcd, 0xb4, 0x9b, 0x4b, 0xfe, 0x00, 0x00, 0x3f, 0x82, 0x08, 0x20, 0x83, 0xf8, 0x20, 0x83, 0xf4, 0x24, 0x82, 0x30, 0x25, 0x8f, 0x86, 0x00, 0x00,
	0x04, 0x03, 0xf8, 0x20, 0x83, 0xf8, 0x20, 0x83, 0xf8, 0x24, 0x42, 0x38, 0x25, 0x8f, 0x86, 0x00, 0x00, 0x10, 0x02, 0xe0, 0x26, 0x05, 0xdc, 0x44,
	0x43, 0xfc, 0x40, 0x04, 0x04, 0x40, 0x43, 0xf8, 0x00, 0x00, 0x31, 0x0f, 0xec, 0x7e, 0x87, 0xfc, 0x02, 0xc7, 0xbc, 0x7a, 0x07, 0xa2, 0x2a, 0x27,
	0x3c, 0x00, 0x00, 0x11, 0x07, 0xfc, 0x11, 0x07, 0xfc, 0x04, 0x00, 0x40, 0x7f, 0xc0, 0x40, 0x04, 0x01, 0xc0, 0x00, 0x00, 0x11, 0x07, 0xfc, 0x14,
	0x07, 0xfc, 0x04, 0x07, 0xfc, 0x04, 0x00, 0xa0, 0x31, 0x84, 0x04, 0x00, 0x00, 0x11, 0x07, 0xfc, 0x15, 0x00, 0x40, 0x3b, 0x80, 0x10, 0x22, 0x03,
	0xc0, 0x58, 0x04, 0x7c, 0x00, 0x00, 0x11, 0x07, 0xfc, 0x11, 0x00, 0xe0, 0x11, 0x06, 0x1c, 0x11, 0x01, 0x10, 0x31, 0x04, 0x10, 0x00, 0x00, 0x11,
	0x07, 0xfc, 0x00, 0x07, 0xfc, 0x3f, 0x82, 0x08, 0x20, 0x83, 0xf8, 0x40, 0x04, 0x00, 0x00, 0x00, 0x11, 0x07, 0xfc, 0x11, 0x07, 0xfc, 0x44, 0x44,
	0x44, 0x7b, 0xc4, 0x00, 0x40, 0x43, 0xfc, 0x00, 0x00, 0x11, 0x07, 0xfc, 0x11, 0x00, 0x00, 0x16, 0x03, 0x28, 0x50, 0x45, 0x0c, 0x10, 0xa1, 0xf0,
	0x00, 0x00, 0x11, 0x07, 0xfc, 0x11, 0x01, 0x40, 0x14, 0x42, 0x38, 0x64, 0x02, 0x44, 0x24, 0x42, 0x3c, 0x00, 0x00, 0x11, 0x07, 0xfc, 0x15, 0x00,
	0x40, 0x7b, 0xc0, 0xf8, 0x10, 0x81, 0x08, 0x20, 0x84, 0x70, 0x00, 0x00, 0x11, 0x07, 0xfc, 0x11, 0x03, 0xf8, 0x00, 0x07, 0xfc, 0x08, 0x01, 0x08,
	0x13, 0xc6, 0xc4, 0x00, 0x00, 0x11, 0x07, 0xfc, 0x00, 0x03, 0xf8, 0x20, 0x03, 0xfc, 0x22, 0x04, 0x20, 0x42, 0x00, 0x20, 0x00, 0x00, 0x11, 0x07,
	0xfc, 0x11, 0x07, 0xfc, 0x11, 0x07, 0xfc, 0x03, 0x00, 0xd0, 0x31, 0x04, 0x70, 0x00, 0x00, 0x11, 0x07, 0xfc, 0x00, 0x40, 0xa4, 0x4a, 0x43, 0x24,
	0x1a, 0x42, 0x64, 0x60, 0x44, 0x1c, 0x00, 0x00, 0x11, 0x07, 0xfc, 0x11, 0x03, 0xbc, 0x2a, 0x46, 0xa4, 0x1b, 0xc1, 0x20, 0x22, 0x44, 0x3c, 0x00,
	0x00, 0x11, 0x07, 0xfc, 0x15, 0x00, 0xa0, 0x31, 0x85, 0xf4, 0x7f, 0xc0, 0x84, 0x08, 0x40, 0x98, 0x00, 0x00, 0x11, 0x07, 0xfc, 0x08, 0x01, 0x10,
	0x27, 0x85, 0x84, 0x3f, 0x82, 0x08, 0x20, 0x83, 0xf8, 0x00, 0x00, 0x11, 0x07, 0xfc, 0x11, 0x07, 0xfc, 0x44, 0x44, 0x44, 0x7f, 0xc4, 0x44, 0x44,
	0x47, 0xbc, 0x00, 0x00, 0x11, 0x07, 0xfc, 0x11, 0x07, 0xfc, 0x00, 0x83, 0xe8, 0x22, 0x82, 0x28, 0x3c, 0x80, 0x38, 0x00, 0x00, 0x11, 0x07, 0xfc,
	0x19, 0x00, 0x80, 0x77, 0xc1, 0x00, 0x3f, 0xc5, 0x04, 0x10, 0x41, 0xfc, 0x00, 0x00, 0x11, 0x07, 0xfc, 0x15, 0x00, 0x40, 0x7f, 0xc0, 0x40, 0x3b,
	0x82, 0x08, 0x20, 0x83, 0xf8, 0x00, 0x00, 0x11, 0x07, 0xfc, 0x15, 0x07, 0xfc, 0x40, 0x40, 0x00, 0x7f, 0xc0, 0x40, 0x04, 0x01, 0xc0, 0x00, 0x00,
	0x11, 0x07, 0xfc, 0x15, 0x00, 0x7c, 0x04, 0x03, 0xf8, 0x40, 0x84, 0x08, 0x40, 0x83, 0xf0, 0x00, 0x00, 0x11, 0x07, 0xfc, 0x15, 0x03, 0xf8, 0x24,
	0x82, 0x48, 0x7f, 0xc0, 0xa0, 0x11, 0x06, 0x0c, 0x00, 0x00, 0x11, 0x07, 0xfc, 0x15, 0x83, 0xfc, 0x44, 0x04, 0x28, 0x42, 0x84, 0x30, 0x45, 0x41,
	0x8c, 0x00, 0x00, 0x11, 0x07, 0xfc, 0x11, 0x02, 0x3c, 0x7a, 0x42, 0xa4, 0x2a, 0x42, 0xa4, 0x4a, 0x41, 0xbc, 0x00, 0x00, 0x11, 0x07, 0xfc, 0x11,
	0x02, 0xe8, 0x1b, 0x07, 0xfc, 0x0c, 0x41, 0x48, 0x64, 0x01, 0xc0, 0x00, 0x00, 0x11, 0x07, 0xfc, 0x00, 0x03, 0xf8, 0x1b, 0x03, 0xf8, 0x44, 0x43,
	0xf8, 0x04, 0x07, 0xfc, 0x00, 0x00, 0x11, 0x07, 0xfc, 0x00, 0x07, 0xfc, 0x7f, 0xc4, 0xa4, 0x52, 0x46, 0x1c, 0x40, 0x47, 0xfc, 0x00, 0x00, 0x11,
	0x07, 0xfc, 0x15, 0x04, 0x7c, 0x2a, 0x41, 0x28, 0x02, 0x02, 0x50, 0x48, 0x81, 0x04, 0x00, 0x00, 0x11, 0x07, 0xfc, 0x15, 0x01, 0xb0, 0x24, 0x84,
	0x44, 0x3f, 0x81, 0x50, 0x24, 0x80, 0x44, 0x00, 0x00, 0x11, 0x07, 0xfc, 0x00, 0x07, 0xfc, 0x3f, 0x82, 0x08, 0x3f, 0x82, 0x08, 0x7f, 0xc0, 0x08,
	0x00, 0x00, 0x11, 0x07, 0xfc, 0x11, 0x02, 0xe8, 0x3f, 0x82, 0x08, 0x3f, 0x80, 0x40, 0x7f, 0xc0, 0x40, 0x00, 0x00, 0x11, 0x07, 0xfc, 0x00, 0x47,
	0xd4, 0x29, 0x47, 0xd4, 0x29, 0x42, 0x94, 0x48, 0x44, 0x9c, 0x00, 0x00, 0x11, 0x07, 0xfc, 0x11, 0x02, 0x7c, 0x2a, 0x06, 0x20, 0xbf, 0xc2, 0x20,
	0x22, 0x02, 0xfc, 0x00, 0x00, 0x11, 0x07, 0xfc, 0x04, 0x07, 0xfc, 0x20, 0x03, 0xf8, 0x15, 0x01, 0x50, 0x25, 0x44, 0x5c, 0x00, 0x00, 0x11, 0x07,
	0xfc, 0x00, 0x02, 0x10, 0x61, 0x02, 0x7c, 0x21, 0x06, 0x10, 0x21, 0x00, 0xfc, 0x00, 0x00, 0x11, 0x07, 0xfc, 0x00, 0x03, 0xfc, 0x20, 0x45, 0xe4,
	0xd2, 0x44, 0xe4, 0x40, 0x40, 0x38, 0x00, 0x00, 0x11, 0x07, 0xfc, 0x08, 0x03, 0x10, 0x69, 0x41, 0x94, 0x7b, 0x01, 0x30, 0x14, 0x86, 0x84, 0x00,
	0x00, 0x11, 0x07, 0xfc, 0x04, 0x07, 0xfc, 0x40, 0x41, 0xf0, 0x7f, 0xc1, 0x20, 0x32, 0x44, 0x3c, 0x00, 0x00, 0x11, 0x07, 0xfc, 0x3f, 0x82, 0x08,
	0x3f, 0x83, 0xf8, 0x04, 0x07, 0xfc, 0x1b, 0x06, 0x0c, 0x00, 0x00, 0x11, 0x07, 0xfc, 0x04, 0x07, 0xfc, 0x24, 0x81, 0x50, 0x7f, 0xc1, 0xf0, 0x64,
	0x80, 0x44, 0x00, 0x00, 0x11, 0x07, 0xfc, 0x04, 0x07, 0xbc, 0x7f, 0xc2, 0x08, 0x3f, 0x03, 0xf8, 0x20, 0x83, 0xf8, 0x00, 0x00, 0x11, 0x07, 0xfc,
	0x20, 0x03, 0xfc, 0x49, 0x49, 0xa4, 0x3f, 0x41, 0xa4, 0x29, 0x40, 0x18, 0x00, 0x00, 0x11, 0x07, 0xfc, 0x00, 0x07, 0xfc, 0x5f, 0x45, 0xf4, 0x4e,
	0x45, 0x54, 0x44, 0x47, 0xfc, 0x00, 0x00, 0x11, 0x07, 0xfc, 0x3f, 0x84, 0x44, 0x7f, 0xc3, 0xf8, 0x7f, 0xc0, 0xe0, 0x35, 0x84, 0x44, 0x00, 0x00,
	0x11, 0x07, 0xfc, 0x3f, 0x83, 0xf8, 0x20, 0x81, 0xf0, 0x7f, 0xc7, 0xfc, 0x40, 0x47, 0xfc, 0x00, 0x00, 0x11, 0x07, 0xfc, 0x01, 0xc3, 0xe0, 0x24,
	0x80, 0x40, 0x7f, 0xc1, 0xf0, 0x24, 0x84, 0x44, 0x00, 0x00, 0x11, 0x07, 0xfc, 0x1f, 0x02, 0x20, 0x7f, 0xc2, 0x44, 0x3f, 0xc0, 0xa8, 0x12, 0x46,
	0x3c, 0x00, 0x00, 0x11, 0x07, 0xfc, 0x04, 0x07, 0xbc, 0x11, 0x07, 0xfc, 0x3f, 0x82, 0x08, 0x20, 0x83, 0xf8, 0x00, 0x00, 0x11, 0x07, 0xfc, 0x11,
	0x06, 0xec, 0x7f, 0xc2, 0x48, 0x7f, 0xc0, 0x40, 0x7f, 0xc0, 0x40, 0x00, 0x00, 0x11, 0x07, 0xfc, 0x00, 0x47, 0x7c, 0x25, 0x42, 0x54, 0x79, 0x42,
	0x9c, 0x29, 0xc6, 0xe2, 0x00, 0x00, 0x11, 0x07, 0xfc, 0x7f, 0xc0, 0x40, 0x7b, 0xc7, 0x7c, 0x1f, 0x87, 0x10, 0x0e, 0x07, 0x1c, 0x00, 0x00, 0x11,
	0x07, 0xfc, 0x20, 0x03, 0xfc, 0x5f, 0x48, 0x84, 0x3f, 0x42, 0x94, 0x3f, 0x40, 0x38, 0x00, 0x00, 0x11, 0x07, 0xfc, 0x00, 0x07, 0xfc, 0x4c, 0x47,
	0xfc, 0x4c, 0x44, 0xfc, 0x74, 0x40, 0x9c, 0x00, 0x00, 0x11, 0x07, 0xfc, 0x7f, 0x80, 0x40, 0x7f, 0xc6, 0xcc, 0x7f, 0xc2, 0x10, 0x1f, 0x07, 0x0c,
	0x00, 0x00, 0x11, 0x07, 0xfc, 0x01, 0x07, 0x10, 0x25, 0x47, 0x54, 0x31, 0x07, 0x28, 0x24, 0xc2, 0x80, 0x00, 0x00, 0x11, 0x07, 0xfc, 0x04, 0x07,
	0xbc, 0x7f, 0xc3, 0xf8, 0x3f, 0x82, 0x08, 0x1f, 0x07, 0xfc, 0x00, 0x00, 0x11, 0x07, 0xfc, 0x44, 0x02, 0xbc, 0x47, 0x82, 0x78, 0x1f, 0xc2, 0x84,
	0x28, 0x44, 0xfc, 0x00, 0x00, 0x11, 0x07, 0xfc, 0x28, 0x87, 0xfc, 0x27, 0x83, 0xfc, 0x04, 0x07, 0xfc, 0x35, 0x84, 0x44, 0x00, 0x00, 0x11, 0x07,
	0xfc, 0x22, 0x04, 0xfc, 0x1f, 0xe2, 0xfc, 0xc2, 0x04, 0xfc, 0x5f, 0xe4, 0x20, 0x00, 0x00, 0x11, 0x07, 0xfc, 0x04, 0x43, 0xf8, 0x7f, 0xc0, 0x80,
	0x7f, 0xc3, 0xfc, 0x20, 0x43, 0xfc, 0x00, 0x00, 0x11, 0x07, 0xf8, 0x3f, 0x83, 0xf8, 0x3f, 0x81, 0x00, 0x6f, 0xcb, 0xe4, 0x3f, 0x40, 0x3c, 0x00,
	0x00, 0x11, 0x07, 0xf8, 0x3f, 0xc2, 0xa4, 0x5d, 0x4b, 0xf4, 0x3f, 0x44, 0x94, 0x7f, 0x40, 0xbc, 0x00, 0x00, 0x11, 0x07, 0xfc, 0x3e, 0x87, 0xfc,
	0x3f, 0x83, 0xf8, 0x44, 0x83, 0xf0, 0x3f, 0x87, 0xfc, 0x00, 0x00, 0x11, 0x07, 0xfc, 0x3f, 0x80, 0x88, 0x77, 0x43, 0xf8, 0x3f, 0x83, 0xfc, 0x7f,
	0xc0, 0x40, 0x00, 0x00, 0x11, 0x07, 0xfc, 0x7f, 0xc3, 0xa4, 0x6b, 0x81, 0x24, 0x63, 0xc7, 0xfc, 0x11, 0x06, 0x10, 0x00, 0x00, 0x11, 0x07, 0xfc,
	0x3f, 0xc5, 0x94, 0x16, 0x42, 0x54, 0x00, 0x81, 0x64, 0x50, 0xc1, 0xf0, 0x00, 0x00, 0x11, 0x07, 0xfc, 0x3c, 0x06, 0xb4, 0x11, 0x87, 0xf4, 0x04,
	0x07, 0xfc, 0x1b, 0x06, 0x0c, 0x00, 0x00, 0x11, 0x07, 0xfc, 0x3f, 0x83, 0xf8, 0x7f, 0xc2, 0x08, 0x3f, 0x83, 0xf8, 0x27, 0xc5, 0x88, 0x00, 0x00,
	0x11, 0x07, 0xfc, 0x23, 0xc2, 0xe4, 0x6a, 0x42, 0x08, 0x2f, 0xc6, 0x44, 0x22, 0x42, 0x18, 0x00, 0x00, 0x11, 0x07, 0xfc, 0x3f, 0x84, 0x44, 0x7f,
	0xc4, 0x44, 0x3f, 0x81, 0x54, 0x35, 0xc4, 0x3c, 0x00, 0x00, 0x11, 0x07, 0xfc, 0x71, 0x05, 0x7c, 0x51, 0x07, 0x6c, 0x5f, 0xc5, 0x48, 0x72, 0x84,
	0x18, 0x00, 0x00, 0x11, 0x07, 0xfc, 0x7f, 0xc7, 0xfc, 0x7f, 0xc1, 0xa0, 0x6e, 0x87, 0x70, 0x1a, 0x86, 0xe4, 0x00, 0x00, 0x11, 0x07, 0xfc, 0x00,
	0x07, 0xbc, 0x00, 0x07, 0xbc, 0x5b, 0x45, 0xb4, 0x55, 0x43, 0x10, 0x00, 0x00, 0x11, 0x07, 0xfc, 0x42, 0x42, 0xf8, 0x1f, 0xc7, 0x24, 0x1f, 0xc3,
	0xfc, 0x52, 0x45, 0x2c, 0x00, 0x00, 0x11, 0x07, 0xfc, 0x3f, 0x87, 0x30, 0x15, 0xc2, 0x48, 0x48, 0x43, 0xf8, 0x4a, 0x44, 0x94, 0x00, 0x00, 0x11,
	0x07, 0xfc, 0x0e, 0x07, 0xfc, 0x3f, 0x83, 0xf8, 0x3f, 0x83, 0xf8, 0x60, 0x83, 0xf8, 0x00, 0x00, 0x11, 0x07, 0xfc, 0x7f, 0xc3, 0x90, 0x16, 0x87,
	0xfc, 0x3f, 0x84, 0x44, 0x7f, 0xc7, 0xfc, 0x00, 0x00, 0x11, 0x07, 0xfc, 0x04, 0x07, 0xbc, 0x31, 0x84, 0xe4, 0x31, 0x87, 0xfc, 0x20, 0x83, 0xf8,
	0x00, 0x00, 0x11, 0x07, 0xf8, 0x3f, 0x80, 0x40, 0x7f, 0xc1, 0x08, 0x2f, 0x43, 0xf8, 0x4a, 0x87, 0xfc, 0x00, 0x00, 0x11, 0x07, 0xfc, 0x7f, 0xc3,
	0xf8, 0x20, 0x87, 0xfc, 0x3f, 0x83, 0x28, 0x53, 0x87, 0xc4, 0x00, 0x00, 0x11, 0x07, 0xfc, 0x4f, 0xc3, 0x78, 0x1c, 0xc6, 0xfc, 0x2f, 0xc2, 0x20,
	0x2d, 0xc5, 0xfc, 0x00, 0x00, 0x11, 0x07, 0xf8, 0x5f, 0xc2, 0x20, 0x0f, 0xc6, 0xfc, 0x2f, 0xc2, 0x20, 0x2f, 0xc5, 0xfc, 0x00, 0x00, 0x11, 0x07,
	0xfc, 0x11, 0xc6, 0xe4, 0x2a, 0x47, 0xe8, 0x3a, 0x44, 0x64, 0x46, 0xc7, 0xc0, 0x00, 0x00, 0x11, 0x07, 0xfc, 0x7f, 0xc4, 0xa4, 0x35, 0x87, 0xfc,
	0x42, 0x85, 0xb0, 0x47, 0x41, 0x8c, 0x00, 0x00, 0x11, 0x07, 0xfc, 0x2e, 0x83, 0xf8, 0x1f, 0x07, 0xfc, 0x2d, 0x87, 0xf8, 0x1f, 0x07, 0x1c, 0x00,
	0x00, 0x11, 0x07, 0xfc, 0x7c, 0x44, 0x7c, 0x78, 0x47, 0xa4, 0x7d, 0x45, 0x04, 0xb4, 0x41, 0x1c, 0x00, 0x00, 0x11, 0x07, 0xf8, 0x3f, 0x82, 0x08,
	0x3f, 0x83, 0xf0, 0x3f, 0xc3, 0xfc, 0x55, 0x41, 0x1c, 0x00, 0x00, 0x11, 0x07, 0xfc, 0x73, 0x05, 0xfc, 0x60, 0x06, 0x7c, 0x5f, 0xc5, 0xfc, 0x64,
	0x85, 0xfc, 0x00, 0x00, 0x11, 0x07, 0xfc, 0x01, 0x47, 0xf8, 0x7d, 0x47, 0xd8, 0x65, 0x87, 0x90, 0x7f, 0xc0, 0x44, 0x00, 0x00, 0x11, 0x07, 0xfc,
	0x55, 0x05, 0x9c, 0x7e, 0x45, 0x74, 0x7d, 0x87, 0xc8, 0x55, 0xc5, 0xe2, 0x00, 0x00, 0x11, 0x07, 0xfc, 0x7f, 0x82, 0x50, 0x7f, 0xc1, 0x50, 0x7f,
	0xc2, 0x48, 0x5f, 0x83, 0xf8, 0x00, 0x00, 0x11, 0x07, 0xfc, 0x3f, 0xc6, 0x40, 0x7f, 0xc3, 0xfc, 0x24, 0x01, 0xb8, 0x4a, 0x44, 0x94, 0x00, 0x00,
	0x11, 0x07, 0xfc, 0x34, 0x85, 0x14, 0x5f, 0x02, 0x10, 0x30, 0x86, 0xe4, 0xae, 0x63, 0x98, 0x00, 0x00, 0x11, 0x07, 0xfc, 0x3e, 0x87, 0xfc, 0x3f,
	0x85, 0xf4, 0x7f, 0xc4, 0xe4, 0x5f, 0x44, 0x1c, 0x00, 0x00, 0x11, 0x07, 0xfc, 0x7b, 0xc4, 0xc4, 0x7a, 0x82, 0x18, 0x57, 0xe6, 0x44, 0x6c, 0x47,
	0x7c, 0x00, 0x00, 0x11, 0x07, 0xfc, 0x7f, 0xc4, 0x50, 0x7d, 0xc6, 0xf4, 0x6c, 0x87, 0xd8, 0x91, 0x4a, 0x64, 0x00, 0x00, 0x11, 0x07, 0xfc, 0x5e,
	0xc2, 0xfc, 0x0f, 0xc7, 0xfe, 0x0f, 0xc3, 0x54, 0x49, 0x44, 0x6c, 0x00, 0x00, 0x11, 0x07, 0xfc, 0x3f, 0xc6, 0xa8, 0x2a, 0x87, 0xfc, 0x2a, 0x85,
	0x54, 0x4a, 0x44, 0x94, 0x00, 0x00, 0x11, 0x07, 0xfc, 0x5f, 0xc2, 0xf8, 0x52, 0x43, 0xfc, 0x0f, 0xc3, 0xfc, 0x4c, 0x84, 0x18, 0x00, 0x00, 0x11,
	0x07, 0xfc, 0x7f, 0xc5, 0xf4, 0x7f, 0xc5, 0xf4, 0x5f, 0x44, 0xf4, 0x74, 0xc7, 0xfc, 0x00, 0x00, 0x11, 0x07, 0xfc, 0x42, 0x87, 0xfc, 0x64, 0x87,
	0xfc, 0x34, 0x83, 0x7c, 0x4c, 0x84, 0x7c, 0x00, 0x00, 0x11, 0x07, 0xfc, 0x7f, 0xc7, 0xfc, 0x4a, 0x47, 0x58, 0x6f, 0xc5, 0xfc, 0x6a, 0xc2, 0x9c,
	0x00, 0x00, 0x11, 0x07, 0xfc, 0x71, 0x05, 0x6c, 0x67, 0xc6, 0x80, 0x5f, 0xc5, 0xfc, 0x69, 0x04, 0xfc, 0x00, 0x00, 0x11, 0x07, 0xfc, 0x20, 0xc5,
	0xb0, 0x4a, 0x07, 0xbc, 0x7e, 0x83, 0x28, 0x6c, 0x80, 0x40, 0x00, 0x00, 0x11, 0x07, 0xfc, 0x2e, 0x87, 0xfc, 0x7f, 0x87, 0xf8, 0x3f, 0x03, 0xf8,
	0x7b, 0xc4, 0x84, 0x00, 0x00, 0x11, 0x07, 0xf8, 0x4e, 0x43, 0x18, 0x1f, 0x07, 0xfc, 0x04, 0x07, 0xfc, 0x35, 0x84, 0x44, 0x00, 0x00, 0x11, 0x07,
	0xfc, 0x52, 0x01, 0x3c, 0x7a, 0x45, 0x64, 0x7d, 0x84, 0x98, 0x39, 0x84, 0x24, 0x00, 0x00, 0x11, 0x07, 0xfc, 0x6e, 0xc7, 0xfc, 0x7f, 0xc7, 0xfc,
	0x18, 0x06, 0x7c, 0x3f, 0xc3, 0xfc, 0x00, 0x00, 0x7f, 0xc1, 0x50, 0x6a, 0xc3, 0xf8, 0x7f, 0xc5, 0xf4, 0x5f, 0x40, 0x48, 0x7f, 0xc6, 0x4c, 0x00,
	0x00, 0x11, 0x07, 0xf8, 0x7c, 0x07, 0xbc, 0x4c, 0x07, 0x3c, 0x68, 0x03, 0xf8, 0x4a, 0x87, 0xfc, 0x00, 0x00, 0x11, 0x07, 0xfc, 0x75, 0x45, 0xfc,
	0x73, 0x05, 0xfc, 0x55, 0x47, 0x58, 0x55, 0xc3, 0xb0, 0x00, 0x00, 0x11, 0x07, 0xfc, 0x4f, 0xc2, 0xa8, 0x5f, 0xc2, 0xe8, 0x1f, 0xe2, 0xfc, 0x4a,
	0x44, 0xfc, 0x00, 0x00, 0x11, 0x07, 0xfc, 0x72, 0x00, 0x7c, 0x7f, 0xe6, 0x20, 0x7d, 0xc7, 0x7c, 0x54, 0x47, 0x7c, 0x00, 0x00, 0x11, 0x07, 0xfc,
	0x4f, 0xc2, 0xfc, 0x4d, 0xc3, 0x34, 0x0e, 0x83, 0xfc, 0x4e, 0x85, 0x24, 0x00, 0x00, 0x11, 0x07, 0xfc, 0x71, 0xc5, 0x30, 0x69, 0x07, 0xbc, 0x69,
	0x87, 0xb4, 0x79, 0x2b, 0x10, 0x00, 0x00, 0x11, 0x07, 0xfc, 0x6a, 0xc7, 0xbc, 0x7f, 0xc4, 0x44, 0x5f, 0x45, 0xf4, 0x4e, 0x47, 0x5c, 0x00, 0x00,
	0x07, 0x80, 0x40, 0x7b, 0xc4, 0xf4, 0x58, 0x44, 0xfc, 0x48, 0x04, 0x90, 0x59, 0x42, 0x1c, 0x00, 0x00, 0x07, 0x80, 0x40, 0x7b, 0xc5, 0xf4, 0x48,
	0x44, 0x78, 0x5f, 0x85, 0xfc, 0x50, 0x01, 0xfc, 0x00, 0x00, 0x07, 0x80, 0x40, 0x7b, 0xc5, 0xf4, 0x48, 0x44, 0x78, 0x55, 0x45, 0x58, 0x45, 0x03,
	0xfc, 0x00, 0x00, 0x07, 0xc7, 0xfc, 0x4f, 0x45, 0xfc, 0x5f, 0xc5, 0xfc, 0x5f, 0xc7, 0xfc, 0x44, 0x43, 0xbc, 0x00, 0x00, 0x07, 0xc7, 0xfc, 0x4f,
	0x45, 0xfc, 0x47, 0x85, 0x84, 0x57, 0x84, 0xf8, 0x7f, 0x43, 0x0c, 0x00, 0x00, 0x04, 0x00, 0x40, 0x7f, 0xc4, 0x44, 0x44, 0x47, 0xfc, 0x04, 0x80,
	0x48, 0x05, 0xc7, 0xa0, 0x00, 0x00, 0x20, 0x07, 0xbc, 0xa8, 0x8a, 0x88, 0xa8, 0x87, 0x88, 0x28, 0x82, 0x88, 0x3c, 0x84, 0x34, 0x00, 0x00, 0x21,
	0x07, 0x10, 0xae, 0xca, 0xc0, 0xac, 0x0f, 0xc0, 0x2c, 0x02, 0xc0, 0x3c, 0x0c, 0x3c, 0x00, 0x00, 0x21, 0x07, 0x7c, 0xa8, 0x4a, 0xa4, 0xaa, 0x4f,
	0xa8, 0x29, 0x82, 0x98, 0x3a, 0x4c, 0x42, 0x00, 0x00, 0x7f, 0xc7, 0xfc, 0x1b, 0x02, 0x48, 0x7f, 0xc2, 0x48, 0x3f, 0x80, 0x4c, 0x7b, 0x40, 0x00,
	0x00, 0x00, 0x7f, 0xc1, 0x4c, 0x29, 0x04, 0xe0, 0x75, 0xc3, 0xf8, 0x44, 0x47, 0xf8, 0x04, 0xc7, 0xb4, 0x00, 0x00, 0x21, 0x02, 0x7e, 0xf4, 0x2b,
	0x24, 0xb2, 0x87, 0x30, 0x22, 0x02, 0xa4, 0x3a, 0x44, 0x3c, 0x00, 0x00, 0x7f, 0xc0, 0x44, 0x27, 0x85, 0x40, 0x4b, 0xc3, 0xf8, 0x44, 0x47, 0xf8,
	0x04, 0xc7, 0xb4, 0x00, 0x00, 0x24, 0x87, 0xfc, 0x44, 0x47, 0xfc, 0x24, 0x82, 0x48, 0x3f, 0x80, 0x48, 0x04, 0xc7, 0xb4, 0x00, 0x00, 0x27, 0xc2,
	0x40, 0xf7, 0xcb, 0x50, 0xb5, 0x0f, 0x9c, 0x3a, 0x43, 0xa4, 0x3a, 0x4c, 0x0c, 0x00, 0x00, 0x21, 0x02, 0x7c, 0xf1, 0x0b, 0x10, 0xb6, 0xc7, 0x10,
	0x27, 0xc2, 0x90, 0x39, 0x04, 0xfc, 0x00, 0x00, 0x21, 0x02, 0x28, 0xf4, 0x4b, 0x38, 0xb0, 0x07, 0x7c, 0x24, 0x42, 0xc4, 0x3c, 0x44, 0x7c, 0x00,
	0x00, 0x20, 0x02, 0x7c, 0xf2, 0x8b, 0x4c, 0xb7, 0x27, 0x10, 0x27, 0xc2, 0x90, 0x39, 0x04, 0x7c, 0x00, 0x00, 0x04, 0x07, 0xfc, 0x2a, 0x85, 0x64,
	0x14, 0x03, 0xf8, 0x44, 0x47, 0xf8, 0x04, 0xc7, 0xb4, 0x00, 0x00, 0x21, 0x02, 0x54, 0xf1, 0x4b, 0x7c, 0xb4, 0x47, 0x7c, 0x24, 0x42, 0xfc, 0x3c,
	0x4c, 0x4c, 0x00, 0x00, 0x23, 0x02, 0xd4, 0xf5, 0x0b, 0xfc, 0xb4, 0x8f, 0x4c, 0x3e, 0xc3, 0x4a, 0x35, 0xcc, 0xc4, 0x00, 0x00, 0x22, 0x02, 0x5c,
	0xfa, 0x8b, 0x38, 0xbd, 0x6f, 0x7c, 0x37, 0xc3, 0x10, 0x3f, 0xec, 0x10, 0x00, 0x00, 0x28, 0x02, 0xec, 0xdd, 0x4d, 0x54, 0xdf, 0x4f, 0x54, 0x37,
	0x43, 0x74, 0x69, 0xc8, 0x00, 0x00, 0x00, 0x04, 0x07, 0xbc, 0x37, 0x05, 0x4c, 0x3f, 0x04, 0x40, 0x7f, 0xc7, 0xf8, 0x04, 0x87, 0xf4, 0x00, 0x00,
	0x21, 0x42, 0x54, 0xf7, 0xcb, 0x94, 0xbf, 0xcf, 0x94, 0x37, 0x83, 0x7c, 0x39, 0x0c, 0x10, 0x00, 0x00, 0x28, 0x42, 0x54, 0xf7, 0xcb, 0x94, 0xb7,
	0xcf, 0x94, 0x39, 0x43, 0xfe, 0x39, 0x6c, 0x12, 0x00, 0x00, 0x30, 0x04, 0x90, 0xff, 0xc4, 0xd4, 0x7d, 0x44, 0xbc, 0x71, 0x04, 0x94, 0x58, 0xce,
	0x72, 0x00, 0x00, 0x26, 0xc2, 0xa4, 0xfa, 0x4b, 0x6c, 0xb8, 0x0f, 0x6c, 0x39, 0x43, 0x68, 0x39, 0xcc, 0x02, 0x00, 0x00, 0x24, 0x42, 0xfe, 0xf6,
	0x4b, 0x5c, 0xb4, 0x0f, 0x3c, 0x3f, 0xe3, 0x38, 0x35, 0x4c, 0x92, 0x00, 0x00, 0x27, 0xc2, 0x94, 0xff, 0xcb, 0x7c, 0xb7, 0xcf, 0x94, 0x3f, 0xc2,
	0x96, 0x3f, 0xac, 0x1c, 0x00, 0x00, 0x78, 0x00, 0x10, 0x7b, 0xc7, 0xb4, 0x03, 0x4f, 0xbc, 0x59, 0x0b, 0x94, 0xa9, 0x40, 0xaa, 0x00, 0x00, 0x27,
	0xc2, 0x94, 0xff, 0xcb, 0x94, 0xb6, 0x8f, 0x48, 0x33, 0x43, 0x5a, 0x75, 0x40, 0x10, 0x00, 0x00, 0x37, 0xc7, 0x94, 0x6a, 0x87, 0x9c, 0x5f, 0xc1,
	0xc0, 0x3f, 0x87, 0xf8, 0x04, 0x87, 0xf4, 0x00, 0x00, 0x24, 0x82, 0x34, 0xf7, 0xcb, 0x10, 0xb6, 0xcf, 0x74, 0x3f, 0xe3, 0x2c, 0x34, 0xac, 0x54,
	0x00, 0x00, 0x04, 0x00, 0x80, 0x7f, 0xc4, 0xa4, 0x4a, 0x44, 0xa4, 0x4a, 0x44, 0xa4, 0x4a, 0x47, 0xfc, 0x00, 0x00, 0x08, 0x07, 0xfc, 0x4a, 0x4f,
	0xfe, 0x12, 0x02, 0xe4, 0x55, 0x81, 0x50, 0x24, 0xc4, 0x40, 0x00, 0x00, 0x00, 0x02, 0x7c, 0x40, 0x02, 0xfc, 0x60, 0x8a, 0x08, 0x20, 0x82, 0x08,
	0x20, 0x82, 0x38, 0x00, 0x00, 0x26, 0xc4, 0x50, 0x9f, 0x02, 0x4e, 0x56, 0x4d, 0x54, 0x55, 0x45, 0x54, 0x54, 0x44, 0x5c, 0x00, 0x00, 0x24, 0xc6,
	0xe0, 0x84, 0x02, 0x5e, 0x4a, 0x4c, 0x44, 0x4e, 0x44, 0x44, 0x5f, 0x44, 0x1c, 0x00, 0x00, 0x20, 0xc4, 0xe0, 0x9f, 0x02, 0x0e, 0x5f, 0x4d, 0xf4,
	0x5f, 0x45, 0x44, 0x5f, 0x44, 0x0c, 0x00, 0x00, 0x23, 0xc4, 0xc0, 0x9f, 0x02, 0xfe, 0x55, 0x4d, 0xf4, 0x5f, 0x45, 0xf4, 0x44, 0x45, 0xec, 0x00,
	0x00, 0x2e, 0xc5, 0x20, 0x9f, 0x03, 0x5e, 0x5f, 0x4d, 0xf4, 0x44, 0x45, 0xe4, 0x4a, 0x45, 0x0c, 0x00, 0x00, 0x04, 0x07, 0xfc, 0x0c, 0x00, 0xc0,
	0x32, 0xc5, 0x30, 0x11, 0x01, 0x08, 0x1e, 0x46, 0x00, 0x00, 0x00, 0x04, 0x07, 0xfc, 0x04, 0x03, 0xf8, 0x7f, 0xc0, 0xc4, 0x32, 0x85, 0x10, 0x12,
	0x87, 0xc4, 0x00, 0x00, 0x04, 0x07, 0xfc, 0x3f, 0x82, 0x08, 0x7f, 0xc3, 0xf8, 0x12, 0x47, 0x38, 0x16, 0x87, 0x84, 0x00, 0x00, 0x04, 0x07, 0xfc,
	0x3f, 0x84, 0x48, 0x44, 0x83, 0xf0, 0x32, 0x8d, 0x10, 0x16, 0x87, 0x84, 0x00, 0x00, 0x23, 0x02, 0x28, 0x74, 0x41, 0xfa, 0x28, 0x07, 0xfc, 0xb0,
	0x42, 0x08, 0x21, 0x02, 0x10, 0x00, 0x00, 0x20, 0x07, 0xbc, 0x2a, 0x44, 0xa4, 0x5b, 0xc7, 0xfc, 0x1a, 0x47, 0x28, 0x13, 0x87, 0xc4, 0x00, 0x00,
	0x14, 0x82, 0x2c, 0x7f, 0x02, 0x10, 0x24, 0xc7, 0xfc, 0x12, 0x47, 0x38, 0x16, 0x87, 0x84, 0x00, 0x00, 0x01, 0x04, 0x10, 0xff, 0xc2, 0x94, 0x39,
	0x47, 0xfc, 0xd9, 0x44, 0x94, 0x4f, 0xc0, 0x80, 0x00, 0x00, 0x21, 0x02, 0xfe, 0x79, 0x41, 0x90, 0x2e, 0xc7, 0xc4, 0xba, 0x82, 0x90, 0x2a, 0x83,
	0x46, 0x00, 0x00, 0x00, 0x04, 0xfc, 0xf4, 0x82, 0xfc, 0x20, 0x07, 0xfe, 0xd4, 0x04, 0xbc, 0x48, 0x40, 0x18, 0x00, 0x00, 0x03, 0x04, 0x68, 0xfc,
	0x42, 0x78, 0x30, 0x07, 0xfc, 0xd8, 0x44, 0x84, 0x48, 0x40, 0xfc, 0x00, 0x00, 0x10, 0x07, 0xd4, 0x11, 0x47, 0xfc, 0x11, 0x07, 0xd4, 0x35, 0x8e,
	0x9a, 0x3f, 0xc4, 0x44, 0x00, 0x00, 0x7c, 0x41, 0x24, 0x6e, 0x41, 0x84, 0x35, 0xc7, 0xfc, 0x1a, 0x47, 0x28, 0x13, 0x87, 0xc4, 0x00, 0x00, 0x11,
	0x05, 0xfc, 0x11, 0x07, 0x10, 0x16, 0xc7, 0xfc, 0x1a, 0x47, 0x28, 0x13, 0x87, 0xc4, 0x00, 0x00, 0x04, 0x07, 0xbc, 0x7f, 0x87, 0xf8, 0x3f, 0x87,
	0xfc, 0x7f, 0xc3, 0x2c, 0x51, 0x07, 0xcc, 0x00, 0x00, 0x00, 0x04, 0x48, 0xf9, 0x42, 0x30, 0x34, 0x87, 0xfe, 0xd8, 0x44, 0x84, 0x48, 0x40, 0xfc,
	0x00, 0x00, 0x01, 0x44, 0xfe, 0xf1, 0x02, 0xfc, 0x39, 0x47, 0xfc, 0xd9, 0x44, 0xfc, 0x49, 0x40, 0x9c, 0x00, 0x00, 0x41, 0x02, 0x94, 0x4b, 0x40,
	0x1a, 0x7e, 0x07, 0xfc, 0x1a, 0x47, 0x28, 0x13, 0x87, 0xc4, 0x00, 0x00, 0x0f, 0xc4, 0x94, 0xf9, 0x42, 0xfc, 0x39, 0x47, 0x78, 0xd1, 0x04, 0xfc,
	0x41, 0x00, 0xfc, 0x00, 0x00, 0x24, 0x87, 0xfc, 0x7f, 0xc2, 0x08, 0x3f, 0x87, 0xfc, 0x0a, 0x47, 0x28, 0x13, 0x87, 0xc4, 0x00, 0x00, 0x07, 0xc4,
	0x94, 0xff, 0xc2, 0x94, 0x2f, 0xc7, 0xfc, 0xd3, 0x04, 0x58, 0x49, 0x40, 0x10, 0x00, 0x00, 0x51, 0x47, 0xd4, 0x7d, 0x47, 0xd4, 0x54, 0x41, 0x48,
	0x7f, 0xc3, 0x28, 0x53, 0x87, 0xc4, 0x00, 0x00, 0x0f, 0xc4, 0x84, 0xff, 0xc2, 0x90, 0x3f, 0xe7, 0x90, 0xdf, 0xc4, 0xc4, 0x54, 0x40, 0x7c, 0x00,
	0x00, 0x24, 0x02, 0xbc, 0x7f, 0xc1, 0xfc, 0x28, 0x47, 0x7c, 0xbf, 0xc3, 0x68, 0x23, 0x03, 0xce, 0x00, 0x00, 0x07, 0xc4, 0x84, 0xff, 0xc2, 0xfc,
	0x34, 0x07, 0xfc, 0xd7, 0xc4, 0x4c, 0x47, 0xc0, 0x0c, 0x00, 0x00, 0x04, 0x07, 0xbc, 0x2f, 0xc6, 0xfc, 0xbf, 0xc2, 0xac, 0x0c, 0x03, 0x28, 0x51,
	0x07, 0xcc, 0x00, 0x00, 0x02, 0x04, 0xfc, 0xfd, 0xc2, 0xfc, 0x3b, 0xc7, 0xd4, 0xd1, 0x04, 0xfc, 0x42, 0x80, 0xc6, 0x00, 0x00, 0x44, 0x85, 0xfe,
	0xec, 0xc3, 0x9c, 0x50, 0x06, 0xfc, 0xcf, 0xe4, 0x18, 0x49, 0x44, 0x60, 0x00, 0x00, 0x23, 0xc5, 0xbc, 0x33, 0xc7, 0xa0, 0x7b, 0xa5, 0xbc, 0x7f,
	0xc3, 0x24, 0x51, 0x87, 0xcc, 0x00, 0x00, 0x7f, 0xc0, 0xa0, 0x7f, 0xc4, 0xa4, 0x52, 0x45, 0x1c, 0x40, 0x47, 0xfc, 0x40, 0x40, 0x00, 0x00, 0x00,
	0x7f, 0xc0, 0xa0, 0x7f, 0xc4, 0xa4, 0x7f, 0xc0, 0x80, 0x77, 0xc3, 0xb0, 0x0f, 0x07, 0x0c, 0x00, 0x00, 0x7f, 0xc0, 0xa0, 0x7f, 0xc3, 0x58, 0x6b,
	0xc3, 0xfc, 0x6f, 0xcc, 0xfc, 0x57, 0x81, 0xcc, 0x00, 0x00, 0x7f, 0xc0, 0xa0, 0x7f, 0xc3, 0xf8, 0x7f, 0xc7, 0xa4, 0x7b, 0xc7, 0xfc, 0x7a, 0x41,
	0x4c, 0x00, 0x00, 0x3f, 0x82, 0x08, 0x3f, 0x82, 0x08, 0x3f, 0x82, 0x08, 0x3f, 0x80, 0xa4, 0x12, 0x46, 0x3c, 0x00, 0x00, 0x27, 0xc2, 0x44, 0x77,
	0xc2, 0x44, 0x77, 0xc2, 0x44, 0x37, 0xc5, 0x32, 0x45, 0x41, 0x8c, 0x00, 0x00, 0x27, 0xc2, 0x44, 0x77, 0xc1, 0x44, 0x27, 0xc7, 0x44, 0xb7, 0xc2,
	0x32, 0x25, 0x23, 0x8c, 0x00, 0x00, 0x73, 0xc0, 0xc4, 0x7b, 0xc0, 0xc4, 0x6b, 0xc6, 0xc4, 0x6b, 0xc6, 0xaa, 0x4a, 0xa1, 0xcc, 0x00, 0x00, 0x24,
	0x87, 0xfc, 0x40, 0x47, 0xfc, 0x3f, 0x83, 0xf8, 0x20, 0x81, 0xf0, 0x12, 0x46, 0x3c, 0x00, 0x00, 0x7e, 0x07, 0xbc, 0x7b, 0xc7, 0xc0, 0x3f, 0x83,
	0xf8, 0x3f, 0x83, 0xf8, 0x0a, 0x47, 0x3c, 0x00, 0x00, 0x23, 0xc7, 0xc4, 0x4b, 0xc5, 0x44, 0x2b, 0xc7, 0xc4, 0x33, 0xc6, 0xaa, 0xa2, 0xa2, 0xcc,
	0x00, 0x00, 0x43, 0xc7, 0xc4, 0x23, 0xc7, 0xc4, 0x7b, 0xcd, 0x44, 0x7b, 0xc7, 0xaa, 0x52, 0xa6, 0xcc, 0x00, 0x00, 0x10, 0x02, 0xe0, 0x3f, 0xc6,
	0x44, 0x3f, 0xc2, 0x44, 0x24, 0x45, 0xbc, 0x40, 0x44, 0x1c, 0x00, 0x00, 0x23, 0xc5, 0x14, 0x79, 0x46, 0xec, 0x7a, 0x86, 0xbc, 0x68, 0x85, 0xfc,
	0x48, 0x81, 0x88, 0x00, 0x00, 0x21, 0x05, 0x10, 0x7f, 0xc6, 0xd4, 0x7d, 0x46, 0xfc, 0x69, 0x05, 0x94, 0x49, 0x41, 0xea, 0x00, 0x00, 0x3f, 0x80,
	0x00, 0x7f, 0xc0, 0x00, 0x3f, 0x83, 0xf8, 0x00, 0x03, 0xf8, 0x20, 0x83, 0xf8, 0x00, 0x00, 0x70, 0x00, 0x3c, 0x78, 0x80, 0x08, 0x30, 0x87, 0x08,
	0x00, 0x87, 0x08, 0x50, 0x87, 0x38, 0x00, 0x00, 0x78, 0x80, 0x08, 0x78, 0x80, 0x08, 0x33, 0xc7, 0x88, 0x00, 0x87, 0x88, 0x48, 0x87, 0x88, 0x00,
	0x00, 0x77, 0x80, 0x24, 0x72, 0x40, 0x24, 0x63, 0x47, 0x44, 0x04, 0x47, 0x46, 0x54, 0x67, 0x84, 0x00, 0x00, 0x70, 0x40, 0x04, 0x7b, 0xc0, 0x04,
	0x32, 0x47, 0xa4, 0x01, 0x47, 0x84, 0x48, 0x47, 0x1c, 0x00, 0x00, 0x74, 0x40, 0x54, 0xf5, 0x40, 0x54, 0x75, 0x47, 0x54, 0x05, 0x47, 0x54, 0x59,
	0x47, 0x84, 0x00, 0x00, 0x70, 0x40, 0x78, 0x7a, 0x00, 0x20, 0x72, 0xe7, 0x70, 0x02, 0x07, 0x24, 0x52, 0x47, 0x1c, 0x00, 0x00, 0x70, 0x00, 0x3c,
	0x78, 0x40, 0x04, 0x37, 0xc7, 0x40, 0x04, 0x07, 0x44, 0x54, 0x47, 0x7c, 0x00, 0x00, 0x70, 0x00, 0x48, 0x74, 0x40, 0x44, 0x7a, 0x27, 0x20, 0x02,
	0x47, 0x24, 0x54, 0xc7, 0x72, 0x00, 0x00, 0x71, 0x00, 0x7c, 0x71, 0x40, 0x14, 0x61, 0x47, 0xfe, 0x01, 0x07, 0x28, 0x54, 0xc7, 0x80, 0x00, 0x00,
	0x72, 0x00, 0x20, 0x77, 0xc0, 0x20, 0x73, 0xc7, 0x24, 0x04, 0x47, 0x44, 0x54, 0x47, 0x18, 0x00, 0x00, 0x73, 0x80, 0x28, 0x7a, 0xa0, 0x4e, 0x30,
	0x07, 0x7c, 0x02, 0x87, 0x18, 0x53, 0x87, 0x44, 0x00, 0x00, 0x72, 0x00, 0x3c, 0x7d, 0x00, 0x50, 0x71, 0x07, 0x7e, 0x01, 0x07, 0x10, 0x51, 0x07,
	0x00, 0x00, 0x00, 0x70, 0x00, 0x7c, 0x74, 0x40, 0x44, 0x77, 0xc7, 0x50, 0x04, 0x87, 0x48, 0x58, 0x47, 0x80, 0x00, 0x00, 0x70, 0x40, 0x78, 0x7c,
	0x00, 0x7c, 0x34, 0x87, 0x78, 0x04, 0x87, 0x4c, 0x58, 0x87, 0x08, 0x00, 0x00, 0x71, 0x00, 0x28, 0x7c, 0x40, 0x30, 0x74, 0x47, 0x18, 0x06, 0x27,
	0x0c, 0x53, 0x07, 0xc0, 0x00, 0x00, 0x73, 0x00, 0x08, 0x77, 0xc0, 0x10, 0x71, 0x07, 0x7c, 0x01, 0x07, 0x10, 0x51, 0x07, 0x7c, 0x00, 0x00, 0x70,
	0x00, 0x7c, 0x71, 0x00, 0x50, 0x75, 0xc7, 0x50, 0x05, 0x07, 0x50, 0x55, 0x07, 0x7c, 0x00, 0x00, 0x74, 0x00, 0x7e, 0x7d, 0x00, 0x90, 0x79, 0xc7,
	0x90, 0x01, 0x07, 0x9c, 0x49, 0x07, 0x10, 0x00, 0x00, 0x71, 0x00, 0xfc, 0x78, 0x40, 0x44, 0x74, 0x87, 0x70, 0x04, 0x07, 0x44, 0x54, 0x47, 0x3c,
	0x00, 0x00, 0x77, 0xc0, 0x14, 0x7a, 0x40, 0x24, 0x34, 0xc7, 0x7c, 0x04, 0x47, 0x44, 0x54, 0x47, 0x7c, 0x00, 0x00, 0x77, 0xc0, 0x10, 0x75, 0x40,
	0x54, 0x61, 0x07, 0x10, 0x07, 0xc7, 0x10, 0x51, 0x06, 0x10, 0x00, 0x00, 0x77, 0xc0, 0x04, 0x77, 0xc0, 0x04, 0x77, 0x47, 0x4c, 0x04, 0xc7, 0x74,
	0x54, 0x47, 0x0c, 0x00, 0x00, 0x67, 0x00, 0x08, 0xff, 0x00, 0x14, 0x6f, 0x87, 0x58, 0x05, 0x4f, 0x94, 0x99, 0x26, 0x70, 0x00, 0x00, 0x74, 0x00,
	0x7c, 0x7c, 0x20, 0x7c, 0x70, 0x07, 0x7c, 0x04, 0x47, 0x7c, 0x54, 0x47, 0x7c, 0x00, 0x00, 0x70, 0xc0, 0x0c, 0x77, 0x80, 0x08, 0x67, 0x87, 0x48,
	0x04, 0x87, 0x4a, 0x5f, 0xa6, 0x04, 0x00, 0x00, 0x71, 0x00, 0x7c, 0x71, 0x00, 0x7e, 0x70, 0x87, 0xfe, 0x04, 0x87, 0x28, 0x50, 0x87, 0x18, 0x00,
	0x00, 0x71, 0x00, 0xfc, 0x78, 0x40, 0x78, 0x62, 0x07, 0x2e, 0x0f, 0x07, 0x24, 0x52, 0x47, 0x3c, 0x00, 0x00, 0x71, 0x00, 0x28, 0x74, 0x40, 0xfc,
	0x61, 0x07, 0x10, 0x07, 0xc7, 0x10, 0x51, 0x06, 0xfc, 0x00, 0x00, 0x71, 0x00, 0xfe, 0x71, 0x00, 0x10, 0x66, 0xc7, 0x7c, 0x04, 0x47, 0x44, 0x54,
	0x47, 0x7c, 0x00, 0x00, 0x70, 0x40, 0x78, 0x79, 0x00, 0x7c, 0x31, 0x07, 0x7c, 0x04, 0x47, 0x44, 0x54, 0x47, 0x7c, 0x00, 0x00, 0x71, 0x00, 0xfe,
	0x72, 0x00, 0x64, 0x62, 0x87, 0x14, 0x06, 0x47, 0x18, 0x52, 0x47, 0xc0, 0x00, 0x00, 0x74, 0x40, 0x28, 0x75, 0x40, 0x10, 0x77, 0xc7, 0x10, 0x01,
	0x07, 0x7c, 0x51, 0x07, 0x10, 0x00, 0x00, 0x71, 0x00, 0xfc, 0x72, 0x80, 0x7c, 0x68, 0x07, 0xfe, 0x04, 0x07, 0x7c, 0x50, 0x46, 0x1c, 0x00, 0x00,
	0x24, 0x87, 0xfc, 0x11, 0x02, 0xe8, 0x7f, 0xc3, 0xf8, 0x3f, 0x83, 0xf8, 0x20, 0x83, 0xf8, 0x00, 0x00, 0x71, 0x00, 0x7c, 0x71, 0x00, 0x10, 0x77,
	0xc7, 0x10, 0x06, 0x47, 0xa4, 0x5a, 0xa7, 0x38, 0x00, 0x00, 0x77, 0xc0, 0x14, 0x72, 0x40, 0x34, 0x74, 0xc7, 0x10, 0x06, 0x47, 0xa4, 0x5a, 0xa7,
	0x38, 0x00, 0x00, 0x23, 0xc7, 0x40, 0x7f, 0xc2, 0xc8, 0x3f, 0x87, 0xfc, 0x3f, 0x83, 0xf8, 0x20, 0x83, 0xf8, 0x00, 0x00, 0x60, 0x40, 0xf8, 0x78,
	0x80, 0xa8, 0x6e, 0xc6, 0x68, 0x0e, 0x86, 0xbc, 0x6c, 0x07, 0x3c, 0x00, 0x00, 0x70, 0xc0, 0x70, 0x7f, 0xc0, 0x38, 0x65, 0x47, 0x78, 0x02, 0xc7,
	0x24, 0x54, 0x47, 0x9c, 0x00, 0x00, 0x77, 0xc0, 0x10, 0x7f, 0xc0, 0x24, 0x37, 0xc7, 0x00, 0x07, 0xc7, 0x44, 0x54, 0x47, 0x7c, 0x00, 0x00, 0x61,
	0x40, 0xfe, 0xf9, 0x00, 0xf0, 0x6a, 0xc7, 0xac, 0x0a, 0x8f, 0xea, 0x9b, 0xa6, 0x04, 0x00, 0x00, 0x73, 0xc0, 0xa4, 0x7a, 0x40, 0xbc, 0x68, 0x07,
	0x7c, 0x0f, 0xe7, 0x20, 0x54, 0xc6, 0x80, 0x00, 0x00, 0x70, 0x40, 0x28, 0x7f, 0xc0, 0x44, 0x34, 0x47, 0x3c, 0x02, 0x87, 0x2a, 0x54, 0xa7, 0x8c,
	0x00, 0x00, 0x71, 0x00, 0x7c, 0x71, 0x00, 0x68, 0x77, 0xc7, 0xa4, 0x03, 0x07, 0x30, 0x55, 0x47, 0x8c, 0x00, 0x00, 0x74, 0x80, 0x7c, 0x7d, 0x00,
	0xd0, 0x77, 0xc7, 0x50, 0x07, 0xc7, 0x50, 0x55, 0x07, 0x6c, 0x00, 0x00, 0x77, 0xc0, 0x94, 0x77, 0xc0, 0x94, 0x67, 0xc7, 0x7c, 0x03, 0x07, 0x38,
	0x55, 0x47, 0x10, 0x00, 0x00, 0x72, 0x80, 0x28, 0x76, 0xc0, 0x28, 0x6e, 0xe7, 0x28, 0x06, 0x87, 0xac, 0x54, 0x86, 0x88, 0x00, 0x00, 0x71, 0x00,
	0x7e, 0x74, 0x20, 0x7c, 0x74, 0x47, 0x7c, 0x04, 0x47, 0x7c, 0x54, 0x47, 0x7e, 0x00, 0x00, 0x77, 0xc0, 0x94, 0x7b, 0xc0, 0x94, 0x6b, 0xc7, 0xbc,
	0x0a, 0xc7, 0xac, 0x5b, 0x46, 0x8c, 0x00, 0x00, 0x71, 0x00, 0x54, 0x75, 0x40, 0x28, 0x7d, 0x47, 0x50, 0x05, 0x47, 0x10, 0x52, 0x87, 0xc4, 0x00,
	0x00, 0x71, 0x00, 0x7c, 0x77, 0xc0, 0x7c, 0x60, 0x07, 0xfc, 0x07, 0xc7, 0x84, 0x5f, 0xc7, 0x1c, 0x00, 0x00, 0x71, 0x00, 0xfc, 0x77, 0xc0, 0x94,
	0x67, 0xc7, 0x94, 0x07, 0x87, 0x38, 0x55, 0x47, 0x10, 0x00, 0x00, 0x6f, 0xc0, 0xa0, 0x7b, 0xc0, 0xe4, 0x6b, 0x46, 0xec, 0x0a, 0xc6, 0xa8, 0x6e,
	0xc6, 0x30, 0x00, 0x00, 0x71, 0x00, 0xfe, 0x77, 0xc0, 0x44, 0x64, 0x47, 0x7c, 0x01, 0x07, 0x54, 0x59, 0x47, 0x30, 0x00, 0x00, 0x61, 0x00, 0x68,
	0x7f, 0xc0, 0x00, 0x6f, 0xc7, 0xac, 0x0f, 0xc7, 0xac, 0x5a, 0xc6, 0xa4, 0x00, 0x00, 0x62, 0x40, 0xfe, 0x7a, 0x40, 0x9c, 0x68, 0x07, 0x7c, 0x0f,
	0xe7, 0x38, 0x55, 0x46, 0x92, 0x00, 0x00, 0x61, 0x00, 0xfc, 0xf4, 0x80, 0x48, 0x6b, 0x67, 0x92, 0x0f, 0xc7, 0x94, 0x59, 0xc6, 0x10, 0x00, 0x00,
	0x61, 0x00, 0x68, 0x7f, 0xc0, 0x00, 0x6e, 0xc7, 0xec, 0x0a, 0xc7, 0xec, 0x5a, 0x46, 0xec, 0x00, 0x00, 0x71, 0x00, 0x7e, 0xf3, 0x40, 0x50, 0x62,
	0x87, 0xc6, 0x07, 0xc7, 0x44, 0x54, 0x46, 0x7c, 0x00, 0x00, 0x72, 0x00, 0x7c, 0x72, 0x80, 0xfe, 0x63, 0x07, 0x7c, 0x0c, 0x47, 0x7c, 0x54, 0x47,
	0x7c, 0x00, 0x00, 0x71, 0x00, 0x6c, 0x72, 0x80, 0x7c, 0x68, 0x87, 0xb0, 0x08, 0xc7, 0xb0, 0x58, 0xc6, 0xf0, 0x00, 0x00, 0x70, 0x00, 0xfe, 0x71,
	0x00, 0x10, 0x66, 0xc7, 0x20, 0x05, 0xc7, 0x44, 0x54, 0x47, 0x7c, 0x00, 0x00, 0x64, 0x40, 0xfc, 0x74, 0x40, 0x7c, 0x64, 0x47, 0x38, 0x0f, 0xe7,
	0x38, 0x55, 0x46, 0x92, 0x00, 0x00, 0x77, 0xc0, 0x44, 0x77, 0xc0, 0x7c, 0x64, 0x07, 0x7c, 0x0d, 0xc7, 0x6c, 0x57, 0xc7, 0x0c, 0x00, 0x00, 0x77,
	0xc0, 0x94, 0x7f, 0xc0, 0xfc, 0x60, 0x07, 0x7c, 0x07, 0xc7, 0x7c, 0x54, 0x47, 0x4c, 0x00, 0x00, 0x61, 0x45, 0xfc, 0x52, 0x87, 0xdc, 0x5b, 0x45,
	0x78, 0x77, 0x85, 0x78, 0x9f, 0xc3, 0xfc, 0x00, 0x00, 0x60, 0x00, 0xb4, 0x63, 0x40, 0x10, 0x7b, 0xc6, 0xa8, 0x0b, 0x4e, 0x90, 0xac, 0x06, 0x3c,
	0x00, 0x00, 0x64, 0x80, 0xfc, 0xff, 0xc0, 0x54, 0x6f, 0xe7, 0x54, 0x0f, 0xcf, 0x58, 0x9d, 0x47, 0x52, 0x00, 0x00, 0x64, 0x80, 0x7c, 0x7f, 0xc0,
	0xfe, 0x67, 0xc7, 0x94, 0x0f, 0xc7, 0xfe, 0x58, 0x46, 0x8c, 0x00, 0x00, 0x64, 0x40, 0xe4, 0x6b, 0xe0, 0xe4, 0x6f, 0x46, 0xac, 0x0e, 0xce, 0x64,
	0xaa, 0x46, 0x6c, 0x00, 0x00, 0x70, 0x40, 0xfc, 0xfa, 0x40, 0x08, 0x67, 0x47, 0x10, 0x07, 0xc7, 0x94, 0x59, 0x46, 0xec, 0x00, 0x00, 0x6f, 0xc0,
	0xb4, 0x72, 0x40, 0xbc, 0x67, 0xc7, 0xd4, 0x06, 0x07, 0x78, 0x50, 0xc6, 0xf0, 0x00, 0x00, 0x60, 0x80, 0xfe, 0x74, 0x80, 0xb4, 0x69, 0x47, 0x78,
	0x0f, 0xc7, 0x7c, 0x51, 0x06, 0xfe, 0x00, 0x00, 0x64, 0x80, 0xfc, 0x6a, 0x80, 0xfc, 0x60, 0x86, 0xec, 0x0e, 0xce, 0xaa, 0xaf, 0xa6, 0xa4, 0x00,
	0x00, 0x74, 0x80, 0xfc, 0x7b, 0x40, 0x74, 0x6f, 0xe7, 0x00, 0x07, 0xc7, 0x7c, 0x54, 0x46, 0x7c, 0x00, 0x00, 0x2a, 0x07, 0xbc, 0x7d, 0x87, 0xbc,
	0x3f, 0x87, 0xfc, 0x3f, 0x83, 0xf8, 0x3f, 0x83, 0xf8, 0x00, 0x00, 0x64, 0x80, 0x34, 0x7f, 0xc0, 0x10, 0x6e, 0xc7, 0xf4, 0x0f, 0xe7, 0x6c, 0x5c,
	0xa6, 0xf4, 0x00, 0x00, 0x61, 0x00, 0xec, 0xfc, 0x40, 0xfc, 0x64, 0x86, 0x7c, 0x0b, 0x4f, 0xd4, 0x94, 0x86, 0xe6, 0x00, 0x00, 0x64, 0x80, 0x3c,
	0x7f, 0xc0, 0xfc, 0x6f, 0xc7, 0xfc, 0x0f, 0xc7, 0x44, 0x53, 0x86, 0xcc, 0x00, 0x00, 0x64, 0x80, 0xcc, 0x7f, 0xe0, 0xb4, 0x7f, 0xe7, 0xfc, 0x0f,
	0xc7, 0xfc, 0x54, 0x86, 0x86, 0x00, 0x00, 0x52, 0x87, 0xbc, 0x77, 0x87, 0x38, 0x29, 0x41, 0xf0, 0x7f, 0xc3, 0xf8, 0x3f, 0x83, 0xf8, 0x00, 0x00,
	0x00, 0x01, 0x18, 0x64, 0x40, 0xa0, 0x31, 0x87, 0xfc, 0x20, 0x82, 0x08, 0x20, 0x83, 0xf8, 0x00, 0x00, 0x7f, 0xc3, 0xf8, 0x20, 0x82, 0x08, 0x3f,
	0x81, 0x10, 0x11, 0x00, 0x20, 0x7f, 0xc0, 0x00, 0x00, 0x00, 0x0a, 0x07, 0xfc, 0x7f, 0xc4, 0xa4, 0x35, 0x87, 0xfc, 0x3f, 0x83, 0xf8, 0x11, 0x07,
	0xfc, 0x00, 0x00, 0x6f, 0xc5, 0x30, 0x56, 0x87, 0xac, 0x53, 0xc5, 0xd8, 0x73, 0x45, 0x54, 0x99, 0x23, 0x30, 0x00, 0x00, 0x10, 0x02, 0xe0, 0x7f,
	0xc4, 0x44, 0x3f, 0x86, 0x64, 0x1b, 0x86, 0x68, 0x3a, 0x44, 0xe0, 0x00, 0x00, 0x04, 0x07, 0xbc, 0x3f, 0x81, 0xf0, 0x7f, 0xc7, 0xf8, 0x66, 0x43,
	0xf8, 0x1a, 0x86, 0xe4, 0x00, 0x00, 0x0a, 0x07, 0x3c, 0x5c, 0x45, 0x44, 0x72, 0x41, 0x94, 0x68, 0x41, 0x84, 0x68, 0x41, 0x9c, 0x00, 0x00, 0x19,
	0x06, 0x7c, 0x5c, 0x45, 0x7c, 0x74, 0x43, 0x38, 0x4a, 0x83, 0xaa, 0x4c, 0xa3, 0x0c, 0x00, 0x00, 0x3f, 0x82, 0x08, 0x3f, 0x82, 0x08, 0x3f, 0x82,
	0x08, 0x3f, 0x80, 0x00, 0x11, 0x86, 0x04, 0x00, 0x00, 0x04, 0x00, 0x7c, 0x3f, 0x84, 0x04, 0x7f, 0xc4, 0x04, 0x7f, 0xc7, 0xfc, 0x11, 0x06, 0x0c,
	0x00, 0x00, 0x10, 0x02, 0xf0, 0x7f, 0xc4, 0x04, 0x3f, 0xc4, 0x04, 0x7f, 0xc3, 0xfc, 0x11, 0x86, 0x04, 0x00, 0x00, 0x70, 0x45, 0x04, 0x73, 0xc5,
	0x0c, 0x71, 0x45, 0x14, 0x72, 0x40, 0x44, 0x50, 0x40, 0xbc, 0x00, 0x00, 0x7f, 0xc0, 0x40, 0x7f, 0xc3, 0xf8, 0x40, 0x87, 0xf8, 0x3f, 0x83, 0xf8,
	0x11, 0x06, 0x0c, 0x00, 0x00, 0x11, 0x07, 0xfc, 0x0a, 0x87, 0xf8, 0x40, 0x87, 0xf8, 0x3f, 0x83, 0xf8, 0x11, 0x06, 0x0c, 0x00, 0x00, 0x14, 0x42,
	0x78, 0x67, 0xc3, 0xf8, 0x40, 0x87, 0xf8, 0x3f, 0x83, 0xf8, 0x11, 0x06, 0x0c, 0x00, 0x00, 0x77, 0xc5, 0x40, 0x74, 0x05, 0x7c, 0x76, 0x45, 0x64,
	0x79, 0x80, 0x90, 0x5a, 0xc8, 0x42, 0x00, 0x00, 0x3f, 0x82, 0x44, 0x5f, 0x83, 0xb0, 0x7f, 0x83, 0xf8, 0x3f, 0x83, 0xf8, 0x11, 0x06, 0x0c, 0x00,
	0x00, 0x04, 0x07, 0xfc, 0x3f, 0x87, 0xfc, 0x3f, 0x83, 0xf8, 0x3f, 0x83, 0xf8, 0x11, 0x06, 0x0c, 0x00, 0x00, 0x71, 0x05, 0x7c, 0x74, 0x25, 0x00,
	0x77, 0xe5, 0x08, 0x70, 0x80, 0x08, 0x50, 0x88, 0xb0, 0x00, 0x00, 0x20, 0x87, 0xfc, 0x27, 0x03, 0xfc, 0x3f, 0x83, 0xf8, 0x3f, 0x83, 0xf8, 0x11,
	0x06, 0x0c, 0x00, 0x00, 0x04, 0x07, 0xfc, 0x3f, 0x87, 0xfc, 0x3f, 0x83, 0xf8, 0x3f, 0x83, 0xf8, 0x11, 0x06, 0x0c, 0x00, 0x00, 0x7f, 0xc4, 0xa4,
	0x7f, 0xc3, 0xf8, 0x40, 0x47, 0xfc, 0x7f, 0xc7, 0xfc, 0x11, 0x06, 0x0c, 0x00, 0x00, 0x14, 0x82, 0xfc, 0x61, 0x03, 0xfc, 0x40, 0x87, 0xf8, 0x3f,
	0x83, 0xf8, 0x11, 0x06, 0x0c, 0x00, 0x00, 0x0a, 0x07, 0xfc, 0x7f, 0x87, 0x7c, 0x7f, 0xc3, 0xf8, 0x3f, 0x82, 0x08, 0x1f, 0x06, 0x0c, 0x00, 0x00,
	0x71, 0x05, 0x10, 0x71, 0xc5, 0x10, 0x71, 0x05, 0x6c, 0x74, 0x40, 0x44, 0x54, 0x48, 0xf8, 0x00, 0x00, 0x18, 0x06, 0x3c, 0x4a, 0x4f, 0x48, 0x3f,
	0x83, 0xf8, 0x3f, 0x83, 0xf8, 0x11, 0x06, 0x0c, 0x00, 0x00, 0x21, 0x87, 0xa4, 0x2b, 0xc5, 0x00, 0x7f, 0x83, 0xf8, 0x3f, 0x83, 0xf8, 0x11, 0x06,
	0x0c, 0x00, 0x00, 0x72, 0x05, 0x3c, 0x76, 0x45, 0x18, 0x73, 0x85, 0x46, 0x77, 0xc0, 0x44, 0x54, 0x48, 0xfc, 0x00, 0x00, 0x11, 0xc2, 0xe0, 0x6f,
	0xc2, 0xfc, 0x3f, 0x83, 0xf8, 0x3f, 0x83, 0xf8, 0x11, 0x06, 0x0c, 0x00, 0x00, 0x72, 0x05, 0x7e, 0x72, 0x05, 0x7c, 0x7c, 0x45, 0x7c, 0x74, 0x40,
	0x7c, 0x54, 0x48, 0x4c, 0x00, 0x00, 0x44, 0x02, 0xbc, 0x37, 0x05, 0x8c, 0x27, 0x83, 0xf8, 0x3f, 0x83, 0xf8, 0x11, 0x06, 0x0c, 0x00, 0x00, 0x61,
	0x45, 0xfe, 0x71, 0x05, 0x50, 0x7e, 0xc5, 0x4c, 0x74, 0x80, 0x5a, 0x52, 0xa9, 0x44, 0x00, 0x00, 0x70, 0x85, 0x7c, 0x72, 0x05, 0x7c, 0x71, 0x05,
	0x7c, 0x71, 0x40, 0x18, 0x53, 0xa8, 0x44, 0x00, 0x00, 0x67, 0xc9, 0x80, 0x7b, 0xc9, 0x80, 0x7f, 0xc9, 0xb0, 0x7a, 0xc0, 0xa8, 0x6b, 0x49, 0x40,
	0x00, 0x00, 0x04, 0x07, 0xbc, 0x5f, 0x46, 0x6c, 0x7f, 0x83, 0xf8, 0x3f, 0x82, 0x08, 0x1f, 0x06, 0x0c, 0x00, 0x00, 0x11, 0x06, 0xbc, 0x7b, 0xc2,
	0xa8, 0x7f, 0xc3, 0xf8, 0x3f, 0x83, 0xf8, 0x11, 0x06, 0x0c, 0x00, 0x00, 0x77, 0xc5, 0x44, 0x77, 0xc5, 0x44, 0x73, 0x85, 0x7c, 0x7a, 0xc0, 0x2c,
	0x55, 0x48, 0x2c, 0x00, 0x00, 0x24, 0x87, 0xfc, 0x7f, 0xc3, 0xf8, 0x3f, 0x83, 0xf8, 0x40, 0x87, 0xf8, 0x3f, 0x06, 0x0c, 0x00, 0x00, 0x71, 0x05,
	0x7e, 0x74, 0x45, 0x28, 0x77, 0xe5, 0x00, 0x77, 0xc0, 0x44, 0x54, 0x48, 0x7c, 0x00, 0x00, 0x7b, 0xc7, 0xa4, 0x79, 0x87, 0xac, 0x3f, 0x83, 0xf8,
	0x20, 0x83, 0xf8, 0x1f, 0x06, 0x0c, 0x00, 0x00, 0x60, 0xc9, 0x6a, 0x7f, 0xe9, 0x28, 0x7a, 0x89, 0xb8, 0x7a, 0x80, 0xaa, 0x5b, 0x68, 0xc4, 0x00,
	0x00, 0x1c, 0xc6, 0x30, 0x7b, 0xc7, 0xf8, 0x40, 0x87, 0xf8, 0x3f, 0x83, 0xf8, 0x11, 0x06, 0x0c, 0x00, 0x00, 0x71, 0x05, 0x7c, 0x71, 0x85, 0x7e,
	0x73, 0x05, 0x7c, 0x74, 0x40, 0x7c, 0x54, 0x48, 0x7c, 0x00, 0x00, 0x64, 0x89, 0x7c, 0x7f, 0xc9, 0xfe, 0x77, 0xc9, 0x94, 0x7f, 0xc0, 0xfe, 0x68,
	0x49, 0x8c, 0x00, 0x00, 0x64, 0x45, 0xfc, 0x79, 0x25, 0xfe, 0x7f, 0xc5, 0x00, 0x7f, 0xc0, 0xfc, 0x68, 0x49, 0xfc, 0x00, 0x00, 0x7f, 0xc5, 0x48,
	0x7f, 0xc5, 0x7c, 0x57, 0xc5, 0xfc, 0x60, 0x47, 0xfc, 0x9f, 0x83, 0x06, 0x00, 0x00, 0x04, 0x07, 0xfc, 0x04, 0x07, 0xfc, 0x0a, 0x02, 0xa8, 0x4a,
	0x45, 0x24, 0x32, 0x04, 0x60, 0x00, 0x00, 0x11, 0x07, 0xe0, 0x13, 0xcf, 0xe4, 0x2d, 0x46, 0xd8, 0x6d, 0x8a, 0x98, 0x4b, 0x45, 0x00, 0x00, 0x00,
	0x20, 0x87, 0xbc, 0x20, 0x8f, 0xbe, 0x31, 0x87, 0xbc, 0xb5, 0xcb, 0x6a, 0x52, 0x87, 0x18, 0x00, 0x00, 0x04, 0x07, 0xfc, 0x04, 0x07, 0xfc, 0x04,
	0x02, 0x40, 0x27, 0x85, 0x40, 0x4c, 0x04, 0x3c, 0x00, 0x00, 0x11, 0x07, 0xd0, 0x11, 0x07, 0xd8, 0x11, 0x45, 0x10, 0x59, 0x05, 0x10, 0x70, 0x00,
	0xfc, 0x00, 0x00, 0x10, 0x07, 0xbc, 0x10, 0x47, 0xbc, 0x12, 0x45, 0x20, 0x5a, 0x45, 0x3c, 0x70, 0x00, 0xfc, 0x00, 0x00, 0x10, 0x07, 0xbc, 0x11,
	0x47, 0xac, 0x10, 0x05, 0x7c, 0x5c, 0x45, 0x3c, 0x70, 0x00, 0xfc, 0x00, 0x00, 0x21, 0x47, 0xfc, 0x25, 0x47, 0xd4, 0x15, 0x45, 0x48, 0x5e, 0xa5,
	0x1c, 0x70, 0x40, 0xfc, 0x00, 0x00, 0x2f, 0xc7, 0xa0, 0x29, 0xc7, 0xe4, 0x2b, 0x46, 0xec, 0x7a, 0x86, 0xec, 0xa1, 0x01, 0xfc, 0x00, 0x00, 0x22,
	0x07, 0x5c, 0x26, 0xc7, 0xb4, 0x26, 0x86, 0x5c, 0x76, 0xc6, 0x34, 0xa4, 0xc1, 0xfc, 0x00, 0x00, 0x3f, 0x82, 0x08, 0x20, 0x83, 0xf8, 0x04, 0x02,
	0x40, 0x27, 0x85, 0x40, 0x4c, 0x00, 0x3c, 0x00, 0x00, 0x73, 0xc4, 0xc0, 0x4c, 0x07, 0xfc, 0x24, 0x47, 0xc4, 0x67, 0xc6, 0x40, 0x7c, 0x04, 0x7c,
	0x00, 0x00, 0x71, 0x09, 0xfc, 0x92, 0x87, 0x6c, 0x2a, 0xc7, 0xac, 0x6a, 0xa6, 0x4a, 0x74, 0x8c, 0x98, 0x00, 0x00, 0x71, 0x09, 0xfc, 0x92, 0x87,
	0x7c, 0x28, 0x07, 0xfe, 0x64, 0x06, 0x7c, 0x70, 0x4c, 0x1c, 0x00, 0x00, 0x72, 0x04, 0xbc, 0x4e, 0x47, 0x98, 0x23, 0x85, 0xc6, 0x67, 0xc6, 0x44,
	0x5c, 0x4e, 0x7c, 0x00, 0x00, 0x73, 0x09, 0xb4, 0x9b, 0x47, 0x78, 0x23, 0x07, 0x7c, 0x6d, 0x26, 0x52, 0x75, 0x2c, 0x8c, 0x00, 0x00, 0x70, 0xc5,
	0x7c, 0x52, 0x07, 0x7c, 0x21, 0x07, 0x7c, 0x61, 0x46, 0x18, 0x76, 0xa5, 0x84, 0x00, 0x00, 0x77, 0xc9, 0x44, 0x93, 0x87, 0xdc, 0x29, 0x47, 0xfc,
	0x69, 0x46, 0xfc, 0x79, 0x4c, 0x1c, 0x00, 0x00, 0x71, 0x05, 0x74, 0x53, 0x87, 0x54, 0x2b, 0x27, 0x7c, 0x64, 0x46, 0x7c, 0x74, 0x44, 0x7c, 0x00,
	0x00, 0x71, 0x09, 0xfc, 0x94, 0x87, 0x28, 0x2d, 0x67, 0x92, 0x67, 0xc6, 0x54, 0x75, 0xcc, 0x10, 0x00, 0x00, 0x71, 0x09, 0x7c, 0x97, 0xc7, 0xfe,
	0x2f, 0xc7, 0xfc, 0x6f, 0xc6, 0xfc, 0x72, 0x8c, 0xc6, 0x00, 0x00, 0x64, 0xc9, 0xe8, 0x97, 0xe6, 0xa8, 0x2a, 0x8b, 0x68, 0xaf, 0xaa, 0xda, 0xa5,
	0xac, 0x44, 0x00, 0x00, 0x7f, 0xc9, 0x24, 0x96, 0xc7, 0xfc, 0x25, 0x07, 0xbc, 0x77, 0xc6, 0x7c, 0x79, 0x0c, 0x6c, 0x00, 0x00, 0x04, 0x03, 0xf8,
	0x20, 0x83, 0xf8, 0x3f, 0x82, 0x0c, 0x7f, 0x80, 0x68, 0x18, 0x86, 0x38, 0x00, 0x00, 0x10, 0x07, 0xfc, 0x4c, 0x47, 0xd4, 0x7c, 0x84, 0xc8, 0xfd,
	0x43, 0xd0, 0x4c, 0x01, 0xbc, 0x00, 0x00, 0x04, 0x07, 0xfc, 0x04, 0x07, 0xf8, 0x3f, 0x84, 0x48, 0x3f, 0x80, 0x40, 0x7f, 0xc0, 0x40, 0x00, 0x00,
	0x02, 0x0f, 0xa0, 0x27, 0x87, 0xa8, 0x7a, 0x86, 0xa8, 0x7a, 0xa2, 0x2a, 0x7c, 0xa2, 0x44, 0x00, 0x00, 0x7f, 0xc4, 0x44, 0x3f, 0x83, 0xf8, 0x24,
	0x83, 0xf8, 0x24, 0x81, 0xf0, 0x7f, 0xc0, 0x40, 0x00, 0x00, 0x00, 0x0f, 0xbc, 0x20, 0x87, 0x88, 0x7f, 0xe6, 0x88, 0x78, 0x82, 0x08, 0x78, 0x82,
	0x08, 0x00, 0x00, 0x02, 0x0f, 0xbc, 0x22, 0x47, 0xd4, 0x7d, 0x46, 0x90, 0x79, 0x82, 0x28, 0x7e, 0x42, 0x00, 0x00, 0x00, 0x10, 0x07, 0xf8, 0x10,
	0x07, 0xfc, 0x7d, 0x05, 0x50, 0x7a, 0x41, 0x24, 0x7b, 0xc1, 0x00, 0x00, 0x00, 0x21, 0x0f, 0x90, 0x27, 0xcf, 0xd4, 0x7d, 0x4a, 0xfc, 0x7d, 0x42,
	0x54, 0x7f, 0xc2, 0x40, 0x00, 0x00, 0x03, 0xcf, 0xa4, 0x22, 0x4f, 0x98, 0x7b, 0x4a, 0x90, 0x7b, 0xc2, 0x10, 0x79, 0x02, 0x7e, 0x00, 0x00, 0xff,
	0xe2, 0x00, 0x7a, 0x47, 0xc2, 0x6a, 0x87, 0x98, 0x21, 0x07, 0xac, 0x24, 0x20, 0x00, 0x00, 0x00, 0x10, 0x87, 0xd4, 0x7f, 0xc1, 0x10, 0x7d, 0x47,
	0xd8, 0x7d, 0x87, 0xda, 0x7e, 0xc1, 0x44, 0x00, 0x00, 0x21, 0x4f, 0xfe, 0x21, 0x0f, 0xfc, 0x7d, 0x4a, 0xfc, 0x7d, 0x42, 0x7c, 0x7d, 0x42, 0x54,
	0x00, 0x00, 0x27, 0xcb, 0x94, 0x77, 0xc6, 0x7c, 0xf9, 0x46, 0xfc, 0x69, 0x46, 0x78, 0x7f, 0xe8, 0x10, 0x00, 0x00, 0x0a, 0x07, 0xbc, 0x7b, 0xc7,
	0xbc, 0x7f, 0xc3, 0xf8, 0x44, 0x87, 0xf8, 0x3f, 0x07, 0xfc, 0x00, 0x00, 0x21, 0x0f, 0x28, 0x27, 0xcf, 0x00, 0x77, 0xcb, 0xac, 0x77, 0xc2, 0xac,
	0x7a, 0xc2, 0x2c, 0x00, 0x00, 0x27, 0xcf, 0xc4, 0x27, 0xcf, 0xfe, 0x7c, 0x4a, 0xfc, 0x7c, 0x42, 0x7c, 0x7f, 0xc2, 0x04, 0x00, 0x00, 0x21, 0x0f,
	0x28, 0x27, 0xef, 0x00, 0x7e, 0xcb, 0x6c, 0x7a, 0xc2, 0x6c, 0x7a, 0x42, 0x2c, 0x00, 0x00, 0x24, 0xc4, 0xe4, 0x5f, 0x45, 0xf4, 0x5f, 0x46, 0x4c,
	0x4e, 0x4f, 0xfe, 0x11, 0x86, 0x04, 0x00, 0x00, 0x21, 0x0f, 0xfe, 0x27, 0xcf, 0x90, 0x7b, 0xca, 0xfc, 0x78, 0x02, 0x7c, 0x7c, 0x42, 0x7c, 0x00,
	0x00, 0x24, 0x8f, 0xe8, 0x2b, 0x4f, 0xdc, 0x7e, 0xcb, 0xac, 0x7e, 0xc2, 0xe4, 0xfa, 0xc2, 0xb2, 0x00, 0x00, 0x7f, 0xc3, 0xf8, 0x3f, 0x83, 0xf8,
	0x7f, 0xc7, 0xbc, 0x7b, 0xc7, 0xbc, 0x21, 0x07, 0xbc, 0x00, 0x00, 0x0e, 0x86, 0x54, 0x7e, 0x8f, 0xdc, 0x3e, 0xcb, 0xfc, 0x00, 0x03, 0xf8, 0x20,
	0x83, 0xf8, 0x00, 0x00, 0x04, 0x07, 0xfc, 0x11, 0x01, 0x10, 0x7f, 0xc0, 0x40, 0x04, 0x07, 0xfc, 0x04, 0x00, 0x40, 0x00, 0x00, 0x09, 0x07, 0x7c,
	0x22, 0x47, 0xa8, 0x27, 0xe7, 0x90, 0x49, 0x04, 0xfc, 0x79, 0x04, 0x90, 0x00, 0x00, 0x7f, 0x85, 0xf8, 0x40, 0x07, 0xfc, 0x54, 0x05, 0x28, 0x51,
	0x05, 0x68, 0x38, 0x40, 0x00, 0x00, 0x00, 0x3f, 0xc4, 0x00, 0x5f, 0x87, 0xfc, 0x52, 0x83, 0xfc, 0x00, 0x87, 0xfc, 0x10, 0x80, 0x78, 0x00, 0x00,
	0x0a, 0x07, 0xfc, 0x7f, 0xc7, 0xfc, 0x7f, 0xc5, 0xf8, 0x40, 0x07, 0xfc, 0x51, 0x83, 0xcc, 0x00, 0x00, 0x4f, 0xc2, 0x24, 0x02, 0x46, 0x44, 0x24,
	0x42, 0x44, 0x29, 0x87, 0x00, 0x0f, 0xc0, 0x00, 0x00, 0x00, 0x01, 0x04, 0x10, 0x21, 0x01, 0xfc, 0x61, 0x02, 0x10, 0x21, 0x02, 0x10, 0x70, 0x00,
	0xfc, 0x00, 0x00, 0x47, 0x02, 0x10, 0x01, 0x06, 0x30, 0x24, 0x82, 0x48, 0x28, 0x47, 0x00, 0x0f, 0xc0, 0x00, 0x00, 0x00, 0x00, 0x04, 0x24, 0x2a,
	0x40, 0xa4, 0x6a, 0x42, 0xa4, 0x2a, 0x42, 0xfc, 0x70, 0x00, 0xfc, 0x00, 0x00, 0x0f, 0xc4, 0x10, 0x21, 0x01, 0xfc, 0x61, 0x02, 0x10, 0x21, 0x02,
	0x70, 0x70, 0x00, 0xfc, 0x00, 0x00, 0x08, 0x04, 0xfc, 0x28, 0x00, 0x78, 0x63, 0x02, 0x44, 0x28, 0x42, 0xfc, 0x70, 0x00, 0xfc, 0x00, 0x00, 0x1f,
	0x84, 0x08, 0x24, 0x80, 0x48, 0x7f, 0x82, 0x4a, 0x24, 0xc2, 0x44, 0x70, 0x00, 0xfc, 0x00, 0x00, 0x02, 0x04, 0xfc, 0x2a, 0x40, 0xa4, 0x6a, 0x42,
	0xa4, 0x2e, 0x43, 0x2c, 0x70, 0x00, 0xfc, 0x00, 0x00, 0x00, 0xc4, 0xf0, 0x28, 0x00, 0xfc, 0x69, 0x02, 0x90, 0x29, 0x03, 0x10, 0x70, 0x00, 0xfc,
	0x00, 0x00, 0x07, 0xc4, 0x80, 0x28, 0x00, 0xfc, 0x6c, 0x82, 0xb8, 0x33, 0x03, 0x4c, 0x70, 0x00, 0xfc, 0x00, 0x00, 0x08, 0x05, 0xfc, 0x2b, 0x40,
	0xb4, 0x6b, 0x42, 0xb4, 0x33, 0x43, 0xdc, 0x70, 0x00, 0xfc, 0x00, 0x00, 0x08, 0x04, 0xfc, 0x32, 0x01, 0x28, 0x6a, 0x82, 0xa4, 0x2a, 0x42, 0x60,
	0x70, 0x00, 0xfc, 0x00, 0x00, 0x02, 0x04, 0xfc, 0x28, 0x40, 0x84, 0x6f, 0xc2, 0x84, 0x28, 0x42, 0xf8, 0x70, 0x00, 0xfc, 0x00, 0x00, 0x00, 0x04,
	0xfc, 0x2a, 0x00, 0x20, 0x6f, 0xc2, 0x30, 0x25, 0x02, 0xcc, 0x70, 0x00, 0xfc, 0x00, 0x00, 0x02, 0x84, 0x24, 0x3f, 0xc0, 0x28, 0x6a, 0x82, 0xa4,
	0x2a, 0x42, 0x20, 0x70, 0x00, 0xfc, 0x00, 0x00, 0x02, 0x04, 0xa4, 0x2a, 0x80, 0x20, 0x6f, 0xc2, 0x68, 0x2a, 0xc3, 0x20, 0x70, 0x00, 0xfc, 0x00,
	0x00, 0x02, 0x04, 0xf8, 0x28, 0x40, 0xfc, 0x68, 0x02, 0xfc, 0x28, 0x42, 0xfc, 0x70, 0x00, 0xfc, 0x00, 0x00, 0x0f, 0x84, 0x84, 0x2f, 0xc0, 0x84,
	0x6f, 0x82, 0xa4, 0x29, 0x82, 0xec, 0x70, 0x00, 0xfc, 0x00, 0x00, 0x04, 0x84, 0x48, 0x2f, 0xc0, 0x20, 0x6f, 0xc2, 0x30, 0x22, 0x82, 0xc4, 0x70,
	0x00, 0xfc, 0x00, 0x00, 0x05, 0x05, 0x54, 0x2d, 0x80, 0x50, 0x6d, 0x83, 0x54, 0x25, 0x42, 0x9c, 0x70, 0x00, 0xfc, 0x00, 0x00, 0x04, 0x84, 0x48,
	0x2f, 0xc0, 0xa4, 0x6a, 0x42, 0xa4, 0x27, 0x82, 0x20, 0x74, 0x00, 0xfc, 0x00, 0x00, 0x00, 0xc4, 0xf0, 0x3f, 0xc0, 0x70, 0x6a, 0xc2, 0x78, 0x24,
	0xc2, 0xc4, 0x71, 0x80, 0xfc, 0x00, 0x00, 0x1f, 0xc4, 0x20, 0x2e, 0xc0, 0x30, 0x6d, 0x82, 0x38, 0x2d, 0x43, 0x30, 0x70, 0x00, 0xfc, 0x00, 0x00,
	0x01, 0xc4, 0xf0, 0x2f, 0xc0, 0xfc, 0x71, 0x03, 0x7c, 0x39, 0x43, 0x9c, 0x70, 0x00, 0xfc, 0x00, 0x00, 0x03, 0x04, 0x48, 0x3f, 0xc0, 0x10, 0x7f,
	0xc2, 0x58, 0x29, 0x43, 0x00, 0x72, 0x00, 0xfc, 0x00, 0x00, 0x1f, 0xc4, 0x00, 0x2f, 0xc0, 0x84, 0x6f, 0xc2, 0x08, 0x24, 0x83, 0xfc, 0x70, 0x00,
	0xfc, 0x00, 0x00, 0x0f, 0xc4, 0x00, 0x2f, 0xc0, 0xfc, 0x6f, 0xc2, 0x00, 0x2f, 0xc2, 0x84, 0x77, 0x80, 0xfc, 0x00, 0x00, 0x0f, 0xc4, 0x48, 0x2f,
	0xc0, 0xa4, 0x6f, 0xc2, 0xa4, 0x2f, 0xc2, 0xa4, 0x70, 0x80, 0xfc, 0x00, 0x00, 0x08, 0xc4, 0x90, 0x2d, 0x00, 0x9c, 0x6e, 0x43, 0xa4, 0x2a, 0x42,
	0xa4, 0x70, 0x00, 0xfc, 0x00, 0x00, 0x02, 0x05, 0xfc, 0x2f, 0xc0, 0xa4, 0x6a, 0x42, 0x78, 0x26, 0x82, 0xa4, 0x70, 0x00, 0xfc, 0x00, 0x00, 0x00,
	0x04, 0xfc, 0x2a, 0x01, 0xfc, 0x60, 0x02, 0xfc, 0x28, 0x42, 0xfc, 0x70, 0x00, 0xfc, 0x00, 0x00, 0x04, 0x04, 0xfc, 0x23, 0x80, 0xcc, 0x6f, 0xc2,
	0x20, 0x2f, 0x83, 0xfc, 0x70, 0x00, 0xfc, 0x00, 0x00, 0x02, 0x04, 0xfc, 0x2f, 0xc0, 0xa4, 0x6f, 0xc2, 0xfc, 0x22, 0x03, 0xfc, 0x72, 0x00, 0xfc,
	0x00, 0x00, 0x02, 0x04, 0xfc, 0x3f, 0xc0, 0x24, 0x6f, 0x82, 0xb4, 0x26, 0x83, 0xa4, 0x74, 0x00, 0xfc, 0x00, 0x00, 0x0f, 0xc5, 0x24, 0x37, 0x41,
	0x7c, 0x70, 0x43, 0x7c, 0x34, 0xc3, 0x74, 0x70, 0x80, 0xfc, 0x00, 0x00, 0x09, 0x04, 0xfc, 0x29, 0x01, 0xfc, 0x69, 0x02, 0xfc, 0x29, 0x02, 0xfc,
	0x70, 0x00, 0xfc, 0x00, 0x00, 0x04, 0x04, 0xb0, 0x3f, 0xc0, 0xa4, 0x6a, 0x42, 0xd8, 0x25, 0x02, 0x94, 0x70, 0x80, 0xfc, 0x00, 0x00, 0x0f, 0xc4,
	0x00, 0x2f, 0xc0, 0xfc, 0x60, 0x03, 0xfc, 0x2f, 0xc3, 0x24, 0x7d, 0x80, 0xfc, 0x00, 0x00, 0x01, 0xc5, 0xf0, 0x2f, 0xc1, 0x20, 0x75, 0xc3, 0x7c,
	0x37, 0xc3, 0x44, 0x73, 0x80, 0xfc, 0x00, 0x00, 0x04, 0x85, 0xfc, 0x26, 0x41, 0xa8, 0x65, 0x03, 0x98, 0x27, 0x43, 0x94, 0x72, 0x00, 0xfc, 0x00,
	0x00, 0x0f, 0xc5, 0x04, 0x3f, 0xc1, 0x28, 0x75, 0x43, 0x7c, 0x31, 0x03, 0x7c, 0x71, 0x00, 0xfc, 0x00, 0x00, 0x0f, 0xc4, 0xa4, 0x2f, 0xc0, 0xfc,
	0x62, 0x03, 0xfc, 0x33, 0xc3, 0x44, 0x70, 0x00, 0xfc, 0x00, 0x00, 0x09, 0x05, 0xfc, 0x2a, 0x00, 0xcc, 0xf4, 0x83, 0x5c, 0x34, 0x83, 0x48, 0x60,
	0x09, 0xfc, 0x00, 0x00, 0x0f, 0xc5, 0x24, 0x2f, 0x80, 0xfc, 0x6f, 0xc2, 0xa4, 0x2f, 0x83, 0xfc, 0x72, 0x00, 0xfc, 0x00, 0x00, 0x1f, 0xc4, 0x00,
	0x3f, 0xc0, 0xfc, 0x6f, 0xc3, 0xb4, 0x3f, 0xc3, 0xb4, 0x78, 0x40, 0xfc, 0x00, 0x00, 0x0f, 0x84, 0x84, 0x2b, 0xc0, 0xa4, 0x75, 0xc3, 0x7c, 0x34,
	0xc3, 0x74, 0x70, 0x80, 0xfc, 0x00, 0x00, 0x04, 0x85, 0xfc, 0x22, 0x00, 0xdc, 0x6f, 0xc2, 0x84, 0x2f, 0xc2, 0xfc, 0x70, 0x00, 0xfc, 0x00, 0x00,
	0x02, 0x04, 0xf8, 0x3f, 0xc0, 0x48, 0x6f, 0xc2, 0x20, 0x2f, 0x83, 0xfc, 0x72, 0x00, 0xfc, 0x00, 0x00, 0x02, 0x04, 0xdc, 0x3f, 0xc0, 0xfc, 0xf0,
	0x42, 0xf8, 0x3f, 0xc3, 0xfc, 0x61, 0x09, 0xfc, 0x00, 0x00, 0x1c, 0x44, 0x58, 0x2b, 0x40, 0xac, 0x7d, 0x42, 0xba, 0x2b, 0x42, 0xd4, 0x70, 0x00,
	0xfc, 0x00, 0x00, 0x02, 0x04, 0xf8, 0x3f, 0xc0, 0x00, 0x6f, 0xc2, 0xfc, 0x23, 0x42, 0xec, 0x72, 0x00, 0xfc, 0x00, 0x00, 0x12, 0xc4, 0xd4, 0x25,
	0x41, 0xbc, 0x7b, 0x43, 0xfc, 0x39, 0x42, 0x94, 0x70, 0x00, 0xfc, 0x00, 0x00, 0x02, 0x05, 0xfc, 0x2f, 0xc1, 0xfc, 0x6f, 0xc2, 0xfc, 0x2f, 0xc2,
	0x84, 0x77, 0x80, 0xfc, 0x00, 0x00, 0x01, 0xc4, 0xe4, 0x2a, 0x81, 0xfc, 0x62, 0x03, 0xfc, 0x2a, 0x42, 0xa4, 0x75, 0x80, 0xfc, 0x00, 0x00, 0x02,
	0x04, 0xdc, 0x2f, 0xc1, 0x24, 0x77, 0xc3, 0x74, 0x35, 0x43, 0x74, 0x70, 0x80, 0xfc, 0x00, 0x00, 0x05, 0x04, 0xfc, 0x3f, 0xc1, 0xfc, 0x7f, 0xc2,
	0xfc, 0x2f, 0xc2, 0x84, 0x77, 0x80, 0xfc, 0x00, 0x00, 0x02, 0x05, 0xdc, 0x34, 0x81, 0xfc, 0x74, 0x83, 0x38, 0x36, 0x43, 0xac, 0x70, 0x00, 0xfc,
	0x00, 0x00, 0x05, 0x05, 0xfc, 0x3f, 0xc1, 0x5c, 0x7f, 0xc3, 0xfc, 0x3f, 0xc2, 0x88, 0x75, 0x80, 0xfc, 0x00, 0x00, 0x1f, 0xc4, 0x50, 0x3f, 0xc0,
	0xfc, 0x7f, 0xc2, 0xfc, 0x37, 0x82, 0x84, 0x77, 0x80, 0xfc, 0x00, 0x00, 0x1d, 0xc4, 0x44, 0x39, 0x81, 0xdc, 0x64, 0x82, 0xfc, 0x3f, 0xc2, 0x58,
	0x78, 0x40, 0xfc, 0x00, 0x00, 0x02, 0x05, 0xfc, 0x2f, 0x81, 0xdc, 0x7f, 0xc3, 0xfc, 0x3f, 0xc2, 0xf8, 0x78, 0x40, 0xfc, 0x00, 0x00, 0x02, 0x05,
	0xfc, 0x2d, 0x40, 0xf8, 0xff, 0xe2, 0x88, 0x27, 0x02, 0xa4, 0x66, 0x09, 0xfc, 0x00, 0x00, 0x0c, 0x85, 0x5c, 0x35, 0x41, 0xd8, 0x70, 0xc3, 0xc8,
	0x3d, 0xc2, 0xc8, 0x70, 0x00, 0xfc, 0x00, 0x00, 0x0f, 0xc5, 0x54, 0x2f, 0xc1, 0xfc, 0x6f, 0xc2, 0xfc, 0x23, 0x42, 0xe8, 0x72, 0x40, 0xfc, 0x00,
	0x00, 0x3f, 0x82, 0x08, 0x3f, 0x80, 0x00, 0x7f, 0xc4, 0x44, 0x7f, 0xc4, 0x00, 0x40, 0x43, 0xfc, 0x00, 0x00, 0x79, 0xc2, 0x64, 0x26, 0x47, 0xe8,
	0x26, 0x87, 0xe4, 0x26, 0x42, 0x64, 0x4a, 0xc1, 0x80, 0x00, 0x00, 0x11, 0xc7, 0xe4, 0x12, 0x41, 0x28, 0x7a, 0x81, 0x24, 0x7e, 0x42, 0x24, 0x22,
	0xc4, 0x20, 0x00, 0x00, 0x01, 0xc7, 0xa4, 0x4a, 0x44, 0xa8, 0xfe, 0x81, 0xa4, 0x2a, 0x44, 0xa4, 0x0a, 0xc3, 0xa0, 0x00, 0x00, 0x05, 0xe7, 0x94,
	0x51, 0x47, 0xd4, 0x49, 0x44, 0x94, 0x4d, 0x26, 0x52, 0x01, 0xc7, 0xd0, 0x00, 0x00, 0x21, 0xc7, 0xe4, 0x22, 0x47, 0xe4, 0xc6, 0x47, 0xe4, 0x46,
	0x27, 0xe2, 0x46, 0xc5, 0xe0, 0x00, 0x00, 0x11, 0xcf, 0xd4, 0x29, 0x44, 0x58, 0x4d, 0x42, 0x94, 0x11, 0x22, 0x92, 0x65, 0xc0, 0x10, 0x00, 0x00,
	0x11, 0xc7, 0xa4, 0x4a, 0x47, 0xa8, 0x4a, 0x87, 0xa4, 0x42, 0x44, 0xa4, 0x7a, 0xc0, 0x60, 0x00, 0x00, 0x79, 0xc2, 0x54, 0xfd, 0x42, 0x58, 0x7d,
	0x42, 0x14, 0x7d, 0x24, 0x52, 0x45, 0xc3, 0xd0, 0x00, 0x00, 0x11, 0xc7, 0xd4, 0x49, 0x42, 0x98, 0x7d, 0x40, 0x14, 0x7d, 0x24, 0x52, 0x45, 0xc7,
	0xd0, 0x00, 0x00, 0x11, 0xc7, 0xd4, 0x7d, 0x44, 0x54, 0x39, 0x47, 0xd4, 0x09, 0x2f, 0xd2, 0x11, 0xc7, 0x10, 0x00, 0x00, 0x05, 0xe7, 0x94, 0x7d,
	0x45, 0x54, 0x55, 0x47, 0xd4, 0x55, 0x23, 0x92, 0x1d, 0xc6, 0x10, 0x00, 0x00, 0x2c, 0xc4, 0xb2, 0xdb, 0x46, 0xf4, 0x2b, 0x45, 0xf4, 0xe9, 0x22,
	0xb2, 0x5f, 0x40, 0x00, 0x00, 0x00, 0x11, 0xc7, 0xd4, 0x15, 0x4f, 0xd4, 0x11, 0x47, 0xd4, 0x45, 0x27, 0xd2, 0x45, 0xc7, 0xd0, 0x00, 0x00, 0x29,
	0xe7, 0xd4, 0x7d, 0x46, 0xf4, 0x43, 0x47, 0xf4, 0x3d, 0x2f, 0xf2, 0x29, 0xc4, 0x70, 0x00, 0x00, 0x7f, 0xc0, 0xa0, 0x3f, 0x84, 0xa4, 0x4a, 0x45,
	0x3c, 0x40, 0x47, 0xfc, 0x40, 0x47, 0xfc, 0x00, 0x00, 0x11, 0x07, 0xfc, 0x0a, 0x07, 0xfc, 0x4a, 0x45, 0x3c, 0x40, 0x47, 0xfc, 0x40, 0x47, 0xfc,
	0x00, 0x00, 0x78, 0x03, 0x3c, 0x7a, 0x47, 0x44, 0x79, 0x47, 0x94, 0x48, 0xc7, 0x84, 0x48, 0x47, 0x1c, 0x00, 0x00, 0x7b, 0xc3, 0x04, 0x78, 0x47,
	0x84, 0x7b, 0xc7, 0xa0, 0x4a, 0x07, 0xa4, 0x4a, 0x47, 0x3c, 0x00, 0x00, 0x78, 0x43, 0x04, 0x7b, 0xe7, 0x84, 0x7a, 0x47, 0xa4, 0x49, 0x47, 0x84,
	0x48, 0x47, 0x1c, 0x00, 0x00, 0x5f, 0xc2, 0x50, 0x0f, 0xc5, 0x54, 0x35, 0x41, 0x5c, 0x38, 0x45, 0xfc, 0x50, 0x45, 0xfc, 0x00, 0x00, 0x79, 0x03,
	0x78, 0x79, 0x6b, 0xa6, 0xba, 0x6d, 0x90, 0x8f, 0xe7, 0x90, 0x89, 0x07, 0x80, 0x00, 0x00, 0x7a, 0x03, 0x3e, 0x7d, 0x0b, 0xd0, 0xb9, 0xcd, 0x90,
	0x89, 0x07, 0x9c, 0x89, 0x07, 0x90, 0x00, 0x00, 0x72, 0x05, 0x7c, 0x76, 0x45, 0x98, 0x5b, 0x85, 0xc6, 0x4f, 0xc7, 0xc4, 0x4c, 0x43, 0xfc, 0x00,
	0x00, 0x70, 0x05, 0x34, 0x73, 0x4e, 0xfc, 0xeb, 0xcd, 0xb4, 0x8d, 0x47, 0xd4, 0x8d, 0x47, 0xc0, 0x00, 0x00, 0x79, 0x03, 0x3c, 0x79, 0x47, 0xfe,
	0x79, 0x05, 0xac, 0x4c, 0x87, 0xfc, 0x48, 0x83, 0x38, 0x00, 0x00, 0x7a, 0x03, 0x3c, 0x7d, 0x07, 0xd0, 0x7f, 0xe5, 0x80, 0x4f, 0xc7, 0xc4, 0x4c,
	0x43, 0x3c, 0x00, 0x00, 0x7a, 0x03, 0x24, 0x7f, 0x87, 0xaa, 0x7c, 0xc5, 0xbc, 0x4e, 0x47, 0x98, 0x49, 0x83, 0x66, 0x00, 0x00, 0x79, 0x03, 0x2c,
	0x7b, 0xc7, 0xc4, 0x7b, 0x85, 0xbc, 0x48, 0x87, 0xfe, 0x48, 0x83, 0x38, 0x00, 0x00, 0x7b, 0xc3, 0x44, 0x7f, 0xc7, 0xc4, 0x7b, 0x85, 0xfe, 0x4b,
	0x07, 0xbc, 0x4f, 0x03, 0x4e, 0x00, 0x00, 0x74, 0xc2, 0x54, 0x7f, 0x4b, 0x4c, 0xb5, 0x45, 0xb4, 0x9b, 0xc7, 0xb4, 0x9f, 0x46, 0x1c, 0x00, 0x00,
	0x7b, 0xc3, 0x44, 0x7f, 0xc7, 0xc4, 0x7b, 0xc5, 0xb0, 0x4d, 0xc7, 0xfc, 0x49, 0x03, 0x7e, 0x00, 0x00, 0x77, 0x06, 0x18, 0x76, 0xc7, 0x44, 0x6b,
	0xa5, 0x28, 0x57, 0xc7, 0x28, 0x54, 0xc2, 0x4c, 0x00, 0x00, 0x72, 0x06, 0x7c, 0x79, 0x47, 0x7c, 0x79, 0x45, 0x7c, 0x55, 0xc7, 0x5c, 0x55, 0x22,
	0x9c, 0x00, 0x00, 0x2f, 0xc6, 0xa4, 0x2f, 0xc6, 0x44, 0x21, 0x87, 0xfc, 0x7f, 0xc7, 0x3c, 0x7f, 0xc7, 0xfc, 0x00, 0x00, 0x71, 0x06, 0x6c, 0x76,
	0x4f, 0x7c, 0xf2, 0x85, 0x7c, 0x97, 0x47, 0x6c, 0x92, 0xc6, 0x72, 0x00, 0x00, 0x00, 0xc3, 0xf0, 0x24, 0x81, 0x50, 0x04, 0x07, 0xfc, 0x15, 0x02,
	0x48, 0x44, 0x40, 0x40, 0x00, 0x00, 0x00, 0xc7, 0xf0, 0x24, 0x82, 0x48, 0x04, 0x07, 0xfc, 0x0e, 0x01, 0x50, 0x64, 0xc0, 0x40, 0x00, 0x00, 0x18,
	0x06, 0x7c, 0x6c, 0x46, 0x44, 0x7f, 0xc3, 0x48, 0x6c, 0x86, 0xc8, 0x24, 0x42, 0x00, 0x00, 0x00, 0x3f, 0x84, 0x44, 0x44, 0x47, 0xfc, 0x44, 0x43,
	0xf8, 0x04, 0x03, 0xf8, 0x04, 0x07, 0xfc, 0x00, 0x00, 0x01, 0xc3, 0xe0, 0x7f, 0xc3, 0xf8, 0x44, 0x87, 0xf8, 0x3f, 0x87, 0xfc, 0x04, 0x07, 0xfc,
	0x00, 0x00, 0x7b, 0xc5, 0x44, 0x7e, 0x85, 0x58, 0x57, 0xe3, 0x94, 0x7d, 0x41, 0x10, 0x1d, 0x06, 0x30, 0x00, 0x00, 0x3f, 0x87, 0xfc, 0x7f, 0xc7,
	0xfc, 0x3f, 0x84, 0x48, 0x7f, 0x83, 0xf0, 0x3f, 0x87, 0xfc, 0x00, 0x00, 0x04, 0x01, 0xb0, 0x60, 0xc1, 0xf0, 0x04, 0x07, 0xfc, 0x24, 0x81, 0x50,
	0x04, 0x07, 0xfc, 0x00, 0x00, 0x30, 0x04, 0xbc, 0xf8, 0x81, 0x08, 0x78, 0x81, 0x08, 0x58, 0x85, 0x88, 0x18, 0x86, 0x38, 0x00, 0x00, 0x0b, 0x03,
	0x0c, 0x4a, 0x00, 0xe0, 0x71, 0xc1, 0xf0, 0x7f, 0xc2, 0x48, 0x15, 0x07, 0xfc, 0x00, 0x00, 0x30, 0x84, 0x88, 0xf8, 0x81, 0x08, 0x7b, 0xc1, 0x08,
	0x58, 0x85, 0x88, 0x18, 0x86, 0x08, 0x00, 0x00, 0x32, 0x04, 0xbc, 0xfc, 0x42, 0x44, 0x79, 0x42, 0x14, 0x68, 0x46, 0x04, 0x18, 0x46, 0x1c, 0x00,
	0x00, 0x30, 0x04, 0xbc, 0xfa, 0x41, 0x24, 0x7a, 0x41, 0x24, 0x5a, 0x45, 0xa4, 0x1b, 0xc6, 0x20, 0x00, 0x00, 0x20, 0x05, 0xd4, 0xfd, 0x42, 0x54,
	0x7d, 0x42, 0x54, 0x75, 0x46, 0x54, 0x3d, 0x44, 0x04, 0x00, 0x00, 0x21, 0x05, 0xbc, 0xf1, 0x02, 0x54, 0x7d, 0x42, 0x54, 0x77, 0xc6, 0x52, 0x39,
	0x24, 0x1c, 0x00, 0x00, 0x32, 0x04, 0xbc, 0xfc, 0x42, 0x64, 0x7a, 0x42, 0x2c, 0x6b, 0xc6, 0x44, 0x18, 0x46, 0x1c, 0x00, 0x00, 0x31, 0x04, 0xa8,
	0xfc, 0x42, 0x3a, 0x78, 0x02, 0x7c, 0x69, 0x46, 0x14, 0x19, 0xc6, 0x10, 0x00, 0x00, 0x21, 0x05, 0x10, 0xf7, 0xc2, 0x10, 0x71, 0x02, 0x6c, 0x74,
	0x46, 0x44, 0x37, 0xc4, 0x44, 0x00, 0x00, 0x33, 0x04, 0xbc, 0xfd, 0x02, 0x50, 0x7f, 0xc2, 0x10, 0x69, 0x86, 0x28, 0x3e, 0x44, 0x00, 0x00, 0x00,
	0x30, 0x84, 0xa8, 0xfa, 0x42, 0x44, 0x78, 0x02, 0x3c, 0x6c, 0x46, 0x44, 0x1c, 0x46, 0x3c, 0x00, 0x00, 0x21, 0x05, 0x90, 0xf7, 0xe2, 0x18, 0x7b,
	0x82, 0x34, 0x75, 0x46, 0x7e, 0x39, 0x04, 0x10, 0x00, 0x00, 0x20, 0x05, 0xfc, 0xf1, 0x02, 0x50, 0x7d, 0xc2, 0x50, 0x75, 0x06, 0x50, 0x35, 0x04,
	0xfc, 0x00, 0x00, 0x21, 0x05, 0xfe, 0xf4, 0x02, 0x50, 0x7d, 0x02, 0x50, 0x76, 0x46, 0x64, 0x3a, 0xc4, 0x92, 0x00, 0x00, 0x31, 0x04, 0xa4, 0xf3,
	0xc2, 0x48, 0x7c, 0x82, 0x7c, 0x74, 0x86, 0x7e, 0x30, 0x84, 0x08, 0x00, 0x00, 0x33, 0xc4, 0xc4, 0xff, 0xc2, 0x44, 0x7f, 0xc2, 0x50, 0x6d, 0x46,
	0x48, 0x3c, 0x44, 0xf2, 0x00, 0x00, 0x31, 0x04, 0xfc, 0xf2, 0x82, 0x24, 0x77, 0xc2, 0x28, 0x72, 0x86, 0x4a, 0x3c, 0xa4, 0x8c, 0x00, 0x00, 0x27,
	0xc5, 0x84, 0xfb, 0xc2, 0x84, 0x7b, 0xc2, 0xac, 0x7a, 0xc7, 0xbc, 0x3a, 0x44, 0x0c, 0x00, 0x00, 0x33, 0x04, 0xbc, 0xf5, 0x02, 0x50, 0x7f, 0xc2,
	0x28, 0x72, 0x86, 0x2a, 0x34, 0xa4, 0x8c, 0x00, 0x00, 0x31, 0x04, 0xbc, 0xfc, 0x42, 0x18, 0x79, 0x82, 0x3c, 0x6e, 0x46, 0x24, 0x1a, 0x46, 0x38,
	0x00, 0x00, 0x22, 0x85, 0x28, 0xf6, 0xc2, 0x68, 0x72, 0x82, 0x6c, 0x7a, 0xa7, 0x2a, 0x34, 0xa4, 0x8c, 0x00, 0x00, 0x30, 0xc4, 0xfc, 0xf1, 0x02,
	0x7c, 0x79, 0x02, 0x7c, 0x71, 0x46, 0x18, 0x32, 0xa4, 0xc4, 0x00, 0x00, 0x22, 0x05, 0x5c, 0xf7, 0x82, 0x38, 0x75, 0x62, 0x7c, 0x77, 0xc7, 0x10,
	0x37, 0xe4, 0x10, 0x00, 0x00, 0x20, 0x85, 0xe8, 0xfb, 0xc2, 0xea, 0x7a, 0xa2, 0xac, 0xbf, 0x46, 0xb4, 0x3f, 0x4c, 0x0c, 0x00, 0x00, 0x21, 0x45,
	0xfe, 0xf1, 0x02, 0xfc, 0x79, 0x42, 0xfc, 0x79, 0x47, 0xfc, 0x39, 0x44, 0x1c, 0x00, 0x00, 0x20, 0x45, 0xa8, 0xf7, 0xc2, 0x44, 0x7c, 0x42, 0x7c,
	0x72, 0x86, 0x2a, 0x3c, 0xa4, 0x8c, 0x00, 0x00, 0x20, 0x45, 0x78, 0xf4, 0x02, 0x7c, 0x74, 0x82, 0x48, 0x6f, 0xe6, 0x28, 0x34, 0x44, 0x80, 0x00,
	0x00, 0x22, 0x05, 0x7c, 0xf7, 0xc2, 0x20, 0x7f, 0xe2, 0x24, 0x7f, 0xe7, 0x64, 0x39, 0x44, 0x1c, 0x00, 0x00, 0x27, 0xc5, 0x44, 0xf7, 0xc2, 0x50,
	0x77, 0xe2, 0x50, 0x7b, 0xc7, 0xc4, 0x3c, 0x44, 0xbc, 0x00, 0x00, 0x27, 0xc5, 0xaa, 0xfa, 0xa2, 0xba, 0x79, 0x22, 0xba, 0xbb, 0xa7, 0xba, 0x3a,
	0x2c, 0x0c, 0x00, 0x00, 0x21, 0x05, 0xfc, 0xf7, 0xc2, 0x7c, 0x70, 0x02, 0x7c, 0x77, 0xc6, 0x44, 0x3f, 0xc4, 0x0c, 0x00, 0x00, 0x22, 0x85, 0xfc,
	0xf4, 0x82, 0xc8, 0x7f, 0xc2, 0x48, 0x77, 0xc6, 0x48, 0x3c, 0x84, 0x74, 0x00, 0x00, 0x20, 0xc5, 0xf0, 0xf1, 0x02, 0xfc, 0x79, 0x42, 0xfc, 0xb9,
	0x47, 0xfc, 0x31, 0x0c, 0xfe, 0x00, 0x00, 0x21, 0x05, 0xfc, 0xf4, 0x42, 0x38, 0x71, 0x02, 0x5c, 0x75, 0x06, 0x70, 0x3f, 0x04, 0x0e, 0x00, 0x00,
	0x21, 0x05, 0x7c, 0xf4, 0x42, 0x7c, 0x77, 0xc2, 0x10, 0x77, 0xc6, 0x54, 0x35, 0x04, 0x14, 0x00, 0x00, 0x24, 0x85, 0xfe, 0xf4, 0x82, 0x7c, 0x79,
	0x42, 0x94, 0x77, 0xc7, 0x94, 0x39, 0x44, 0x68, 0x00, 0x00, 0x27, 0xc5, 0x44, 0xf7, 0xc2, 0x44, 0x73, 0x82, 0x3c, 0x75, 0xc6, 0x2c, 0x3d, 0x44,
	0x2c, 0x00, 0x00, 0x21, 0x05, 0xfc, 0xf7, 0xc2, 0x94, 0x77, 0xc2, 0x94, 0x77, 0x87, 0x38, 0x35, 0x44, 0x10, 0x00, 0x00, 0x24, 0x85, 0xfc, 0xf4,
	0x82, 0x48, 0x73, 0x42, 0x7c, 0x74, 0x46, 0x7c, 0x3c, 0x44, 0x7c, 0x00, 0x00, 0x27, 0x85, 0x84, 0xf7, 0xc2, 0x04, 0x77, 0xc2, 0x54, 0x75, 0xc6,
	0x38, 0x3d, 0x44, 0xb0, 0x00, 0x00, 0x27, 0xc5, 0x44, 0xf5, 0xc2, 0x54, 0x77, 0xe2, 0x9a, 0x7a, 0xa7, 0xaa, 0x3b, 0x24, 0x0c, 0x00, 0x00, 0x21,
	0x05, 0x7c, 0xf7, 0xc2, 0xa4, 0x7b, 0xc2, 0x80, 0x7b, 0xc7, 0xa8, 0x39, 0x84, 0xe6, 0x00, 0x00, 0x26, 0xc5, 0x6c, 0xf6, 0xc2, 0x00, 0x77, 0xc2,
	0x7e, 0x74, 0x07, 0x7c, 0x34, 0x44, 0x1c, 0x00, 0x00, 0x22, 0x85, 0x54, 0xf9, 0x62, 0xf6, 0x78, 0x02, 0xec, 0x79, 0x47, 0xe8, 0x39, 0xc4, 0x22,
	0x00, 0x00, 0x22, 0x85, 0xc8, 0xf5, 0xa2, 0xfc, 0x75, 0xc2, 0xe8, 0xbc, 0xc6, 0x54, 0x35, 0x44, 0x42, 0x00, 0x00, 0x20, 0x85, 0xdc, 0xfb, 0xe2,
	0x8c, 0x7f, 0xc2, 0xfc, 0xbc, 0x86, 0xbe, 0x3c, 0x84, 0xbe, 0x00, 0x00, 0x20, 0xc5, 0x70, 0xf7, 0xe2, 0x7c, 0x79, 0x42, 0xfc, 0x77, 0xc7, 0x7c,
	0x31, 0x04, 0xfe, 0x00, 0x00, 0x24, 0x85, 0xfc, 0xff, 0xc2, 0x54, 0x7f, 0xe2, 0x54, 0xbf, 0xc6, 0x58, 0x3d, 0x45, 0x52, 0x00, 0x00, 0x25, 0x05,
	0xd4, 0xf1, 0x02, 0x6c, 0x7f, 0xc2, 0x44, 0x77, 0xc6, 0x7c, 0x3a, 0x84, 0xc6, 0x00, 0x00, 0x21, 0x85, 0x7c, 0xff, 0xe2, 0x44, 0x77, 0xc2, 0x7c,
	0x74, 0x07, 0x7c, 0x3c, 0x44, 0x7c, 0x00, 0x00, 0x20, 0x85, 0xbc, 0xf6, 0x42, 0x3c, 0x7a, 0x02, 0xbc, 0xba, 0x46, 0xbc, 0x3c, 0x04, 0x3e, 0x00,
	0x00, 0x21, 0x05, 0x54, 0xf7, 0xc2, 0xfe, 0x70, 0x02, 0x7c, 0x74, 0x47, 0x7c, 0x32, 0x84, 0xfe, 0x00, 0x00, 0x21, 0x05, 0xfc, 0xf7, 0xc2, 0x7c,
	0x7c, 0x42, 0x7c, 0x77, 0xc6, 0xfe, 0x3a, 0x84, 0xc6, 0x00, 0x00, 0x21, 0x05, 0x6c, 0xf2, 0x82, 0xd4, 0x7b, 0xc2, 0x94, 0x7a, 0xc7, 0xac, 0x3b,
	0xc4, 0x0c, 0x00, 0x00, 0x21, 0x05, 0xfc, 0xf2, 0x82, 0x54, 0x7f, 0xc2, 0x7c, 0x74, 0x46, 0x38, 0x3e, 0xa4, 0x8c, 0x00, 0x00, 0x21, 0x05, 0x7c,
	0xf2, 0x82, 0x54, 0x77, 0xc2, 0x7c, 0x77, 0xc7, 0x10, 0x37, 0xc4, 0xfe, 0x00, 0x00, 0x26, 0x05, 0x18, 0xfe, 0xc2, 0x7c, 0x78, 0x62, 0x7c, 0x74,
	0x47, 0x78, 0x32, 0x84, 0xfc, 0x00, 0x00, 0x27, 0xc5, 0xac, 0xf7, 0xc2, 0x7c, 0x71, 0x02, 0x6c, 0x72, 0x87, 0x54, 0x37, 0xc4, 0x10, 0x00, 0x00,
	0x2e, 0x85, 0xce, 0xff, 0x02, 0xe0, 0x7c, 0xc2, 0xa0, 0xb7, 0xc6, 0xb4, 0x3b, 0x44, 0xfe, 0x00, 0x00, 0x20, 0x05, 0xbc, 0xf3, 0xc2, 0x7e, 0x7b,
	0xc2, 0xbc, 0xbb, 0xc6, 0xa4, 0x3d, 0x84, 0x3e, 0x00, 0x00, 0x3f, 0x82, 0x00, 0x3f, 0x83, 0xf8, 0x20, 0x07, 0xfc, 0x24, 0x02, 0x38, 0x25, 0x87,
	0x84, 0x00, 0x00, 0x7b, 0xc4, 0xa4, 0x7b, 0xc4, 0xa4, 0x7b, 0xc4, 0x04, 0x40, 0x44, 0x04, 0x40, 0x44, 0x1c, 0x00, 0x00, 0x7b, 0xc4, 0xa4, 0x7b,
	0xc4, 0xa4, 0x71, 0xc4, 0x44, 0x44, 0x44, 0xa4, 0x51, 0x44, 0x0c, 0x00, 0x00, 0x7b, 0xc4, 0xa4, 0x7b, 0xc4, 0xa4, 0x71, 0xc5, 0xf4, 0x46, 0x44,
	0xa4, 0x52, 0x44, 0x6c, 0x00, 0x00, 0x7b, 0xc4, 0xa4, 0x7b, 0xc4, 0xa4, 0x71, 0xc5, 0xf4, 0x4a, 0x45, 0xf4, 0x52, 0x44, 0x2c, 0x00, 0x00, 0x7b,
	0xc4, 0xa4, 0x7b, 0xc4, 0xa4, 0x71, 0xc5, 0xf4, 0x5f, 0x44, 0x44, 0x5f, 0x44, 0x1c, 0x00, 0x00, 0x7b, 0xc4, 0xa4, 0x7b, 0xc4, 0xa4, 0x71, 0xc5,
	0xf4, 0x4e, 0x44, 0xd4, 0x74, 0x44, 0x0c, 0x00, 0x00, 0x7b, 0xc4, 0xa4, 0x7b, 0xc4, 0xa4, 0x71, 0xc5, 0xf4, 0x51, 0x45, 0xf4, 0x5f, 0x45, 0x1c,
	0x00, 0x00, 0x7b, 0xc4, 0xa4, 0x7b, 0xc4, 0xa4, 0x71, 0xc5, 0xf4, 0x44, 0x45, 0xf4, 0x4a, 0x45, 0x1c, 0x00, 0x00, 0x7b, 0xc4, 0xa4, 0x7b, 0xc4,
	0xa4, 0x79, 0xc5, 0xe4, 0x4e, 0x45, 0xf4, 0x51, 0x45, 0xec, 0x00, 0x00, 0x7b, 0xc4, 0xa4, 0x7b, 0xc4, 0xa4, 0x75, 0xc5, 0xb4, 0x6e, 0xc5, 0xf4,
	0x51, 0x45, 0xec, 0x00, 0x00, 0x7b, 0xc4, 0xa4, 0x7b, 0xc7, 0xbc, 0x45, 0x45, 0x5c, 0x77, 0x45, 0x34, 0x55, 0xc4, 0x0c, 0x00, 0x00, 0x7b, 0xc4,
	0xa4, 0x7b, 0xc4, 0xa4, 0x71, 0xc5, 0xf4, 0x51, 0x44, 0xe4, 0x53, 0x46, 0x0c, 0x00, 0x00, 0x7b, 0xc4, 0xa4, 0x7b, 0xc7, 0xbc, 0x44, 0x45, 0xb4,
	0x55, 0x45, 0xf4, 0x5f, 0x45, 0xec, 0x00, 0x00, 0x7b, 0xc4, 0xa4, 0x7b, 0xc7, 0xbc, 0x78, 0x45, 0xbc, 0x6b, 0x45, 0x14, 0x4f, 0x45, 0x0c, 0x00,
	0x00, 0x08, 0x07, 0xf8, 0x40, 0x87, 0xf0, 0x7f, 0xc4, 0x04, 0x3f, 0xc0, 0x40, 0x7f, 0xc0, 0x40, 0x00, 0x00, 0x77, 0xc5, 0x80, 0x58, 0x06, 0x7c,
	0x5a, 0x45, 0xa8, 0x59, 0x87, 0x90, 0x4a, 0xc4, 0x40, 0x00, 0x00, 0x72, 0x05, 0x20, 0x5d, 0xc6, 0x40, 0x57, 0xc5, 0x44, 0x54, 0x47, 0x44, 0x48,
	0x45, 0x18, 0x00, 0x00, 0x77, 0xc5, 0x44, 0x54, 0x46, 0x7c, 0x54, 0x45, 0x44, 0x57, 0xc7, 0x44, 0x44, 0x44, 0xfe, 0x00, 0x00, 0x77, 0xc5, 0x04,
	0x60, 0x46, 0xf4, 0x69, 0x46, 0x94, 0x5f, 0x46, 0x84, 0x40, 0x44, 0x1c, 0x00, 0x00, 0x71, 0x05, 0xfc, 0x58, 0x46, 0x44, 0x64, 0x85, 0x70, 0x54,
	0x06, 0x44, 0x44, 0x44, 0x7c, 0x00, 0x00, 0x74, 0x45, 0x44, 0x6b, 0xc6, 0x84, 0x6a, 0x45, 0x94, 0x59, 0x46, 0x84, 0x48, 0x44, 0x9c, 0x00, 0x00,
	0x72, 0x05, 0x5c, 0x5a, 0x86, 0x30, 0x6c, 0xe5, 0xfc, 0x55, 0x06, 0x50, 0x4b, 0xc4, 0x10, 0x00, 0x00, 0x77, 0xc5, 0x44, 0x57, 0xc6, 0x44, 0x54,
	0x45, 0x78, 0x55, 0x47, 0x48, 0x45, 0xc4, 0xe0, 0x00, 0x00, 0x79, 0x05, 0x94, 0x6d, 0x86, 0x94, 0x6f, 0xc5, 0x00, 0x5f, 0xc6, 0x20, 0x42, 0x05,
	0xfc, 0x00, 0x00, 0x72, 0x05, 0xfc, 0x58, 0x46, 0x78, 0x60, 0x05, 0xfc, 0x55, 0x06, 0x50, 0x4d, 0x45, 0x0c, 0x00, 0x00, 0x70, 0x05, 0xfe, 0x62,
	0x06, 0xfc, 0x6f, 0xc5, 0xa4, 0x5f, 0xc6, 0x20, 0x5f, 0xe4, 0x20, 0x00, 0x00, 0x73, 0x05, 0x48, 0x58, 0x46, 0x78, 0x62, 0x05, 0xfc, 0x56, 0x86,
	0xa4, 0x52, 0x44, 0x60, 0x00, 0x00, 0x72, 0x05, 0x5c, 0x5c, 0x86, 0x08, 0x6b, 0x45, 0xa4, 0x5b, 0xc6, 0xa4, 0x4a, 0x44, 0xbc, 0x00, 0x00, 0x71,
	0x05, 0xfc, 0x64, 0x86, 0x48, 0x6f, 0xe5, 0x00, 0x5f, 0xc6, 0x84, 0x48, 0x44, 0xfc, 0x00, 0x00, 0x73, 0x05, 0x48, 0x6f, 0xc6, 0xfc, 0x60, 0x85,
	0xfc, 0x50, 0x06, 0xfc, 0x44, 0x45, 0xfc, 0x00, 0x00, 0x71, 0x05, 0xfc, 0x6f, 0xc6, 0x94, 0x6f, 0xc5, 0x94, 0x57, 0x86, 0x58, 0x49, 0x44, 0x10,
	0x00, 0x00, 0x72, 0x05, 0x7c, 0x6f, 0xc6, 0x50, 0x65, 0x45, 0xc8, 0x5f, 0xc6, 0x28, 0x43, 0x85, 0xc6, 0x00, 0x00, 0x70, 0x05, 0xfc, 0x74, 0x46,
	0xb4, 0x62, 0x46, 0xf4, 0x6a, 0xc6, 0xfc, 0x48, 0x40, 0x1c, 0x00, 0x00, 0x72, 0x05, 0xfc, 0x62, 0x06, 0xfc, 0x65, 0x45, 0x8c, 0x52, 0x06, 0x7c,
	0x42, 0x05, 0xfc, 0x00, 0x00, 0x73, 0x05, 0x48, 0x5f, 0xe6, 0x20, 0x6f, 0xc5, 0xa4, 0x5f, 0xc6, 0x30, 0x44, 0x85, 0x86, 0x00, 0x00, 0x77, 0xc5,
	0x84, 0x6f, 0xc6, 0xfc, 0x6f, 0xc5, 0x40, 0x5b, 0xc6, 0x54, 0x49, 0x44, 0x6c, 0x00, 0x00, 0x77, 0xc5, 0xa4, 0x6f, 0xc6, 0xa4, 0x65, 0x85, 0xfc,
	0x52, 0xc7, 0x1c, 0x56, 0x44, 0x0c, 0x00, 0x00, 0x72, 0x05, 0x5c, 0x5a, 0x86, 0x30, 0x6d, 0xe5, 0x7c, 0x59, 0x06, 0x7c, 0x41, 0x05, 0xfe, 0x00,
	0x00, 0x77, 0xc5, 0x94, 0x6f, 0xc6, 0x94, 0x67, 0xc5, 0xfe, 0x59, 0x46, 0x98, 0x49, 0x85, 0xe6, 0x00, 0x00, 0x74, 0x85, 0x48, 0x6b, 0x46, 0xf0,
	0x73, 0x45, 0x58, 0x5b, 0x86, 0x54, 0x59, 0x20, 0x70, 0x00, 0x00, 0x79, 0x05, 0xfc, 0x69, 0x06, 0xb4, 0x6e, 0x85, 0xfc, 0x58, 0x46, 0xfc, 0x48,
	0x44, 0xfc, 0x00, 0x00, 0x71, 0x05, 0xbc, 0x62, 0x06, 0x3c, 0x7f, 0xc6, 0xa4, 0x6b, 0xc6, 0xa4, 0x5e, 0xc1, 0x3e, 0x00, 0x00, 0x7f, 0xc5, 0x00,
	0x6f, 0xc6, 0xfc, 0x60, 0x05, 0xfc, 0x55, 0xc7, 0x7c, 0x52, 0x44, 0x0c, 0x00, 0x00, 0x70, 0x05, 0xa4, 0x52, 0x26, 0xfc, 0x68, 0x45, 0xfc, 0x5f,
	0xc6, 0xa8, 0x5a, 0x44, 0x60, 0x00, 0x00, 0x78, 0x05, 0xfc, 0x77, 0x47, 0x48, 0x6f, 0xc5, 0x02, 0x6f, 0xc6, 0xa8, 0x5a, 0x40, 0x60, 0x00, 0x00,
	0x72, 0x05, 0xfc, 0x64, 0x86, 0xb4, 0x6f, 0xc5, 0xfc, 0x58, 0x46, 0x78, 0x5f, 0xc4, 0x00, 0x00, 0x00, 0x70, 0xc5, 0xf4, 0x6a, 0x46, 0xfc, 0x60,
	0x46, 0xfc, 0x6f, 0xc7, 0x24, 0x58, 0xc0, 0x7a, 0x00, 0x00, 0x79, 0x45, 0x54, 0x6f, 0xe6, 0x58, 0x79, 0x66, 0xfc, 0x5b, 0x46, 0x54, 0x45, 0xe1,
	0x84, 0x00, 0x00, 0x21, 0x07, 0xbc, 0x21, 0x45, 0x3c, 0x7f, 0xc7, 0xd0, 0x23, 0xc6, 0xb8, 0xa5, 0x42, 0x30, 0x00, 0x00, 0x22, 0x07, 0xfc, 0x7f,
	0x84, 0x40, 0x7f, 0x83, 0xfc, 0x7f, 0x81, 0x18, 0x0e, 0x07, 0x1c, 0x00, 0x00, 0x22, 0x07, 0xfc, 0x44, 0x07, 0xf8, 0x3f, 0x84, 0x40, 0x3f, 0x87,
	0xfc, 0x04, 0x00, 0x40, 0x00, 0x00, 0x04, 0x82, 0x4c, 0x45, 0x40, 0xe0, 0x39, 0x0e, 0xe8, 0x3f, 0xc3, 0xfc, 0x22, 0x03, 0xfc, 0x00, 0x00, 0x3f,
	0xc4, 0x08, 0x54, 0x85, 0x74, 0x7d, 0x07, 0x7c, 0x55, 0x05, 0x7c, 0x95, 0x01, 0x7c, 0x00, 0x00, 0x22, 0x82, 0x7c, 0x74, 0x85, 0xc8, 0x57, 0xc6,
	0x48, 0x6f, 0xc6, 0xc8, 0xbc, 0x80, 0x74, 0x00, 0x00, 0x02, 0x87, 0x7c, 0x54, 0x85, 0xc8, 0xff, 0xc3, 0x48, 0x37, 0xc5, 0x48, 0x14, 0x83, 0x74,
	0x00, 0x00, 0x20, 0x07, 0xfc, 0x7f, 0x84, 0x40, 0x7f, 0x83, 0xfc, 0x04, 0x07, 0xfc, 0x35, 0x84, 0x44, 0x00, 0x00, 0x7f, 0xc0, 0x00, 0x7f, 0xc3,
	0xfc, 0x51, 0x05, 0xec, 0x7f, 0xc5, 0x20, 0x5f, 0x81, 0xfc, 0x00, 0x00, 0x32, 0x83, 0x3c, 0x3e, 0x8b, 0xe8, 0xb3, 0xcb, 0x28, 0xb3, 0xcb, 0xa8,
	0xba, 0x8c, 0x34, 0x00, 0x00, 0x22, 0x87, 0x3c, 0x34, 0x85, 0x48, 0x6f, 0xc7, 0xc8, 0x37, 0xc6, 0xc8, 0xa4, 0x82, 0x74, 0x00, 0x00, 0x42, 0x87,
	0xbc, 0xfa, 0x87, 0xe8, 0x5b, 0xc7, 0xa8, 0x6b, 0xc7, 0xa8, 0x2a, 0x85, 0xb4, 0x00, 0x00, 0x12, 0x47, 0xfc, 0x7a, 0x87, 0x68, 0x7b, 0xc7, 0xa8,
	0x67, 0xc6, 0xe8, 0x5e, 0x81, 0xb4, 0x00, 0x00, 0x4a, 0x47, 0xfc, 0x7a, 0x85, 0x68, 0x7b, 0xc7, 0xe8, 0x13, 0xc7, 0xa8, 0x2a, 0x84, 0x34, 0x00,
	0x00, 0x7f, 0xc0, 0x40, 0x7f, 0xc4, 0x44, 0x55, 0x44, 0x44, 0x65, 0x45, 0x4c, 0x44, 0x44, 0x1c, 0x00, 0x00, 0x7f, 0xc0, 0x40, 0x7f, 0xc7, 0x5c,
	0x3f, 0x80, 0x00, 0x3f, 0xc3, 0xfc, 0x00, 0x43, 0xfc, 0x00, 0x00, 0x7f, 0xc0, 0x40, 0x7f, 0xc7, 0x5c, 0x3f, 0x87, 0xfc, 0x04, 0x00, 0x70, 0x04,
	0x80, 0x40, 0x00, 0x00, 0x7f, 0xc0, 0x40, 0x7f, 0xc7, 0x5c, 0x3f, 0x81, 0x10, 0x7f, 0xc0, 0x88, 0x10, 0x86, 0x70, 0x00, 0x00, 0x7f, 0xc0, 0x40,
	0x7f, 0xc7, 0x5c, 0x3f, 0x83, 0xf8, 0x00, 0x07, 0xfc, 0x10, 0x87, 0xf4, 0x00, 0x00, 0x7f, 0xc0, 0x40, 0x7f, 0xc5, 0x54, 0x1f, 0x03, 0x18, 0x4e,
	0x47, 0xfc, 0x08, 0x40, 0x98, 0x00, 0x00, 0x7f, 0xc0, 0x40, 0x7f, 0xc7, 0x5c, 0x3f, 0x80, 0x00, 0x7f, 0xc7, 0xfc, 0x44, 0x47, 0xbc, 0x00, 0x00,
	0x7f, 0xc0, 0x40, 0x7f, 0xc5, 0x54, 0x15, 0x07, 0xfc, 0x7f, 0xc4, 0x44, 0x7f, 0xc0, 0x7c, 0x00, 0x00, 0x7f, 0xc0, 0x40, 0x7f, 0xc5, 0x54, 0x15,
	0x07, 0xfc, 0x7f, 0xc4, 0xa4, 0x4a, 0x44, 0xac, 0x00, 0x00, 0x7f, 0xc0, 0x40, 0x7f, 0xc5, 0x54, 0x11, 0x07, 0xfc, 0x5f, 0x87, 0xfc, 0x53, 0x83,
	0xcc, 0x00, 0x00, 0x7f, 0xc0, 0x40, 0x7f, 0xc5, 0x54, 0x15, 0x03, 0xf8, 0x7f, 0xc0, 0xa0, 0x2a, 0x87, 0xfc, 0x00, 0x00, 0x7f, 0xc0, 0x40, 0x7f,
	0xc5, 0x54, 0x15, 0x07, 0xfc, 0x37, 0xc6, 0xc4, 0xa7, 0xc0, 0x7c, 0x00, 0x00, 0x7f, 0xc0, 0x40, 0x7f, 0xc5, 0x54, 0x11, 0x07, 0xbc, 0x7b, 0x87,
	0xbc, 0x41, 0x87, 0xe4, 0x00, 0x00, 0x7f, 0xc0, 0x40, 0x7f, 0xc5, 0x54, 0x13, 0x07, 0xfc, 0x7b, 0x82, 0xfc, 0x62, 0x46, 0xdc, 0x00, 0x00, 0x7f,
	0xc0, 0x40, 0x7f, 0xc5, 0x54, 0x13, 0x07, 0xfc, 0x79, 0x85, 0xfe, 0x5a, 0x46, 0x3c, 0x00, 0x00, 0x04, 0x07, 0xfc, 0x7f, 0xc7, 0xfc, 0x00, 0x03,
	0xf8, 0x3f, 0x83, 0xf8, 0x20, 0x82, 0x38, 0x00, 0x00, 0x21, 0x02, 0x7c, 0x7f, 0xc5, 0xfc, 0x50, 0x05, 0xfc, 0x6f, 0xc2, 0x84, 0x7f, 0xc0, 0x8c,
	0x00, 0x00, 0x21, 0x07, 0xac, 0x7f, 0xc7, 0x94, 0x07, 0xe7, 0x94, 0x7b, 0xc7, 0x90, 0x49, 0x05, 0xb0, 0x00, 0x00, 0x0a, 0x00, 0xa0, 0x7b, 0xc0,
	0xa0, 0x7b, 0xc0, 0xa0, 0x3a, 0x05, 0x3c, 0x32, 0x06, 0x20, 0x00, 0x00, 0x7f, 0xc0, 0x40, 0x04, 0x07, 0xbc, 0x51, 0x45, 0xf4, 0x51, 0x45, 0xf4,
	0x51, 0x46, 0xec, 0x00, 0x00, 0x11, 0x07, 0xfc, 0x11, 0x00, 0xe0, 0x3f, 0x84, 0x48, 0x3f, 0x80, 0x40, 0x7f, 0xc0, 0x40, 0x00, 0x00, 0x40, 0x0f,
	0xbc, 0x51, 0x42, 0x64, 0x7a, 0x46, 0xb4, 0x7a, 0xc2, 0x24, 0x7c, 0x42, 0x4c, 0x00, 0x00, 0x42, 0x8f, 0xa8, 0x52, 0xc2, 0x6c, 0x7e, 0x86, 0xa8,
	0x7a, 0xa2, 0x2a, 0x7a, 0xa2, 0x2c, 0x00, 0x00, 0x42, 0x0f, 0xbc, 0x54, 0x42, 0x7c, 0x78, 0xc6, 0xbc, 0x7c, 0xc2, 0x42, 0x7c, 0x22, 0x3c, 0x00,
	0x00, 0x41, 0x0f, 0xfc, 0x55, 0x22, 0x20, 0x7f, 0xca, 0xa4, 0x7e, 0x82, 0x18, 0x73, 0x42, 0x40, 0x00, 0x00, 0x45, 0x0f, 0xd4, 0x53, 0x42, 0x7c,
	0x7c, 0x4a, 0xfc, 0x7c, 0x42, 0x7c, 0x74, 0x42, 0x4c, 0x00, 0x00, 0x42, 0x0f, 0xfc, 0x55, 0x42, 0x5c, 0x79, 0x4a, 0xfc, 0x7b, 0x42, 0x5c, 0x75,
	0x42, 0x1c, 0x00, 0x00, 0x57, 0xcf, 0x48, 0x5b, 0xc2, 0xac, 0x7b, 0xcb, 0xbc, 0x7a, 0x82, 0x90, 0x79, 0x82, 0x26, 0x00, 0x00, 0x21, 0x07, 0xac,
	0x27, 0xc5, 0x80, 0x7f, 0xc4, 0xfc, 0x7b, 0xc2, 0x48, 0x7f, 0xe2, 0x08, 0x00, 0x00, 0x11, 0x07, 0xfc, 0x0a, 0x07, 0xbc, 0x0a, 0x07, 0xbc, 0x0a,
	0x07, 0xbc, 0x0a, 0x07, 0xfc, 0x00, 0x00, 0x04, 0x07, 0xfc, 0x11, 0x07, 0xfc, 0x00, 0x03, 0xf8, 0x20, 0x83, 0xf8, 0x20, 0x83, 0xf8, 0x00, 0x00,
	0x23, 0xc7, 0xc4, 0x53, 0xc7, 0xfc, 0x04, 0x47, 0xfc, 0x4f, 0xc7, 0xfc, 0x4a, 0x87, 0xc6, 0x00, 0x00, 0x2e, 0xe6, 0xf4, 0x5f, 0x42, 0xb2, 0x44,
	0x43, 0xbc, 0x7f, 0xc3, 0xf8, 0x3f, 0x83, 0xf8, 0x00, 0x00, 0x7f, 0xc0, 0x40, 0x3f, 0x84, 0x08, 0x7f, 0x83, 0xf8, 0x40, 0x83, 0xf8, 0x1b, 0x06,
	0x0c, 0x00, 0x00, 0x0f, 0xc6, 0x20, 0x2f, 0xc2, 0x84, 0x2f, 0xc2, 0xfc, 0x28, 0x42, 0xfc, 0x24, 0x85, 0x86, 0x00, 0x00, 0x0f, 0xc4, 0x20, 0x5f,
	0xc6, 0x84, 0x4f, 0xc5, 0xfc, 0x58, 0x45, 0xfc, 0x24, 0x81, 0x86, 0x00, 0x00, 0x0f, 0xcf, 0x20, 0x2f, 0xc2, 0x84, 0x2f, 0xc2, 0xfc, 0x28, 0x46,
	0xfc, 0x04, 0x81, 0x86, 0x00, 0x00, 0x0f, 0xc6, 0x90, 0x6f, 0xc6, 0xc4, 0x6f, 0xc6, 0xfc, 0x6c, 0x4a, 0xbc, 0xaa, 0xc8, 0xc2, 0x00, 0x00, 0x0f,
	0xc2, 0x20, 0xcf, 0xc1, 0x84, 0x2f, 0xcc, 0xfc, 0x18, 0x42, 0xfc, 0x44, 0x81, 0x86, 0x00, 0x00, 0x77, 0xc1, 0x10, 0x57, 0xc2, 0x44, 0xff, 0xc2,
	0xfc, 0x34, 0x42, 0x7c, 0x22, 0xc6, 0x42, 0x00, 0x00, 0x07, 0xc7, 0x10, 0x07, 0xcf, 0xc4, 0x57, 0xc5, 0x7c, 0x54, 0x45, 0xfc, 0x62, 0xc0, 0x42,
	0x00, 0x00, 0x07, 0xc5, 0x10, 0x4b, 0xc4, 0xc4, 0xff, 0xc2, 0xfc, 0x4c, 0x44, 0xbc, 0x52, 0xcb, 0x42, 0x00, 0x00, 0x23, 0xc3, 0x90, 0x63, 0xca,
	0xc4, 0xaf, 0xc7, 0xbc, 0xa4, 0x42, 0xbc, 0x2a, 0xc1, 0x42, 0x00, 0x00, 0x13, 0xc7, 0x90, 0x5b, 0xc5, 0x44, 0x6f, 0xc6, 0xbc, 0xac, 0x49, 0x3c,
	0xaa, 0xc4, 0x42, 0x00, 0x00, 0x27, 0xc5, 0x10, 0x4f, 0xcb, 0x44, 0x07, 0xc7, 0xfc, 0x4c, 0x44, 0xfc, 0x5a, 0x80, 0xc6, 0x00, 0x00, 0x7b, 0xc4,
	0x90, 0x2b, 0xc3, 0x24, 0x4b, 0xc2, 0x3c, 0x7a, 0x42, 0x3c, 0x1a, 0xc6, 0x42, 0x00, 0x00, 0x27, 0xc7, 0x90, 0x2f, 0xc6, 0xc4, 0x67, 0xcf, 0xfc,
	0x34, 0x45, 0x3c, 0x4a, 0xc0, 0x42, 0x00, 0x00, 0x7b, 0xc0, 0x10, 0x7b, 0xc4, 0xa4, 0x4b, 0xc7, 0x3c, 0x4a, 0x45, 0x3c, 0x1a, 0xc6, 0x42, 0x00,
	0x00, 0x43, 0xc7, 0x10, 0x4b, 0xc7, 0xc4, 0x7f, 0xc0, 0x3c, 0x7c, 0x46, 0xbc, 0x62, 0xc2, 0x42, 0x00, 0x00, 0x03, 0xc5, 0x90, 0x53, 0xcf, 0xa4,
	0x6b, 0xc6, 0xbc, 0x86, 0x42, 0xbc, 0x12, 0xce, 0x42, 0x00, 0x00, 0x03, 0xcf, 0x90, 0x23, 0xc7, 0xc4, 0x6f, 0xc7, 0xbc, 0x34, 0x46, 0xbc, 0xa2,
	0xc0, 0x42, 0x00, 0x00, 0x7b, 0xc4, 0x90, 0x7b, 0xc4, 0xbc, 0x32, 0x47, 0xbc, 0x53, 0xc5, 0x88, 0x76, 0x40, 0xfc, 0x00, 0x00, 0x23, 0xc7, 0x90,
	0x3b, 0xc4, 0xa4, 0xb3, 0xc3, 0x3c, 0xfe, 0x44, 0xbc, 0x4a, 0xc7, 0x42, 0x00, 0x00, 0x6b, 0xcb, 0x50, 0x7f, 0xc0, 0x24, 0x7b, 0xcf, 0xfc, 0x42,
	0x47, 0xbc, 0x49, 0xc1, 0xe2, 0x00, 0x00, 0x13, 0xc7, 0x90, 0x2b, 0xc7, 0xa4, 0x4b, 0xc7, 0x3c, 0x4a, 0x47, 0x3c, 0x8a, 0x4b, 0x42, 0x00, 0x00,
	0x7b, 0xc4, 0x90, 0x7b, 0xc4, 0xa4, 0x7b, 0xc3, 0x3c, 0x7a, 0x47, 0xbc, 0x3a, 0xc4, 0x42, 0x00, 0x00, 0x7f, 0xc5, 0x10, 0x7f, 0xc6, 0x64, 0x7f,
	0xc6, 0x7c, 0x9a, 0x4b, 0x7c, 0xd5, 0x41, 0x22, 0x00, 0x00, 0x03, 0xc7, 0x90, 0x7b, 0xc7, 0xa4, 0x4b, 0xc7, 0xbc, 0x32, 0x4f, 0xfc, 0x39, 0x4c,
	0x62, 0x00, 0x00, 0x13, 0xc5, 0x90, 0x7b, 0xc3, 0x24, 0x5b, 0xc0, 0x3c, 0x7a, 0x43, 0x3c, 0x2a, 0xc4, 0x42, 0x00, 0x00, 0x7b, 0xc0, 0x10, 0x7b,
	0xc7, 0xa4, 0x6b, 0xc7, 0x3c, 0x7a, 0x4b, 0x3c, 0xb9, 0x43, 0xa2, 0x00, 0x00, 0x7f, 0x84, 0x18, 0x5e, 0x85, 0xf8, 0x65, 0x86, 0x54, 0x5e, 0x44,
	0x56, 0x47, 0x61, 0x8c, 0x00, 0x00, 0x7e, 0x40, 0x18, 0x75, 0x82, 0x54, 0x24, 0xc7, 0xf4, 0x25, 0x02, 0x54, 0x44, 0xa4, 0x44, 0x00, 0x00, 0x0e,
	0x03, 0x58, 0xff, 0xe2, 0x08, 0x3f, 0x82, 0x08, 0x3f, 0x42, 0x38, 0x21, 0x07, 0xcc, 0x00, 0x00, 0x33, 0x85, 0xe8, 0xfa, 0x84, 0xa8, 0x7a, 0x84,
	0xc8, 0x74, 0xa4, 0xca, 0x7c, 0xa4, 0x04, 0x00, 0x00, 0x33, 0xc5, 0xe0, 0xfa, 0x04, 0xbc, 0x7a, 0x44, 0xb4, 0x75, 0x84, 0xc8, 0x7d, 0x44, 0x22,
	0x00, 0x00, 0x31, 0x05, 0xdc, 0xfa, 0x44, 0xb4, 0x79, 0x44, 0x90, 0x71, 0x84, 0xa8, 0x7a, 0x44, 0x40, 0x00, 0x00, 0x31, 0x04, 0xa0, 0xfa, 0x44,
	0xbc, 0x78, 0x24, 0xbc, 0x74, 0x44, 0xc4, 0x5c, 0x4e, 0x3c, 0x00, 0x00, 0x33, 0xc5, 0x84, 0xfb, 0xc4, 0x84, 0x7b, 0x44, 0xcc, 0x74, 0xc4, 0xbc,
	0x58, 0x46, 0x0c, 0x00, 0x00, 0x32, 0x04, 0xbc, 0xfc, 0x44, 0xfc, 0x78, 0xc4, 0xbc, 0x72, 0xc4, 0xa2, 0x5a, 0x2e, 0x3c, 0x00, 0x00, 0x32, 0x05,
	0xfe, 0xfd, 0x04, 0xbc, 0x7d, 0x44, 0xd4, 0x75, 0x44, 0xd4, 0x5d, 0x46, 0x10, 0x00, 0x00, 0x32, 0x45, 0xa4, 0xfb, 0xe4, 0xa4, 0x7a, 0x44, 0xfe,
	0x72, 0x44, 0xa4, 0x5a, 0x46, 0x44, 0x00, 0x00, 0x11, 0x06, 0xec, 0x7f, 0xc7, 0xfc, 0x24, 0x87, 0xbc, 0x3f, 0x83, 0xfc, 0x23, 0x07, 0xcc, 0x00,
	0x00, 0x33, 0xc5, 0xa4, 0xfa, 0x44, 0xbc, 0x7a, 0x44, 0xbc, 0x72, 0x44, 0xae, 0x79, 0x44, 0x04, 0x00, 0x00, 0x1b, 0xc7, 0xa4, 0x69, 0x83, 0x6c,
	0x5f, 0x0f, 0xfe, 0x3f, 0x83, 0xfc, 0x22, 0x87, 0x9c, 0x00, 0x00, 0x22, 0x47, 0x54, 0xf5, 0x05, 0xfc, 0x74, 0x85, 0x5c, 0x66, 0xc5, 0x4a, 0x7d,
	0xcc, 0x44, 0x00, 0x00, 0x31, 0x05, 0xfc, 0xff, 0xc4, 0xa4, 0x7a, 0x44, 0xb8, 0x73, 0xc4, 0xa4, 0x5a, 0x46, 0x3c, 0x00, 0x00, 0x2e, 0xe5, 0xf4,
	0x7f, 0x4a, 0xb2, 0x54, 0x43, 0xf8, 0x6a, 0xc3, 0xf8, 0x3f, 0x87, 0x9c, 0x00, 0x00, 0x11, 0x07, 0xfc, 0x04, 0x03, 0xf8, 0x40, 0x83, 0xf8, 0x40,
	0x87, 0xf8, 0x40, 0x83, 0xf0, 0x00, 0x00, 0x01, 0xc3, 0xe0, 0x04, 0x07, 0xfc, 0x35, 0x87, 0xfc, 0x20, 0x83, 0xf8, 0x20, 0x83, 0xf8, 0x00, 0x00,
	0x7f, 0x87, 0xae, 0x7b, 0xc5, 0x98, 0x62, 0xc3, 0xd0, 0x4f, 0xc7, 0xfc, 0x3f, 0x83, 0xf8, 0x00, 0x00, 0x3f, 0x84, 0x40, 0x7f, 0x84, 0x40, 0x7f,
	0x84, 0x40, 0x3f, 0xc5, 0x54, 0x54, 0x40, 0x1c, 0x00, 0x00, 0x78, 0x05, 0x30, 0x7b, 0xc5, 0x74, 0x73, 0x47, 0xb4, 0x0b, 0x4f, 0xa2, 0xca, 0x41,
	0xbc, 0x00, 0x00, 0x7a, 0x05, 0x34, 0x7b, 0x45, 0x34, 0x7b, 0x47, 0xb4, 0x0b, 0x4e, 0xd4, 0xcd, 0x41, 0xc0, 0x00, 0x00, 0x78, 0x45, 0x34, 0x79,
	0x85, 0x24, 0x78, 0x07, 0xa4, 0x09, 0x8f, 0x88, 0xcb, 0x41, 0xc0, 0x00, 0x00, 0x79, 0x05, 0x10, 0x7f, 0xe5, 0x10, 0x79, 0x87, 0x98, 0x0a, 0x8f,
	0xb4, 0xcd, 0x41, 0xc0, 0x00, 0x00, 0x79, 0xc5, 0x24, 0x7a, 0x45, 0x24, 0x7b, 0xc7, 0xa8, 0x0a, 0x8f, 0xa8, 0xcc, 0x41, 0xc0, 0x00, 0x00, 0x78,
	0x05, 0x7c, 0x76, 0x45, 0x58, 0x74, 0x87, 0x48, 0x1d, 0x4b, 0xe0, 0xcf, 0xc1, 0x40, 0x00, 0x00, 0x78, 0x45, 0x38, 0x7a, 0x05, 0x20, 0x7b, 0xc7,
	0xa4, 0x0a, 0x4e, 0xa4, 0xca, 0x41, 0xfe, 0x00, 0x00, 0x7b, 0x05, 0x08, 0x7f, 0xe5, 0x10, 0x79, 0x07, 0xbc, 0x09, 0x0f, 0x90, 0xc9, 0x01, 0xfc,
	0x00, 0x00, 0x7a, 0x05, 0x3c, 0x7c, 0x45, 0x7c, 0x7a, 0xc7, 0xac, 0x0b, 0xcf, 0xa4, 0xc8, 0x41, 0x9c, 0x00, 0x00, 0x21, 0x87, 0xa4, 0x2a, 0x45,
	0x18, 0x7f, 0x87, 0xf8, 0x7f, 0x83, 0xfc, 0x55, 0x41, 0x1c, 0x00, 0x00, 0x7a, 0x05, 0x24, 0x7f, 0x85, 0x2a, 0x74, 0xc7, 0x3c, 0x1e, 0x4d, 0x98,
	0xc9, 0x81, 0xe6, 0x00, 0x00, 0x79, 0x05, 0x7c, 0x73, 0x85, 0x44, 0x77, 0xe7, 0x04, 0x1f, 0x4b, 0xd4, 0xcf, 0x41, 0x1c, 0x00, 0x00, 0x7b, 0xc5,
	0x04, 0x7b, 0x85, 0x38, 0x75, 0x47, 0x7c, 0x1d, 0x4d, 0xf8, 0xc9, 0x41, 0xe8, 0x00, 0x00, 0x79, 0x05, 0x28, 0x7f, 0xe5, 0x10, 0x77, 0xc7, 0x54,
	0x1f, 0xcd, 0x90, 0xca, 0x81, 0xc6, 0x00, 0x00, 0x75, 0x46, 0x54, 0x7f, 0xc6, 0x54, 0x77, 0xc7, 0x54, 0x1b, 0x8b, 0xfc, 0xc9, 0x01, 0x10, 0x00,
	0x00, 0x61, 0x45, 0xfc, 0x52, 0x87, 0xfc, 0x5f, 0xc5, 0xfc, 0x7f, 0xc5, 0xfc, 0x9d, 0xc3, 0x9c, 0x00, 0x00, 0x2a, 0x07, 0xbc, 0x7d, 0x87, 0xbc,
	0x3f, 0xc7, 0xf8, 0x7f, 0x87, 0xfc, 0x55, 0x45, 0x1c, 0x00, 0x00, 0x3f, 0x82, 0x08, 0x2f, 0x87, 0xfc, 0x40, 0x43, 0xf8, 0x3f, 0x82, 0x08, 0x3f,
	0x82, 0x38, 0x00, 0x00, 0x71, 0x04, 0xfe, 0x79, 0x0f, 0xe4, 0xfa, 0x85, 0x14, 0x76, 0x47, 0x08, 0x53, 0x45, 0x40, 0x00, 0x00, 0x71, 0x05, 0xbc,
	0x75, 0x0f, 0x2c, 0xff, 0xc5, 0x64, 0x75, 0xc7, 0x64, 0x54, 0x47, 0xbe, 0x00, 0x00, 0x04, 0x07, 0xfc, 0x3f, 0x82, 0x08, 0x1f, 0x07, 0xfc, 0x5f,
	0x45, 0x14, 0x5f, 0x44, 0x1c, 0x00, 0x00, 0x7c, 0xc7, 0xb0, 0x79, 0xc7, 0xc0, 0x7f, 0x87, 0xfc, 0x10, 0x02, 0xf8, 0x67, 0x07, 0x8c, 0x00, 0x00,
	0x3c, 0x47, 0xb8, 0x78, 0xc7, 0xd0, 0x49, 0x83, 0x00, 0x52, 0xc5, 0xb0, 0x56, 0x46, 0xbc, 0x00, 0x00, 0x08, 0x07, 0xfc, 0x44, 0x47, 0xfc, 0x44,
	0x43, 0xf8, 0x15, 0x01, 0x5c, 0x24, 0x44, 0x3c, 0x00, 0x00, 0x20, 0x47, 0x94, 0xa8, 0x47, 0xa4, 0xa9, 0x47, 0x8e, 0x3b, 0x45, 0xc4, 0x50, 0x41,
	0xfc, 0x00, 0x00, 0x02, 0x06, 0xfc, 0x0a, 0x4f, 0xfc, 0x4a, 0x44, 0xfc, 0x55, 0xc5, 0x5c, 0xe9, 0x21, 0x1c, 0x00, 0x00, 0x21, 0x07, 0xbc, 0xa9,
	0x07, 0xbc, 0xa9, 0x87, 0xb4, 0x39, 0x25, 0xd0, 0x50, 0x41, 0xfc, 0x00, 0x00, 0x04, 0x07, 0xbc, 0x7f, 0xc7, 0x74, 0x44, 0x07, 0xbc, 0x7f, 0xc5,
	0xf8, 0x8b, 0xc3, 0x3c, 0x00, 0x00, 0x10, 0x02, 0xe0, 0x3f, 0x86, 0x44, 0x3f, 0xc2, 0x44, 0x3f, 0xc2, 0x28, 0x4a, 0x44, 0x94, 0x00, 0x00, 0x1f,
	0x06, 0x20, 0xdd, 0xc7, 0xfc, 0x7f, 0xc2, 0x20, 0x7f, 0xc2, 0x08, 0x3f, 0x83, 0xf8, 0x00, 0x00, 0x01, 0x07, 0x10, 0x79, 0xc6, 0x90, 0x79, 0x06,
	0xac, 0x7a, 0x47, 0x24, 0xba, 0x4a, 0x38, 0x00, 0x00, 0x42, 0x47, 0x44, 0x75, 0xc6, 0xc4, 0x7d, 0x46, 0xd4, 0x7c, 0xc0, 0xc4, 0xbc, 0x4b, 0x4c,
	0x00, 0x00, 0x41, 0x07, 0x7e, 0x72, 0x06, 0xfc, 0x7c, 0x46, 0xfc, 0x7c, 0x40, 0xfc, 0xbc, 0x4b, 0x4c, 0x00, 0x00, 0x41, 0x07, 0x7e, 0x72, 0x86,
	0xa4, 0x7c, 0x26, 0xa8, 0x7a, 0x80, 0x90, 0xba, 0x8b, 0x46, 0x00, 0x00, 0x01, 0x07, 0x3c, 0x79, 0x06, 0x80, 0x7b, 0xc6, 0x90, 0x7b, 0xc7, 0x10,
	0xb9, 0x0a, 0x3e, 0x00, 0x00, 0x02, 0x47, 0x14, 0x7a, 0x86, 0x88, 0x7b, 0xc6, 0x88, 0x78, 0x87, 0x3c, 0xb8, 0x8a, 0x08, 0x00, 0x00, 0x47, 0xc7,
	0x54, 0x75, 0x46, 0xfc, 0x7d, 0x46, 0xb8, 0x79, 0x01, 0xbc, 0xb9, 0x0b, 0x7e, 0x00, 0x00, 0x41, 0x07, 0x7c, 0x77, 0xc6, 0xfc, 0x78, 0x06, 0xfc,
	0x7f, 0xc0, 0xc4, 0xbf, 0xcb, 0x4c, 0x00, 0x00, 0x47, 0xc6, 0x94, 0x7b, 0xcb, 0x94, 0x7b, 0xcb, 0xbc, 0x7a, 0xc0, 0xac, 0xeb, 0x48, 0x8c, 0x00,
	0x00, 0x41, 0x07, 0x7e, 0x73, 0xc6, 0xc4, 0x7c, 0x46, 0xfc, 0x79, 0x00, 0xd4, 0xbd, 0x4b, 0x30, 0x00, 0x00, 0x42, 0x07, 0x2c, 0x75, 0x26, 0xfe,
	0x7a, 0x46, 0xf2, 0x78, 0xc1, 0xb0, 0xb8, 0xcb, 0x70, 0x00, 0x00, 0x42, 0x86, 0xc8, 0x75, 0xab, 0xfc, 0x75, 0xcb, 0xe8, 0x7e, 0xc1, 0x54, 0xf5,
	0x48, 0x42, 0x00, 0x00, 0x46, 0xc7, 0x5c, 0x76, 0xc6, 0x80, 0x7b, 0xc6, 0xfe, 0x7a, 0x00, 0xfc, 0xbc, 0x4b, 0x1c, 0x00, 0x00, 0x42, 0x06, 0x7c,
	0x7f, 0xeb, 0x2c, 0x7d, 0x0b, 0x3c, 0x77, 0xc1, 0x7c, 0xf4, 0x48, 0x7c, 0x00, 0x00, 0x46, 0xc6, 0x24, 0x76, 0xcb, 0x90, 0x7e, 0xcb, 0xb4, 0x76,
	0xc1, 0x6c, 0xf3, 0x48, 0x6c, 0x00, 0x00, 0x46, 0xc6, 0xa2, 0x7e, 0xcb, 0xac, 0x7e, 0xcb, 0xf2, 0x71, 0x01, 0x7c, 0xf1, 0x08, 0xfe, 0x00, 0x00,
	0x47, 0xc6, 0x44, 0x77, 0xcb, 0x38, 0x7f, 0xeb, 0x7e, 0x77, 0xc0, 0x44, 0xf3, 0x88, 0xce, 0x00, 0x00, 0x47, 0xc7, 0x10, 0x7f, 0xeb, 0xba, 0x73,
	0xcb, 0x00, 0x77, 0xc0, 0x7c, 0xf0, 0x48, 0x7c, 0x00, 0x00, 0x44, 0x86, 0xbc, 0x7f, 0xcb, 0xb4, 0x7c, 0xcb, 0xfc, 0x77, 0xc1, 0xfe, 0xf4, 0x48,
	0x3c, 0x00, 0x00, 0x41, 0x46, 0x54, 0x7f, 0xeb, 0x78, 0x7d, 0x6b, 0x6c, 0x7f, 0x41, 0x34, 0xf5, 0xe8, 0x84, 0x00, 0x00, 0x08, 0x03, 0xf8, 0x3f,
	0x82, 0x08, 0x3f, 0x03, 0xfc, 0x3f, 0xc5, 0x54, 0x54, 0x41, 0x1c, 0x00, 0x00, 0x42, 0x04, 0x5c, 0xe7, 0xc6, 0x44, 0x67, 0x87, 0x7e, 0x77, 0xc5,
	0xcc, 0x8d, 0x40, 0x0c, 0x00, 0x00, 0x7f, 0x84, 0x08, 0x5f, 0x85, 0x78, 0x5f, 0x85, 0xe4, 0x5f, 0x45, 0xf6, 0x67, 0x62, 0xb4, 0x00, 0x00, 0x02,
	0x07, 0xdc, 0x5f, 0xc5, 0x84, 0x5f, 0x85, 0xfe, 0x57, 0xc5, 0xcc, 0x75, 0x41, 0x0c, 0x00, 0x00, 0x05, 0x07, 0xec, 0x09, 0xc3, 0x68, 0x3f, 0x83,
	0xf0, 0x3f, 0xc3, 0xfc, 0x55, 0x41, 0x1c, 0x00, 0x00, 0x41, 0x07, 0x6c, 0x4f, 0xc5, 0xc4, 0x27, 0x82, 0x7e, 0xff, 0xc2, 0x9c, 0x2d, 0x42, 0x8c,
	0x00, 0x00, 0x01, 0x07, 0x6c, 0x57, 0xc7, 0x44, 0x57, 0x85, 0x7e, 0x6f, 0xc6, 0x1c, 0x7b, 0x44, 0x8c, 0x00, 0x00, 0x3b, 0xc4, 0xa4, 0x1a, 0x83,
	0x5c, 0x6a, 0x83, 0xf8, 0x3f, 0x03, 0xfc, 0x5f, 0xc5, 0x5c, 0x00, 0x00, 0x71, 0x07, 0x6c, 0x77, 0xc7, 0x44, 0x77, 0x87, 0x7e, 0x77, 0xc2, 0x9c,
	0x2d, 0x42, 0x8c, 0x00, 0x00, 0x02, 0x07, 0xdc, 0x77, 0xc7, 0x84, 0x7f, 0x87, 0x7e, 0x77, 0xc7, 0x9c, 0x7d, 0x40, 0x8c, 0x00, 0x00, 0x24, 0x87,
	0xfc, 0x48, 0x43, 0x78, 0x3f, 0x83, 0xf0, 0x3f, 0xc3, 0xfc, 0x55, 0x41, 0x1c, 0x00, 0x00, 0x01, 0x05, 0xec, 0x17, 0xcd, 0x44, 0x17, 0x81, 0x7e,
	0x17, 0xc5, 0xfc, 0x47, 0x40, 0x2c, 0x00, 0x00, 0x51, 0x07, 0xec, 0x2f, 0xc7, 0xc4, 0xa7, 0x8f, 0x7e, 0xaf, 0xc6, 0xfc, 0x6f, 0x42, 0x4c, 0x00,
	0x00, 0x41, 0x07, 0xec, 0x67, 0xc2, 0x44, 0xff, 0x80, 0x7e, 0x77, 0xc5, 0x1c, 0x4b, 0x47, 0x8c, 0x00, 0x00, 0x19, 0x01, 0x6c, 0xff, 0xc3, 0x44,
	0x37, 0x8b, 0x7e, 0xb7, 0xca, 0xfc, 0xbf, 0x4c, 0x0c, 0x00, 0x00, 0x79, 0x0b, 0xac, 0xbb, 0xc7, 0xc4, 0xbf, 0x8b, 0xbe, 0xfb, 0xcb, 0x84, 0xb7,
	0x4e, 0xcc, 0x00, 0x00, 0x19, 0x06, 0x6c, 0x6f, 0xc4, 0x44, 0x27, 0x87, 0x7e, 0x7f, 0xc3, 0x1c, 0x4b, 0x40, 0xac, 0x00, 0x00, 0x21, 0x07, 0xec,
	0x5f, 0xc7, 0xc4, 0xd7, 0x87, 0xfe, 0x57, 0xc7, 0x7c, 0x7f, 0x44, 0x2c, 0x00, 0x00, 0x79, 0x47, 0xb8, 0x79, 0x87, 0xac, 0x3f, 0x83, 0xf8, 0x3f,
	0x82, 0x00, 0x5f, 0xc5, 0x5c, 0x00, 0x00, 0x04, 0x07, 0xfc, 0x7f, 0xc5, 0x7c, 0x44, 0x07, 0xbc, 0x7f, 0x86, 0x04, 0xbf, 0xc2, 0xac, 0x00, 0x00,
	0x7b, 0xc7, 0x98, 0x5f, 0xe7, 0xa4, 0x3f, 0x83, 0xf8, 0x3f, 0x82, 0x00, 0x5f, 0xc5, 0x5c, 0x00, 0x00, 0x21, 0x83, 0x2c, 0x7f, 0xa7, 0x90, 0x5f,
	0xc7, 0xd4, 0x6f, 0xc5, 0x98, 0x6a, 0x87, 0x46, 0x00, 0x00, 0x04, 0x07, 0xbc, 0x7f, 0x84, 0xa4, 0x7f, 0xc5, 0x00, 0x5d, 0xc5, 0x10, 0x95, 0x43,
	0x9c, 0x00, 0x00, 0x21, 0x07, 0x3c, 0x6f, 0x43, 0xfc, 0x4a, 0x07, 0xfc, 0x7f, 0xc5, 0xdc, 0x51, 0x03, 0xdc, 0x00, 0x00, 0x7b, 0xc3, 0x18, 0x6b,
	0x40, 0x40, 0x7b, 0xc7, 0xfc, 0x7f, 0xc5, 0xdc, 0x51, 0x0b, 0xdc, 0x00, 0x00, 0x21, 0x0f, 0xb4, 0x7b, 0xeb, 0xb4, 0x7f, 0x68, 0x3c, 0xab, 0xcb,
	0x1c, 0xba, 0xe6, 0xc4, 0x00, 0x00, 0x04, 0x07, 0xfc, 0x7f, 0xc0, 0x40, 0x7f, 0xc1, 0x00, 0x7f, 0x80, 0xb0, 0x1f, 0x06, 0x0c, 0x00, 0x00, 0x24,
	0x07, 0x7c, 0x7e, 0xc2, 0x2c, 0x77, 0xc7, 0x34, 0x56, 0xc3, 0xa4, 0x30, 0x84, 0xfc, 0x00, 0x00, 0x27, 0xc7, 0x10, 0x77, 0xc2, 0x6c, 0x7f, 0xc7,
	0x6c, 0x57, 0xc3, 0x6c, 0x31, 0x04, 0xfc, 0x00, 0x00, 0x04, 0x07, 0xfc, 0x50, 0x87, 0xfc, 0x59, 0x85, 0x98, 0x76, 0xc7, 0x2c, 0x94, 0x80, 0x08,
	0x00, 0x00, 0x04, 0x07, 0xbc, 0x7f, 0xc7, 0x74, 0x40, 0x05, 0xf8, 0x5f, 0x85, 0xfc, 0xa0, 0x41, 0xfc, 0x00, 0x00, 0x11, 0x07, 0xfc, 0x7f, 0xc0,
	0x40, 0x7f, 0x83, 0xf8, 0x44, 0x83, 0xf8, 0x11, 0x86, 0x04, 0x00, 0x00, 0x03, 0xc3, 0xc0, 0x7f, 0xc1, 0x50, 0x64, 0xc1, 0xf0, 0x75, 0xc0, 0x40,
	0x15, 0x86, 0xc4, 0x00, 0x00, 0x3f, 0x84, 0x48, 0x3f, 0x84, 0x48, 0x3f, 0x07, 0xfc, 0x04, 0x07, 0xbc, 0x4a, 0x44, 0x94, 0x00, 0x00, 0x79, 0x45,
	0x94, 0x7b, 0xc5, 0x90, 0x31, 0x87, 0xa4, 0x3e, 0x44, 0x00, 0x4a, 0x44, 0x94, 0x00, 0x00, 0x14, 0x86, 0xfc, 0x21, 0x43, 0xf8, 0x3f, 0x83, 0xf8,
	0x7f, 0xc7, 0xfc, 0x2a, 0x84, 0x84, 0x00, 0x00, 0x1f, 0x06, 0x0c, 0x7f, 0xc7, 0xfc, 0x5f, 0x47, 0xbc, 0x0a, 0x07, 0xbc, 0x2a, 0x44, 0xa4, 0x00,
	0x00, 0x00, 0x0f, 0xfe, 0x21, 0x05, 0x90, 0x7a, 0xc4, 0xa4, 0x32, 0x84, 0x98, 0x1b, 0xce, 0x42, 0x00, 0x00, 0x18, 0x06, 0x3c, 0x7b, 0xc4, 0x04,
	0x3f, 0x85, 0xd4, 0x44, 0x45, 0xd6, 0x5d, 0x66, 0xe4, 0x00, 0x00, 0x04, 0x07, 0xbc, 0x7f, 0xc7, 0xfc, 0x3f, 0x87, 0xfc, 0x7f, 0xc3, 0xb8, 0x7f,
	0xc2, 0x10, 0x00, 0x00, 0x61, 0x87, 0xa8, 0x7a, 0x46, 0x9a, 0x98, 0x07, 0xbc, 0xb9, 0x47, 0x94, 0x89, 0xc7, 0x90, 0x00, 0x00, 0x22, 0x07, 0xbc,
	0x53, 0xc7, 0x84, 0x7b, 0x84, 0xbc, 0x7b, 0xc7, 0xa0, 0x4b, 0xe5, 0xbc, 0x00, 0x00, 0x04, 0x00, 0x40, 0x04, 0x00, 0x40, 0x04, 0x00, 0x40, 0x00,
	0x00, 0x40, 0x00, 0x00, 0x00, 0x00, 0x00, 0x09, 0x00, 0x90, 0x1f, 0x81, 0x20, 0x12, 0x03, 0xf8, 0x12, 0x01, 0x20, 0x00, 0x00, 0x00, 0x00, 0x00,
	0x04, 0x00, 0xf0, 0x14, 0x01, 0x40, 0x1c, 0x00, 0x70, 0x05, 0x00, 0x50, 0x1e, 0x00, 0x40, 0x00, 0x00, 0x31, 0x04, 0xa0, 0x4a, 0x03, 0x40, 0x05,
	0x80, 0xa4, 0x0a, 0x41, 0x18, 0x00, 0x00, 0x00, 0x00, 0x00, 0x1e, 0x01, 0x20, 0x12, 0x00, 0xc0, 0x15, 0x02, 0x30, 0x21, 0x01, 0xe8, 0x00, 0x00,
	0x00, 0x00, 0x00, 0x00, 0x80, 0x10, 0x01, 0x00, 0x10, 0x01, 0x00, 0x10, 0x01, 0x00, 0x10, 0x01, 0x00, 0x08, 0x00, 0x00, 0x20, 0x02, 0x00, 0x10,
	0x01, 0x00, 0x10, 0x01, 0x00, 0x10, 0x01, 0x00, 0x10, 0x02, 0x00, 0x00, 0x00, 0x00, 0x00, 0x40, 0x15, 0x00, 0xe0, 0x0e, 0x01, 0x50, 0x04, 0x00,
	0x00, 0x00, 0x00, 0x00, 0x00, 0x00, 0x00, 0x00, 0x40, 0x04, 0x00, 0x40, 0x04, 0x03, 0xf8, 0x04, 0x00, 0x40, 0x04, 0x00, 0x00, 0x00, 0x00, 0x00,
	0x00, 0x00, 0x00, 0x00, 0x00, 0x00, 0x00, 0x00, 0x00, 0x00, 0x00, 0x20, 0x04, 0x00, 0x00, 0x00, 0x00, 0x00, 0x00, 0x00, 0x00, 0x00, 0x3f, 0x80,
	0x00, 0x00, 0x00, 0x00, 0x00, 0x00, 0x00, 0x00, 0x00, 0x00, 0x00, 0x00, 0x00, 0x00, 0x00, 0x00, 0x00, 0x00, 0x00, 0x00, 0x00, 0x20, 0x00, 0x00,
	0x00, 0x00, 0x00, 0x80, 0x10, 0x02, 0x00, 0x40, 0x04, 0x00, 0x80, 0x10, 0x02, 0x00, 0x00, 0x00, 0x00, 0x00, 0x00, 0x0e, 0x01, 0x10, 0x21, 0x02,
	0x08, 0x20, 0x82, 0x10, 0x11, 0x00, 0xe0, 0x00, 0x00, 0x00, 0x00, 0x00, 0x04, 0x00, 0xc0, 0x14, 0x00, 0x40, 0x04, 0x00, 0x40, 0x04, 0x00, 0x40,
	0x00, 0x00, 0x00, 0x00, 0x00, 0x1e, 0x00, 0x10, 0x01, 0x00, 0x10, 0x02, 0x00, 0x40, 0x08, 0x01, 0xf0, 0x00, 0x00, 0x00, 0x00, 0x00, 0x1f, 0x00,
	0x20, 0x04, 0x00, 0xe0, 0x01, 0x00, 0x10, 0x01, 0x01, 0xe0, 0x00, 0x00, 0x00, 0x00, 0x00, 0x02, 0x00, 0x60, 0x0a, 0x01, 0x20, 0x12, 0x03, 0xf0,
	0x02, 0x00, 0x20, 0x00, 0x00, 0x00, 0x00, 0x00, 0x1f, 0x01, 0x00, 0x10, 0x01, 0xe0, 0x01, 0x00, 0x10, 0x01, 0x01, 0xe0, 0x00, 0x00, 0x00, 0x00,
	0x00, 0x06, 0x00, 0x80, 0x10, 0x01, 0xf0, 0x11, 0x01, 0x10, 0x11, 0x00, 0xe0, 0x00, 0x00, 0x00, 0x00, 0x00, 0x1f, 0x00, 0x10, 0x02, 0x00, 0x20,
	0x04, 0x00, 0x40, 0x08, 0x00, 0x80, 0x00, 0x00, 0x00, 0x00, 0x00, 0x1f, 0x01, 0x10, 0x11, 0x00, 0xe0, 0x11, 0x02, 0x10, 0x21, 0x01, 0xf0, 0x00,
	0x00, 0x00, 0x00, 0x00, 0x1e, 0x01, 0x10, 0x11, 0x01, 0x10, 0x1b, 0x00, 0x50, 0x02, 0x00, 0xc0, 0x00, 0x00, 0x00, 0x00, 0x00, 0x00, 0x00, 0x40,
	0x00, 0x00, 0x00, 0x00, 0x00, 0x00, 0x04, 0x00, 0x00, 0x00, 0x00, 0x00, 0x00, 0x00, 0x00, 0x00, 0x40, 0x00, 0x00, 0x00, 0x00, 0x00, 0x00, 0x04,
	0x00, 0x80, 0x00, 0x00, 0x00, 0x00, 0x00, 0x00, 0x00, 0x30, 0x0c, 0x03, 0x00, 0x20, 0x01, 0xc0, 0x03, 0x00, 0x00, 0x00, 0x00, 0x00, 0x00, 0x00,
	0x00, 0x00, 0x00, 0x00, 0x03, 0xf8, 0x00, 0x00, 0x00, 0x3f, 0x80, 0x00, 0x00, 0x00, 0x00, 0x00, 0x00, 0x00, 0x01, 0x80, 0x06, 0x00, 0x18, 0x00,
	0x80, 0x70, 0x18, 0x00, 0x00, 0x00, 0x00, 0x00, 0x00, 0x00, 0x1f, 0x00, 0x10, 0x01, 0x00, 0x20, 0x04, 0x00, 0x00, 0x00, 0x00, 0x40, 0x00, 0x00,
	0x00, 0x00, 0x00, 0x00, 0x00, 0x00, 0x0f, 0x03, 0x08, 0x4e, 0x85, 0x24, 0x52, 0x44, 0xa8, 0x25, 0x01, 0xf0, 0x00, 0x00, 0x04, 0x00, 0xa0, 0x0a,
	0x01, 0x20, 0x11, 0x01, 0xf0, 0x20, 0x82, 0x08, 0x00, 0x00, 0x00, 0x00, 0x00, 0x1f, 0x01, 0x10, 0x11, 0x01, 0xe0, 0x11, 0x01, 0x08, 0x10, 0x81,
	0xf0, 0x00, 0x00, 0x00, 0x00, 0x00, 0x0f, 0x01, 0x00, 0x20, 0x02, 0x00, 0x20, 0x02, 0x00, 0x10, 0x00, 0xf0, 0x00, 0x00, 0x00, 0x00, 0x00, 0x1e,
	0x01, 0x10, 0x10, 0x81, 0x08, 0x10, 0x81, 0x08, 0x11, 0x01, 0xe0, 0x00, 0x00, 0x00, 0x00, 0x00, 0x1f, 0x01, 0x00, 0x10, 0x01, 0xf0, 0x10, 0x01,
	0x00, 0x10, 0x01, 0xf0, 0x00, 0x00, 0x00, 0x00, 0x00, 0x1f, 0x01, 0x00, 0x10, 0x01, 0xf0, 0x10, 0x01, 0x00, 0x10, 0x01, 0x00, 0x00, 0x00, 0x00,
	0x00, 0x00, 0x0f, 0x01, 0x00, 0x20, 0x02, 0x78, 0x20, 0x82, 0x08, 0x10, 0x80, 0xf8, 0x00, 0x00, 0x00, 0x00, 0x00, 0x20, 0x82, 0x08, 0x20, 0x83,
	0xf8, 0x20, 0x82, 0x08, 0x20, 0x82, 0x08, 0x00, 0x00, 0x00, 0x00, 0x00, 0x04, 0x00, 0x40, 0x04, 0x00, 0x40, 0x04, 0x00, 0x40, 0x04, 0x00, 0x40,
	0x00, 0x00, 0x00, 0x00, 0x00, 0x00, 0x00, 0x20, 0x02, 0x00, 0x20, 0x02, 0x00, 0x20, 0x02, 0x03, 0xe0, 0x00, 0x00, 0x00, 0x00, 0x00, 0x11, 0x01,
	0x20, 0x14, 0x01, 0x80, 0x18, 0x01, 0x40, 0x12, 0x01, 0x10, 0x00, 0x00, 0x00, 0x00, 0x00, 0x10, 0x01, 0x00, 0x10, 0x01, 0x00, 0x10, 0x01, 0x00,
	0x10, 0x01, 0xf0, 0x00, 0x00, 0x00, 0x00, 0x00, 0x20, 0x83, 0x18, 0x31, 0x82, 0xa8, 0x2a, 0x82, 0x48, 0x20, 0x82, 0x08, 0x00, 0x00, 0x00, 0x00,
	0x00, 0x30, 0x83, 0x08, 0x28, 0x82, 0x48, 0x24, 0x82, 0x28, 0x21, 0x82, 0x18, 0x00, 0x00, 0x00, 0x00, 0x00, 0x1f, 0x02, 0x08, 0x20, 0x82, 0x08,
	0x20, 0x82, 0x08, 0x20, 0x81, 0xf0, 0x00, 0x00, 0x00, 0x00, 0x00, 0x1f, 0x01, 0x08, 0x10, 0x81, 0x08, 0x1f, 0x01, 0x00, 0x10, 0x01, 0x00, 0x00,
	0x00, 0x00, 0x00, 0x00, 0x1f, 0x02, 0x08, 0x20, 0x82, 0x08, 0x20, 0x82, 0x08, 0x20, 0x81, 0xf0, 0x00, 0x80, 0x04, 0x00, 0x00, 0x1f, 0x01, 0x10,
	0x11, 0x01, 0x10, 0x1e, 0x01, 0x10, 0x11, 0x01, 0x10, 0x00, 0x00, 0x00, 0x00, 0x00, 0x1f, 0x01, 0x00, 0x10, 0x00, 0xc0, 0x03, 0x00, 0x10, 0x01,
	0x01, 0xf0, 0x00, 0x00, 0x00, 0x00, 0x00, 0x3f, 0x80, 0x40, 0x04, 0x00, 0x40, 0x04, 0x00, 0x40, 0x04, 0x00, 0x40, 0x00, 0x00, 0x00, 0x00, 0x00,
	0x20, 0x82, 0x08, 0x20, 0x82, 0x08, 0x20, 0x82, 0x08, 0x11, 0x01, 0xf0, 0x00, 0x00, 0x00, 0x00, 0x00, 0x20, 0x82, 0x08, 0x11, 0x01, 0x10, 0x0a,
	0x00, 0xa0, 0x0a, 0x00, 0x40, 0x00, 0x00, 0x00, 0x00, 0x00, 0x44, 0x44, 0xc4, 0x4a, 0x44, 0xa8, 0x2a, 0x83, 0x28, 0x31, 0x81, 0x10, 0x00, 0x00,
	0x00, 0x00, 0x00, 0x11, 0x01, 0x10, 0x0a, 0x00, 0x40, 0x04, 0x00, 0xa0, 0x11, 0x01, 0x10, 0x00, 0x00, 0x00, 0x00, 0x00, 0x20, 0x81, 0x10, 0x0a,
	0x00, 0xa0, 0x04, 0x00, 0x40, 0x04, 0x00, 0x40, 0x00, 0x00, 0x00, 0x00, 0x00, 0x1f, 0x00, 0x10, 0x02, 0x00, 0x40, 0x04, 0x00, 0x80, 0x10, 0x01,
	0xf0, 0x00, 0x00, 0x00, 0x00, 0x00, 0x03, 0xc0, 0x20, 0x02, 0x00, 0x20, 0x02, 0x00, 0x20, 0x02, 0x00, 0x20, 0x02, 0x00, 0x3c, 0x00, 0x00, 0x20,
	0x01, 0x00, 0x08, 0x00, 0x40, 0x04, 0x00, 0x20, 0x01, 0x00, 0x08, 0x00, 0x00, 0x00, 0x00, 0x00, 0x78, 0x00, 0x80, 0x08, 0x00, 0x80, 0x08, 0x00,
	0x80, 0x08, 0x00, 0x80, 0x08, 0x07, 0x80, 0x00, 0x00, 0x04, 0x00, 0xa0, 0x12, 0x01, 0x10, 0x20, 0x80, 0x00, 0x00, 0x00, 0x00, 0x00, 0x00, 0x00,
	0x00, 0x00, 0x00, 0x00, 0x00, 0x00, 0x00, 0x00, 0x00, 0x00, 0x00, 0x00, 0x00, 0x00, 0x00, 0x00, 0x00, 0x3f, 0x80, 0x08, 0x00, 0x40, 0x00, 0x00,
	0x00, 0x00, 0x00, 0x00, 0x00, 0x00, 0x00, 0x00, 0x00, 0x00, 0x00, 0x00, 0x00, 0x00, 0x00, 0x00, 0x00, 0xe0, 0x01, 0x00, 0x70, 0x19, 0x01, 0x10,
	0x1f, 0x00, 0x00, 0x00, 0x00, 0x10, 0x01, 0x00, 0x16, 0x01, 0x90, 0x11, 0x01, 0x10, 0x11, 0x01, 0xf0, 0x00, 0x00, 0x00, 0x00, 0x00, 0x00, 0x00,
	0x00, 0x00, 0x00, 0xe0, 0x10, 0x01, 0x00, 0x10, 0x01, 0x00, 0x0f, 0x00, 0x00, 0x00, 0x00, 0x01, 0x00, 0x10, 0x0d, 0x01, 0x30, 0x11, 0x01, 0x10,
	0x11, 0x01, 0xf0, 0x00, 0x00, 0x00, 0x00, 0x00, 0x00, 0x00, 0x00, 0x00, 0x00, 0xe0, 0x11, 0x01, 0x10, 0x1e, 0x01, 0x00, 0x0f, 0x00, 0x00, 0x00,
	0x00, 0x07, 0x00, 0x40, 0x1f, 0x00, 0x40, 0x04, 0x00, 0x40, 0x04, 0x00, 0x40, 0x00, 0x00, 0x00, 0x00, 0x00, 0x00, 0x00, 0x00, 0x0d, 0x01, 0x30,
	0x11, 0x01, 0x10, 0x11, 0x00, 0xf0, 0x01, 0x00, 0x20, 0x0c, 0x00, 0x10, 0x01, 0x00, 0x16, 0x01, 0x90, 0x11, 0x01, 0x10, 0x11, 0x01, 0x10, 0x00,
	0x00, 0x00, 0x00, 0x00, 0x04, 0x00, 0x00, 0x04, 0x00, 0x40, 0x04, 0x00, 0x40, 0x04, 0x00, 0x40, 0x00, 0x00, 0x00, 0x00, 0x00, 0x04, 0x00, 0x00,
	0x04, 0x00, 0x40, 0x04, 0x00, 0x40, 0x04, 0x00, 0x40, 0x04, 0x01, 0xc0, 0x00, 0x00, 0x10, 0x01, 0x00, 0x11, 0x01, 0x20, 0x1c, 0x01, 0x80, 0x14,
	0x01, 0x30, 0x00, 0x00, 0x00, 0x00, 0x00, 0x04, 0x00, 0x40, 0x04, 0x00, 0x40, 0x04, 0x00, 0x40, 0x04, 0x00, 0x40, 0x00, 0x00, 0x00, 0x00, 0x00,
	0x00, 0x00, 0x00, 0x00, 0x03, 0xb8, 0x24, 0x82, 0x48, 0x24, 0x82, 0x48, 0x24, 0x80, 0x00, 0x00, 0x00, 0x00, 0x00, 0x00, 0x00, 0x01, 0x60, 0x19,
	0x01, 0x10, 0x11, 0x01, 0x10, 0x11, 0x00, 0x00, 0x00, 0x00, 0x00, 0x00, 0x00, 0x00, 0x00, 0xe0, 0x11, 0x01, 0x10, 0x11, 0x01, 0x10, 0x0e, 0x00,
	0x00, 0x00, 0x00, 0x00, 0x00, 0x00, 0x00, 0x01, 0x60, 0x19, 0x01, 0x10, 0x11, 0x01, 0x10, 0x1f, 0x01, 0x00, 0x10, 0x00, 0x00, 0x00, 0x00, 0x00,
	0x00, 0xd0, 0x13, 0x01, 0x10, 0x11, 0x01, 0x10, 0x1f, 0x00, 0x10, 0x01, 0x00, 0x00, 0x00, 0x00, 0x00, 0x00, 0xb0, 0x0c, 0x00, 0x80, 0x08, 0x00,
	0x80, 0x08, 0x00, 0x00, 0x00, 0x00, 0x00, 0x00, 0x00, 0x00, 0x00, 0xe0, 0x10, 0x01, 0x80, 0x07, 0x00, 0x10, 0x1e, 0x00, 0x00, 0x00, 0x00, 0x00,
	0x00, 0x80, 0x08, 0x01, 0xe0, 0x08, 0x00, 0x80, 0x08, 0x00, 0x80, 0x06, 0x00, 0x00, 0x00, 0x00, 0x00, 0x00, 0x00, 0x00, 0x01, 0x10, 0x11, 0x01,
	0x10, 0x11, 0x01, 0x10, 0x1f, 0x00, 0x00, 0x00, 0x00, 0x00, 0x00, 0x00, 0x00, 0x01, 0x10, 0x11, 0x01, 0x20, 0x0a, 0x00, 0xa0, 0x04, 0x00, 0x00,
	0x00, 0x00, 0x00, 0x00, 0x00, 0x00, 0x00, 0x40, 0x2c, 0x82, 0xa8, 0x2a, 0x81, 0xb0, 0x11, 0x00, 0x00, 0x00, 0x00, 0x00, 0x00, 0x00, 0x00, 0x01,
	0x10, 0x0a, 0x00, 0xc0, 0x04, 0x00, 0xa0, 0x11, 0x00, 0x00, 0x00, 0x00, 0x00, 0x00, 0x00, 0x00, 0x01, 0x10, 0x11, 0x01, 0x20, 0x0a, 0x00, 0xc0,
	0x04, 0x00, 0x40, 0x08, 0x00, 0x00, 0x00, 0x00, 0x00, 0x01, 0xf0, 0x02, 0x00, 0x20, 0x04, 0x00, 0x80, 0x1f, 0x00, 0x00, 0x00, 0x00, 0x01, 0xc0,
	0x20, 0x02, 0x00, 0x20, 0x02, 0x00, 0x60, 0x02, 0x00, 0x20, 0x02, 0x00, 0x1c, 0x00, 0x00, 0x04, 0x00, 0x40, 0x04, 0x00, 0x40, 0x04, 0x00, 0x40,
	0x04, 0x00, 0x40, 0x04, 0x00, 0x40, 0x04, 0x00, 0x70, 0x00, 0x80, 0x08, 0x00, 0x80, 0x08, 0x00, 0xc0, 0x08, 0x00, 0x80, 0x08, 0x07, 0x00, 0x00,
	0x00, 0x00, 0x00, 0x00, 0x00, 0x07, 0xc0, 0x47, 0xc0, 0x00, 0x00, 0x00, 0x00, 0x00, 0x00, 0x00, 0x00, 0x00, 0x00, 0x00, 0x00, 0x00, 0x00, 0x00,
	0x20, 0x02, 0x00, 0x00, 0x00, 0x00, 0x00, 0x00, 0x00, 0x00, 0x00, 0x00, 0x00, 0x40, 0x04, 0x00, 0xf0, 0x14, 0x01, 0x40, 0x14, 0x01, 0x40, 0x0f,
	0x00, 0x40, 0x04, 0x00, 0x0f, 0x00, 0x80, 0x08, 0x00, 0x80, 0x1e, 0x00, 0x80, 0x10, 0x01, 0xf0, 0x00, 0x00, 0x00, 0x00, 0x00, 0x00, 0x00, 0x00,
	0x00, 0x00, 0x00, 0x7f, 0x80, 0x08, 0x00, 0x80, 0x00, 0x00, 0x00, 0x00, 0x00, 0x00, 0x7f, 0xc0, 0x00, 0x00, 0x00, 0x00, 0x00, 0x00, 0x00, 0x00,
	0x00, 0x00, 0x00, 0x00, 0x00, 0x00, 0x00, 0x20, 0x81, 0x10, 0x0a, 0x00, 0xa0, 0x1f, 0x00, 0x40, 0x1f, 0x00, 0x40, 0x00, 0x00, 0x00, 0x00, 0x00,
};

static const u8 s_Big[90720] = {
	0x00, 0x00, 0x00, 0x00, 0x00, 0x04, 0x00, 0x10, 0x01, 0xf0, 0x05, 0x00, 0x14, 0x00, 0x50, 0x01, 0x40, 0x05, 0x00, 0x0f, 0x00, 0x10, 0x00, 0x40,
	0x00, 0x00, 0x00, 0x00, 0x00, 0x78, 0x01, 0x00, 0x04, 0x00, 0x10, 0x01, 0xf8, 0x01, 0x00, 0x04, 0x00, 0x30, 0x00, 0x80, 0x07, 0xf0, 0x00, 0x00,
	0x00, 0x00, 0x00, 0x00, 0x00, 0x00, 0x00, 0x01, 0xf0, 0x04, 0x00, 0x10, 0x00, 0x30, 0x01, 0x30, 0x04, 0x40, 0x11, 0x00, 0x34, 0x00, 0x30, 0x00,
	0x40, 0x01, 0x00, 0x7c, 0x00, 0x00, 0x00, 0x00, 0x00, 0x00, 0x01, 0x20, 0x00, 0x00, 0x00, 0x00, 0x00, 0x00, 0x00, 0x00, 0x00, 0x00, 0x00, 0x00,
	0x00, 0x00, 0x00, 0x00, 0x00, 0x00, 0x00, 0x00, 0x00, 0x00, 0x00, 0x00, 0x00, 0x00, 0x00, 0x00, 0x00, 0x00, 0x00, 0x00, 0x01, 0xfc, 0x00, 0x10,
	0x00, 0x40, 0x01, 0x00, 0x00, 0x00, 0x00, 0x00, 0x00, 0x00, 0x00, 0x00, 0x00, 0x00, 0x00, 0x00, 0x01, 0xc0, 0x04, 0x80, 0x12, 0x00, 0x70, 0x00,
	0x00, 0x00, 0x00, 0x00, 0x00, 0x00, 0x00, 0x00, 0x00, 0x00, 0x00, 0x00, 0x00, 0x00, 0x00, 0x00, 0x00, 0x00, 0x00, 0x00, 0x00, 0x00, 0x40, 0x01,
	0x00, 0x04, 0x01, 0xfe, 0x00, 0x40, 0x01, 0x00, 0x04, 0x00, 0x10, 0x00, 0x00, 0x1f, 0xe0, 0x00, 0x00, 0x00, 0x00, 0x00, 0x00, 0x00, 0x00, 0x80,
	0x04, 0x00, 0x10, 0x00, 0x00, 0x00, 0x00, 0x00, 0x00, 0x00, 0x00, 0x00, 0x00, 0x00, 0x00, 0x00, 0x00, 0x00, 0x00, 0x00, 0x00, 0x00, 0x00, 0x00,
	0x00, 0x00, 0xfc, 0x07, 0x90, 0x1e, 0x40, 0x79, 0x01, 0xe4, 0x03, 0x90, 0x02, 0x40, 0x09, 0x00, 0x24, 0x00, 0x90, 0x02, 0x40, 0x09, 0x00, 0x00,
	0x00, 0x00, 0x00, 0x00, 0x00, 0x00, 0x00, 0x00, 0x00, 0x00, 0x42, 0x00, 0x90, 0x01, 0x80, 0x06, 0x00, 0x24, 0x01, 0x08, 0x00, 0x00, 0x00, 0x00,
	0x00, 0x00, 0x00, 0x00, 0x00, 0x00, 0x00, 0x00, 0x00, 0x00, 0x00, 0x01, 0x00, 0x04, 0x00, 0x00, 0x07, 0xf8, 0x00, 0x00, 0x00, 0x00, 0x10, 0x00,
	0x40, 0x00, 0x00, 0x00, 0x00, 0x00, 0x00, 0x00, 0x00, 0x00, 0x00, 0x00, 0x00, 0x00, 0x00, 0x00, 0x00, 0x00, 0x00, 0x0e, 0x00, 0x00, 0x00, 0x00,
	0x00, 0x00, 0x00, 0x00, 0x00, 0x00, 0x00, 0x00, 0x00, 0x00, 0x00, 0x00, 0x00, 0x00, 0x00, 0x00, 0x00, 0x00, 0x00, 0x00, 0x00, 0x00, 0x00, 0x00,
	0x3f, 0x00, 0x00, 0x00, 0x00, 0x00, 0x00, 0x00, 0x00, 0x00, 0x00, 0x00, 0x00, 0x00, 0x00, 0x00, 0x00, 0x00, 0x00, 0x00, 0x00, 0x00, 0x00, 0x00,
	0x00, 0x00, 0x00, 0x3f, 0xfc, 0x00, 0x00, 0x00, 0x00, 0x00, 0x00, 0x00, 0x00, 0x00, 0x00, 0x00, 0x00, 0x00, 0x00, 0x00, 0x00, 0x00, 0x00, 0x00,
	0x00, 0x00, 0x00, 0x00, 0x0f, 0xff, 0xc0, 0x00, 0x00, 0x00, 0x00, 0x00, 0x00, 0x00, 0x00, 0x00, 0x00, 0x00, 0x00, 0x00, 0x00, 0x24, 0x00, 0x90,
	0x02, 0x40, 0x09, 0x00, 0x24, 0x00, 0x90, 0x02, 0x40, 0x09, 0x00, 0x24, 0x00, 0x90, 0x02, 0x40, 0x09, 0x00, 0x24, 0x00, 0x90, 0x00, 0x00, 0x00,
	0x00, 0x00, 0x80, 0x04, 0x00, 0x10, 0x00, 0x40, 0x00, 0x00, 0x00, 0x00, 0x00, 0x00, 0x00, 0x00, 0x00, 0x00, 0x00, 0x00, 0x00, 0x00, 0x00, 0x00,
	0x00, 0x00, 0x00, 0x00, 0x00, 0x80, 0x02, 0x00, 0x10, 0x00, 0x40, 0x00, 0x00, 0x00, 0x00, 0x00, 0x00, 0x00, 0x00, 0x00, 0x00, 0x00, 0x00, 0x00,
	0x00, 0x00, 0x00, 0x00, 0x00, 0x00, 0x00, 0x00, 0xa0, 0x04, 0x80, 0x16, 0x00, 0x50, 0x00, 0x00, 0x00, 0x00, 0x00, 0x00, 0x00, 0x00, 0x00, 0x00,
	0x00, 0x00, 0x00, 0x00, 0x00, 0x00, 0x00, 0x00, 0x00, 0x00, 0x00, 0xa0, 0x06, 0x80, 0x12, 0x00, 0x40, 0x00, 0x00, 0x00, 0x00, 0x00, 0x00, 0x00,
	0x00, 0x00, 0x00, 0x00, 0x00, 0x00, 0x00, 0x00, 0x00, 0x00, 0x00, 0x00, 0x00, 0x00, 0x40, 0x01, 0x00, 0x04, 0x00, 0x7e, 0x00, 0x40, 0x01, 0x00,
	0x04, 0x00, 0x10, 0x00, 0x40, 0x01, 0x00, 0x04, 0x00, 0x00, 0x00, 0x00, 0x00, 0x00, 0x00, 0x00, 0x00, 0x60, 0x01, 0x80, 0x06, 0x00, 0x7e, 0x00,
	0x60, 0x01, 0x80, 0x06, 0x00, 0x7e, 0x00, 0x60, 0x01, 0x80, 0x06, 0x00, 0x00, 0x00, 0x00, 0x00, 0x00, 0x00, 0x00, 0x00, 0x00, 0x00, 0x00, 0x00,
	0x00, 0x00, 0x00, 0x40, 0x81, 0x02, 0x00, 0x00, 0x00, 0x00, 0x00, 0x00, 0x00, 0x00, 0x00, 0x00, 0x00, 0x00, 0x00, 0x00, 0x00, 0x00, 0x00, 0x00,
	0x00, 0x00, 0x00, 0x00, 0x00, 0x00, 0x8c, 0x42, 0x31, 0x00, 0x00, 0x00, 0x00, 0x00, 0x00, 0x00, 0x00, 0x00, 0x00, 0x00, 0x00, 0x00, 0x00, 0x00,
	0x00, 0x01, 0xc4, 0x04, 0xa0, 0x12, 0x80, 0x4c, 0x01, 0xd0, 0x00, 0xbb, 0x83, 0x29, 0x14, 0xa4, 0x52, 0x92, 0x3b, 0x80, 0x00, 0x00, 0x00, 0x00,
	0x00, 0x00, 0x00, 0x00, 0x00, 0x80, 0x04, 0x00, 0x10, 0x00, 0x00, 0x00, 0x00, 0x00, 0x00, 0x00, 0x00, 0x00, 0x00, 0x00, 0x00, 0x00, 0x00, 0x00,
	0x00, 0x00, 0x00, 0x00, 0x00, 0x00, 0x00, 0x00, 0xa0, 0x04, 0x80, 0x14, 0x00, 0x00, 0x00, 0x00, 0x00, 0x00, 0x00, 0x00, 0x00, 0x00, 0x00, 0x00,
	0x00, 0x00, 0x00, 0x00, 0x00, 0x00, 0x00, 0x00, 0x00, 0x00, 0x00, 0x8c, 0x41, 0x32, 0x02, 0x10, 0x04, 0x80, 0xcc, 0xc3, 0x33, 0x01, 0x20, 0x08,
	0x40, 0x4c, 0x82, 0x31, 0x00, 0x00, 0x00, 0x00, 0x00, 0x00, 0x00, 0x00, 0x00, 0x01, 0xc7, 0xe4, 0xb0, 0x12, 0x80, 0x74, 0x00, 0x10, 0x00, 0x40,
	0x01, 0x00, 0x02, 0x00, 0x0c, 0x00, 0x0f, 0x80, 0x00, 0x00, 0x00, 0x00, 0x00, 0x00, 0x00, 0x1c, 0x00, 0x50, 0x01, 0x40, 0x02, 0x00, 0x0c, 0x00,
	0x50, 0x01, 0x40, 0x04, 0x80, 0x22, 0x00, 0x88, 0x03, 0xf0, 0x10, 0x40, 0x41, 0x01, 0x02, 0x00, 0x00, 0x00, 0x00, 0x00, 0x00, 0x00, 0x00, 0x03,
	0x00, 0x18, 0x00, 0xff, 0xc3, 0x00, 0x06, 0x00, 0x04, 0x00, 0x00, 0x00, 0x00, 0x00, 0x00, 0x00, 0x00, 0x00, 0x00, 0x00, 0x00, 0x00, 0x00, 0x30,
	0x01, 0xe0, 0x05, 0x40, 0x25, 0x00, 0x10, 0x00, 0x40, 0x01, 0x00, 0x04, 0x00, 0x10, 0x00, 0x00, 0x00, 0x00, 0x00, 0x00, 0x00, 0x00, 0x00, 0x00,
	0x00, 0x00, 0x00, 0x00, 0x00, 0x00, 0x30, 0x00, 0x60, 0xff, 0xc0, 0x03, 0x00, 0x18, 0x00, 0x80, 0x00, 0x00, 0x00, 0x00, 0x00, 0x00, 0x00, 0x00,
	0x00, 0x00, 0x00, 0x00, 0x00, 0x00, 0x00, 0x40, 0x01, 0x00, 0x04, 0x00, 0x10, 0x00, 0x40, 0x01, 0x00, 0x25, 0x00, 0x5c, 0x00, 0xe0, 0x03, 0x00,
	0x00, 0x00, 0x00, 0x00, 0x00, 0x00, 0x00, 0x00, 0x00, 0x00, 0x00, 0x00, 0x20, 0x00, 0x40, 0x00, 0x81, 0xfd, 0x0f, 0xfc, 0x00, 0x20, 0x03, 0x00,
	0x00, 0x00, 0x00, 0x00, 0x00, 0x00, 0x00, 0x00, 0x00, 0x00, 0x00, 0x00, 0x00, 0x00, 0x00, 0x00, 0x08, 0x40, 0x40, 0x82, 0xfd, 0x0f, 0xfc, 0x10,
	0x20, 0x21, 0x00, 0x00, 0x00, 0x00, 0x00, 0x00, 0x00, 0x00, 0x00, 0x00, 0x00, 0x01, 0x02, 0x04, 0x10, 0x10, 0x40, 0x3f, 0x00, 0x88, 0x02, 0x20,
	0x05, 0x80, 0x14, 0x00, 0x50, 0x00, 0x80, 0x00, 0x00, 0x00, 0x00, 0x00, 0x00, 0x00, 0x00, 0x00, 0x01, 0xf0, 0x00, 0x20, 0x00, 0x80, 0x3f, 0x01,
	0x8c, 0x04, 0x30, 0x10, 0x40, 0x41, 0x01, 0x08, 0x03, 0xc0, 0x00, 0x00, 0x00, 0x00, 0x00, 0x00, 0x00, 0x00, 0x00, 0x01, 0xf8, 0x00, 0x20, 0x00,
	0x80, 0x02, 0x01, 0xf8, 0x00, 0x20, 0x00, 0x80, 0x02, 0x00, 0x08, 0x07, 0xe0, 0x00, 0x00, 0x00, 0x00, 0x00, 0x00, 0x00, 0x00, 0x00, 0x03, 0xfe,
	0x04, 0x10, 0x10, 0x40, 0x23, 0x00, 0x88, 0x02, 0x20, 0x05, 0x00, 0x14, 0x00, 0x50, 0x00, 0x80, 0x00, 0x00, 0x00, 0x00, 0x00, 0x00, 0x00, 0x00,
	0x00, 0x00, 0x00, 0x00, 0x00, 0x00, 0x00, 0x3f, 0x01, 0x00, 0x04, 0x00, 0x1f, 0xc0, 0x40, 0x01, 0x80, 0x01, 0xf0, 0x00, 0x00, 0x00, 0x00, 0x00,
	0x00, 0x00, 0x00, 0x00, 0x00, 0x00, 0x00, 0x00, 0x00, 0x00, 0x7c, 0x00, 0x0c, 0x00, 0x10, 0x1f, 0xc0, 0x01, 0x00, 0x08, 0x07, 0xc0, 0x00, 0x00,
	0x00, 0x00, 0x00, 0x00, 0x00, 0x00, 0x00, 0x00, 0x00, 0x00, 0x00, 0x00, 0x00, 0x00, 0x00, 0x00, 0x00, 0x00, 0x1f, 0xe0, 0x00, 0x00, 0x00, 0x00,
	0x00, 0x00, 0x00, 0x00, 0x00, 0x00, 0x00, 0x00, 0x00, 0x00, 0x40, 0x01, 0x00, 0x08, 0x00, 0x20, 0x00, 0x81, 0x84, 0x03, 0x10, 0x04, 0x40, 0x12,
	0x00, 0x28, 0x00, 0xa0, 0x03, 0x00, 0x00, 0x00, 0x00, 0x00, 0x00, 0x00, 0x00, 0x00, 0x00, 0x00, 0x00, 0x00, 0x00, 0x00, 0x00, 0x42, 0x06, 0xb0,
	0x11, 0x80, 0x44, 0x01, 0x18, 0x07, 0x98, 0x00, 0x00, 0x00, 0x00, 0x00, 0x00, 0x00, 0x00, 0x00, 0x00, 0x00, 0x00, 0x00, 0x00, 0x00, 0x00, 0x00,
	0x42, 0x06, 0xb6, 0x11, 0x88, 0x44, 0x21, 0x18, 0x87, 0x9c, 0x00, 0x00, 0x00, 0x00, 0x00, 0x00, 0x00, 0x00, 0x00, 0x00, 0x00, 0x00, 0x20, 0x01,
	0x00, 0x08, 0x00, 0x20, 0x01, 0x00, 0x0c, 0x00, 0x20, 0x01, 0x00, 0x0f, 0xf8, 0x00, 0x00, 0x00, 0x00, 0x00, 0x00, 0x00, 0x00, 0x00, 0x00, 0x00,
	0x00, 0x00, 0x00, 0x00, 0x18, 0x00, 0xa0, 0x02, 0x80, 0x09, 0x00, 0x24, 0x01, 0x10, 0x04, 0x20, 0x30, 0x80, 0x00, 0x00, 0x00, 0x00, 0x00, 0x00,
	0x00, 0x00, 0x00, 0x00, 0x00, 0x00, 0x00, 0xc2, 0x01, 0x08, 0x04, 0x40, 0x19, 0x00, 0x24, 0x00, 0xa0, 0x02, 0x80, 0x06, 0x00, 0x00, 0x00, 0x00,
	0x00, 0x00, 0x00, 0x00, 0x00, 0x00, 0x00, 0x00, 0x0f, 0x80, 0x22, 0x01, 0x04, 0x04, 0x10, 0x10, 0x40, 0x41, 0x01, 0x04, 0x04, 0x10, 0x00, 0x00,
	0x00, 0x00, 0x00, 0x00, 0x00, 0x00, 0x00, 0x00, 0x00, 0x00, 0x00, 0x00, 0x00, 0x41, 0x01, 0x04, 0x04, 0x10, 0x10, 0x40, 0x41, 0x01, 0x04, 0x06,
	0x30, 0x0f, 0x80, 0x00, 0x00, 0x00, 0x00, 0x00, 0x00, 0x00, 0x00, 0x38, 0x00, 0x80, 0x02, 0x00, 0x08, 0x00, 0x20, 0x01, 0x80, 0x06, 0x00, 0x18,
	0x00, 0x40, 0x01, 0x00, 0x04, 0x00, 0x10, 0x01, 0xc0, 0x00, 0x00, 0x00, 0x00, 0x00, 0x3b, 0xc0, 0x88, 0x02, 0x20, 0x08, 0x80, 0x62, 0x01, 0x88,
	0x06, 0x20, 0x10, 0x80, 0x42, 0x01, 0x18, 0x04, 0x60, 0x11, 0x01, 0xdc, 0x00, 0x00, 0x00, 0x00, 0x00, 0x00, 0x00, 0x00, 0x00, 0x00, 0x0c, 0x00,
	0x00, 0x00, 0x00, 0x00, 0x00, 0x00, 0x01, 0x86, 0x06, 0x18, 0x00, 0x00, 0x00, 0x00, 0x00, 0x00, 0x00, 0x00, 0x00, 0x00, 0x00, 0x00, 0x00, 0x00,
	0x00, 0x61, 0x80, 0x00, 0x00, 0x00, 0x00, 0x00, 0x00, 0x00, 0x30, 0x00, 0xc0, 0x00, 0x00, 0x00, 0x00, 0x00, 0x00, 0x00, 0x00, 0x00, 0x00, 0x00,
	0x00, 0x00, 0x00, 0x00, 0x00, 0x00, 0x02, 0x06, 0x36, 0x10, 0x88, 0x44, 0x21, 0x10, 0x87, 0x84, 0x00, 0x00, 0x00, 0x00, 0x00, 0x00, 0x00, 0x00,
	0x00, 0x00, 0x00, 0x00, 0x00, 0x08, 0x00, 0x20, 0x00, 0x00, 0x07, 0xf8, 0x00, 0x00, 0x00, 0x01, 0xfe, 0x00, 0x00, 0x00, 0x60, 0x01, 0x00, 0x00,
	0x00, 0x00, 0x00, 0x00, 0x00, 0x00, 0x00, 0x00, 0x00, 0x80, 0x02, 0x01, 0xfe, 0x00, 0x40, 0x01, 0x00, 0x7f, 0x80, 0x20, 0x00, 0x80, 0x00, 0x00,
	0x00, 0x00, 0x00, 0x00, 0x00, 0x00, 0x00, 0x00, 0x00, 0x00, 0x00, 0x00, 0x00, 0x00, 0x01, 0xfe, 0x00, 0x00, 0x00, 0x00, 0x3f, 0x80, 0x00, 0x07,
	0xf8, 0x00, 0x00, 0x00, 0x00, 0x00, 0x00, 0x00, 0x00, 0x00, 0x00, 0x00, 0x00, 0x38, 0x03, 0x00, 0x70, 0x00, 0xc0, 0x00, 0xe0, 0x00, 0x60, 0x00,
	0x01, 0xfe, 0x00, 0x00, 0x1f, 0xe0, 0x00, 0x00, 0x00, 0x00, 0x00, 0x00, 0x00, 0x00, 0x00, 0x03, 0x00, 0x03, 0x80, 0x01, 0x80, 0x06, 0x00, 0xe0,
	0x1c, 0x00, 0x00, 0x01, 0xfe, 0x00, 0x00, 0x1f, 0xe0, 0x00, 0x00, 0x00, 0x00, 0x00, 0x00, 0x00, 0x00, 0x00, 0x00, 0x00, 0x01, 0x8c, 0x08, 0x40,
	0xc6, 0x04, 0x20, 0x10, 0x80, 0x31, 0x80, 0x31, 0x80, 0x21, 0x00, 0x00, 0x00, 0x00, 0x00, 0x00, 0x00, 0x00, 0x00, 0x00, 0x00, 0x00, 0x00, 0x18,
	0xc0, 0x10, 0xc0, 0x30, 0x80, 0x21, 0x00, 0x84, 0x0c, 0x60, 0x42, 0x06, 0x30, 0x00, 0x00, 0x00, 0x00, 0x00, 0x00, 0x00, 0x00, 0x00, 0x00, 0x00,
	0x00, 0x00, 0x00, 0x00, 0x3f, 0x81, 0x00, 0x04, 0x00, 0x10, 0x00, 0x40, 0x01, 0x80, 0x01, 0xf8, 0x00, 0x00, 0x00, 0x00, 0x00, 0x00, 0x00, 0x00,
	0x00, 0x00, 0x00, 0x00, 0x00, 0x00, 0x00, 0x7f, 0x00, 0x06, 0x00, 0x08, 0x00, 0x20, 0x00, 0x80, 0x04, 0x07, 0xe0, 0x00, 0x00, 0x00, 0x00, 0x00,
	0x00, 0x00, 0x00, 0x00, 0x00, 0x00, 0x00, 0x00, 0x07, 0xe0, 0x20, 0x01, 0x00, 0x04, 0x00, 0x10, 0x00, 0x20, 0x00, 0x7e, 0x00, 0x00, 0x00, 0x00,
	0x3f, 0x80, 0x00, 0x00, 0x00, 0x00, 0x00, 0x00, 0x00, 0x00, 0x00, 0x1f, 0x80, 0x01, 0x80, 0x02, 0x00, 0x08, 0x00, 0x20, 0x00, 0x81, 0xfc, 0x00,
	0x00, 0x00, 0x00, 0x7f, 0x80, 0x00, 0x00, 0x00, 0x00, 0x00, 0x00, 0x08, 0x00, 0x20, 0x00, 0x80, 0x02, 0x00, 0x08, 0x00, 0x20, 0x00, 0x80, 0x02,
	0x00, 0x08, 0x07, 0xfe, 0x00, 0x00, 0x00, 0x00, 0x00, 0x00, 0x00, 0x00, 0x03, 0x00, 0xf3, 0xc4, 0x00, 0x80, 0x00, 0x00, 0x00, 0x00, 0x00, 0x00,
	0x00, 0x00, 0x00, 0x00, 0x00, 0x00, 0x00, 0x00, 0x00, 0x00, 0x00, 0x00, 0x00, 0x00, 0x00, 0x00, 0x00, 0xff, 0xc3, 0xff, 0x0f, 0xfc, 0x3f, 0xf0,
	0xff, 0xc3, 0xff, 0x0f, 0xfc, 0x3f, 0xf0, 0xff, 0xc3, 0xff, 0x00, 0x00, 0x00, 0x00, 0x00, 0x00, 0x00, 0x00, 0x00, 0x00, 0xff, 0xc2, 0x01, 0x08,
	0x04, 0x20, 0x10, 0x80, 0x42, 0x01, 0x08, 0x04, 0x20, 0x10, 0x80, 0x43, 0xff, 0x00, 0x00, 0x00, 0x00, 0x00, 0x00, 0x00, 0x00, 0x00, 0x00, 0x0c,
	0x00, 0x30, 0x01, 0xe0, 0x0f, 0xc0, 0x3f, 0x01, 0xfe, 0x07, 0xf8, 0x3f, 0xf0, 0xff, 0xc7, 0xff, 0x80, 0x00, 0x00, 0x00, 0x00, 0x00, 0x00, 0x00,
	0x00, 0x00, 0x0c, 0x00, 0x50, 0x01, 0x20, 0x08, 0x40, 0x21, 0x01, 0x02, 0x08, 0x08, 0x20, 0x11, 0x00, 0x47, 0xff, 0x80, 0x00, 0x00, 0x00, 0x00,
	0x00, 0x00, 0x00, 0x00, 0x01, 0xff, 0xe3, 0xff, 0x0f, 0xfc, 0x1f, 0xe0, 0x3f, 0x00, 0xfc, 0x01, 0xe0, 0x07, 0x80, 0x0c, 0x00, 0x30, 0x00, 0x00,
	0x00, 0x00, 0x00, 0x00, 0x00, 0x00, 0x00, 0x01, 0xff, 0xe2, 0x01, 0x08, 0x04, 0x10, 0x20, 0x41, 0x00, 0x84, 0x02, 0x20, 0x04, 0x80, 0x0c, 0x00,
	0x30, 0x00, 0x00, 0x00, 0x00, 0x00, 0x00, 0x00, 0x00, 0x03, 0x00, 0x1e, 0x00, 0xfc, 0x07, 0xf8, 0x3f, 0xf1, 0xff, 0xe7, 0xff, 0x8f, 0xfc, 0x1f,
	0xe0, 0x3f, 0x00, 0x78, 0x00, 0xc0, 0x00, 0x00, 0x00, 0x00, 0x00, 0x00, 0x03, 0x00, 0x12, 0x00, 0x84, 0x04, 0x08, 0x20, 0x11, 0x00, 0x24, 0x00,
	0x88, 0x04, 0x10, 0x20, 0x21, 0x00, 0x48, 0x00, 0xc0, 0x00, 0x00, 0x00, 0x00, 0x00, 0x00, 0x00, 0x00, 0x0c, 0x00, 0xcc, 0x04, 0x08, 0x20, 0x11,
	0x00, 0x44, 0x00, 0x90, 0x02, 0x40, 0x10, 0x80, 0x41, 0x02, 0x03, 0xf0, 0x00, 0x00, 0x00, 0x00, 0x00, 0x00, 0x00, 0x00, 0x0c, 0x00, 0xcc, 0x04,
	0xc8, 0x24, 0x91, 0x21, 0x45, 0x04, 0x94, 0x12, 0x48, 0x50, 0x92, 0x41, 0x32, 0x03, 0xf0, 0x00, 0x00, 0x00, 0x00, 0x00, 0x00, 0x00, 0x00, 0x0c,
	0x00, 0xfc, 0x07, 0xf8, 0x3f, 0xf0, 0xff, 0xc7, 0xff, 0x9f, 0xfe, 0x3f, 0xf0, 0xff, 0xc1, 0xfe, 0x03, 0xf0, 0x00, 0x00, 0x00, 0x00, 0x00, 0x00,
	0x07, 0x80, 0x61, 0x82, 0x01, 0x10, 0x02, 0x80, 0x0a, 0x00, 0x18, 0x00, 0x60, 0x01, 0x80, 0x09, 0x00, 0x24, 0x00, 0x88, 0x04, 0x18, 0x60, 0x1e,
	0x00, 0x00, 0x00, 0x02, 0x00, 0x0c, 0x00, 0x30, 0x00, 0xc0, 0x7f, 0xf8, 0x7f, 0x80, 0xfc, 0x03, 0xf0, 0x0f, 0xc0, 0x33, 0x01, 0x02, 0x00, 0x00,
	0x00, 0x00, 0x00, 0x00, 0x00, 0x00, 0x02, 0x00, 0x0c, 0x00, 0x50, 0x01, 0x40, 0x78, 0xf8, 0xc0, 0xc0, 0x84, 0x02, 0x10, 0x0b, 0x40, 0x53, 0x01,
	0x82, 0x00, 0x00, 0x00, 0x00, 0x00, 0x00, 0x00, 0x00, 0x3c, 0x01, 0x08, 0x04, 0x10, 0x10, 0x40, 0x42, 0x00, 0x98, 0x01, 0x80, 0x02, 0x00, 0x7f,
	0x00, 0x20, 0x00, 0x80, 0x00, 0x00, 0x00, 0x00, 0x00, 0x00, 0x00, 0x00, 0x00, 0x00, 0x0f, 0x80, 0x06, 0x00, 0x28, 0x19, 0x20, 0x98, 0x84, 0x20,
	0x10, 0x80, 0x42, 0x01, 0x08, 0x03, 0xc0, 0x00, 0x00, 0x00, 0x00, 0x00, 0x00, 0x00, 0x00, 0x00, 0x00, 0x00, 0x00, 0x80, 0x03, 0x80, 0x12, 0x00,
	0x44, 0x01, 0x10, 0x04, 0x40, 0x12, 0x00, 0xc0, 0x07, 0x00, 0x1c, 0x00, 0x00, 0x00, 0x00, 0x00, 0x00, 0x00, 0x00, 0x00, 0x00, 0x02, 0x00, 0x08,
	0x00, 0x20, 0x00, 0xf8, 0x02, 0x30, 0x08, 0xc0, 0x22, 0x00, 0x88, 0x02, 0xc0, 0x0c, 0x00, 0x00, 0x00, 0x00, 0x00, 0x00, 0x00, 0x00, 0x00, 0x08,
	0x01, 0x20, 0x04, 0x80, 0x1f, 0x01, 0xe8, 0x01, 0x20, 0x04, 0xc0, 0x1f, 0x01, 0xc8, 0x01, 0x20, 0x04, 0x80, 0x00, 0x00, 0x00, 0x00, 0x00, 0x00,
	0x00, 0x00, 0x00, 0x00, 0x00, 0x00, 0x00, 0x00, 0x00, 0x00, 0x00, 0x00, 0x00, 0x00, 0x00, 0x00, 0x00, 0x00, 0x00, 0x00, 0x00, 0x00, 0x00, 0x00,
	0x00, 0x00, 0x00, 0x00, 0x00, 0x00, 0x00, 0x00, 0x00, 0x00, 0x00, 0x00, 0x00, 0x00, 0x00, 0x00, 0x00, 0x00, 0x01, 0x00, 0x06, 0x00, 0x0c, 0x00,
	0x10, 0x00, 0x00, 0x00, 0x00, 0x00, 0x00, 0x00, 0x00, 0x00, 0x00, 0x00, 0x00, 0x00, 0x00, 0x00, 0x00, 0x00, 0x00, 0x00, 0x78, 0x01, 0x20, 0x04,
	0x80, 0x0e, 0x00, 0x00, 0x00, 0x00, 0x00, 0x00, 0x00, 0x00, 0x00, 0x00, 0x00, 0x02, 0x01, 0x08, 0x04, 0x20, 0x11, 0x00, 0x84, 0x02, 0x10, 0x18,
	0x80, 0x42, 0x02, 0x18, 0x00, 0x40, 0x00, 0x00, 0x00, 0x00, 0x00, 0x00, 0x04, 0x00, 0x10, 0x00, 0xfe, 0x02, 0x08, 0x18, 0x20, 0x41, 0x82, 0x04,
	0x11, 0xa0, 0x03, 0x00, 0x06, 0x00, 0x0c, 0x00, 0x10, 0x00, 0x00, 0x00, 0x00, 0x00, 0x00, 0x00, 0x00, 0x00, 0x00, 0x01, 0x00, 0x08, 0x00, 0x40,
	0x7e, 0x01, 0x18, 0x08, 0x90, 0x24, 0x20, 0xa0, 0x03, 0x00, 0x0c, 0x00, 0x20, 0x00, 0x00, 0x00, 0x00, 0x00, 0x0f, 0xc0, 0x61, 0x82, 0x01, 0x18,
	0x06, 0x40, 0x09, 0x00, 0x24, 0x00, 0x90, 0x02, 0x60, 0x18, 0x80, 0x41, 0x86, 0x01, 0xe0, 0x00, 0x00, 0x00, 0x00, 0x00, 0x00, 0x00, 0x10, 0x00,
	0x80, 0x02, 0x00, 0x10, 0x00, 0x40, 0x02, 0x00, 0x08, 0x00, 0x10, 0x00, 0x40, 0x00, 0x80, 0x03, 0x00, 0x04, 0x00, 0x00, 0x00, 0x00, 0x00, 0x00,
	0x20, 0x00, 0x40, 0x01, 0x00, 0x02, 0x00, 0x08, 0x00, 0x10, 0x00, 0x40, 0x02, 0x00, 0x08, 0x00, 0x40, 0x03, 0x00, 0x08, 0x00, 0x00, 0x00, 0x00,
	0x00, 0x00, 0x00, 0x00, 0x50, 0x02, 0x80, 0x0a, 0x00, 0x50, 0x03, 0x40, 0x0a, 0x00, 0x28, 0x00, 0xd0, 0x01, 0x40, 0x02, 0x80, 0x0b, 0x00, 0x14,
	0x00, 0x00, 0x00, 0x00, 0x00, 0x00, 0x28, 0x00, 0x50, 0x01, 0x40, 0x02, 0x80, 0x0b, 0x00, 0x14, 0x00, 0x50, 0x02, 0xc0, 0x0a, 0x00, 0x50, 0x03,
	0x40, 0x0a, 0x00, 0x00, 0x00, 0x00, 0x00, 0x00, 0x00, 0x00, 0xf8, 0x02, 0x00, 0x08, 0x00, 0x20, 0x00, 0x80, 0x02, 0x00, 0x08, 0x00, 0x20, 0x00,
	0x80, 0x02, 0x00, 0x08, 0x00, 0x00, 0x00, 0x00, 0x00, 0x00, 0x00, 0x00, 0x00, 0x00, 0x00, 0x00, 0x40, 0x01, 0x00, 0x04, 0x00, 0x10, 0x00, 0x40,
	0x01, 0x00, 0x04, 0x00, 0x10, 0x00, 0x40, 0x1f, 0x00, 0x00, 0x00, 0x00, 0x00, 0x00, 0x00, 0x00, 0xf0, 0x04, 0x20, 0x17, 0x80, 0x50, 0x01, 0x40,
	0x05, 0x00, 0x14, 0x00, 0x50, 0x01, 0x40, 0x05, 0x00, 0x14, 0x00, 0x20, 0x00, 0x00, 0x00, 0x00, 0x00, 0x00, 0x00, 0x00, 0x00, 0x00, 0x40, 0x02,
	0x80, 0x0a, 0x00, 0x28, 0x00, 0xa0, 0x02, 0x80, 0x0a, 0x00, 0x28, 0x00, 0xa0, 0x1e, 0x80, 0x7e, 0x00, 0x00, 0x00, 0x00, 0x00, 0x00, 0x70, 0x01,
	0x80, 0x06, 0x00, 0x10, 0x00, 0x40, 0x01, 0x00, 0x04, 0x00, 0x10, 0x00, 0x40, 0x01, 0x80, 0x06, 0x00, 0x1c, 0x00, 0x00, 0x00, 0x00, 0x00, 0x00,
	0x38, 0x00, 0x60, 0x01, 0x80, 0x02, 0x00, 0x08, 0x00, 0x20, 0x00, 0x80, 0x02, 0x00, 0x08, 0x00, 0x60, 0x01, 0x80, 0x0e, 0x00, 0x00, 0x00, 0x00,
	0x00, 0x00, 0x00, 0x00, 0x00, 0xff, 0xc0, 0x00, 0x00, 0x00, 0x3f, 0xf0, 0x0c, 0x00, 0x30, 0x00, 0xc0, 0x03, 0x00, 0x0c, 0x00, 0x30, 0x00, 0x00,
	0x00, 0x00, 0x00, 0x00, 0x00, 0x00, 0x00, 0x00, 0xff, 0xc3, 0xff, 0x0f, 0xfc, 0x3f, 0xf0, 0xff, 0xc0, 0x00, 0x00, 0x00, 0x3f, 0xf0, 0xff, 0xc3,
	0xff, 0x0f, 0xfc, 0x3f, 0xf0, 0x00, 0x00, 0x00, 0x00, 0x00, 0x70, 0x06, 0x00, 0x10, 0x00, 0x40, 0x01, 0x00, 0x04, 0x00, 0x10, 0x00, 0x40, 0x01,
	0x00, 0x04, 0x00, 0x08, 0x00, 0x1c, 0x00, 0x00, 0x00, 0x00, 0x00, 0x00, 0x38, 0x00, 0x18, 0x00, 0x20, 0x00, 0x80, 0x02, 0x00, 0x08, 0x00, 0x20,
	0x00, 0x80, 0x02, 0x00, 0x08, 0x00, 0x40, 0x0e, 0x00, 0x00, 0x00, 0x00, 0x00, 0x00, 0x00, 0x00, 0x00, 0x00, 0x00, 0x00, 0x00, 0x00, 0x00, 0x00,
	0x70, 0x07, 0x60, 0x90, 0x6c, 0x00, 0x60, 0x00, 0x00, 0x00, 0x00, 0x00, 0x00, 0x00, 0x00, 0x00, 0x00, 0x00, 0x00, 0x00, 0x00, 0x00, 0x00, 0x01,
	0x00, 0x1f, 0xe0, 0x10, 0x00, 0x40, 0x03, 0xf8, 0x14, 0xa0, 0x54, 0x42, 0x72, 0x07, 0x98, 0x00, 0x80, 0x00, 0x00, 0x00, 0x00, 0x04, 0x00, 0x10,
	0x03, 0xff, 0x01, 0x00, 0x07, 0xc0, 0x71, 0xc2, 0x49, 0x09, 0x22, 0x45, 0x09, 0x98, 0x43, 0xc3, 0x00, 0x10, 0x00, 0x00, 0x00, 0x00, 0x00, 0x00,
	0x00, 0x00, 0x00, 0x00, 0x00, 0x00, 0x00, 0x10, 0x40, 0x40, 0x81, 0x02, 0x04, 0x08, 0x10, 0x20, 0x44, 0x41, 0x21, 0x03, 0x80, 0x00, 0x00, 0x00,
	0x00, 0x00, 0x00, 0x00, 0x00, 0x00, 0x02, 0x02, 0x08, 0x08, 0x20, 0x10, 0x80, 0x42, 0x01, 0x08, 0x04, 0x21, 0x08, 0x8c, 0x23, 0x20, 0x87, 0x00,
	0x00, 0x00, 0x00, 0x00, 0x00, 0x00, 0x00, 0x00, 0x00, 0x00, 0x00, 0x00, 0x00, 0x07, 0x80, 0x00, 0x00, 0x7c, 0x06, 0x08, 0x00, 0x20, 0x00, 0x80,
	0x04, 0x00, 0xe0, 0x04, 0x00, 0x00, 0x00, 0x00, 0x00, 0x00, 0x00, 0x30, 0x00, 0x3c, 0x00, 0x00, 0x00, 0x00, 0xff, 0x80, 0x01, 0x00, 0x04, 0x00,
	0x10, 0x00, 0xc0, 0x06, 0x01, 0xe0, 0x00, 0x00, 0x00, 0x00, 0x00, 0x00, 0x00, 0x00, 0x00, 0x00, 0x00, 0x00, 0x00, 0x07, 0x80, 0x00, 0x01, 0xfc,
	0x00, 0x30, 0x01, 0x00, 0x1c, 0x00, 0xc8, 0x04, 0x38, 0x00, 0x00, 0x00, 0x00, 0x00, 0x00, 0x00, 0x00, 0x30, 0x00, 0x3c, 0x00, 0x00, 0x3f, 0xe0,
	0x01, 0x80, 0x0c, 0x00, 0x40, 0x07, 0x80, 0x32, 0x01, 0x88, 0x08, 0x1e, 0x00, 0x00, 0x00, 0x00, 0x00, 0x00, 0x00, 0x00, 0x00, 0x00, 0x00, 0x01,
	0x00, 0x04, 0x20, 0x7e, 0xc0, 0x41, 0x01, 0xe0, 0x1c, 0x60, 0xd0, 0x82, 0x42, 0x05, 0x18, 0x08, 0x80, 0x00, 0x00, 0x00, 0x00, 0x04, 0x00, 0x10,
	0x03, 0xfd, 0x01, 0x02, 0x04, 0x00, 0x3f, 0x03, 0x43, 0x19, 0x04, 0x44, 0x11, 0x10, 0x43, 0xc6, 0x00, 0x20, 0x00, 0x00, 0x00, 0x00, 0x00, 0x00,
	0x04, 0x00, 0x20, 0x00, 0x83, 0x0f, 0xe4, 0x08, 0x90, 0x42, 0x21, 0x08, 0x84, 0x22, 0x20, 0x80, 0x82, 0x02, 0x78, 0x00, 0x00, 0x00, 0x00, 0x00,
	0x00, 0x00, 0x00, 0x04, 0x50, 0x20, 0xa0, 0x82, 0x0f, 0xe0, 0x08, 0x90, 0x42, 0x41, 0x09, 0x84, 0x22, 0x20, 0x88, 0x82, 0x02, 0xf8, 0x00, 0x00,
	0x00, 0x00, 0x00, 0x00, 0x00, 0x00, 0x01, 0x00, 0x1f, 0xc3, 0x88, 0x00, 0x20, 0x7f, 0xf8, 0x01, 0x00, 0xf4, 0x04, 0x38, 0x20, 0x00, 0xc0, 0x01,
	0x80, 0x01, 0xf0, 0x00, 0x00, 0x00, 0x00, 0x00, 0x00, 0x00, 0x08, 0x04, 0xa0, 0x11, 0x0f, 0xf0, 0x01, 0x81, 0xff, 0xc0, 0x08, 0x01, 0x90, 0x19,
	0xc0, 0x80, 0x02, 0x00, 0x04, 0x00, 0x0f, 0xc0, 0x00, 0x00, 0x00, 0x00, 0x00, 0x00, 0x01, 0x00, 0x18, 0x00, 0xc0, 0x0c, 0x00, 0x60, 0x03, 0x00,
	0x04, 0x00, 0x0c, 0x00, 0x18, 0x00, 0x10, 0x00, 0x30, 0x00, 0x40, 0x00, 0x00, 0x00, 0x00, 0x00, 0x80, 0x04, 0x00, 0x60, 0x03, 0x14, 0x30, 0x58,
	0x81, 0x03, 0x00, 0x06, 0x00, 0x04, 0x00, 0x0c, 0x00, 0x18, 0x00, 0x30, 0x00, 0x00, 0x00, 0x00, 0x00, 0x00, 0x00, 0x00, 0x80, 0x82, 0x02, 0x08,
	0x08, 0x27, 0xf8, 0x80, 0x82, 0x02, 0x08, 0x08, 0x20, 0x20, 0x80, 0x82, 0x04, 0x08, 0x30, 0x21, 0x00, 0x00, 0x00, 0x00, 0x00, 0x00, 0x08, 0x81,
	0x52, 0x05, 0x08, 0x10, 0x67, 0xf9, 0x01, 0x04, 0x04, 0x10, 0x10, 0x40, 0x41, 0x81, 0x02, 0x04, 0x08, 0x60, 0x22, 0x00, 0x00, 0x00, 0x00, 0x00,
	0x00, 0x00, 0x00, 0x01, 0xfe, 0x00, 0x00, 0x00, 0x00, 0x00, 0x00, 0x00, 0x04, 0x00, 0x20, 0x00, 0x80, 0x02, 0x00, 0x07, 0xfc, 0x00, 0x00, 0x00,
	0x00, 0x00, 0x00, 0x00, 0x00, 0x7f, 0x80, 0x00, 0x00, 0x14, 0x00, 0x28, 0x40, 0x81, 0x00, 0x08, 0x00, 0x20, 0x00, 0x80, 0x01, 0xff, 0x00, 0x00,
	0x00, 0x00, 0x00, 0x00, 0x00, 0x00, 0x00, 0x80, 0x02, 0x07, 0xff, 0x00, 0x20, 0x00, 0x40, 0x3d, 0x01, 0x0e, 0x08, 0x00, 0x20, 0x00, 0x40, 0x01,
	0xc6, 0x00, 0xe0, 0x00, 0x00, 0x00, 0x00, 0x00, 0x00, 0x00, 0x28, 0x02, 0xa0, 0x09, 0x1f, 0xfc, 0x00, 0x80, 0x01, 0x00, 0xf4, 0x04, 0x38, 0x20,
	0x00, 0x80, 0x03, 0x00, 0x06, 0x00, 0x07, 0xc0, 0x00, 0x00, 0x00, 0x00, 0x00, 0x00, 0x40, 0x01, 0x00, 0x04, 0x00, 0x10, 0x00, 0x40, 0x01, 0x00,
	0x04, 0x00, 0x10, 0x10, 0x40, 0xc1, 0x02, 0x02, 0x30, 0x07, 0x00, 0x00, 0x00, 0x00, 0x00, 0x00, 0x00, 0x40, 0x81, 0x0a, 0x04, 0x24, 0x10, 0x00,
	0x40, 0x01, 0x00, 0x04, 0x00, 0x10, 0x10, 0x40, 0x81, 0x06, 0x06, 0x30, 0x07, 0x00, 0x00, 0x00, 0x00, 0x00, 0x00, 0x81, 0xff, 0xe0, 0x08, 0x01,
	0xe0, 0x08, 0x80, 0x22, 0x00, 0x88, 0x03, 0x60, 0x02, 0x80, 0x02, 0x00, 0x30, 0x01, 0x00, 0x00, 0x00, 0x00, 0x00, 0x00, 0x00, 0x00, 0x81, 0xff,
	0xe0, 0x08, 0x03, 0xa0, 0x19, 0xa8, 0x42, 0x81, 0x08, 0x02, 0xe0, 0x04, 0x80, 0x04, 0x00, 0x70, 0x03, 0x00, 0x00, 0x00, 0x00, 0x00, 0x00, 0x00,
	0x10, 0x20, 0x40, 0x81, 0x02, 0x1f, 0xfe, 0x10, 0x20, 0x40, 0x81, 0x12, 0x04, 0x30, 0x10, 0x00, 0x40, 0x00, 0xc2, 0x00, 0xf0, 0x00, 0x00, 0x00,
	0x00, 0x00, 0x00, 0x00, 0x08, 0x41, 0x51, 0x05, 0x04, 0x10, 0x7f, 0xf8, 0x41, 0x01, 0x04, 0x04, 0x10, 0x13, 0xc0, 0x40, 0x01, 0x00, 0x06, 0x00,
	0x07, 0xe0, 0x00, 0x00, 0x00, 0x00, 0x00, 0x00, 0x3f, 0x00, 0x06, 0x00, 0x20, 0x03, 0x00, 0x30, 0xe7, 0xfc, 0x00, 0x80, 0x04, 0x00, 0x10, 0x00,
	0x40, 0x01, 0x80, 0x01, 0xe0, 0x00, 0x00, 0x00, 0x00, 0x00, 0x00, 0x7f, 0x00, 0x0c, 0x80, 0x45, 0x06, 0x00, 0x60, 0xc7, 0xfc, 0x00, 0x80, 0x04,
	0x00, 0x20, 0x00, 0xc0, 0x01, 0x80, 0x01, 0xe0, 0x00, 0x00, 0x00, 0x00, 0x08, 0x00, 0x20, 0x03, 0xf8, 0x06, 0x00, 0x11, 0xf0, 0x40, 0x01, 0x00,
	0x08, 0x40, 0x22, 0x00, 0x88, 0x06, 0x3f, 0x10, 0x00, 0x00, 0x00, 0x00, 0x00, 0x00, 0x00, 0x00, 0x00, 0x20, 0xa0, 0x82, 0x0f, 0xe0, 0x10, 0x00,
	0x43, 0xc1, 0x10, 0x04, 0x00, 0x20, 0x00, 0x88, 0x02, 0x20, 0x10, 0xc4, 0x40, 0xe0, 0x00, 0x00, 0x00, 0x00, 0x04, 0x00, 0x10, 0x03, 0xff, 0x02,
	0x00, 0x08, 0x00, 0x6f, 0x01, 0xc2, 0x00, 0x04, 0x00, 0x10, 0x00, 0x80, 0x8e, 0x01, 0xc0, 0x00, 0x00, 0x00, 0x00, 0x00, 0x00, 0x00, 0x28, 0x10,
	0xb0, 0x41, 0x1f, 0xfc, 0x08, 0x00, 0x20, 0x01, 0x3c, 0x07, 0x18, 0x00, 0x30, 0x00, 0x40, 0x02, 0x00, 0x18, 0x0f, 0x80, 0x00, 0x00, 0x00, 0x00,
	0x00, 0x00, 0x00, 0x00, 0x00, 0x00, 0x00, 0x03, 0x80, 0xf1, 0x80, 0x02, 0x00, 0x04, 0x00, 0x10, 0x00, 0x80, 0x06, 0x03, 0xe0, 0x00, 0x00, 0x00,
	0x00, 0x00, 0x00, 0x00, 0x00, 0x00, 0x00, 0x38, 0x1f, 0x38, 0x00, 0x10, 0x00, 0x60, 0x00, 0x80, 0x02, 0x00, 0x10, 0x00, 0xc0, 0x06, 0x03, 0xe0,
	0x00, 0x00, 0x00, 0x00, 0x00, 0x00, 0x00, 0x08, 0x00, 0xa0, 0x01, 0x1f, 0xf8, 0x40, 0x30, 0x00, 0x40, 0x01, 0x00, 0x04, 0x00, 0x10, 0x00, 0xc0,
	0x06, 0x03, 0xe0, 0x00, 0x00, 0x00, 0x00, 0x00, 0x00, 0x00, 0x00, 0x00, 0x07, 0xff, 0x80, 0x30, 0x03, 0x00, 0x10, 0x00, 0x40, 0x02, 0x00, 0x08,
	0x00, 0x30, 0x00, 0x40, 0x00, 0xf8, 0x00, 0x00, 0x00, 0x00, 0x00, 0x00, 0x00, 0x00, 0x00, 0x07, 0xff, 0x00, 0x70, 0x02, 0x00, 0x10, 0xa0, 0x82,
	0x82, 0x00, 0x08, 0x00, 0x20, 0x00, 0x40, 0x01, 0x80, 0x01, 0xe0, 0x00, 0x00, 0x00, 0x00, 0x00, 0x00, 0x20, 0x00, 0x80, 0x02, 0x00, 0x08, 0xf0,
	0x3e, 0x00, 0xc0, 0x04, 0x00, 0x20, 0x00, 0x80, 0x03, 0x00, 0x07, 0x1c, 0x03, 0x80, 0x00, 0x00, 0x00, 0x00, 0x00, 0x00, 0x41, 0x40, 0x85, 0x02,
	0x00, 0x08, 0x20, 0x27, 0x00, 0xe0, 0x06, 0x00, 0x20, 0x00, 0x80, 0x02, 0x00, 0x06, 0x08, 0x07, 0xc0, 0x00, 0x00, 0x00, 0x00, 0x08, 0x00, 0x20,
	0x07, 0xe7, 0x84, 0x10, 0x10, 0x40, 0x81, 0x02, 0x04, 0x09, 0xf0, 0x48, 0x61, 0x21, 0x60, 0xcc, 0x00, 0xc0, 0x00, 0x00, 0x00, 0x00, 0x00, 0x00,
	0x00, 0x00, 0x80, 0x02, 0x00, 0x08, 0x78, 0x20, 0x00, 0x80, 0x02, 0x00, 0x08, 0x80, 0x26, 0x00, 0x90, 0x02, 0x60, 0x08, 0x7c, 0x20, 0x00, 0x00,
	0x00, 0x00, 0x00, 0x10, 0x40, 0x41, 0x01, 0xfc, 0x06, 0x2c, 0x28, 0x91, 0xa4, 0x24, 0x90, 0x91, 0x82, 0x46, 0xf9, 0xb4, 0x63, 0x8b, 0x00, 0x10,
	0x00, 0x00, 0x00, 0x00, 0x00, 0x00, 0x08, 0x00, 0x21, 0x07, 0xbb, 0x03, 0x84, 0x0c, 0x08, 0x60, 0x23, 0x80, 0x8a, 0x7a, 0x49, 0x10, 0x24, 0x60,
	0x9e, 0x02, 0x00, 0x00, 0x00, 0x00, 0x00, 0x00, 0x00, 0x00, 0x00, 0x3f, 0x01, 0x93, 0x08, 0xc4, 0x62, 0x09, 0x08, 0x24, 0x20, 0x90, 0x82, 0x44,
	0x10, 0x90, 0xc1, 0x86, 0x00, 0x00, 0x00, 0x00, 0x00, 0x00, 0x00, 0x00, 0x00, 0x00, 0x81, 0x82, 0x06, 0x09, 0xfe, 0x40, 0x61, 0x01, 0x84, 0x06,
	0x10, 0x18, 0x43, 0xe1, 0x91, 0x82, 0x45, 0x09, 0x92, 0x23, 0x80, 0x00, 0x00, 0x00, 0x00, 0x00, 0x08, 0x01, 0x52, 0x05, 0x10, 0x10, 0x47, 0xf1,
	0x01, 0x04, 0x04, 0x10, 0x10, 0x47, 0xc1, 0x31, 0x84, 0x87, 0x09, 0x34, 0x23, 0x80, 0x00, 0x00, 0x00, 0x00, 0x00, 0x18, 0x01, 0x94, 0x06, 0x50,
	0x16, 0x47, 0xe1, 0x01, 0x04, 0x04, 0x10, 0x10, 0x47, 0xc1, 0x21, 0x04, 0x87, 0x13, 0x34, 0x07, 0x80, 0x00, 0x00, 0x00, 0x00, 0x00, 0x01, 0xf1,
	0x00, 0xc6, 0x06, 0x14, 0x10, 0x28, 0x80, 0x82, 0x02, 0x08, 0x08, 0x20, 0x20, 0xc1, 0x01, 0x8c, 0x01, 0xc0, 0x00, 0x00, 0x00, 0x00, 0x00, 0x00,
	0x00, 0x08, 0x00, 0xa7, 0xc2, 0x03, 0x10, 0x18, 0x60, 0x41, 0x42, 0x02, 0x88, 0x08, 0x20, 0x20, 0x80, 0x82, 0x04, 0x06, 0x30, 0x07, 0x00, 0x00,
	0x00, 0x00, 0x00, 0x00, 0x18, 0x00, 0x97, 0xc2, 0x42, 0x16, 0x10, 0x60, 0x41, 0x42, 0x02, 0x88, 0x08, 0x20, 0x20, 0x80, 0x82, 0x04, 0x06, 0x30,
	0x0f, 0x00, 0x00, 0x00, 0x00, 0x00, 0x00, 0x00, 0x3f, 0x00, 0x20, 0x00, 0x80, 0x02, 0x00, 0x8c, 0x42, 0x11, 0x08, 0x22, 0x40, 0xc9, 0x03, 0x20,
	0x98, 0x01, 0xc0, 0x00, 0x00, 0x00, 0x00, 0x00, 0x00, 0x00, 0x08, 0x00, 0xa1, 0xfd, 0x40, 0x80, 0x04, 0x00, 0x18, 0x02, 0x22, 0x08, 0x44, 0x60,
	0x91, 0x02, 0x24, 0x08, 0x82, 0x20, 0x0f, 0x00, 0x00, 0x00, 0x00, 0x00, 0x00, 0x00, 0x01, 0xe1, 0xfc, 0x80, 0x8c, 0x02, 0x00, 0x08, 0x02, 0x21,
	0x08, 0x44, 0x20, 0x89, 0x02, 0x24, 0x0c, 0x82, 0x20, 0x0f, 0x00, 0x00, 0x00, 0x00, 0x00, 0x00, 0x00, 0x00, 0x00, 0x00, 0x03, 0x80, 0x19, 0x80,
	0xc3, 0x02, 0x06, 0x10, 0x0c, 0x00, 0x18, 0x00, 0x20, 0x00, 0x00, 0x00, 0x00, 0x00, 0x00, 0x00, 0x00, 0x00, 0x00, 0x00, 0x00, 0x00, 0x09, 0x00,
	0x14, 0x0e, 0x40, 0x64, 0x01, 0x08, 0x08, 0x10, 0x40, 0x30, 0x00, 0x60, 0x00, 0x80, 0x00, 0x00, 0x00, 0x00, 0x00, 0x00, 0x00, 0x00, 0x00, 0x00,
	0xc0, 0x04, 0x80, 0x12, 0x0e, 0x70, 0x64, 0x01, 0x08, 0x08, 0x10, 0x40, 0x30, 0x00, 0x60, 0x00, 0x80, 0x00, 0x00, 0x00, 0x00, 0x00, 0x00, 0x00,
	0x00, 0x00, 0x80, 0x02, 0x7f, 0x88, 0x10, 0x40, 0x41, 0x1f, 0xe4, 0x04, 0x10, 0x10, 0x43, 0xc1, 0x91, 0x82, 0x45, 0x09, 0x12, 0x23, 0x80, 0x00,
	0x00, 0x00, 0x00, 0x00, 0x08, 0x80, 0x62, 0x7f, 0x58, 0x10, 0x40, 0x41, 0x1f, 0xe4, 0x04, 0x10, 0x10, 0x43, 0xc1, 0x11, 0x84, 0x47, 0x09, 0x16,
	0x23, 0x80, 0x00, 0x00, 0x00, 0x00, 0x00, 0x18, 0x80, 0x92, 0x7e, 0x58, 0x16, 0x40, 0x41, 0x1f, 0xe4, 0x04, 0x10, 0x10, 0x43, 0xc1, 0x11, 0x04,
	0x87, 0x09, 0x14, 0x23, 0x80, 0x00, 0x00, 0x00, 0x00, 0x01, 0x80, 0xff, 0xc0, 0x18, 0x00, 0x60, 0x3f, 0xf0, 0x06, 0x00, 0x18, 0x07, 0xe0, 0x11,
	0x80, 0xc5, 0x81, 0x13, 0x03, 0x80, 0x00, 0x00, 0x00, 0x00, 0x00, 0x00, 0x00, 0x00, 0xf8, 0x00, 0x22, 0x00, 0x88, 0x02, 0x20, 0x7f, 0x82, 0x23,
	0x91, 0x0a, 0x44, 0x21, 0x91, 0x03, 0x8c, 0x00, 0x20, 0x00, 0x00, 0x00, 0x00, 0x00, 0x00, 0x08, 0x00, 0xfc, 0x80, 0x83, 0x0e, 0x02, 0x68, 0x01,
	0x20, 0x04, 0x82, 0x12, 0x08, 0x38, 0x10, 0x20, 0x40, 0x83, 0x01, 0xf0, 0x00, 0x00, 0x00, 0x00, 0x00, 0x00, 0x10, 0x40, 0x41, 0x01, 0xfc, 0x06,
	0x2c, 0x28, 0x91, 0xa4, 0x24, 0x50, 0x91, 0x82, 0x46, 0x09, 0x90, 0x43, 0x86, 0x00, 0x00, 0x00, 0x00, 0x00, 0x00, 0x00, 0x00, 0x04, 0x00, 0x10,
	0x03, 0xfe, 0x01, 0x00, 0x04, 0x01, 0xff, 0x80, 0x40, 0x01, 0x00, 0x04, 0x08, 0x10, 0x40, 0x63, 0x00, 0xf0, 0x00, 0x00, 0x00, 0x00, 0x00, 0x00,
	0x00, 0x00, 0x00, 0x00, 0x00, 0x00, 0x40, 0x09, 0x00, 0x27, 0x80, 0xe9, 0x0d, 0x24, 0x04, 0x30, 0x13, 0x80, 0x20, 0x00, 0x80, 0x02, 0x00, 0x00,
	0x00, 0x00, 0x00, 0x00, 0x00, 0x04, 0x01, 0x10, 0x06, 0x3c, 0x0f, 0x98, 0xe2, 0x24, 0x80, 0x81, 0x06, 0x04, 0xf0, 0x10, 0x00, 0x60, 0x00, 0x80,
	0x02, 0x00, 0x00, 0x00, 0x00, 0x00, 0x00, 0x00, 0x00, 0x00, 0x00, 0x00, 0x40, 0x01, 0x80, 0x9d, 0x82, 0x91, 0x0c, 0x44, 0x31, 0x10, 0x94, 0x82,
	0x3c, 0x00, 0xc0, 0x02, 0x00, 0x00, 0x00, 0x00, 0x00, 0x00, 0x81, 0x02, 0x04, 0x7f, 0x12, 0x26, 0x50, 0x89, 0x82, 0x26, 0x08, 0x9b, 0x24, 0x47,
	0xe0, 0x04, 0x00, 0x30, 0x01, 0x80, 0x00, 0x00, 0x00, 0x00, 0x00, 0x00, 0x00, 0x00, 0x00, 0x00, 0x00, 0x00, 0x40, 0x01, 0x00, 0x07, 0x80, 0x10,
	0x00, 0x40, 0x01, 0x00, 0x7e, 0x01, 0x1c, 0x04, 0x88, 0x0e, 0x00, 0x00, 0x00, 0x00, 0x00, 0x01, 0x00, 0x04, 0x00, 0x1f, 0x00, 0x40, 0x01, 0x00,
	0x04, 0x00, 0x10, 0x0f, 0xc0, 0x21, 0xc0, 0x84, 0xc3, 0x21, 0x07, 0x00, 0x00, 0x00, 0x00, 0x00, 0x00, 0x00, 0x00, 0x00, 0x3f, 0x00, 0x00, 0x04,
	0x00, 0x10, 0x00, 0x5f, 0x83, 0x81, 0x00, 0x04, 0x00, 0x10, 0x00, 0xc0, 0x0e, 0x03, 0xc0, 0x00, 0x00, 0x00, 0x00, 0x00, 0x00, 0x00, 0x00, 0x40,
	0x01, 0x3e, 0x05, 0x08, 0x18, 0x30, 0x60, 0x41, 0x01, 0x04, 0x04, 0x00, 0x20, 0x00, 0x80, 0x04, 0x00, 0xe0, 0x0c, 0x00, 0x00, 0x00, 0x00, 0x00,
	0x00, 0x00, 0x7f, 0x80, 0x08, 0x00, 0xc0, 0x0c, 0x00, 0x7f, 0xc2, 0x01, 0x01, 0x84, 0x19, 0x90, 0x42, 0x41, 0x8e, 0x01, 0xc0, 0x00, 0x00, 0x00,
	0x00, 0x00, 0x00, 0x08, 0x00, 0x20, 0x07, 0x9e, 0x02, 0xc8, 0x0c, 0x20, 0x20, 0x81, 0x82, 0x0a, 0x08, 0x48, 0x20, 0x20, 0xb0, 0x83, 0x82, 0x00,
	0x00, 0x00, 0x00, 0x00, 0x00, 0x00, 0x00, 0x00, 0x7f, 0x80, 0x0c, 0x00, 0xc0, 0x04, 0x00, 0x7f, 0x83, 0x01, 0x00, 0x04, 0x00, 0x10, 0x00, 0xc0,
	0xfe, 0x00, 0x00, 0x00, 0x00, 0x00, 0x00, 0x00, 0x00, 0x00, 0x00, 0x00, 0x00, 0x00, 0x00, 0x00, 0x04, 0x00, 0xff, 0x80, 0x62, 0x03, 0x04, 0x1c,
	0x10, 0x50, 0x40, 0x42, 0x01, 0x78, 0x00, 0x00, 0x00, 0x00, 0x00, 0x00, 0x08, 0x00, 0x20, 0x07, 0x9f, 0x03, 0x84, 0x0c, 0x08, 0x60, 0x21, 0x80,
	0x8a, 0x02, 0x48, 0x18, 0x20, 0x40, 0x9e, 0x02, 0x00, 0x00, 0x00, 0x00, 0x00, 0x00, 0x00, 0x00, 0x00, 0x7c, 0x00, 0x10, 0x00, 0x40, 0x0f, 0xc0,
	0x48, 0xc2, 0x21, 0x10, 0x82, 0x44, 0x09, 0x13, 0xe4, 0xd0, 0x8e, 0x24, 0x00, 0x60, 0x00, 0x00, 0x00, 0x00, 0x00, 0x00, 0x7f, 0x80, 0x0e, 0x01,
	0xc0, 0x3f, 0xf0, 0x10, 0x41, 0xb1, 0x04, 0xd8, 0x0f, 0x80, 0x60, 0x83, 0xe1, 0x18, 0xb6, 0x01, 0x00, 0x00, 0x00, 0x00, 0x00, 0x04, 0x01, 0xff,
	0x80, 0x80, 0x06, 0x00, 0x1f, 0x00, 0xc7, 0xc2, 0x78, 0x02, 0x20, 0x10, 0x80, 0x40, 0x00, 0xc0, 0x00, 0xf8, 0x00, 0x00, 0x00, 0x00, 0x00, 0x00,
	0x00, 0x00, 0x10, 0x00, 0x40, 0x01, 0x00, 0x08, 0x00, 0x20, 0x01, 0x60, 0x06, 0x40, 0x11, 0x08, 0x84, 0x22, 0x09, 0x18, 0x2c, 0x00, 0x40, 0x00,
	0x00, 0x00, 0x00, 0x00, 0x08, 0x20, 0xa0, 0x7a, 0x00, 0x00, 0x00, 0x00, 0xff, 0x80, 0x03, 0x00, 0x04, 0x00, 0x10, 0x00, 0x80, 0x04, 0x01, 0xe0,
	0x00, 0x00, 0x00, 0x00, 0x00, 0x00, 0x00, 0x00, 0x00, 0x00, 0x00, 0x01, 0x00, 0x04, 0x00, 0x7c, 0x80, 0x8a, 0x02, 0x28, 0x08, 0x90, 0x42, 0x41,
	0x08, 0x05, 0x40, 0x02, 0x00, 0x00, 0x00, 0x00, 0x00, 0x00, 0x00, 0x00, 0x00, 0x00, 0x00, 0x10, 0x10, 0x40, 0x41, 0x01, 0x3e, 0x04, 0x10, 0x10,
	0x40, 0x41, 0x01, 0x04, 0x04, 0x20, 0x11, 0x00, 0x00, 0x00, 0x00, 0x00, 0x20, 0x03, 0x40, 0x05, 0x00, 0x00, 0x00, 0x00, 0x00, 0x00, 0x00, 0x00,
	0x00, 0x00, 0x00, 0x00, 0x00, 0x00, 0x00, 0x00, 0x00, 0x00, 0x00, 0x00, 0x00, 0x00, 0x00, 0x60, 0x02, 0x40, 0x09, 0x00, 0x18, 0x00, 0x00, 0x00,
	0x00, 0x00, 0x00, 0x00, 0x00, 0x00, 0x00, 0x00, 0x00, 0x00, 0x00, 0x00, 0x00, 0x00, 0x00, 0x00, 0x00, 0x00, 0x00, 0x00, 0x00, 0x00, 0xc0, 0x01,
	0x80, 0x01, 0x00, 0x02, 0x00, 0x04, 0x00, 0x10, 0x00, 0xc0, 0x0c, 0x00, 0x00, 0x00, 0x00, 0x00, 0x00, 0x00, 0x00, 0x00, 0x00, 0x00, 0x00, 0x05,
	0x01, 0x92, 0x03, 0x20, 0x02, 0x00, 0x04, 0x00, 0x08, 0x00, 0x30, 0x00, 0x80, 0x0c, 0x00, 0x00, 0x00, 0x00, 0x00, 0x00, 0x00, 0x00, 0x00, 0x00,
	0x00, 0x00, 0x00, 0x00, 0x00, 0x00, 0x00, 0x1f, 0xf0, 0x00, 0x80, 0x22, 0x00, 0x90, 0x02, 0x00, 0x08, 0x00, 0x40, 0x02, 0x00, 0x00, 0x00, 0x00,
	0x00, 0x00, 0x00, 0x00, 0x00, 0x00, 0x03, 0xff, 0x80, 0x06, 0x02, 0x10, 0x08, 0x80, 0x26, 0x00, 0x80, 0x04, 0x00, 0x10, 0x00, 0xc0, 0x06, 0x00,
	0x00, 0x00, 0x00, 0x00, 0x00, 0x00, 0x00, 0x00, 0x00, 0x00, 0x00, 0x00, 0x08, 0x00, 0x40, 0x06, 0x00, 0xf0, 0x04, 0x40, 0x01, 0x00, 0x04, 0x00,
	0x10, 0x00, 0x40, 0x00, 0x00, 0x00, 0x00, 0x00, 0x00, 0x00, 0x00, 0x00, 0x40, 0x02, 0x00, 0x30, 0x03, 0x00, 0x74, 0x02, 0x10, 0x00, 0x40, 0x01,
	0x00, 0x04, 0x00, 0x10, 0x00, 0x40, 0x00, 0x00, 0x00, 0x00, 0x00, 0x00, 0x00, 0x00, 0x00, 0x00, 0x00, 0x00, 0x80, 0x02, 0x00, 0x7f, 0x81, 0x02,
	0x04, 0x08, 0x00, 0x20, 0x01, 0x80, 0x0c, 0x00, 0xe0, 0x04, 0x00, 0x00, 0x00, 0x00, 0x00, 0x02, 0x00, 0x08, 0x03, 0xff, 0x08, 0x04, 0x20, 0x10,
	0x80, 0x40, 0x01, 0x00, 0x0c, 0x00, 0x20, 0x03, 0x00, 0x78, 0x00, 0x00, 0x00, 0x00, 0x00, 0x00, 0x00, 0x00, 0x00, 0x00, 0x00, 0x00, 0x00, 0x00,
	0x00, 0x1f, 0xe0, 0x0c, 0x00, 0x30, 0x00, 0xc0, 0x03, 0x00, 0x0c, 0x00, 0x30, 0x07, 0xf8, 0x00, 0x00, 0x00, 0x00, 0x00, 0x00, 0x00, 0x00, 0x00,
	0x03, 0xff, 0x00, 0xc0, 0x03, 0x00, 0x0c, 0x00, 0x30, 0x00, 0xc0, 0x03, 0x00, 0x0c, 0x00, 0x30, 0x0f, 0xfc, 0x00, 0x00, 0x00, 0x00, 0x00, 0x00,
	0x00, 0x00, 0x00, 0x00, 0x00, 0x00, 0x20, 0x00, 0x80, 0x7f, 0xc0, 0x18, 0x00, 0xe0, 0x06, 0x80, 0x22, 0x01, 0x08, 0x00, 0xe0, 0x00, 0x00, 0x00,
	0x00, 0x00, 0x00, 0x00, 0x40, 0x01, 0x07, 0xff, 0x80, 0x30, 0x01, 0x40, 0x09, 0x00, 0x44, 0x06, 0x10, 0x30, 0x40, 0x01, 0x00, 0x3c, 0x00, 0x00,
	0x00, 0x00, 0x00, 0x00, 0x00, 0x00, 0x06, 0x00, 0x10, 0x03, 0xff, 0x01, 0x04, 0x04, 0x10, 0x10, 0x40, 0x41, 0x02, 0x04, 0x08, 0x10, 0x40, 0xc2,
	0x1e, 0x00, 0x00, 0x00, 0x00, 0x00, 0x00, 0x00, 0x00, 0x00, 0x08, 0x10, 0xa0, 0x40, 0x0f, 0xf8, 0x04, 0x10, 0x10, 0x40, 0x41, 0x01, 0x04, 0x08,
	0x10, 0x20, 0xc1, 0x02, 0x08, 0x78, 0x00, 0x00, 0x00, 0x00, 0x00, 0x00, 0x00, 0x00, 0x08, 0x00, 0x20, 0x03, 0xfc, 0x32, 0x00, 0x08, 0x00, 0x30,
	0x00, 0xc0, 0x7f, 0xf8, 0x04, 0x00, 0x10, 0x00, 0x40, 0x01, 0x00, 0x00, 0x00, 0x00, 0x00, 0x00, 0x08, 0x08, 0xa0, 0x20, 0x00, 0x80, 0x3f, 0xf0,
	0x08, 0x00, 0x20, 0x00, 0x80, 0x7f, 0xf8, 0x0c, 0x00, 0x10, 0x00, 0x40, 0x01, 0x00, 0x00, 0x00, 0x00, 0x00, 0x00, 0x00, 0x10, 0x00, 0xfe, 0x02,
	0x04, 0x08, 0x10, 0x40, 0xc2, 0x02, 0x00, 0x08, 0x00, 0x40, 0x03, 0x00, 0x38, 0x07, 0x80, 0x00, 0x00, 0x00, 0x00, 0x00, 0x00, 0x00, 0x00, 0x20,
	0xa0, 0x81, 0x43, 0xf8, 0x18, 0x20, 0x40, 0x82, 0x02, 0x00, 0x08, 0x00, 0x40, 0x03, 0x00, 0x30, 0x0f, 0x80, 0x00, 0x00, 0x00, 0x00, 0x00, 0x00,
	0x00, 0x00, 0x40, 0x01, 0x00, 0x07, 0xfe, 0x30, 0x80, 0x82, 0x06, 0x08, 0x00, 0x20, 0x00, 0x80, 0x04, 0x00, 0x30, 0x03, 0x00, 0x00, 0x00, 0x00,
	0x00, 0x00, 0x00, 0x00, 0x08, 0x40, 0xa1, 0x00, 0x07, 0xfe, 0x30, 0x80, 0x82, 0x04, 0x08, 0x10, 0x20, 0x00, 0x80, 0x04, 0x00, 0x30, 0x03, 0x00,
	0x00, 0x00, 0x00, 0x00, 0x00, 0x00, 0x00, 0x00, 0x00, 0x03, 0xff, 0x00, 0x04, 0x00, 0x10, 0x00, 0x40, 0x01, 0x00, 0x04, 0x00, 0x10, 0x00, 0x40,
	0x01, 0x0f, 0xfc, 0x00, 0x00, 0x00, 0x00, 0x00, 0x00, 0x00, 0x08, 0x00, 0xa0, 0x01, 0x4f, 0xf8, 0x00, 0x20, 0x00, 0x80, 0x02, 0x00, 0x08, 0x00,
	0x20, 0x00, 0x80, 0x02, 0x0f, 0xf8, 0x00, 0x00, 0x00, 0x00, 0x00, 0x00, 0x00, 0x00, 0x40, 0x81, 0x06, 0x04, 0x18, 0x7f, 0xf8, 0x41, 0x81, 0x06,
	0x04, 0x10, 0x00, 0x40, 0x01, 0x00, 0x18, 0x03, 0xc0, 0x00, 0x00, 0x00, 0x00, 0x00, 0x00, 0x00, 0x08, 0x41, 0x61, 0x05, 0x04, 0x10, 0x7f, 0xf8,
	0x41, 0x01, 0x04, 0x04, 0x10, 0x00, 0x40, 0x02, 0x00, 0x18, 0x03, 0xc0, 0x00, 0x00, 0x00, 0x00, 0x00, 0x00, 0x00, 0x00, 0x78, 0x00, 0x00, 0x80,
	0x02, 0x38, 0x10, 0x10, 0x40, 0x03, 0x00, 0x08, 0x00, 0x40, 0x06, 0x01, 0xe0, 0x00, 0x00, 0x00, 0x00, 0x00, 0x00, 0x00, 0x00, 0x00, 0x00, 0x00,
	0xa3, 0xe0, 0x00, 0x00, 0x00, 0x08, 0xc0, 0x40, 0xc1, 0x00, 0x0c, 0x00, 0x20, 0x01, 0x00, 0x18, 0x07, 0x80, 0x00, 0x00, 0x00, 0x00, 0x00, 0x00,
	0x00, 0x00, 0x7f, 0x80, 0x02, 0x00, 0x18, 0x00, 0x40, 0x02, 0x00, 0x10, 0x00, 0xa0, 0x0c, 0x40, 0x60, 0x82, 0x01, 0x00, 0x00, 0x00, 0x00, 0x00,
	0x00, 0x00, 0x00, 0x00, 0x08, 0x00, 0xa3, 0xfe, 0x00, 0x08, 0x00, 0x40, 0x03, 0x00, 0x08, 0x00, 0x40, 0x03, 0x80, 0x33, 0x01, 0x86, 0x18, 0x0c,
	0x00, 0x00, 0x00, 0x00, 0x00, 0x00, 0x00, 0x00, 0x20, 0x00, 0x80, 0x02, 0x1e, 0x1f, 0x99, 0xa0, 0x40, 0x82, 0x02, 0x18, 0x08, 0x00, 0x20, 0x00,
	0x80, 0x01, 0xfe, 0x00, 0x00, 0x00, 0x00, 0x00, 0x00, 0x00, 0x08, 0x20, 0xa0, 0x81, 0x02, 0x06, 0x0f, 0xe9, 0xe0, 0x40, 0x83, 0x02, 0x18, 0x08,
	0x40, 0x20, 0x00, 0x80, 0x03, 0xfc, 0x00, 0x00, 0x00, 0x00, 0x00, 0x00, 0x00, 0x00, 0x80, 0x42, 0x01, 0x04, 0x04, 0x10, 0x10, 0x20, 0xc0, 0x02,
	0x00, 0x18, 0x00, 0xc0, 0x0e, 0x01, 0xe0, 0x00, 0x00, 0x00, 0x00, 0x00, 0x00, 0x00, 0x00, 0x00, 0x00, 0x00, 0xa2, 0x00, 0x08, 0x00, 0x10, 0x10,
	0x40, 0x41, 0x82, 0x00, 0x08, 0x00, 0x60, 0x03, 0x00, 0x38, 0x07, 0x80, 0x00, 0x00, 0x00, 0x00, 0x00, 0x00, 0x00, 0x00, 0x20, 0x00, 0xff, 0x02,
	0x04, 0x18, 0x10, 0x50, 0x42, 0x32, 0x00, 0x38, 0x00, 0x60, 0x03, 0x00, 0x18, 0x07, 0x80, 0x00, 0x00, 0x00, 0x00, 0x00, 0x00, 0x00, 0x08, 0x20,
	0xa0, 0x81, 0x03, 0xf8, 0x10, 0x20, 0x40, 0x82, 0x62, 0x00, 0x78, 0x00, 0x40, 0x03, 0x00, 0x18, 0x07, 0x80, 0x30, 0x00, 0x00, 0x00, 0x00, 0x00,
	0x00, 0x00, 0x00, 0x00, 0x7e, 0x06, 0x40, 0x01, 0x00, 0x04, 0x07, 0xff, 0x80, 0x40, 0x01, 0x00, 0x0c, 0x00, 0x20, 0x03, 0x00, 0x00, 0x00, 0x00,
	0x00, 0x00, 0x00, 0x00, 0x08, 0x00, 0xa0, 0x1d, 0x0f, 0xc0, 0x01, 0x00, 0x04, 0x07, 0xff, 0x00, 0x40, 0x01, 0x00, 0x08, 0x00, 0x20, 0x03, 0x00,
	0x10, 0x00, 0x00, 0x00, 0x00, 0x00, 0x00, 0x00, 0x00, 0x00, 0x00, 0x00, 0x00, 0x02, 0x20, 0x48, 0x81, 0x22, 0x04, 0x48, 0x00, 0x20, 0x01, 0x00,
	0x08, 0x01, 0xc0, 0x00, 0x00, 0x00, 0x00, 0x00, 0x00, 0x00, 0x00, 0x18, 0x42, 0x21, 0x08, 0x84, 0x22, 0x10, 0x44, 0x40, 0x03, 0x00, 0x08, 0x00,
	0x40, 0x06, 0x00, 0xe0, 0x00, 0x00, 0x00, 0x00, 0x00, 0x00, 0x00, 0x00, 0x00, 0x00, 0x00, 0xa0, 0x40, 0x08, 0x80, 0x22, 0x10, 0x88, 0x43, 0x21,
	0x00, 0x08, 0x00, 0x20, 0x01, 0x00, 0x18, 0x03, 0xc0, 0x00, 0x00, 0x00, 0x00, 0x00, 0x00, 0x00, 0x00, 0x7f, 0x80, 0x00, 0x00, 0x00, 0x00, 0x01,
	0xff, 0xe0, 0x10, 0x00, 0x40, 0x03, 0x00, 0x18, 0x00, 0xc0, 0x00, 0x00, 0x00, 0x00, 0x00, 0x00, 0x00, 0x00, 0x00, 0x08, 0x00, 0xa1, 0xfd, 0x00,
	0x00, 0x00, 0x00, 0x00, 0x07, 0xff, 0x80, 0x40, 0x01, 0x00, 0x08, 0x00, 0x20, 0x03, 0x00, 0x10, 0x00, 0x00, 0x00, 0x00, 0x00, 0x00, 0x00, 0x20,
	0x00, 0x80, 0x02, 0x00, 0x08, 0x00, 0x20, 0x00, 0xf8, 0x02, 0x3c, 0x08, 0x10, 0x20, 0x00, 0x80, 0x02, 0x00, 0x08, 0x00, 0x00, 0x00, 0x00, 0x00,
	0x00, 0x00, 0x00, 0x81, 0x0a, 0x04, 0x34, 0x10, 0x00, 0x40, 0x01, 0xf0, 0x04, 0x38, 0x10, 0x10, 0x40, 0x01, 0x00, 0x04, 0x00, 0x10, 0x00, 0x00,
	0x00, 0x00, 0x00, 0x00, 0x00, 0x04, 0x00, 0x10, 0x00, 0x40, 0x7f, 0xf8, 0x04, 0x00, 0x10, 0x00, 0x40, 0x01, 0x00, 0x08, 0x00, 0x60, 0x06, 0x00,
	0x00, 0x00, 0x00, 0x00, 0x00, 0x00, 0x00, 0x00, 0x00, 0x03, 0xff, 0x00, 0x00, 0x00, 0x00, 0x00, 0x00, 0x00, 0x00, 0x00, 0x00, 0x00, 0x00, 0x00,
	0x00, 0x0f, 0xfc, 0x00, 0x00, 0x00, 0x00, 0x00, 0x00, 0x00, 0x00, 0xff, 0x80, 0x02, 0x00, 0x08, 0x08, 0x60, 0x19, 0x00, 0x38, 0x00, 0x60, 0x02,
	0x60, 0x30, 0xc3, 0x01, 0x00, 0x00, 0x00, 0x00, 0x00, 0x00, 0x00, 0x00, 0x03, 0x00, 0x0c, 0x03, 0xff, 0x00, 0x0c, 0x00, 0x60, 0x03, 0x00, 0x38,
	0x03, 0xd8, 0x73, 0x30, 0x0c, 0x20, 0x30, 0x00, 0x80, 0x00, 0x00, 0x00, 0x00, 0x00, 0x00, 0x00, 0x00, 0x00, 0x80, 0x02, 0x00, 0x08, 0x00, 0x60,
	0x01, 0x00, 0x0c, 0x00, 0x20, 0x03, 0x00, 0x18, 0x03, 0x80, 0x00, 0x00, 0x00, 0x00, 0x00, 0x00, 0x00, 0x00, 0x00, 0x00, 0x00, 0x00, 0x84, 0x02,
	0x10, 0x08, 0x60, 0x60, 0x81, 0x02, 0x04, 0x0c, 0x30, 0x10, 0x80, 0x46, 0x01, 0x10, 0x02, 0x00, 0x00, 0x00, 0x00, 0x00, 0x00, 0x00, 0x20, 0x21,
	0x40, 0x84, 0x02, 0x00, 0x10, 0x20, 0x40, 0x81, 0x02, 0x0c, 0x04, 0x20, 0x11, 0x80, 0x44, 0x01, 0x80, 0x00, 0x00, 0x00, 0x00, 0x00, 0x00, 0x00,
	0x00, 0x70, 0x22, 0x40, 0x87, 0x02, 0x00, 0x10, 0x20, 0x40, 0x81, 0x02, 0x0c, 0x04, 0x20, 0x11, 0x80, 0x44, 0x01, 0x80, 0x00, 0x00, 0x00, 0x00,
	0x00, 0x00, 0x00, 0x00, 0x00, 0x80, 0x02, 0x00, 0x08, 0x3c, 0x2f, 0x80, 0xc0, 0x02, 0x00, 0x08, 0x00, 0x20, 0x00, 0x40, 0x01, 0xff, 0x00, 0x00,
	0x00, 0x00, 0x00, 0x00, 0x00, 0x00, 0x00, 0x10, 0x01, 0x22, 0x02, 0x88, 0x00, 0x20, 0x70, 0x8f, 0x03, 0xc0, 0x08, 0x00, 0x20, 0x00, 0x80, 0x02,
	0x00, 0x07, 0xfc, 0x00, 0x00, 0x00, 0x00, 0x00, 0x00, 0x00, 0x38, 0x81, 0x22, 0x03, 0x88, 0x0c, 0x23, 0xc0, 0xf0, 0x02, 0x00, 0x08, 0x00, 0x20,
	0x00, 0x80, 0x01, 0xff, 0x00, 0x00, 0x00, 0x00, 0x00, 0x00, 0x00, 0x00, 0x00, 0x00, 0x00, 0x03, 0xff, 0x00, 0x04, 0x00, 0x10, 0x00, 0x40, 0x01,
	0x00, 0x08, 0x00, 0x60, 0x03, 0x00, 0x18, 0x07, 0x80, 0x00, 0x00, 0x00, 0x00, 0x00, 0x00, 0x00, 0x28, 0x00, 0xa3, 0xff, 0x00, 0x04, 0x00, 0x10,
	0x00, 0xc0, 0x02, 0x00, 0x08, 0x00, 0x40, 0x03, 0x00, 0x18, 0x07, 0x80, 0x00, 0x00, 0x00, 0x00, 0x00, 0x00, 0x00, 0x18, 0x00, 0x93, 0xfe, 0x40,
	0x06, 0x00, 0x10, 0x00, 0xc0, 0x02, 0x00, 0x08, 0x00, 0x40, 0x03, 0x00, 0x18, 0x07, 0x80, 0x00, 0x00, 0x00, 0x00, 0x00, 0x00, 0x00, 0x00, 0x00,
	0x00, 0x00, 0x01, 0x80, 0x0f, 0x00, 0x66, 0x01, 0x0c, 0x08, 0x18, 0x40, 0x31, 0x00, 0x60, 0x00, 0x80, 0x00, 0x00, 0x00, 0x00, 0x00, 0x00, 0x00,
	0x00, 0x00, 0x00, 0x40, 0x05, 0x01, 0x92, 0x0f, 0x00, 0x26, 0x01, 0x0c, 0x08, 0x18, 0x60, 0x21, 0x00, 0x40, 0x00, 0x80, 0x00, 0x00, 0x00, 0x00,
	0x00, 0x00, 0x00, 0x00, 0x00, 0x00, 0xc0, 0x04, 0x81, 0x92, 0x0f, 0x70, 0x26, 0x01, 0x0c, 0x08, 0x18, 0x60, 0x21, 0x00, 0x40, 0x00, 0x80, 0x00,
	0x00, 0x00, 0x00, 0x00, 0x00, 0x00, 0x01, 0x00, 0x04, 0x07, 0xff, 0x80, 0x40, 0x01, 0x00, 0x44, 0x83, 0x13, 0x08, 0x44, 0x61, 0x19, 0x04, 0x20,
	0xf0, 0x00, 0x00, 0x00, 0x00, 0x00, 0x00, 0x00, 0x00, 0x00, 0x08, 0x0c, 0xa0, 0x31, 0x1f, 0xfe, 0x03, 0x00, 0x0c, 0x01, 0x32, 0x0c, 0xc8, 0x23,
	0x11, 0x8c, 0x44, 0x30, 0x80, 0xc0, 0x0e, 0x00, 0x00, 0x00, 0x00, 0x00, 0x00, 0x18, 0x0c, 0x90, 0x32, 0x5f, 0xfe, 0x03, 0x00, 0x0c, 0x01, 0x32,
	0x0c, 0xc8, 0x23, 0x11, 0x8c, 0x44, 0x30, 0x82, 0xc0, 0x04, 0x00, 0x00, 0x00, 0x00, 0x00, 0x00, 0x00, 0x00, 0x07, 0xff, 0x00, 0x04, 0x00, 0x10,
	0x00, 0x81, 0x86, 0x02, 0x30, 0x07, 0x00, 0x18, 0x00, 0x20, 0x00, 0x40, 0x00, 0x00, 0x00, 0x00, 0x00, 0x00, 0x00, 0x00, 0x7f, 0x80, 0x00, 0x00,
	0x00, 0x00, 0x00, 0x7f, 0x00, 0x02, 0x00, 0x00, 0x00, 0x00, 0xf0, 0x00, 0x7f, 0x00, 0x00, 0x00, 0x00, 0x00, 0x00, 0x00, 0x00, 0x00, 0x00, 0x00,
	0x00, 0x40, 0x01, 0x00, 0x04, 0x00, 0x30, 0x00, 0x84, 0x02, 0x08, 0x18, 0x20, 0x40, 0x41, 0x0f, 0x1f, 0xc2, 0x00, 0x00, 0x00, 0x00, 0x00, 0x00,
	0x00, 0x00, 0x00, 0x00, 0x02, 0x00, 0x10, 0x18, 0x40, 0x13, 0x00, 0x38, 0x00, 0x60, 0x02, 0xc0, 0x18, 0x81, 0x81, 0x0c, 0x00, 0x00, 0x00, 0x00,
	0x00, 0x00, 0x00, 0x00, 0x00, 0xff, 0xc0, 0x40, 0x01, 0x00, 0x04, 0x01, 0xff, 0xe0, 0x40, 0x01, 0x00, 0x04, 0x00, 0x18, 0x00, 0x3f, 0x00, 0x00,
	0x00, 0x00, 0x00, 0x00, 0x00, 0x00, 0x00, 0x00, 0x00, 0x00, 0x00, 0x00, 0x00, 0x04, 0x00, 0x17, 0xc3, 0xe3, 0x01, 0x08, 0x04, 0x40, 0x19, 0x00,
	0x20, 0x00, 0x80, 0x02, 0x00, 0x00, 0x00, 0x00, 0x00, 0x00, 0x00, 0x20, 0x00, 0x80, 0x02, 0x1e, 0x0f, 0x89, 0xd0, 0x40, 0x41, 0x01, 0x08, 0x04,
	0x40, 0x18, 0x00, 0x20, 0x00, 0x80, 0x02, 0x00, 0x00, 0x00, 0x00, 0x00, 0x00, 0x00, 0x00, 0x00, 0x00, 0x00, 0x00, 0x0f, 0xc0, 0x01, 0x00, 0x04,
	0x00, 0x10, 0x00, 0xc0, 0x03, 0x00, 0x08, 0x0f, 0xfc, 0x00, 0x00, 0x00, 0x00, 0x00, 0x00, 0x00, 0x00, 0x00, 0x01, 0xfc, 0x00, 0x18, 0x00, 0x40,
	0x01, 0x00, 0x04, 0x00, 0x10, 0x00, 0x40, 0x01, 0x00, 0x04, 0x1f, 0xfe, 0x00, 0x00, 0x00, 0x00, 0x00, 0x00, 0x00, 0x00, 0x00, 0x00, 0x00, 0x00,
	0x00, 0x1f, 0xe0, 0x00, 0x80, 0x02, 0x03, 0xf8, 0x00, 0x20, 0x00, 0x80, 0x02, 0x07, 0xf8, 0x00, 0x00, 0x00, 0x00, 0x00, 0x00, 0x00, 0x00, 0x00,
	0x03, 0xff, 0x00, 0x04, 0x00, 0x10, 0x00, 0x43, 0xff, 0x00, 0x04, 0x00, 0x10, 0x00, 0x40, 0x01, 0x0f, 0xfc, 0x00, 0x00, 0x00, 0x00, 0x00, 0x00,
	0x00, 0x00, 0x7f, 0x80, 0x00, 0x00, 0x00, 0x3f, 0xf0, 0x00, 0x40, 0x01, 0x00, 0x04, 0x00, 0x20, 0x03, 0x00, 0xf8, 0x00, 0x00, 0x00, 0x00, 0x00,
	0x00, 0x00, 0x00, 0x00, 0x00, 0x40, 0x81, 0x02, 0x04, 0x08, 0x10, 0x20, 0x40, 0x81, 0x02, 0x00, 0x08, 0x00, 0x40, 0x03, 0x00, 0x70, 0x01, 0x00,
	0x00, 0x00, 0x00, 0x00, 0x00, 0x00, 0x00, 0x00, 0x24, 0x00, 0x90, 0x02, 0x40, 0x09, 0x00, 0x24, 0x21, 0x90, 0x84, 0x42, 0x11, 0x18, 0xc4, 0xc6,
	0x1e, 0x00, 0x00, 0x00, 0x00, 0x00, 0x00, 0x00, 0x00, 0x00, 0x00, 0x40, 0x01, 0x00, 0x04, 0x00, 0x10, 0x00, 0x40, 0x61, 0x01, 0x04, 0x08, 0x10,
	0x60, 0x43, 0x01, 0xf0, 0x00, 0x00, 0x00, 0x00, 0x00, 0x00, 0x00, 0x00, 0x00, 0x00, 0x00, 0x03, 0xff, 0x08, 0x04, 0x20, 0x10, 0x80, 0x42, 0x01,
	0x08, 0x04, 0x20, 0x10, 0x80, 0x42, 0x01, 0x0f, 0xfc, 0x00, 0x00, 0x00, 0x00, 0x00, 0x00, 0x00, 0x00, 0x00, 0x00, 0x00, 0x00, 0x00, 0x1f, 0xe0,
	0x40, 0x81, 0x02, 0x04, 0x08, 0x00, 0x20, 0x01, 0x00, 0x0c, 0x01, 0xe0, 0x00, 0x00, 0x00, 0x00, 0x00, 0x00, 0x00, 0x00, 0x00, 0x03, 0xff, 0x08,
	0x04, 0x20, 0x10, 0x80, 0x42, 0x01, 0x00, 0x04, 0x00, 0x20, 0x01, 0x80, 0x0c, 0x03, 0xc0, 0x00, 0x00, 0x00, 0x00, 0x00, 0x00, 0x00, 0x00, 0x01,
	0x00, 0x04, 0x0f, 0xfc, 0x08, 0x40, 0x21, 0x00, 0x84, 0x02, 0x10, 0x08, 0x41, 0xff, 0xe0, 0x04, 0x00, 0x10, 0x00, 0x40, 0x00, 0x00, 0x00, 0x00,
	0x00, 0x00, 0x00, 0x03, 0xff, 0x00, 0x04, 0x00, 0x10, 0x08, 0x80, 0x26, 0x00, 0x90, 0x02, 0x00, 0x08, 0x00, 0x20, 0x0f, 0xfc, 0x00, 0x00, 0x00,
	0x00, 0x00, 0x00, 0x00, 0x00, 0x00, 0x03, 0xff, 0x00, 0x04, 0x00, 0x10, 0x00, 0x43, 0xff, 0x00, 0x08, 0x00, 0x60, 0x03, 0x00, 0x18, 0x07, 0x80,
	0x00, 0x00, 0x00, 0x00, 0x00, 0x00, 0x00, 0x00, 0xc0, 0x01, 0xc0, 0x81, 0x82, 0x00, 0x10, 0x00, 0x40, 0x02, 0x00, 0x18, 0x00, 0xc0, 0x1c, 0x03,
	0xc0, 0x00, 0x00, 0x00, 0x00, 0x00, 0x00, 0x00, 0x00, 0x00, 0x08, 0x08, 0xa0, 0x21, 0x0f, 0xfc, 0x20, 0x10, 0x80, 0x42, 0x01, 0x00, 0x04, 0x00,
	0x20, 0x00, 0x80, 0x0c, 0x00, 0xe0, 0x0c, 0x00, 0x00, 0x00, 0x00, 0x00, 0x00, 0x00, 0x00, 0x00, 0x00, 0x00, 0x80, 0x02, 0x00, 0x7f, 0x80, 0x22,
	0x01, 0x08, 0x04, 0x20, 0x10, 0x80, 0x82, 0x04, 0x70, 0x00, 0x00, 0x00, 0x00, 0x00, 0x00, 0x00, 0x00, 0x00, 0x00, 0x00, 0x02, 0x00, 0x08, 0x00,
	0x3f, 0xc1, 0x08, 0x04, 0x20, 0x00, 0x80, 0x04, 0x00, 0x10, 0x01, 0x80, 0x00, 0x00, 0x00, 0x00, 0x00, 0x00, 0x00, 0x08, 0x00, 0xa3, 0xff, 0x08,
	0x04, 0x20, 0x10, 0x80, 0x42, 0x01, 0x00, 0x08, 0x00, 0x20, 0x01, 0x80, 0x0c, 0x03, 0xc0, 0x08, 0x00, 0x00, 0x00, 0x00, 0x00, 0x00, 0x08, 0x01,
	0x60, 0x05, 0x1f, 0xfc, 0x08, 0x40, 0x21, 0x00, 0x84, 0x02, 0x10, 0x08, 0x41, 0xff, 0xe0, 0x04, 0x00, 0x10, 0x00, 0x40, 0x00, 0x00, 0x00, 0x00,
	0x00, 0x08, 0x00, 0xa3, 0xff, 0x00, 0x04, 0x00, 0x20, 0x08, 0x80, 0x24, 0x00, 0xa0, 0x02, 0x00, 0x08, 0x00, 0x20, 0x1f, 0xfc, 0x00, 0x00, 0x00,
	0x00, 0x00, 0x00, 0x00, 0x28, 0x00, 0xa3, 0xff, 0x00, 0x04, 0x00, 0x10, 0x00, 0xc3, 0xfe, 0x00, 0x08, 0x00, 0x60, 0x03, 0x00, 0x18, 0x03, 0x80,
	0x10, 0x00, 0x00, 0x00, 0x00, 0x00, 0x00, 0x00, 0x00, 0x00, 0x00, 0x00, 0x00, 0x00, 0x00, 0x0c, 0x00, 0x30, 0x00, 0x00, 0x00, 0x00, 0x00, 0x00,
	0x00, 0x00, 0x00, 0x00, 0x00, 0x00, 0x00, 0x00, 0x00, 0x00, 0x00, 0x00, 0x00, 0x00, 0x00, 0x00, 0x00, 0x00, 0x00, 0x03, 0xff, 0x00, 0x00, 0x00,
	0x00, 0x00, 0x00, 0x00, 0x00, 0x00, 0x00, 0x00, 0x00, 0x00, 0x00, 0x00, 0x00, 0x00, 0x00, 0x00, 0x00, 0x02, 0x00, 0x04, 0x00, 0x08, 0x00, 0x30,
	0x00, 0x60, 0x00, 0x80, 0x03, 0x00, 0x04, 0x00, 0x00, 0x00, 0x00, 0x00, 0x00, 0x00, 0x00, 0x00, 0x00, 0x05, 0x00, 0x12, 0x02, 0x20, 0x04, 0x00,
	0x08, 0x00, 0x30, 0x00, 0x40, 0x00, 0x80, 0x03, 0x00, 0x00, 0x00, 0x00, 0x00, 0x00, 0x00, 0x00, 0x00, 0x00, 0x00, 0x00, 0x00, 0x00, 0x00, 0x00,
	0x00, 0x00, 0x00, 0x00, 0x07, 0xff, 0x80, 0x00, 0x00, 0x00, 0x00, 0x00, 0x00, 0x00, 0x00, 0x00, 0x00, 0x00, 0x00, 0x00, 0x00, 0x00, 0x01, 0xff,
	0xe0, 0x10, 0x00, 0x40, 0x01, 0x00, 0x04, 0x00, 0x10, 0x00, 0x40, 0x01, 0x00, 0x04, 0x00, 0x10, 0x00, 0x40, 0x0f, 0x00, 0x00, 0x00, 0x00, 0x00,
	0x08, 0x00, 0x20, 0x00, 0x80, 0x82, 0x3c, 0x1f, 0x01, 0xa0, 0x00, 0x80, 0x02, 0x04, 0x08, 0x10, 0x20, 0x40, 0x81, 0x03, 0xf8, 0x00, 0x00, 0x00,
	0x00, 0x00, 0x00, 0x00, 0x01, 0xff, 0xe0, 0x40, 0x01, 0x00, 0x04, 0x00, 0x1f, 0xc0, 0x41, 0x03, 0x04, 0x08, 0x10, 0x20, 0x41, 0x01, 0x08, 0x08,
	0x41, 0xe0, 0x00, 0x00, 0x00, 0x00, 0x01, 0x00, 0x04, 0x07, 0xff, 0x80, 0x40, 0x11, 0x00, 0x24, 0x00, 0xf0, 0x01, 0x80, 0x07, 0x00, 0x36, 0x03,
	0x06, 0x10, 0x06, 0x00, 0x00, 0x00, 0x00, 0x00, 0x00, 0x00, 0x00, 0xff, 0xc0, 0x00, 0x00, 0x00, 0x00, 0x00, 0x7f, 0x80, 0x00, 0x00, 0x00, 0x00,
	0x00, 0x00, 0x07, 0xff, 0x80, 0x00, 0x00, 0x00, 0x00, 0x00, 0x00, 0x00, 0x02, 0x00, 0x08, 0x00, 0x20, 0x00, 0x80, 0x03, 0xf0, 0x08, 0x00, 0x20,
	0x00, 0x80, 0x02, 0x00, 0x08, 0x00, 0x20, 0x1f, 0xfe, 0x00, 0x00, 0x00, 0x00, 0x00, 0x00, 0x00, 0x01, 0xff, 0xe0, 0x20, 0x00, 0x80, 0x02, 0x00,
	0x0e, 0x00, 0x26, 0x00, 0x84, 0x02, 0x00, 0x08, 0x00, 0x20, 0x00, 0x80, 0x02, 0x00, 0x00, 0x00, 0x00, 0x00, 0x00, 0x01, 0xff, 0xe0, 0x18, 0x00,
	0x40, 0x03, 0x00, 0x1e, 0x00, 0xb4, 0x04, 0xcc, 0x63, 0x19, 0x0c, 0x20, 0x30, 0x00, 0xc0, 0x03, 0x00, 0x00, 0x00, 0x00, 0x00, 0x00, 0x00, 0x40,
	0x01, 0xff, 0x04, 0x00, 0x10, 0x00, 0xff, 0x82, 0x02, 0x00, 0x08, 0x7f, 0xf8, 0x00, 0x80, 0x02, 0x00, 0x08, 0x07, 0xc0, 0x00, 0x00, 0x00, 0x00,
	0x00, 0x00, 0xff, 0x80, 0x42, 0x01, 0x08, 0x0c, 0x20, 0x20, 0x87, 0xff, 0x82, 0x08, 0x08, 0x20, 0x21, 0x81, 0x86, 0x04, 0x10, 0x7f, 0xf8, 0x00,
	0x00, 0x00, 0x00, 0x00, 0x00, 0xff, 0xc3, 0x03, 0x0c, 0x0c, 0x30, 0x30, 0xff, 0xc3, 0x03, 0x0c, 0x0c, 0x3f, 0xf0, 0xc0, 0xc3, 0x03, 0x0c, 0x0c,
	0x7f, 0xf8, 0x00, 0x00, 0x00, 0x00, 0x22, 0x20, 0x88, 0x87, 0xff, 0x88, 0x88, 0x22, 0x20, 0x88, 0x82, 0x22, 0x08, 0xf8, 0x20, 0x00, 0x80, 0x03,
	0xff, 0x88, 0x00, 0x00, 0x00, 0x00, 0x00, 0x00, 0x00, 0x00, 0xf0, 0x7c, 0x01, 0x00, 0x04, 0x00, 0x1f, 0xf0, 0x41, 0x01, 0x04, 0x04, 0x10, 0x10,
	0x40, 0x41, 0x01, 0x04, 0x1f, 0xfe, 0x00, 0x00, 0x00, 0x00, 0x00, 0x00, 0x00, 0x01, 0xff, 0xe0, 0x30, 0x00, 0x80, 0x7f, 0xf9, 0x08, 0x24, 0x30,
	0x91, 0x32, 0x48, 0x69, 0x40, 0xa4, 0x00, 0x90, 0x06, 0x40, 0x70, 0x00, 0x00, 0x00, 0x00, 0x00, 0x00, 0xff, 0xc0, 0x06, 0x00, 0x60, 0x01, 0x09,
	0xf6, 0xc0, 0x9e, 0x06, 0x50, 0x31, 0x21, 0x84, 0x60, 0xf0, 0x80, 0x00, 0x7f, 0xf8, 0x00, 0x00, 0x00, 0x00, 0x00, 0x01, 0xff, 0xe0, 0x30, 0x00,
	0xc0, 0x7f, 0xf9, 0x0c, 0x24, 0xb4, 0x92, 0xd2, 0x4b, 0x49, 0x3f, 0x24, 0x84, 0x92, 0x02, 0x40, 0x78, 0x00, 0x00, 0x00, 0x00, 0x08, 0x40, 0x13,
	0x07, 0xff, 0x81, 0x20, 0x24, 0x90, 0x92, 0x43, 0x49, 0x05, 0x28, 0x14, 0xa0, 0x12, 0x00, 0x48, 0x1f, 0xfe, 0x00, 0x00, 0x00, 0x00, 0x00, 0x00,
	0x03, 0x00, 0x0c, 0x07, 0xff, 0x90, 0xc2, 0x43, 0x09, 0x0c, 0x24, 0x30, 0x9f, 0xfe, 0x03, 0x08, 0x0c, 0x00, 0x30, 0x00, 0xc0, 0x00, 0x00, 0x00,
	0x00, 0x00, 0x00, 0x03, 0x00, 0xff, 0xc2, 0x31, 0x08, 0xc4, 0x3f, 0xf0, 0x0c, 0x07, 0xff, 0x90, 0xc2, 0x43, 0x09, 0xff, 0xe4, 0x30, 0x80, 0xc0,
	0x00, 0x00, 0x00, 0x00, 0x00, 0x00, 0x04, 0x00, 0x10, 0x00, 0x40, 0x1f, 0xf0, 0x04, 0x40, 0x11, 0x03, 0x44, 0x07, 0x10, 0x0c, 0x44, 0x2d, 0x11,
	0x14, 0x48, 0x12, 0x40, 0x78, 0x00, 0x00, 0x00, 0x00, 0x00, 0x00, 0x7f, 0xc1, 0x01, 0x04, 0x84, 0x11, 0x10, 0x42, 0x43, 0x01, 0x1f, 0xfe, 0x30,
	0x10, 0x80, 0x42, 0x01, 0x18, 0x04, 0x40, 0xf0, 0x00, 0x00, 0x00, 0x00, 0x00, 0x00, 0x1e, 0x00, 0x04, 0x1f, 0xfe, 0x03, 0x00, 0x0c, 0x00, 0x30,
	0x0f, 0xfc, 0x03, 0x00, 0x0c, 0x00, 0x30, 0x00, 0xc0, 0x7f, 0xf8, 0x00, 0x00, 0x00, 0x00, 0x00, 0x00, 0xff, 0x00, 0x44, 0x01, 0x10, 0x04, 0x40,
	0x31, 0xe0, 0x88, 0x82, 0x02, 0x08, 0x08, 0x60, 0x61, 0x01, 0x08, 0x04, 0x40, 0xe0, 0x00, 0x00, 0x00, 0x00, 0x04, 0x00, 0x3f, 0x80, 0x84, 0x04,
	0x10, 0x30, 0x41, 0x82, 0x00, 0x18, 0x00, 0x70, 0x02, 0x40, 0x30, 0x83, 0x81, 0x98, 0x02, 0x00, 0x00, 0x00, 0x00, 0x00, 0x00, 0x03, 0x00, 0x0c,
	0x03, 0xff, 0x00, 0x04, 0x00, 0x20, 0x01, 0x00, 0x08, 0x0c, 0xc0, 0x3c, 0x00, 0xa0, 0x04, 0x70, 0x10, 0x3e, 0x00, 0x00, 0x00, 0x00, 0x00, 0x00,
	0x10, 0x00, 0x7f, 0xe2, 0x20, 0x08, 0x80, 0x43, 0xf0, 0x08, 0x00, 0x20, 0x00, 0x80, 0x03, 0xf0, 0x08, 0x00, 0x20, 0x00, 0x80, 0x00, 0x00, 0x00,
	0x00, 0x00, 0x00, 0x00, 0x70, 0xfe, 0x00, 0x11, 0x0c, 0x4c, 0x11, 0x20, 0x04, 0x07, 0xff, 0x80, 0x40, 0x01, 0x00, 0x04, 0x00, 0x10, 0x03, 0xc0,
	0x00, 0x00, 0x00, 0x00, 0x00, 0x00, 0x00, 0x70, 0xfc, 0x00, 0x30, 0x00, 0xc0, 0x3f, 0xf0, 0x00, 0x80, 0x04, 0x04, 0x60, 0x33, 0x00, 0xb0, 0x06,
	0x60, 0x10, 0x7e, 0x00, 0x00, 0x00, 0x00, 0x00, 0x00, 0x3f, 0xf0, 0x0c, 0x07, 0xff, 0x84, 0xc8, 0x13, 0x21, 0xff, 0xe1, 0x32, 0x1f, 0xfe, 0x07,
	0x80, 0x2d, 0x03, 0x33, 0x10, 0xc2, 0x00, 0x00, 0x00, 0x00, 0x00, 0x00, 0x00, 0x00, 0xff, 0xc0, 0x04, 0x00, 0x60, 0x02, 0x00, 0x10, 0x00, 0x80,
	0x04, 0x04, 0x20, 0x10, 0x80, 0x43, 0x03, 0x07, 0xf8, 0x00, 0x00, 0x00, 0x00, 0x00, 0x00, 0x00, 0x00, 0x10, 0x00, 0x40, 0x1f, 0xf0, 0x04, 0x40,
	0x11, 0x00, 0xc4, 0x02, 0x10, 0x08, 0x44, 0x61, 0x11, 0x04, 0xc8, 0x12, 0x40, 0x78, 0x00, 0x00, 0x00, 0x00, 0x00, 0x00, 0x40, 0x03, 0xff, 0x88,
	0x00, 0x7f, 0xf1, 0x01, 0x80, 0x18, 0x01, 0x80, 0x0c, 0x00, 0x40, 0x42, 0x01, 0x08, 0x04, 0x1f, 0xe0, 0x00, 0x00, 0x00, 0x00, 0x11, 0x00, 0x44,
	0x01, 0x1f, 0x07, 0xc4, 0xf1, 0x10, 0x44, 0x41, 0x11, 0x04, 0x5c, 0x11, 0x08, 0x40, 0x21, 0x00, 0x87, 0xfc, 0x00, 0x00, 0x00, 0x00, 0x00, 0x00,
	0x0e, 0x81, 0xe2, 0x00, 0x88, 0x1f, 0xe0, 0x08, 0x80, 0x22, 0x03, 0xe8, 0x10, 0xa0, 0x42, 0x85, 0x0a, 0x17, 0xe8, 0x90, 0x9e, 0x00, 0x00, 0x00,
	0x00, 0x00, 0x00, 0x3f, 0x41, 0x05, 0x04, 0x94, 0x0a, 0x90, 0x02, 0x41, 0xfd, 0x00, 0x64, 0x02, 0x10, 0x7f, 0x44, 0x21, 0x10, 0x84, 0x8e, 0x1e,
	0x00, 0x00, 0x00, 0x00, 0x00, 0x00, 0x00, 0x80, 0x42, 0x07, 0xef, 0x84, 0x40, 0x7d, 0xf9, 0x10, 0x67, 0xc2, 0x11, 0x10, 0x7c, 0x80, 0x46, 0x37,
	0xd0, 0x84, 0x42, 0x11, 0xf8, 0x00, 0x00, 0x00, 0x00, 0x08, 0x00, 0x7e, 0x03, 0x18, 0x1b, 0x9c, 0x3f, 0xf0, 0x88, 0x41, 0xfe, 0x0f, 0xfc, 0x62,
	0x19, 0xff, 0xe6, 0x21, 0x9f, 0xfa, 0x03, 0xf8, 0x00, 0x00, 0x00, 0x00, 0x00, 0x00, 0xff, 0xc0, 0x01, 0x00, 0x18, 0x00, 0xc0, 0x04, 0x00, 0x10,
	0x00, 0x40, 0x01, 0x00, 0x04, 0x00, 0x10, 0x00, 0x40, 0x0e, 0x00, 0x00, 0x00, 0x00, 0x00, 0x00, 0x00, 0x7f, 0xc0, 0x02, 0x02, 0x10, 0x07, 0x80,
	0x04, 0x07, 0xff, 0x80, 0x46, 0x01, 0x30, 0x04, 0x80, 0x10, 0x00, 0x40, 0x0f, 0x00, 0x00, 0x00, 0x00, 0x00, 0x00, 0x00, 0x3f, 0x01, 0x8c, 0x0c,
	0x60, 0x6f, 0xf0, 0x04, 0x47, 0xff, 0x80, 0x44, 0x01, 0x10, 0xff, 0xc0, 0x10, 0x00, 0x40, 0x0f, 0x00, 0x00, 0x00, 0x00, 0x00, 0x00, 0x01, 0xff,
	0xe0, 0x30, 0x0f, 0xfc, 0x23, 0x10, 0xff, 0xc3, 0xff, 0x00, 0xc4, 0x7f, 0xf8, 0x0c, 0x47, 0xff, 0x00, 0xc4, 0x0f, 0x00, 0x00, 0x00, 0x00, 0x00,
	0x00, 0x00, 0x00, 0x03, 0xff, 0x00, 0x00, 0x00, 0x00, 0x00, 0x00, 0x00, 0x00, 0x00, 0x00, 0x00, 0x00, 0x00, 0x00, 0x1f, 0xfe, 0x00, 0x00, 0x00,
	0x00, 0x00, 0x00, 0x00, 0x00, 0xff, 0xc0, 0x00, 0x00, 0x00, 0x00, 0x01, 0xff, 0xe0, 0x40, 0x01, 0x00, 0x04, 0x20, 0x20, 0x80, 0x81, 0x07, 0xfe,
	0x78, 0x08, 0x00, 0x00, 0x00, 0x00, 0x00, 0x01, 0xff, 0xe0, 0x40, 0x01, 0x00, 0x07, 0xe0, 0x20, 0x80, 0x82, 0x02, 0x10, 0x1f, 0xc0, 0x41, 0x00,
	0x04, 0x00, 0x20, 0x7f, 0xf8, 0x00, 0x00, 0x00, 0x00, 0x00, 0x00, 0xff, 0xc0, 0x40, 0x01, 0x00, 0x04, 0x00, 0x7f, 0x80, 0x42, 0x03, 0x08, 0x08,
	0x20, 0x20, 0x87, 0xff, 0x80, 0x00, 0x00, 0x00, 0x00, 0x00, 0x00, 0x00, 0x08, 0x40, 0x21, 0x07, 0xff, 0x82, 0x10, 0x08, 0x40, 0x21, 0x00, 0x84,
	0x1f, 0xfe, 0x08, 0x40, 0x41, 0x01, 0x04, 0x08, 0x10, 0x00, 0x00, 0x00, 0x00, 0x00, 0x00, 0x00, 0x01, 0xff, 0xe0, 0x00, 0x07, 0xf8, 0x10, 0x20,
	0x40, 0x81, 0xfe, 0x04, 0x08, 0x10, 0x20, 0x40, 0x80, 0xfc, 0x00, 0x00, 0x7f, 0xf8, 0x00, 0x00, 0x00, 0x00, 0x00, 0x01, 0xff, 0xe0, 0x40, 0x02,
	0x00, 0x0f, 0xe0, 0x20, 0x80, 0xb2, 0x04, 0x28, 0x14, 0x20, 0x8d, 0x00, 0x04, 0x00, 0x10, 0x7f, 0xf8, 0x00, 0x00, 0x00, 0x00, 0x08, 0x80, 0xa2,
	0x62, 0xee, 0x0a, 0x20, 0x28, 0x88, 0xba, 0x27, 0x0f, 0x00, 0x00, 0x3f, 0xf0, 0x00, 0x00, 0x00, 0x1f, 0xfe, 0x00, 0x00, 0x00, 0x00, 0x00, 0x00,
	0x00, 0x01, 0xff, 0xe0, 0x48, 0x01, 0x20, 0x3f, 0xf0, 0x92, 0x42, 0x49, 0x09, 0x24, 0x3f, 0xf0, 0x12, 0x00, 0x48, 0x01, 0x20, 0x7f, 0xf8, 0x00,
	0x00, 0x00, 0x00, 0x03, 0x00, 0x0c, 0x07, 0xff, 0x84, 0x00, 0x10, 0x00, 0x40, 0x01, 0x00, 0x04, 0x00, 0x10, 0x00, 0x40, 0x01, 0x00, 0x07, 0xfc,
	0x00, 0x00, 0x00, 0x00, 0x00, 0x00, 0x00, 0x00, 0x0c, 0x07, 0xff, 0x80, 0x00, 0x08, 0x40, 0x40, 0xc6, 0x85, 0x83, 0x30, 0x04, 0x80, 0x0c, 0x00,
	0x78, 0x07, 0x38, 0x60, 0x18, 0x00, 0x00, 0x00, 0x00, 0x00, 0x00, 0x0c, 0x07, 0xff, 0x81, 0x80, 0x2c, 0x40, 0x62, 0x00, 0xd1, 0x01, 0x8c, 0x38,
	0x41, 0x86, 0x00, 0x76, 0x07, 0x0c, 0x60, 0x08, 0x00, 0x00, 0x00, 0x00, 0x00, 0x00, 0x0c, 0x07, 0xff, 0x81, 0x20, 0x04, 0x80, 0x92, 0x42, 0x49,
	0x09, 0x26, 0x44, 0x89, 0x22, 0x20, 0x88, 0x04, 0x20, 0x23, 0x80, 0x00, 0x00, 0x00, 0x00, 0x00, 0x00, 0x0c, 0x07, 0xff, 0x87, 0xf8, 0x20, 0x10,
	0x80, 0x41, 0xfe, 0x0f, 0xfc, 0x00, 0x30, 0x07, 0x00, 0x10, 0x00, 0x40, 0x0f, 0x00, 0x00, 0x00, 0x00, 0x00, 0x00, 0x00, 0x0c, 0x07, 0xcf, 0x8f,
	0xfc, 0x20, 0x10, 0xff, 0xc0, 0x00, 0x0f, 0xfc, 0x00, 0xe0, 0x04, 0x07, 0xff, 0x80, 0x40, 0x0f, 0x00, 0x00, 0x00, 0x00, 0x00, 0x03, 0x01, 0xff,
	0xe0, 0x00, 0x0f, 0xfc, 0x20, 0x10, 0x80, 0x43, 0xff, 0x00, 0x40, 0x19, 0x60, 0xc4, 0xc6, 0x11, 0x83, 0xc2, 0x00, 0x00, 0x00, 0x00, 0x00, 0x00,
	0x00, 0x00, 0x0c, 0x07, 0xff, 0x87, 0xf8, 0x10, 0x20, 0x7f, 0x80, 0x00, 0x1f, 0xfe, 0x40, 0x09, 0x7f, 0xa0, 0x10, 0x00, 0x40, 0x0f, 0x00, 0x00,
	0x00, 0x00, 0x00, 0x00, 0x00, 0x0c, 0x07, 0xff, 0x87, 0xf8, 0x10, 0x20, 0x7f, 0x80, 0x00, 0x1f, 0xfe, 0x44, 0x89, 0x12, 0x20, 0x88, 0x86, 0x22,
	0x60, 0xf8, 0x00, 0x00, 0x00, 0x00, 0x03, 0x00, 0x0c, 0x00, 0x30, 0x00, 0xc0, 0x03, 0x00, 0x0c, 0x00, 0x48, 0x01, 0x20, 0x08, 0x40, 0x40, 0x82,
	0x01, 0x10, 0x02, 0x00, 0x00, 0x00, 0x00, 0x00, 0x00, 0x08, 0x40, 0x61, 0x01, 0x04, 0x04, 0x10, 0x37, 0xfd, 0x41, 0x05, 0x04, 0x04, 0x10, 0x10,
	0x40, 0x41, 0x01, 0x04, 0x04, 0x10, 0x00, 0x00, 0x00, 0x00, 0x00, 0x00, 0x10, 0x00, 0x5f, 0xc2, 0x00, 0x08, 0x00, 0x60, 0x01, 0x80, 0x0a, 0x00,
	0x08, 0x00, 0x20, 0x00, 0x80, 0x02, 0xff, 0x88, 0x00, 0x00, 0x00, 0x00, 0x00, 0x00, 0x00, 0x00, 0x00, 0x44, 0x03, 0x10, 0x0b, 0xfc, 0x21, 0x31,
	0x84, 0xc6, 0x33, 0x28, 0x8c, 0x22, 0x34, 0x88, 0xd2, 0x43, 0x4b, 0x0d, 0x28, 0x18, 0x00, 0x00, 0x00, 0x00, 0x07, 0x80, 0x33, 0x01, 0x02, 0x1f,
	0xfe, 0x00, 0x00, 0x00, 0x03, 0xff, 0x00, 0x04, 0x00, 0x60, 0x03, 0x00, 0x18, 0x00, 0x80, 0x00, 0x00, 0x00, 0x00, 0x00, 0x00, 0x07, 0x80, 0x33,
	0x01, 0x02, 0x1a, 0x06, 0x08, 0x40, 0x21, 0x00, 0x84, 0x02, 0x10, 0x08, 0x40, 0x41, 0x03, 0x04, 0x18, 0x10, 0x00, 0x00, 0x00, 0x00, 0x00, 0x00,
	0x08, 0x80, 0x62, 0x01, 0x08, 0x04, 0x20, 0x21, 0x01, 0x84, 0x0e, 0x11, 0x08, 0x84, 0x22, 0x08, 0x88, 0x22, 0x5f, 0x8b, 0x81, 0x00, 0x00, 0x00,
	0x00, 0x00, 0x00, 0x17, 0xf8, 0x40, 0x62, 0x03, 0x08, 0x18, 0x60, 0x41, 0xbf, 0xea, 0x04, 0x08, 0x10, 0x20, 0x40, 0x81, 0x02, 0x04, 0x08, 0xe0,
	0x00, 0x00, 0x00, 0x00, 0x00, 0x00, 0x10, 0x80, 0x42, 0x02, 0x08, 0x0b, 0xfe, 0x60, 0x81, 0x82, 0x0a, 0x08, 0x08, 0x20, 0x20, 0x80, 0x82, 0x02,
	0x08, 0x0b, 0xfe, 0x00, 0x00, 0x00, 0x00, 0x00, 0x00, 0x10, 0x40, 0x59, 0x01, 0x6f, 0x8b, 0xf2, 0x26, 0x49, 0x99, 0x26, 0x64, 0x89, 0x9c, 0x26,
	0x48, 0x98, 0x22, 0x20, 0x88, 0xfe, 0x00, 0x00, 0x00, 0x00, 0x00, 0x00, 0x10, 0x10, 0x40, 0x43, 0xff, 0x88, 0x04, 0x60, 0x11, 0x88, 0x4a, 0x11,
	0x08, 0x44, 0x20, 0x10, 0x80, 0x42, 0x01, 0x08, 0x3c, 0x00, 0x00, 0x00, 0x00, 0x00, 0x00, 0x10, 0x80, 0x42, 0x02, 0x08, 0x09, 0x22, 0x64, 0x89,
	0x92, 0x2a, 0x48, 0x89, 0x22, 0x24, 0x88, 0x92, 0x22, 0x7f, 0x89, 0x02, 0x00, 0x00, 0x00, 0x00, 0x00, 0x00, 0x07, 0x80, 0x33, 0x01, 0x86, 0x18,
	0x06, 0x40, 0x08, 0x7f, 0x80, 0x30, 0x00, 0xc0, 0x03, 0x00, 0x0c, 0x00, 0x30, 0x1f, 0xfe, 0x00, 0x00, 0x00, 0x00, 0x00, 0x00, 0x10, 0xb0, 0x42,
	0x61, 0x08, 0x0b, 0xfe, 0x20, 0x81, 0x82, 0x06, 0x0c, 0x08, 0x10, 0x20, 0x40, 0x81, 0xa2, 0x02, 0x88, 0x06, 0x00, 0x00, 0x00, 0x00, 0x00, 0x00,
	0x07, 0x80, 0x21, 0x03, 0x03, 0x17, 0xfa, 0x00, 0x00, 0x00, 0x03, 0xff, 0x80, 0x86, 0x02, 0x18, 0x08, 0x60, 0x27, 0x00, 0x80, 0x00, 0x00, 0x00,
	0x00, 0x00, 0x00, 0x20, 0x10, 0x90, 0x42, 0x21, 0x08, 0x44, 0x21, 0x10, 0x80, 0x42, 0x03, 0x08, 0x08, 0x2e, 0x61, 0xe3, 0x40, 0x38, 0x81, 0x82,
	0x00, 0x00, 0x00, 0x00, 0x00, 0x00, 0x17, 0xf8, 0x50, 0x03, 0x40, 0x09, 0xfe, 0x64, 0x09, 0x94, 0x4a, 0x59, 0x09, 0x28, 0x24, 0x60, 0xa3, 0x82,
	0x9b, 0x0a, 0x82, 0x00, 0x00, 0x00, 0x00, 0x00, 0x00, 0x23, 0x80, 0xb3, 0xe2, 0x88, 0x9a, 0x22, 0x68, 0x8b, 0xa2, 0x2e, 0x88, 0x9a, 0x22, 0x6b,
	0x89, 0xf2, 0xe6, 0x08, 0x18, 0x20, 0x00, 0x00, 0x00, 0x00, 0x00, 0x00, 0x10, 0x80, 0x42, 0x02, 0xff, 0x8a, 0x22, 0x68, 0x89, 0xa2, 0x2a, 0x88,
	0x8b, 0xfe, 0x28, 0x88, 0x82, 0x02, 0x08, 0x08, 0x20, 0x00, 0x00, 0x00, 0x00, 0x00, 0x00, 0x12, 0x40, 0x49, 0x02, 0x7f, 0x89, 0x10, 0x68, 0x41,
	0x81, 0x0a, 0xff, 0x88, 0x10, 0x20, 0x40, 0x81, 0x02, 0x04, 0x08, 0x10, 0x00, 0x00, 0x00, 0x00, 0x00, 0x00, 0x10, 0x18, 0xff, 0x82, 0x08, 0x08,
	0x20, 0x60, 0x81, 0xbf, 0xea, 0x08, 0x08, 0x20, 0x20, 0x80, 0x82, 0x02, 0x08, 0x0b, 0xfe, 0x00, 0x00, 0x00, 0x00, 0x00, 0x00, 0x07, 0x80, 0x33,
	0x01, 0x02, 0x18, 0x46, 0x01, 0x00, 0x44, 0x01, 0x1f, 0x04, 0x40, 0x11, 0x00, 0x44, 0x01, 0x10, 0x1f, 0xfe, 0x00, 0x00, 0x00, 0x00, 0x00, 0x00,
	0x17, 0xf0, 0xc2, 0x22, 0x08, 0x8b, 0xff, 0x60, 0x89, 0x82, 0x2a, 0xff, 0x88, 0x22, 0x20, 0x80, 0x84, 0x02, 0x30, 0x09, 0x80, 0x00, 0x00, 0x00,
	0x00, 0x00, 0x00, 0x1f, 0xf8, 0xc4, 0x02, 0x10, 0x08, 0x40, 0x61, 0x01, 0x9f, 0xca, 0x11, 0x08, 0xc4, 0x22, 0x10, 0x88, 0x42, 0x21, 0x0b, 0xfe,
	0x00, 0x00, 0x00, 0x00, 0x00, 0x00, 0x10, 0x80, 0x7f, 0xe2, 0x08, 0x08, 0x20, 0x6f, 0xf9, 0x80, 0x2a, 0x61, 0x08, 0x8c, 0x21, 0xe0, 0x83, 0x02,
	0x33, 0x0b, 0x02, 0x00, 0x00, 0x00, 0x00, 0x00, 0x00, 0x10, 0xb0, 0xc2, 0x62, 0x08, 0x0b, 0xfe, 0x60, 0x81, 0x82, 0x0a, 0x14, 0x08, 0x50, 0x22,
	0x60, 0x98, 0x82, 0xc1, 0x0a, 0x02, 0x00, 0x00, 0x00, 0x00, 0x00, 0x00, 0x11, 0x30, 0xc4, 0x22, 0x10, 0x0b, 0xfe, 0x61, 0x81, 0x82, 0x4a, 0x0a,
	0x08, 0x38, 0x20, 0xc8, 0x87, 0x22, 0x62, 0x8a, 0x06, 0x00, 0x00, 0x00, 0x00, 0x00, 0x00, 0x10, 0x80, 0x42, 0x02, 0xff, 0x88, 0x30, 0x61, 0xc1,
	0x86, 0x8a, 0x2b, 0x09, 0x24, 0x2c, 0x88, 0xa2, 0x32, 0x08, 0x08, 0x20, 0x00, 0x00, 0x00, 0x00, 0x00, 0x00, 0x07, 0x80, 0x33, 0x01, 0x02, 0x18,
	0x06, 0x1f, 0xe0, 0x00, 0x07, 0xff, 0x81, 0x00, 0x0c, 0x20, 0x20, 0xc0, 0x9f, 0x1f, 0x82, 0x00, 0x00, 0x00, 0x00, 0x00, 0x00, 0x17, 0xf0, 0xc0,
	0x02, 0x00, 0x08, 0x00, 0x6f, 0xf9, 0x84, 0x0a, 0x30, 0x08, 0x88, 0x22, 0x10, 0x88, 0x42, 0x7f, 0x8b, 0x02, 0x00, 0x00, 0x00, 0x00, 0x00, 0x00,
	0x10, 0x80, 0x42, 0x02, 0x7f, 0x89, 0x02, 0x64, 0x09, 0x90, 0x2a, 0x7f, 0x89, 0x02, 0x24, 0x08, 0x90, 0x22, 0x7f, 0x89, 0x02, 0x00, 0x00, 0x00,
	0x00, 0x00, 0x00, 0x10, 0x88, 0xd2, 0x22, 0x69, 0x08, 0xa4, 0x60, 0xc1, 0x9f, 0xea, 0x08, 0x08, 0x20, 0x2f, 0xf8, 0x82, 0x02, 0x08, 0x08, 0x20,
	0x00, 0x00, 0x00, 0x00, 0x00, 0x00, 0x11, 0xc0, 0x48, 0x83, 0x41, 0x0f, 0xfa, 0x60, 0x01, 0x80, 0x0a, 0xff, 0x88, 0x42, 0x21, 0x08, 0x84, 0x22,
	0x13, 0x88, 0x40, 0x00, 0x00, 0x00, 0x00, 0x00, 0x00, 0x10, 0x80, 0x7f, 0xe2, 0x88, 0x8a, 0x22, 0x68, 0x89, 0xbf, 0xea, 0x88, 0x8a, 0x22, 0x2f,
	0xf8, 0xa2, 0x22, 0x08, 0x08, 0x20, 0x00, 0x00, 0x00, 0x00, 0x00, 0x00, 0x1f, 0xf8, 0xc0, 0x22, 0x00, 0x89, 0xfa, 0x60, 0x09, 0x9f, 0x2a, 0x44,
	0x89, 0x12, 0x24, 0x48, 0x9f, 0x22, 0x40, 0x88, 0x1e, 0x00, 0x00, 0x00, 0x00, 0x00, 0x00, 0x34, 0x08, 0x94, 0x22, 0x48, 0x89, 0x22, 0x64, 0x51,
	0x90, 0x4a, 0x41, 0x09, 0x24, 0x27, 0x30, 0xf1, 0xe2, 0x0c, 0x88, 0x41, 0x00, 0x00, 0x00, 0x00, 0x00, 0x00, 0x24, 0x00, 0x91, 0xe3, 0xf4, 0x99,
	0x52, 0x6d, 0x4b, 0xa5, 0x2a, 0x94, 0x8a, 0x52, 0x29, 0x48, 0xa5, 0x23, 0x17, 0x8d, 0xd2, 0x00, 0x00, 0x00, 0x00, 0x00, 0x00, 0x17, 0xf8, 0xe2,
	0x22, 0x88, 0x8a, 0x22, 0x68, 0x89, 0xbf, 0xea, 0x88, 0x8a, 0x22, 0x28, 0x88, 0xa2, 0x22, 0xff, 0x8a, 0x02, 0x00, 0x00, 0x00, 0x00, 0x00, 0x00,
	0x17, 0xf0, 0x50, 0x62, 0x41, 0x89, 0x06, 0x67, 0xf9, 0x90, 0x6a, 0x41, 0x89, 0x06, 0x27, 0xf0, 0x80, 0x02, 0x00, 0x0b, 0xfe, 0x00, 0x00, 0x00,
	0x00, 0x00, 0x00, 0x00, 0x80, 0x42, 0x01, 0xff, 0x88, 0x00, 0x24, 0x11, 0x90, 0x46, 0x41, 0x28, 0x84, 0x22, 0x20, 0x88, 0x82, 0x22, 0x08, 0x10,
	0x2f, 0xf8, 0x00, 0x00, 0x00, 0x00, 0x10, 0xf0, 0x5d, 0x02, 0x44, 0x09, 0x10, 0x67, 0xf9, 0x91, 0x0a, 0x44, 0x09, 0x10, 0x27, 0xa4, 0xb0, 0xa2,
	0x01, 0x8b, 0xf8, 0x00, 0x00, 0x00, 0x00, 0x00, 0x00, 0x11, 0xc0, 0x40, 0x82, 0xff, 0x88, 0x20, 0x60, 0x81, 0x82, 0x0a, 0x7f, 0x88, 0x20, 0x20,
	0x80, 0x82, 0x02, 0x08, 0x0b, 0xfe, 0x00, 0x00, 0x00, 0x00, 0x00, 0x00, 0x11, 0x00, 0x44, 0x02, 0xff, 0x88, 0x80, 0x62, 0x01, 0x8f, 0xea, 0x44,
	0x09, 0x10, 0x2c, 0x40, 0xa1, 0x02, 0x04, 0x09, 0xfe, 0x00, 0x00, 0x00, 0x00, 0x00, 0x00, 0x11, 0x80, 0xff, 0xe2, 0x10, 0x08, 0x40, 0x62, 0x01,
	0x8f, 0xca, 0x60, 0x8b, 0x82, 0x2a, 0x08, 0x88, 0x22, 0x20, 0x88, 0xfe, 0x00, 0x00, 0x00, 0x00, 0x00, 0x00, 0x10, 0x80, 0xc2, 0x02, 0xff, 0xc8,
	0x70, 0x61, 0xc1, 0x8a, 0x8a, 0x2b, 0x09, 0x24, 0x28, 0x88, 0xff, 0xf2, 0x08, 0x08, 0x20, 0x00, 0x00, 0x00, 0x00, 0x00, 0x00, 0x1f, 0xf8, 0x40,
	0x42, 0x01, 0x09, 0xf4, 0x64, 0x51, 0x91, 0x4a, 0x45, 0x09, 0x14, 0x27, 0x90, 0x90, 0x42, 0x01, 0x08, 0x3c, 0x00, 0x00, 0x00, 0x00, 0x00, 0x00,
	0x07, 0x80, 0x33, 0x03, 0x03, 0x17, 0xfa, 0x01, 0x00, 0x04, 0x07, 0xff, 0x80, 0x40, 0x11, 0x20, 0xc4, 0x46, 0x10, 0x83, 0xc0, 0x00, 0x00, 0x00,
	0x00, 0x00, 0x00, 0x1b, 0x00, 0x4f, 0xe1, 0x28, 0x0d, 0x20, 0x34, 0xf9, 0xc2, 0x07, 0x08, 0x0c, 0x20, 0x30, 0xf8, 0xc2, 0x03, 0x08, 0x0c, 0x20,
	0x00, 0x00, 0x00, 0x00, 0x00, 0x00, 0x10, 0x80, 0x5f, 0xe2, 0x08, 0x08, 0x20, 0x6f, 0xf9, 0x80, 0x0a, 0x08, 0x0b, 0xfe, 0x20, 0x80, 0x82, 0x02,
	0x08, 0x0b, 0xfe, 0x00, 0x00, 0x00, 0x00, 0x00, 0x00, 0x00, 0x00, 0x58, 0xc3, 0x22, 0x0b, 0xfe, 0x22, 0x21, 0x88, 0x86, 0x22, 0x2b, 0xfe, 0x22,
	0x20, 0x98, 0x82, 0x42, 0x0b, 0x08, 0x28, 0x20, 0x00, 0x00, 0x00, 0x00, 0x00, 0x80, 0x42, 0x01, 0xff, 0x88, 0x08, 0x22, 0x31, 0x90, 0x66, 0xa0,
	0xa8, 0xc8, 0x21, 0x20, 0x83, 0x02, 0x0c, 0x08, 0xcc, 0x2c, 0x0c, 0x00, 0x00, 0x00, 0x00, 0x10, 0x80, 0xff, 0xe2, 0x08, 0x0b, 0xfe, 0x68, 0x89,
	0xa2, 0x2a, 0xff, 0x88, 0x22, 0x22, 0x80, 0x84, 0x02, 0x6c, 0x0b, 0x0e, 0x00, 0x00, 0x00, 0x00, 0x00, 0x00, 0x17, 0xf8, 0xd0, 0x22, 0x40, 0x89,
	0x02, 0x67, 0xf9, 0x80, 0x0a, 0x29, 0x08, 0xa4, 0x26, 0x90, 0x92, 0x52, 0x49, 0x8a, 0x26, 0x00, 0x00, 0x00, 0x00, 0x00, 0x00, 0x2f, 0x88, 0x90,
	0xa2, 0x42, 0x99, 0xea, 0x68, 0xab, 0xa2, 0xaf, 0xf2, 0x9c, 0x4a, 0x63, 0x29, 0x88, 0x26, 0x40, 0x9a, 0x0e, 0x00, 0x00, 0x00, 0x00, 0x00, 0x00,
	0x00, 0x80, 0x42, 0x01, 0xff, 0x88, 0x20, 0x20, 0x81, 0xbf, 0xe6, 0x01, 0x2b, 0xfe, 0x20, 0x10, 0x88, 0x42, 0x11, 0x08, 0x04, 0x20, 0xf0, 0x00,
	0x00, 0x00, 0x00, 0x12, 0x20, 0xc8, 0x82, 0xff, 0x88, 0x88, 0x62, 0x21, 0x88, 0x8a, 0xff, 0x88, 0x00, 0x20, 0x00, 0x88, 0x82, 0x41, 0x0a, 0x02,
	0x00, 0x00, 0x00, 0x00, 0x00, 0x00, 0x00, 0x00, 0x42, 0x03, 0xff, 0x88, 0x20, 0x21, 0x41, 0x89, 0x26, 0x65, 0x2a, 0x98, 0x22, 0x20, 0x88, 0x82,
	0x21, 0x08, 0xe6, 0x2e, 0x08, 0x00, 0x00, 0x00, 0x00, 0x10, 0x80, 0xff, 0xe2, 0x08, 0x09, 0x24, 0x64, 0x91, 0x82, 0x0a, 0xff, 0x88, 0x70, 0x21,
	0x40, 0x88, 0x82, 0x41, 0x0a, 0x02, 0x00, 0x00, 0x00, 0x00, 0x00, 0x00, 0x1f, 0xf8, 0x85, 0x02, 0x14, 0x0b, 0xfe, 0x69, 0x49, 0xa5, 0x2a, 0x94,
	0x8a, 0x52, 0x29, 0x48, 0xa5, 0x22, 0x94, 0x8b, 0xae, 0x00, 0x00, 0x00, 0x00, 0x00, 0x00, 0x17, 0xf8, 0xd0, 0x22, 0x40, 0x89, 0x02, 0x67, 0xf1,
	0x90, 0xca, 0xd1, 0x0a, 0x34, 0x28, 0x08, 0xe0, 0x32, 0x78, 0x08, 0x1c, 0x00, 0x00, 0x00, 0x00, 0x00, 0x00, 0x00, 0x00, 0x48, 0x01, 0x7f, 0x89,
	0x00, 0x2f, 0xf9, 0x92, 0x26, 0x48, 0xab, 0xfe, 0x24, 0x90, 0x92, 0x42, 0x89, 0x0b, 0xfe, 0x20, 0x70, 0x00, 0x00, 0x00, 0x00, 0x17, 0xf0, 0x40,
	0x42, 0x01, 0x0b, 0xfe, 0x64, 0x01, 0x9f, 0xea, 0x8c, 0x08, 0x30, 0x2f, 0xf8, 0x83, 0x02, 0x33, 0x0b, 0x06, 0x00, 0x00, 0x00, 0x00, 0x00, 0x00,
	0x17, 0xf8, 0x40, 0x22, 0x7f, 0x88, 0x02, 0x67, 0xf1, 0xbf, 0xea, 0x80, 0x8b, 0xfe, 0x22, 0x20, 0x85, 0x02, 0x3e, 0x0b, 0x06, 0x00, 0x00, 0x00,
	0x00, 0x00, 0x00, 0x17, 0xf0, 0xd0, 0x22, 0x40, 0x89, 0x02, 0x67, 0xf1, 0x82, 0x0a, 0xff, 0x8a, 0x02, 0x28, 0x08, 0xa0, 0x22, 0xff, 0x8a, 0x02,
	0x00, 0x00, 0x00, 0x00, 0x00, 0x00, 0x1f, 0xf8, 0xc2, 0x02, 0x7f, 0x8a, 0x22, 0x6f, 0xf9, 0xa2, 0x2a, 0xff, 0x88, 0x22, 0x26, 0x80, 0x8c, 0x02,
	0x6c, 0x0b, 0x0e, 0x00, 0x00, 0x00, 0x00, 0x00, 0x00, 0x17, 0xf8, 0x82, 0x02, 0x11, 0x0b, 0x88, 0x66, 0x51, 0x8e, 0x2a, 0x3f, 0x8b, 0x21, 0x22,
	0xa0, 0x92, 0x42, 0x88, 0x88, 0x20, 0x00, 0x00, 0x00, 0x00, 0x00, 0x00, 0x17, 0xf8, 0xd0, 0x22, 0x40, 0x89, 0x02, 0x67, 0xf1, 0x82, 0x0a, 0x48,
	0x09, 0x3e, 0x2c, 0x80, 0xaa, 0x02, 0xb8, 0x0c, 0x1f, 0x00, 0x00, 0x00, 0x00, 0x00, 0x00, 0x13, 0x50, 0xb9, 0x62, 0x24, 0x88, 0x90, 0x6f, 0xf9,
	0x89, 0x2a, 0x2c, 0x89, 0xcc, 0x2a, 0x20, 0x89, 0xa2, 0x2d, 0x8b, 0xc6, 0x00, 0x00, 0x00, 0x00, 0x00, 0x00, 0x12, 0x20, 0x48, 0x42, 0xff, 0x88,
	0x90, 0x62, 0x49, 0xb5, 0xea, 0x30, 0x09, 0xbc, 0x2b, 0x30, 0x83, 0x02, 0x3e, 0x0f, 0x06, 0x00, 0x00, 0x00, 0x00, 0x00, 0x00, 0x13, 0x20, 0x48,
	0xc2, 0x41, 0x8a, 0x72, 0x63, 0x21, 0x98, 0x4a, 0xff, 0x89, 0x04, 0x24, 0x10, 0x90, 0x42, 0x7f, 0x09, 0x04, 0x00, 0x00, 0x00, 0x00, 0x00, 0x00,
	0x17, 0xf8, 0xd0, 0x22, 0x40, 0x89, 0x02, 0x67, 0xf1, 0x82, 0x0a, 0xff, 0x88, 0x70, 0x22, 0xa0, 0x92, 0x42, 0x88, 0x88, 0x20, 0x00, 0x00, 0x00,
	0x00, 0x00, 0x00, 0x17, 0xf8, 0xc0, 0x02, 0xff, 0x88, 0x00, 0x67, 0xf9, 0x80, 0x0a, 0x7f, 0x88, 0x00, 0x27, 0xf8, 0x90, 0x22, 0x40, 0x89, 0xfe,
	0x00, 0x00, 0x00, 0x00, 0x00, 0x00, 0x17, 0xf0, 0xd0, 0x22, 0x40, 0x89, 0xfe, 0x60, 0x01, 0xbf, 0xea, 0x08, 0x08, 0x20, 0x2f, 0xf8, 0x85, 0x02,
	0x32, 0x0b, 0x06, 0x00, 0x00, 0x00, 0x00, 0x00, 0x00, 0x21, 0x00, 0x8f, 0xc2, 0xf2, 0x1b, 0x30, 0x49, 0xf3, 0x38, 0xac, 0x8c, 0x12, 0xc4, 0x48,
	0xe1, 0x2c, 0x24, 0x07, 0x10, 0xe0, 0x00, 0x00, 0x00, 0x00, 0x00, 0x00, 0x11, 0x40, 0xc5, 0x02, 0xf7, 0x88, 0x50, 0x61, 0x41, 0xbd, 0xea, 0x14,
	0x08, 0xd0, 0x2e, 0x7c, 0x89, 0x02, 0x64, 0x0b, 0x10, 0x00, 0x00, 0x00, 0x00, 0x00, 0x00, 0x00, 0x80, 0x42, 0x02, 0xff, 0x88, 0x20, 0x2f, 0xf9,
	0x82, 0x07, 0xff, 0xa8, 0x60, 0x26, 0x58, 0xe9, 0xc2, 0x22, 0x08, 0xb6, 0x2f, 0x0c, 0x00, 0x00, 0x00, 0x00, 0x00, 0x00, 0x42, 0x02, 0xff, 0x88,
	0x40, 0x2f, 0xf1, 0x88, 0x86, 0xff, 0xa9, 0x24, 0x2f, 0xe8, 0xc2, 0x12, 0xff, 0x88, 0x20, 0x20, 0x80, 0x00, 0x00, 0x00, 0x00, 0x00, 0x80, 0x46,
	0x03, 0xff, 0x88, 0x88, 0x26, 0xb1, 0xbf, 0xe6, 0x49, 0x29, 0x24, 0x27, 0xf0, 0x92, 0x42, 0x7f, 0x48, 0x21, 0x20, 0xf8, 0x00, 0x00, 0x00, 0x00,
	0x07, 0x80, 0x7f, 0x86, 0x01, 0x8f, 0xfc, 0x20, 0x30, 0xff, 0xc2, 0x03, 0x0f, 0xf0, 0x3f, 0xf0, 0xc0, 0x45, 0x01, 0x17, 0xfc, 0x00, 0x00, 0x00,
	0x00, 0x00, 0x00, 0x2f, 0xf8, 0xa2, 0x22, 0x88, 0x9b, 0xfa, 0x68, 0x8b, 0xa2, 0x2a, 0xb6, 0x8a, 0x8a, 0x2a, 0x28, 0xaf, 0xa2, 0x80, 0x8b, 0xfe,
	0x00, 0x00, 0x00, 0x00, 0x00, 0x00, 0x00, 0x80, 0x42, 0x03, 0xff, 0x89, 0x04, 0x22, 0x21, 0x88, 0x86, 0xdd, 0x28, 0x00, 0x27, 0xf0, 0x90, 0x42,
	0x41, 0x09, 0x04, 0x27, 0xf0, 0x00, 0x00, 0x00, 0x00, 0x2f, 0x88, 0x90, 0xa2, 0x52, 0x99, 0x2a, 0x6f, 0xab, 0x88, 0xae, 0x22, 0x9b, 0xea, 0x62,
	0x29, 0x88, 0x26, 0x78, 0x9e, 0x0e, 0x00, 0x00, 0x00, 0x00, 0x00, 0x00, 0x00, 0x80, 0x42, 0x02, 0x7f, 0x08, 0x20, 0x3f, 0xfd, 0x98, 0x46, 0x22,
	0x28, 0x88, 0x2d, 0xd8, 0x82, 0x02, 0xff, 0x88, 0x20, 0x20, 0x80, 0x00, 0x00, 0x00, 0x00, 0x23, 0xf0, 0x80, 0x42, 0x81, 0x1b, 0xfe, 0x49, 0x03,
	0x2f, 0xec, 0xe4, 0x12, 0x10, 0x4b, 0xf9, 0x22, 0x84, 0x1b, 0x11, 0x82, 0x00, 0x00, 0x00, 0x00, 0x00, 0x00, 0x12, 0x20, 0xff, 0xe2, 0x22, 0x08,
	0x88, 0x6f, 0xf9, 0x80, 0x0a, 0x7f, 0x89, 0x02, 0x27, 0xf8, 0x90, 0x22, 0x40, 0x89, 0xfe, 0x00, 0x00, 0x00, 0x00, 0x00, 0x00, 0x04, 0x00, 0x91,
	0x03, 0xf4, 0x0a, 0x1e, 0x68, 0xc9, 0x3f, 0x2c, 0x9c, 0xb2, 0x54, 0x49, 0x31, 0x24, 0xc5, 0x13, 0x14, 0xb6, 0x56, 0x88, 0x00, 0x00, 0x00, 0x00,
	0x10, 0x40, 0xbf, 0xe2, 0x08, 0x0a, 0x7e, 0x69, 0x09, 0xa7, 0xea, 0x90, 0x8a, 0x7e, 0x29, 0x08, 0xa7, 0xc2, 0x80, 0x0b, 0xfe, 0x00, 0x00, 0x00,
	0x00, 0x00, 0x00, 0x00, 0x00, 0x52, 0x41, 0x49, 0x0b, 0xfe, 0x21, 0x41, 0x8c, 0x86, 0xef, 0xa9, 0xfc, 0x28, 0x28, 0x9f, 0x82, 0x42, 0x89, 0x02,
	0x27, 0xf0, 0x00, 0x00, 0x00, 0x00, 0x11, 0xc0, 0x48, 0x82, 0xc1, 0x8a, 0xfb, 0x60, 0x01, 0xbf, 0xea, 0x94, 0x8a, 0x52, 0x2f, 0xf8, 0xa5, 0x22,
	0x94, 0x8a, 0x56, 0x00, 0x00, 0x00, 0x00, 0x00, 0x00, 0x1f, 0xf8, 0x82, 0x02, 0x08, 0x0b, 0xfe, 0x66, 0xa1, 0xb6, 0x6a, 0xff, 0x88, 0x84, 0x24,
	0x20, 0xaf, 0x02, 0x3f, 0x0f, 0x02, 0x00, 0x00, 0x00, 0x00, 0x00, 0x00, 0x17, 0xf0, 0xd0, 0x42, 0x7f, 0x09, 0x04, 0x64, 0x11, 0x9f, 0xca, 0x41,
	0x09, 0xfc, 0x2f, 0xf8, 0x80, 0x02, 0x63, 0x0b, 0x02, 0x00, 0x00, 0x00, 0x00, 0x00, 0x00, 0x11, 0xc0, 0xd8, 0x82, 0xff, 0x88, 0x20, 0x6f, 0xf1,
	0xa2, 0x2a, 0x88, 0x8b, 0xfe, 0x20, 0x80, 0x85, 0x02, 0x63, 0x0b, 0x02, 0x00, 0x00, 0x00, 0x00, 0x00, 0x00, 0x11, 0x80, 0xdd, 0xc2, 0x11, 0x0b,
	0xba, 0x67, 0xf9, 0x90, 0x2a, 0x7f, 0x88, 0x10, 0x2f, 0xf8, 0x91, 0x03, 0xff, 0x88, 0x10, 0x00, 0x00, 0x00, 0x00, 0x00, 0x00, 0x1f, 0xf8, 0x80,
	0x02, 0xff, 0x8a, 0x02, 0x6f, 0xf9, 0xa0, 0x0a, 0xff, 0x8b, 0x4a, 0x2f, 0xf8, 0xf4, 0xa3, 0x52, 0x8d, 0x4e, 0x00, 0x00, 0x00, 0x00, 0x00, 0x00,
	0x00, 0x80, 0x42, 0x01, 0xff, 0x89, 0xfc, 0x24, 0x11, 0x9f, 0xc6, 0x00, 0x2b, 0xfe, 0x28, 0x08, 0xbf, 0xe2, 0x0c, 0x08, 0x30, 0x23, 0x80, 0x00,
	0x00, 0x00, 0x00, 0x3d, 0xf0, 0x91, 0x22, 0xbf, 0x92, 0x12, 0x59, 0xfb, 0x11, 0x0d, 0x7f, 0x95, 0x10, 0x48, 0x41, 0x2f, 0xe5, 0x64, 0x14, 0x7e,
	0x00, 0x00, 0x00, 0x00, 0x00, 0x00, 0x1f, 0xf8, 0xa2, 0x22, 0x88, 0x8b, 0xfe, 0x68, 0x89, 0xbf, 0xea, 0x00, 0x08, 0xa4, 0x2a, 0x48, 0xa8, 0x63,
	0xa1, 0x88, 0xf8, 0x00, 0x00, 0x00, 0x00, 0x00, 0x00, 0x2f, 0x88, 0xa2, 0xa2, 0x8a, 0x9b, 0xea, 0x68, 0xab, 0xbe, 0xae, 0x8a, 0x9a, 0x2a, 0x6f,
	0x29, 0x94, 0x26, 0x98, 0x9e, 0x2e, 0x00, 0x00, 0x00, 0x00, 0x00, 0x00, 0x00, 0x00, 0x43, 0xe3, 0x08, 0x08, 0x20, 0x27, 0xf9, 0x90, 0x26, 0x7f,
	0xa9, 0x02, 0x27, 0xf8, 0x90, 0x22, 0x7f, 0x08, 0x8c, 0x2c, 0x08, 0x00, 0x00, 0x00, 0x00, 0x17, 0xf8, 0xd2, 0x22, 0x7f, 0x89, 0x22, 0x67, 0xf9,
	0x82, 0x0a, 0xff, 0x8a, 0x22, 0x28, 0xa8, 0xaf, 0x62, 0x80, 0x8a, 0x0e, 0x00, 0x00, 0x00, 0x00, 0x00, 0x00, 0x00, 0x80, 0x52, 0x03, 0xff, 0x08,
	0x44, 0x21, 0x11, 0x8f, 0xe6, 0x60, 0xa9, 0xfe, 0x28, 0x04, 0xd1, 0x52, 0x55, 0x8a, 0x52, 0x28, 0x38, 0x00, 0x00, 0x00, 0x00, 0x00, 0x80, 0x7f,
	0xe3, 0x22, 0x08, 0x88, 0x2f, 0xf9, 0xa0, 0x26, 0x08, 0x2b, 0xfe, 0x21, 0x00, 0x8f, 0xe2, 0x20, 0x89, 0x04, 0x28, 0xf0, 0x00, 0x00, 0x00, 0x00,
	0x14, 0x10, 0xbf, 0xe2, 0x95, 0x0d, 0xd4, 0x62, 0xf9, 0x90, 0x4a, 0x89, 0x0f, 0xfe, 0x21, 0xc0, 0x9a, 0x82, 0x89, 0x8c, 0x20, 0x00, 0x00, 0x00,
	0x00, 0x00, 0x00, 0x07, 0x80, 0x61, 0x83, 0x33, 0x14, 0xd2, 0x3b, 0xe1, 0x9e, 0x61, 0x34, 0x0f, 0xfc, 0x67, 0x89, 0xff, 0xe0, 0x30, 0x00, 0xc0,
	0x00, 0x00, 0x00, 0x00, 0x00, 0x00, 0x12, 0x20, 0xbf, 0xe2, 0x22, 0x0b, 0xfe, 0x68, 0x01, 0xbf, 0xea, 0xc4, 0x8b, 0xfe, 0x3c, 0x48, 0xdf, 0xe3,
	0x44, 0x8d, 0x16, 0x00, 0x00, 0x00, 0x00, 0x00, 0x00, 0x18, 0x88, 0xe2, 0x22, 0x7f, 0x89, 0x10, 0x67, 0xf9, 0xb1, 0x0b, 0xc4, 0x0d, 0xfc, 0x24,
	0x40, 0x9f, 0xc2, 0x44, 0x09, 0xfe, 0x00, 0x00, 0x00, 0x00, 0x00, 0x00, 0x00, 0x80, 0xbf, 0xe2, 0x8c, 0x0b, 0xfe, 0x6f, 0xf9, 0x23, 0x2c, 0xff,
	0xb2, 0xfc, 0x4c, 0x49, 0x3f, 0xe5, 0x44, 0x95, 0xfe, 0x54, 0x78, 0x00, 0x00, 0x00, 0x00, 0x1f, 0xf8, 0xc2, 0x02, 0xff, 0x8b, 0xfe, 0x60, 0x01,
	0x9f, 0xea, 0x7f, 0x89, 0x02, 0x27, 0xf8, 0x9f, 0xe2, 0x22, 0x0b, 0x06, 0x00, 0x00, 0x00, 0x00, 0x00, 0x00, 0x02, 0x00, 0x5f, 0xe3, 0x40, 0x0b,
	0xfc, 0x2f, 0xf1, 0x90, 0x46, 0x7f, 0x2b, 0xfe, 0x22, 0x00, 0xb7, 0xe3, 0x36, 0x89, 0x32, 0x21, 0xb8, 0x00, 0x00, 0x00, 0x00, 0x21, 0xfc, 0xa1,
	0x82, 0x8f, 0x9a, 0xc2, 0x6d, 0xfb, 0xa4, 0x2e, 0xbf, 0x9a, 0xc2, 0x6b, 0x09, 0xbb, 0xc6, 0x09, 0x18, 0xc2, 0x00, 0x00, 0x00, 0x00, 0x00, 0x00,
	0x12, 0x20, 0xff, 0xe2, 0x22, 0x0b, 0xfe, 0x68, 0x89, 0xbf, 0xea, 0x08, 0x0b, 0xfe, 0x20, 0x80, 0xbf, 0xe2, 0x08, 0x0b, 0xfe, 0x00, 0x00, 0x00,
	0x00, 0x00, 0x00, 0x2f, 0xa0, 0x98, 0x83, 0xfa, 0x19, 0x9e, 0x5f, 0xab, 0x5a, 0xad, 0xfa, 0x97, 0xea, 0x46, 0x49, 0x7f, 0x24, 0x64, 0x97, 0xe6,
	0x00, 0x00, 0x00, 0x00, 0x00, 0x00, 0x00, 0x00, 0x5f, 0x82, 0x46, 0x0b, 0xfe, 0x38, 0x89, 0xbf, 0xe6, 0x34, 0x2f, 0x32, 0x23, 0xb0, 0xb3, 0x82,
	0x15, 0x0b, 0x92, 0x33, 0xc0, 0x00, 0x00, 0x00, 0x00, 0x1f, 0xf8, 0x84, 0x02, 0xff, 0x88, 0x88, 0x6f, 0xfb, 0xc8, 0x8a, 0x1c, 0x0b, 0xfe, 0x2b,
	0xe8, 0xa8, 0xa2, 0xbc, 0x8a, 0x0e, 0x00, 0x00, 0x00, 0x00, 0x00, 0x00, 0x19, 0x50, 0x95, 0x42, 0xaa, 0x88, 0x88, 0x6f, 0xfb, 0x82, 0x0a, 0xff,
	0x88, 0x20, 0x3f, 0xf8, 0x87, 0x02, 0x26, 0x0f, 0x06, 0x00, 0x00, 0x00, 0x00, 0x00, 0x00, 0x00, 0x80, 0x7f, 0xe2, 0x14, 0x0b, 0x56, 0x26, 0x31,
	0x9f, 0xcf, 0xc1, 0xa9, 0xfc, 0x24, 0x10, 0x8f, 0x82, 0x6b, 0x0b, 0x22, 0x23, 0x80, 0x00, 0x00, 0x00, 0x00, 0x12, 0x20, 0xff, 0xe2, 0x88, 0x8b,
	0xfe, 0x68, 0x89, 0xbf, 0xea, 0x00, 0x0b, 0xfe, 0x2c, 0x08, 0xbf, 0xe2, 0xc0, 0x8b, 0xfe, 0x00, 0x00, 0x00, 0x00, 0x00, 0x00, 0x00, 0x00, 0xbc,
	0x82, 0x9f, 0xca, 0x52, 0x49, 0x49, 0x39, 0x2c, 0x8f, 0xf3, 0x88, 0x59, 0x21, 0x67, 0xf5, 0x92, 0x17, 0xc8, 0x49, 0x20, 0x00, 0x00, 0x00, 0x00,
	0x00, 0x20, 0x88, 0x82, 0xdd, 0x8b, 0xfe, 0x60, 0x81, 0x7f, 0xec, 0x15, 0x33, 0x92, 0x5f, 0xf9, 0x11, 0x24, 0xfb, 0x11, 0x1a, 0x4d, 0x98, 0x00,
	0x00, 0x00, 0x00, 0x00, 0x80, 0x82, 0x02, 0xff, 0x88, 0x88, 0x7f, 0xf9, 0x3f, 0xcc, 0x80, 0xb3, 0xfe, 0x48, 0x09, 0x1f, 0xc4, 0xa9, 0x95, 0x8a,
	0x53, 0xe4, 0x00, 0x00, 0x00, 0x00, 0x2f, 0xf8, 0x82, 0x02, 0xff, 0x93, 0xfe, 0x4e, 0xbb, 0x02, 0x0d, 0xff, 0x90, 0x60, 0x4f, 0x79, 0x25, 0x24,
	0x94, 0x92, 0x56, 0x00, 0x00, 0x00, 0x00, 0x00, 0x00, 0x00, 0x80, 0x52, 0x42, 0xff, 0x8b, 0xfa, 0x2c, 0x19, 0x8f, 0x86, 0xff, 0xaa, 0x02, 0x2f,
	0xf8, 0xbf, 0xe2, 0xff, 0x88, 0x98, 0x2c, 0x18, 0x00, 0x00, 0x00, 0x00, 0x2f, 0xf8, 0x86, 0x02, 0xe7, 0x1b, 0xfc, 0x4f, 0xf3, 0x7f, 0xed, 0x6f,
	0x92, 0xfa, 0x47, 0xf1, 0x68, 0x84, 0x1c, 0x17, 0x8e, 0x00, 0x00, 0x00, 0x00, 0x00, 0x00, 0x00, 0x20, 0xbc, 0x82, 0x0f, 0x8f, 0xca, 0x60, 0x31,
	0x3f, 0xec, 0x06, 0x33, 0xfe, 0x40, 0x49, 0x3d, 0xe4, 0x94, 0x92, 0x52, 0x4e, 0x78, 0x00, 0x00, 0x00, 0x00, 0x04, 0x00, 0x31, 0x00, 0x82, 0x04,
	0x04, 0x7f, 0xf8, 0x00, 0x20, 0x48, 0x01, 0x20, 0x08, 0x88, 0x22, 0x21, 0x08, 0x98, 0x3e, 0x00, 0x00, 0x00, 0x00, 0x00, 0x00, 0x00, 0x00, 0xff,
	0xc0, 0x00, 0x00, 0x00, 0x00, 0x01, 0xff, 0xe0, 0xc8, 0x02, 0x20, 0x08, 0x80, 0x22, 0x21, 0x88, 0x8c, 0x22, 0x40, 0xf0, 0x00, 0x00, 0x00, 0x00,
	0x00, 0x00, 0xff, 0xc2, 0x01, 0x08, 0x04, 0x20, 0x10, 0x80, 0x43, 0xff, 0x01, 0x20, 0x0c, 0x80, 0x22, 0x21, 0x88, 0x8c, 0x22, 0x40, 0xf8, 0x00,
	0x00, 0x00, 0x00, 0x00, 0x00, 0x0c, 0x07, 0xff, 0x81, 0x10, 0x08, 0x60, 0x20, 0xc7, 0xff, 0x01, 0x22, 0x0c, 0x80, 0x22, 0x20, 0x88, 0x84, 0x22,
	0x60, 0xf0, 0x00, 0x00, 0x00, 0x00, 0x04, 0x81, 0x12, 0x62, 0x49, 0x05, 0x28, 0x14, 0x80, 0x13, 0x00, 0xcb, 0x1d, 0x26, 0x4c, 0x80, 0x22, 0x21,
	0x88, 0x98, 0x3e, 0x00, 0x00, 0x00, 0x00, 0x00, 0x00, 0x00, 0x00, 0x81, 0x42, 0xc9, 0x08, 0xc4, 0x23, 0x90, 0xb1, 0x42, 0x01, 0x0f, 0xfc, 0x04,
	0x80, 0x22, 0x20, 0x88, 0x8c, 0x22, 0x60, 0xf8, 0x00, 0x00, 0x00, 0x00, 0x11, 0x00, 0x7f, 0xc3, 0x10, 0x08, 0x40, 0x01, 0x01, 0xff, 0xe0, 0x48,
	0x01, 0x20, 0x0c, 0x88, 0x22, 0x23, 0x08, 0x98, 0x3e, 0x00, 0x00, 0x00, 0x00, 0x00, 0x00, 0x03, 0x00, 0x8c, 0x41, 0x32, 0x06, 0xd8, 0x03, 0x01,
	0xff, 0xe0, 0x48, 0x03, 0x20, 0x08, 0x88, 0x62, 0x23, 0x08, 0x90, 0x3c, 0x00, 0x00, 0x00, 0x00, 0x00, 0x00, 0x03, 0x01, 0xff, 0xe0, 0x30, 0x00,
	0xc0, 0x3c, 0xf0, 0x80, 0x42, 0x01, 0x07, 0xf8, 0x04, 0x80, 0x32, 0x21, 0x88, 0x98, 0x3e, 0x00, 0x00, 0x00, 0x00, 0x00, 0x00, 0x08, 0x00, 0x3f,
	0x01, 0x0c, 0x0c, 0x60, 0x7f, 0xf1, 0x84, 0x42, 0x11, 0x0f, 0xfc, 0x24, 0x80, 0x12, 0x00, 0xc8, 0x86, 0x22, 0x60, 0xf8, 0x00, 0x00, 0x00, 0x00,
	0x3f, 0xf0, 0x0c, 0x03, 0xff, 0x08, 0xc4, 0x23, 0x10, 0x8c, 0x43, 0xff, 0x09, 0x28, 0x04, 0x90, 0x22, 0x21, 0x88, 0x98, 0x3e, 0x00, 0x00, 0x00,
	0x00, 0x00, 0x00, 0x27, 0xf0, 0x90, 0x42, 0x41, 0x09, 0xfc, 0x24, 0x10, 0x90, 0x42, 0x7f, 0x01, 0x20, 0x04, 0x80, 0x22, 0x21, 0x88, 0x98, 0x3e,
	0x00, 0x00, 0x00, 0x00, 0x00, 0x00, 0x00, 0x00, 0x4c, 0x81, 0xb6, 0x19, 0x26, 0x5f, 0xe9, 0x40, 0xa1, 0x02, 0x04, 0x08, 0x0f, 0xc0, 0x12, 0x20,
	0x88, 0x86, 0x22, 0x60, 0xf8, 0x00, 0x00, 0x00, 0x00, 0x00, 0x00, 0x48, 0xc6, 0xfc, 0x92, 0x12, 0x4f, 0xc9, 0x21, 0x24, 0x84, 0x9f, 0xfe, 0x04,
	0x80, 0x12, 0x00, 0xc8, 0x86, 0x22, 0x60, 0xf8, 0x00, 0x00, 0x00, 0x00, 0x00, 0x00, 0x7c, 0x00, 0x10, 0x00, 0x40, 0x01, 0x00, 0x0c, 0x00, 0x28,
	0x00, 0xa0, 0x04, 0x80, 0x31, 0x01, 0x82, 0x0c, 0x0c, 0x40, 0x08, 0x00, 0x00, 0x00, 0x00, 0x07, 0x80, 0x33, 0x01, 0x02, 0x18, 0x06, 0x1f, 0xe0,
	0x0c, 0x00, 0x30, 0x0f, 0xfc, 0x03, 0x00, 0x0c, 0x00, 0x30, 0x1f, 0xfe, 0x00, 0x00, 0x00, 0x00, 0x00, 0x00, 0x00, 0x00, 0x1f, 0x00, 0x04, 0x02,
	0x10, 0x08, 0x40, 0x21, 0x81, 0x02, 0x04, 0x08, 0x30, 0x10, 0x80, 0x44, 0x00, 0x90, 0x02, 0x00, 0x00, 0x00, 0x00, 0x00, 0x00, 0x00, 0x00, 0x00,
	0x00, 0x84, 0x06, 0x18, 0x10, 0x20, 0x98, 0x44, 0x40, 0x81, 0x00, 0x0c, 0x60, 0x20, 0x80, 0x81, 0x07, 0xfe, 0x78, 0x08, 0x00, 0x00, 0x00, 0x00,
	0x03, 0x00, 0x0c, 0x07, 0xff, 0x80, 0x00, 0x00, 0x00, 0x21, 0x00, 0x86, 0x04, 0x08, 0x10, 0x30, 0x80, 0x42, 0x01, 0x80, 0x02, 0x00, 0x00, 0x00,
	0x00, 0x00, 0x00, 0x08, 0x40, 0x21, 0x07, 0xff, 0x82, 0x10, 0x08, 0x40, 0x21, 0x07, 0xff, 0x80, 0x00, 0x04, 0x80, 0x21, 0x81, 0x03, 0x18, 0x06,
	0x00, 0x00, 0x00, 0x00, 0x00, 0x00, 0x01, 0xf0, 0x78, 0x01, 0x00, 0x07, 0xfe, 0x10, 0x40, 0x41, 0x01, 0x04, 0x04, 0x10, 0x7f, 0xf8, 0x33, 0x01,
	0x83, 0x18, 0x06, 0x00, 0x00, 0x00, 0x00, 0x00, 0x00, 0x10, 0x21, 0xff, 0xe1, 0x02, 0x07, 0xf8, 0x10, 0x20, 0x40, 0x81, 0xfe, 0x04, 0x08, 0x7f,
	0xf8, 0x12, 0x01, 0x86, 0x18, 0x06, 0x00, 0x00, 0x00, 0x00, 0x00, 0x00, 0x00, 0x00, 0xff, 0xc2, 0x01, 0x0f, 0xfc, 0x20, 0x10, 0x80, 0x43, 0xff,
	0x08, 0x04, 0x1f, 0xe1, 0xff, 0xe0, 0x48, 0x06, 0x18, 0x60, 0x18, 0x00, 0x00, 0x00, 0x00, 0x04, 0x80, 0xff, 0xc2, 0x49, 0x09, 0x24, 0x3f, 0xf0,
	0x92, 0x42, 0x49, 0x09, 0x24, 0x7f, 0xf8, 0x13, 0x01, 0x83, 0x18, 0x06, 0x00, 0x00, 0x00, 0x00, 0x00, 0x00, 0x08, 0x40, 0x31, 0x07, 0xff, 0x81,
	0x20, 0x3f, 0xf0, 0x12, 0x47, 0xff, 0x81, 0x24, 0x3f, 0xf0, 0x33, 0x01, 0x4a, 0x09, 0x24, 0x44, 0x88, 0x00, 0x00, 0x00, 0x00, 0x00, 0x00, 0x0c,
	0x07, 0xff, 0x90, 0x82, 0x42, 0x09, 0x0c, 0x24, 0x48, 0x92, 0x12, 0x50, 0x29, 0x00, 0x24, 0x00, 0x90, 0x02, 0x40, 0x70, 0x00, 0x00, 0x00, 0x00,
	0x00, 0x00, 0xff, 0xc4, 0x30, 0x90, 0xc2, 0x43, 0x09, 0x0c, 0x27, 0xff, 0x90, 0x02, 0x40, 0x09, 0x00, 0x24, 0x00, 0x90, 0x06, 0x40, 0x70, 0x00,
	0x00, 0x00, 0x00, 0x00, 0x00, 0xff, 0xc2, 0x49, 0x09, 0x24, 0x24, 0x90, 0x92, 0x47, 0xff, 0x89, 0x24, 0x24, 0x90, 0x92, 0x42, 0x49, 0x09, 0x24,
	0x20, 0x30, 0x00, 0x00, 0x00, 0x00, 0x00, 0x01, 0xff, 0xe0, 0x20, 0x0f, 0xfc, 0x22, 0x10, 0x88, 0x43, 0xff, 0x08, 0x84, 0x7f, 0xf8, 0x80, 0x42,
	0x01, 0x08, 0x04, 0x20, 0xf0, 0x00, 0x00, 0x00, 0x00, 0x00, 0x01, 0xff, 0xe4, 0x00, 0x9f, 0xfe, 0x40, 0x08, 0xff, 0xc1, 0xfe, 0x08, 0x04, 0x3f,
	0xf0, 0x80, 0x43, 0xff, 0x08, 0x04, 0x3f, 0xf0, 0x00, 0x00, 0x00, 0x00, 0x00, 0x00, 0xff, 0xc4, 0x00, 0x90, 0x02, 0x4f, 0xc8, 0x21, 0x00, 0x84,
	0x02, 0x10, 0x08, 0x40, 0x61, 0x21, 0x04, 0x88, 0x12, 0x40, 0x78, 0x00, 0x00, 0x00, 0x00, 0x00, 0x01, 0xff, 0xe4, 0x80, 0x92, 0x02, 0x1f, 0xe0,
	0x40, 0x01, 0xfe, 0x04, 0x08, 0x00, 0x21, 0xff, 0xe0, 0x06, 0x00, 0x10, 0x07, 0xc0, 0x00, 0x00, 0x00, 0x00, 0x00, 0x01, 0xff, 0xe4, 0x00, 0x90,
	0x0a, 0x3c, 0x20, 0x07, 0xe7, 0xe2, 0x09, 0x28, 0x24, 0x60, 0x90, 0x82, 0x4e, 0x91, 0x02, 0x47, 0xf8, 0x00, 0x00, 0x00, 0x00, 0x00, 0x01, 0xff,
	0xe4, 0x00, 0x97, 0xfa, 0x10, 0x20, 0x7f, 0x81, 0x02, 0x07, 0xf8, 0x03, 0x01, 0xff, 0xe0, 0x48, 0x06, 0x18, 0x60, 0x18, 0x00, 0x00, 0x00, 0x00,
	0x00, 0x01, 0xff, 0xe4, 0x00, 0x97, 0xfa, 0x1f, 0xe0, 0x40, 0x81, 0xfe, 0x00, 0x00, 0x3f, 0xf0, 0x8c, 0x43, 0xff, 0x08, 0xc4, 0x3f, 0xf0, 0x00,
	0x00, 0x00, 0x00, 0x04, 0x00, 0x30, 0x01, 0xfe, 0x0e, 0x18, 0x6c, 0xc0, 0x0c, 0x00, 0x7c, 0x0e, 0x0e, 0x47, 0x08, 0x03, 0x00, 0x00, 0x07, 0xc0,
	0x00, 0xe0, 0x00, 0x00, 0x00, 0x00, 0x00, 0x01, 0x3f, 0xe6, 0x21, 0x08, 0x84, 0x02, 0x10, 0x08, 0x40, 0xff, 0x80, 0x14, 0x11, 0x90, 0x8c, 0x42,
	0xc1, 0x12, 0x04, 0x40, 0xe0, 0x00, 0x00, 0x00, 0x00, 0x41, 0x01, 0x8c, 0x82, 0x21, 0x04, 0x86, 0x0f, 0xe8, 0x00, 0x00, 0x7f, 0x05, 0x04, 0x34,
	0x10, 0x90, 0x44, 0x41, 0x11, 0xfc, 0x00, 0x00, 0x00, 0x00, 0x00, 0x00, 0x41, 0xc1, 0x88, 0x82, 0x41, 0x02, 0xfe, 0x00, 0x00, 0x00, 0x00, 0xff,
	0x84, 0x42, 0x21, 0x08, 0x84, 0x24, 0x13, 0x90, 0x40, 0x00, 0x00, 0x00, 0x00, 0x00, 0x00, 0x00, 0x01, 0x3f, 0xe4, 0x08, 0x0b, 0xfc, 0x20, 0x98,
	0x7f, 0xe0, 0xff, 0x80, 0x40, 0x2f, 0xf8, 0x90, 0x84, 0xfc, 0x10, 0xf8, 0x1c, 0x18, 0x00, 0x00, 0x00, 0x00, 0x02, 0x21, 0x08, 0x86, 0x7f, 0x89,
	0x10, 0x0c, 0x40, 0x7f, 0xe0, 0x44, 0x01, 0x10, 0x17, 0xf8, 0x91, 0x02, 0x44, 0x11, 0x10, 0x47, 0xb0, 0x00, 0x00, 0x00, 0x00, 0x00, 0x01, 0x3f,
	0xe6, 0x88, 0x8a, 0xfa, 0x08, 0x88, 0x22, 0x20, 0xb6, 0x82, 0x7a, 0x1a, 0x28, 0xa8, 0xa2, 0xbe, 0x92, 0x82, 0x48, 0x38, 0x00, 0x00, 0x00, 0x00,
	0x00, 0x81, 0x02, 0x06, 0x7f, 0x08, 0x20, 0x0f, 0xf8, 0x0d, 0x20, 0x67, 0x82, 0xc0, 0x37, 0xf8, 0xb8, 0xc2, 0x1e, 0x10, 0xf8, 0x1c, 0x18, 0x00,
	0x00, 0x00, 0x00, 0x40, 0x81, 0xbf, 0xe2, 0x08, 0x03, 0xfe, 0x08, 0x88, 0x3f, 0xe0, 0x88, 0x8f, 0xfe, 0x21, 0xc0, 0x9a, 0x84, 0xc9, 0x80, 0x20,
	0x00, 0x00, 0x00, 0x00, 0x00, 0x00, 0x10, 0xf9, 0x78, 0x25, 0x15, 0x0f, 0xcc, 0x08, 0xf8, 0x7c, 0xa1, 0x4a, 0x89, 0x28, 0x5f, 0xb9, 0x32, 0x84,
	0xae, 0x0c, 0x4f, 0x00, 0x00, 0x00, 0x00, 0x00, 0x00, 0x00, 0x00, 0x7f, 0x01, 0x04, 0x04, 0x10, 0x10, 0x40, 0x59, 0x01, 0x24, 0x04, 0x50, 0x11,
	0x44, 0x41, 0x12, 0x04, 0x58, 0x13, 0x40, 0x38, 0x00, 0x00, 0x00, 0x00, 0x20, 0xe0, 0xf4, 0x82, 0x52, 0x09, 0x48, 0x65, 0x21, 0x94, 0x85, 0x92,
	0x86, 0x4a, 0x1a, 0x38, 0x60, 0x02, 0x60, 0x10, 0x7e, 0x00, 0x00, 0x00, 0x00, 0x00, 0x00, 0x00, 0x00, 0xff, 0xc2, 0x21, 0x08, 0x84, 0x2f, 0xd0,
	0xa9, 0x42, 0xa5, 0x0a, 0x94, 0x6a, 0x51, 0x29, 0x44, 0xad, 0x50, 0x85, 0x42, 0x08, 0x00, 0x00, 0x00, 0x00, 0x00, 0x00, 0xff, 0xc2, 0x11, 0x08,
	0x44, 0x21, 0x10, 0xa4, 0x42, 0x9d, 0x0a, 0x44, 0x69, 0x11, 0x24, 0x44, 0x91, 0x52, 0x45, 0x5f, 0xe8, 0x00, 0x00, 0x00, 0x00, 0x4a, 0xf1, 0x2a,
	0x47, 0xe9, 0x00, 0x24, 0x7e, 0x90, 0xf2, 0x44, 0x29, 0x10, 0xa5, 0x3c, 0x94, 0x96, 0x52, 0xf1, 0x5c, 0x46, 0x00, 0x00, 0x00, 0x00, 0x00, 0x00,
	0x40, 0x69, 0x01, 0x25, 0x8c, 0x91, 0x22, 0x43, 0x89, 0x0c, 0x24, 0x28, 0x91, 0x12, 0x58, 0x29, 0x40, 0x27, 0xff, 0x90, 0x02, 0x00, 0x00, 0x00,
	0x00, 0x00, 0x00, 0x00, 0x00, 0x3f, 0x00, 0x84, 0x02, 0x10, 0x08, 0x40, 0xe1, 0xc4, 0x00, 0x90, 0x02, 0x40, 0x09, 0x00, 0x24, 0x00, 0x9f, 0xfe,
	0x40, 0x08, 0x00, 0x00, 0x00, 0x00, 0x00, 0x01, 0xf3, 0xe4, 0x48, 0x91, 0x22, 0x44, 0x89, 0x12, 0x24, 0x48, 0x91, 0xe2, 0x40, 0x09, 0x00, 0x24,
	0x00, 0x9f, 0xfe, 0x40, 0x08, 0x00, 0x00, 0x00, 0x00, 0x03, 0x00, 0x8c, 0x42, 0x31, 0x08, 0xc4, 0x3f, 0xf0, 0x0c, 0x00, 0x30, 0x18, 0xc6, 0x63,
	0x19, 0x8c, 0x67, 0xff, 0x98, 0x06, 0x00, 0x00, 0x00, 0x00, 0x00, 0x00, 0x00, 0x01, 0xff, 0xe0, 0x40, 0x01, 0x00, 0x57, 0x29, 0x55, 0xa4, 0x90,
	0x91, 0x42, 0x4d, 0x49, 0x44, 0xa4, 0x70, 0x9f, 0xfe, 0x40, 0x08, 0x00, 0x00, 0x00, 0x00, 0x00, 0x00, 0xff, 0xc0, 0x41, 0x01, 0x04, 0x04, 0x10,
	0x10, 0x40, 0xc1, 0x02, 0x04, 0x08, 0x10, 0x40, 0x43, 0x13, 0x08, 0x38, 0x00, 0x00, 0x00, 0x00, 0x00, 0x00, 0x00, 0x00, 0xff, 0xc0, 0x61, 0x01,
	0x04, 0x1c, 0x10, 0x10, 0x40, 0x71, 0x01, 0x64, 0x08, 0x10, 0x60, 0x43, 0x03, 0x08, 0x78, 0x00, 0x00, 0x00, 0x00, 0x00, 0x00, 0x00, 0x00, 0x21,
	0x00, 0x84, 0x04, 0x08, 0x30, 0x31, 0xff, 0xe4, 0x42, 0x81, 0x08, 0x04, 0x20, 0x30, 0x80, 0x82, 0x04, 0x08, 0x21, 0xc0, 0x00, 0x00, 0x00, 0x00,
	0x20, 0x00, 0x9f, 0xe2, 0x08, 0x8f, 0x22, 0xe0, 0x88, 0x82, 0x22, 0x48, 0x89, 0x42, 0x25, 0x08, 0xe8, 0x20, 0x61, 0x81, 0x1c, 0x00, 0x00, 0x00,
	0x00, 0x00, 0x00, 0x02, 0x08, 0x13, 0x24, 0x4c, 0x99, 0x32, 0x34, 0xc8, 0x23, 0x20, 0xcc, 0x87, 0xb2, 0x12, 0xc8, 0x84, 0x26, 0x00, 0x90, 0x0e,
	0x00, 0x00, 0x00, 0x00, 0x00, 0x00, 0x7e, 0x08, 0x62, 0x21, 0x88, 0x86, 0x22, 0x18, 0x89, 0xfe, 0x21, 0x88, 0x86, 0x22, 0x18, 0x88, 0x60, 0x21,
	0x80, 0x86, 0x1e, 0x00, 0x00, 0x00, 0x00, 0x00, 0x00, 0x7f, 0x08, 0x49, 0x21, 0x24, 0x84, 0x92, 0x32, 0x49, 0xfd, 0x22, 0x24, 0x88, 0x92, 0x22,
	0x48, 0x88, 0x26, 0x20, 0x90, 0x9e, 0x00, 0x00, 0x00, 0x00, 0x00, 0x00, 0x7f, 0x08, 0x61, 0x21, 0x04, 0x87, 0x92, 0x22, 0x48, 0xc9, 0x25, 0xa4,
	0x81, 0x12, 0x0c, 0x48, 0x20, 0x23, 0x00, 0x98, 0x1e, 0x00, 0x00, 0x00, 0x00, 0x00, 0x00, 0x20, 0x00, 0x8f, 0xe7, 0x88, 0x82, 0x22, 0x18, 0x88,
	0x52, 0x23, 0xc8, 0x9a, 0x42, 0x21, 0x08, 0x88, 0x22, 0x61, 0x09, 0x1c, 0x00, 0x00, 0x00, 0x00, 0x00, 0x00, 0x08, 0x09, 0x25, 0x22, 0xa4, 0x8a,
	0x92, 0x08, 0x49, 0xf9, 0x20, 0x84, 0x82, 0x12, 0x7f, 0x48, 0x20, 0x20, 0x80, 0x82, 0x0e, 0x00, 0x00, 0x00, 0x00, 0x00, 0x00, 0x7e, 0x09, 0x0b,
	0x24, 0x2c, 0x90, 0xb2, 0x3c, 0xc8, 0x83, 0x23, 0xec, 0x88, 0xb2, 0x22, 0xc8, 0x88, 0x24, 0x20, 0x93, 0x9e, 0x00, 0x00, 0x00, 0x00, 0x00, 0x00,
	0x3e, 0x09, 0x42, 0x21, 0x08, 0x84, 0x22, 0x7e, 0x88, 0x62, 0x23, 0x48, 0x8c, 0xa2, 0x52, 0x89, 0x40, 0x21, 0x00, 0x84, 0x1e, 0x00, 0x00, 0x00,
	0x00, 0x00, 0x00, 0x7f, 0x08, 0x41, 0x21, 0x24, 0x84, 0x92, 0x7f, 0x48, 0x25, 0x20, 0x84, 0x9f, 0xd2, 0x08, 0x48, 0x20, 0x20, 0xf0, 0x9c, 0x1e,
	0x00, 0x00, 0x00, 0x00, 0x00, 0x00, 0x28, 0x09, 0xfd, 0x24, 0x84, 0x92, 0x12, 0x7f, 0x48, 0x21, 0x27, 0xe4, 0x92, 0x52, 0x49, 0x49, 0x24, 0x24,
	0xb0, 0x82, 0x1e, 0x00, 0x00, 0x00, 0x00, 0x00, 0x00, 0x3f, 0x09, 0x05, 0x24, 0x14, 0x9f, 0xd2, 0x44, 0x49, 0x79, 0x26, 0x54, 0x99, 0x52, 0x65,
	0x49, 0x94, 0x26, 0x70, 0x81, 0x1e, 0x00, 0x00, 0x00, 0x00, 0x00, 0x00, 0x00, 0x00, 0x88, 0x81, 0x22, 0x1f, 0xfe, 0x04, 0x80, 0x13, 0x07, 0xff,
	0x84, 0x08, 0x7f, 0xf9, 0x18, 0xa0, 0x42, 0x02, 0x08, 0x31, 0xc0, 0x00, 0x00, 0x00, 0x00, 0x08, 0x09, 0xfd, 0x20, 0x84, 0x9f, 0xd2, 0x49, 0x49,
	0x25, 0x24, 0xb4, 0x97, 0x12, 0x1e, 0x48, 0xac, 0x24, 0x80, 0x82, 0x1e, 0x00, 0x00, 0x00, 0x00, 0x00, 0x00, 0x08, 0x09, 0xfd, 0x20, 0x84, 0x94,
	0x92, 0x22, 0x48, 0x51, 0x20, 0x94, 0x8c, 0x92, 0x46, 0x48, 0x38, 0x23, 0x10, 0x90, 0x0e, 0x00, 0x00, 0x00, 0x00, 0x00, 0x00, 0x26, 0x09, 0xfd,
	0x20, 0x94, 0x82, 0x52, 0x7f, 0x49, 0x21, 0x24, 0x84, 0x9f, 0xd2, 0x19, 0x48, 0xa4, 0x24, 0xb0, 0x82, 0x0e, 0x00, 0x00, 0x00, 0x00, 0x00, 0x00,
	0x7e, 0x09, 0x0b, 0x24, 0x2c, 0x9f, 0xb2, 0x42, 0xc9, 0xfb, 0x24, 0x2c, 0x90, 0xb2, 0x7e, 0xc8, 0x50, 0x22, 0x20, 0x90, 0x5e, 0x00, 0x00, 0x00,
	0x00, 0x00, 0x00, 0x49, 0x09, 0x2d, 0x22, 0xa4, 0x82, 0x12, 0x77, 0x49, 0x05, 0x27, 0xf4, 0x90, 0x52, 0x7f, 0x49, 0x04, 0x24, 0x10, 0x91, 0x9e,
	0x00, 0x00, 0x00, 0x00, 0x00, 0x00, 0x08, 0x40, 0x21, 0x07, 0xff, 0x80, 0x00, 0x3e, 0x89, 0x8a, 0x27, 0xe8, 0x98, 0xa2, 0x62, 0x89, 0xfa, 0x26,
	0x20, 0x98, 0x82, 0x2e, 0x70, 0x00, 0x00, 0x00, 0x00, 0x08, 0x00, 0x20, 0x27, 0xf4, 0x88, 0x92, 0x22, 0x48, 0xc9, 0x24, 0xd4, 0x80, 0x12, 0x7f,
	0x49, 0x85, 0x26, 0x10, 0x98, 0x42, 0x7f, 0x38, 0x00, 0x00, 0x00, 0x00, 0x7f, 0x89, 0x4a, 0xa5, 0x2a, 0x95, 0x2a, 0x7e, 0xa9, 0x22, 0xa6, 0xaa,
	0x9a, 0xaa, 0x6a, 0xa9, 0x5a, 0x25, 0x08, 0x90, 0xee, 0x00, 0x00, 0x00, 0x00, 0x00, 0x00, 0x1c, 0x08, 0xc9, 0x27, 0xfc, 0x82, 0x12, 0x7f, 0x49,
	0x25, 0x24, 0x94, 0x9f, 0xd2, 0x0c, 0x48, 0x58, 0x23, 0x10, 0x90, 0x0e, 0x00, 0x00, 0x00, 0x00, 0x00, 0x00, 0x08, 0x00, 0x20, 0x27, 0xf4, 0x88,
	0x92, 0x1c, 0x48, 0xd9, 0x26, 0x1c, 0x8f, 0xd2, 0x21, 0x48, 0x85, 0x23, 0xf0, 0x90, 0x42, 0x41, 0x78, 0x00, 0x00, 0x00, 0x00, 0x7e, 0x08, 0x09,
	0x23, 0xe4, 0x80, 0x92, 0x02, 0x49, 0xfd, 0x24, 0x94, 0x8a, 0x92, 0x08, 0x48, 0xa8, 0x24, 0x98, 0x8e, 0x1e, 0x00, 0x00, 0x00, 0x00, 0x00, 0x00,
	0x7f, 0x08, 0x01, 0x23, 0xf4, 0x98, 0x52, 0x3f, 0x48, 0x01, 0x27, 0xf4, 0x92, 0x52, 0x7f, 0x49, 0x24, 0x24, 0x90, 0x9f, 0xce, 0x00, 0x00, 0x00,
	0x00, 0x00, 0x00, 0x1f, 0x09, 0xa1, 0x27, 0xf4, 0x8a, 0x92, 0x2a, 0x49, 0xfd, 0x22, 0xa4, 0x9f, 0xd2, 0x1c, 0x48, 0xa8, 0x24, 0x90, 0x82, 0x1e,
	0x00, 0x00, 0x00, 0x00, 0x00, 0x00, 0x08, 0x00, 0x20, 0x27, 0xf4, 0x9f, 0xd2, 0x08, 0x49, 0xfd, 0x20, 0x84, 0x9f, 0xd2, 0x00, 0x49, 0xfd, 0x26,
	0x10, 0x98, 0x42, 0x7f, 0x38, 0x00, 0x00, 0x00, 0x00, 0x1c, 0x08, 0xcd, 0x24, 0xc4, 0x9f, 0xd2, 0x41, 0x49, 0xfd, 0x27, 0xf4, 0x90, 0x12, 0x7f,
	0x49, 0x84, 0x26, 0x10, 0x8f, 0xce, 0x00, 0x00, 0x00, 0x00, 0x00, 0x00, 0x08, 0x01, 0xfc, 0x20, 0x94, 0x9f, 0xd2, 0x7f, 0x49, 0xfd, 0x20, 0x84,
	0x9f, 0xd2, 0x7f, 0x49, 0xfd, 0x24, 0x90, 0x8f, 0x82, 0x7f, 0xb8, 0x00, 0x00, 0x00, 0x00, 0x00, 0x00, 0x3c, 0x20, 0x84, 0x9d, 0xd2, 0x5f, 0x49,
	0xc5, 0x24, 0xe4, 0x9f, 0xd2, 0x7d, 0x49, 0x39, 0x27, 0x60, 0xb7, 0x62, 0x2c, 0x38, 0x00, 0x00, 0x00, 0x00, 0x3f, 0x89, 0x0a, 0xa5, 0x2a, 0x97,
	0x2a, 0x61, 0x28, 0x78, 0xa6, 0x1a, 0x97, 0x8a, 0x7f, 0xa8, 0x34, 0x23, 0xf0, 0x9f, 0xee, 0x00, 0x00, 0x00, 0x00, 0x00, 0x00, 0x00, 0x00, 0x10,
	0x00, 0x40, 0x1f, 0xfc, 0x04, 0x10, 0x10, 0x40, 0x41, 0x01, 0x04, 0x08, 0x10, 0x20, 0x41, 0x01, 0x0c, 0x0c, 0x21, 0xe0, 0x00, 0x00, 0x00, 0x00,
	0x00, 0x81, 0xf2, 0x01, 0x08, 0x04, 0xfe, 0x10, 0x88, 0x42, 0x21, 0x10, 0x84, 0x42, 0x1d, 0x09, 0x88, 0x20, 0x61, 0x83, 0x1c, 0x00, 0x00, 0x00,
	0x00, 0x00, 0x00, 0x00, 0x00, 0x40, 0x01, 0x0f, 0x9f, 0xa2, 0x12, 0x88, 0x4a, 0x22, 0x28, 0x88, 0xa2, 0x22, 0x88, 0x8a, 0x26, 0x28, 0x91, 0xbe,
	0x5c, 0x88, 0x00, 0x00, 0x00, 0x00, 0x11, 0x20, 0x44, 0xc2, 0x13, 0x13, 0xf2, 0x03, 0x00, 0x74, 0x0e, 0x10, 0x0f, 0xfc, 0x02, 0x10, 0x10, 0x41,
	0x81, 0x18, 0x78, 0x00, 0x00, 0x00, 0x00, 0x00, 0x00, 0x3c, 0x41, 0x11, 0x04, 0x44, 0x11, 0x7e, 0x7c, 0x49, 0x12, 0x24, 0x48, 0x9f, 0x22, 0x44,
	0x89, 0x1e, 0x27, 0x90, 0x80, 0x9c, 0x00, 0x00, 0x00, 0x00, 0x00, 0x00, 0x11, 0xf9, 0xf8, 0x22, 0x29, 0x1d, 0x3c, 0x0c, 0x60, 0xde, 0x64, 0x20,
	0x8f, 0xfc, 0x02, 0x10, 0x10, 0x41, 0x81, 0x1c, 0x7c, 0x00, 0x00, 0x00, 0x00, 0x00, 0x00, 0x10, 0x41, 0xf9, 0x01, 0x1f, 0x84, 0x12, 0x10, 0x49,
	0xf9, 0x21, 0x08, 0x89, 0x22, 0x26, 0x88, 0xbe, 0x27, 0x10, 0x80, 0x9c, 0x00, 0x00, 0x00, 0x00, 0x00, 0x00, 0x7e, 0x41, 0x01, 0x04, 0x04, 0x1f,
	0xbe, 0x50, 0x49, 0x79, 0x25, 0x24, 0x94, 0x92, 0x52, 0x89, 0x4a, 0x2e, 0x38, 0x8b, 0x4e, 0x00, 0x00, 0x00, 0x00, 0x00, 0x00, 0x12, 0x20, 0x45,
	0x87, 0xff, 0x90, 0x82, 0x42, 0x08, 0xff, 0x80, 0x21, 0x01, 0x84, 0x04, 0x10, 0x30, 0x41, 0x81, 0x18, 0x78, 0x00, 0x00, 0x00, 0x00, 0x00, 0x00,
	0x10, 0x41, 0xf9, 0x00, 0x5f, 0x89, 0x12, 0x62, 0x49, 0x1b, 0x23, 0x48, 0x86, 0x22, 0x18, 0x88, 0x54, 0x26, 0x50, 0x90, 0x9c, 0x00, 0x00, 0x00,
	0x00, 0x00, 0x00, 0x08, 0x41, 0xf9, 0x01, 0x1f, 0x94, 0x92, 0x24, 0x48, 0x61, 0x21, 0xa8, 0x8c, 0xa2, 0x44, 0x88, 0x7e, 0x23, 0x30, 0x90, 0x9c,
	0x00, 0x00, 0x00, 0x00, 0x00, 0x00, 0x10, 0x41, 0xf9, 0x01, 0x04, 0x1f, 0xbe, 0x42, 0xc9, 0xfa, 0x20, 0xc8, 0x82, 0x22, 0x7e, 0x88, 0x24, 0x20,
	0x90, 0x8e, 0x9e, 0x00, 0x00, 0x00, 0x00, 0x00, 0x00, 0x18, 0x41, 0xf9, 0x01, 0x9f, 0x9f, 0x92, 0x5a, 0x49, 0x69, 0x27, 0xe8, 0x86, 0x22, 0x3c,
	0x89, 0xee, 0x25, 0x90, 0x86, 0x9c, 0x00, 0x00, 0x00, 0x00, 0x00, 0x00, 0x00, 0x00, 0xff, 0xc0, 0xc6, 0x0f, 0xfc, 0x23, 0x10, 0xff, 0xc2, 0x31,
	0x0f, 0xfc, 0x02, 0x01, 0xff, 0xe0, 0x61, 0x82, 0x04, 0x71, 0xf0, 0x00, 0x00, 0x00, 0x00, 0x00, 0x00, 0xf1, 0x02, 0x44, 0x12, 0x7e, 0x7e, 0x49,
	0x29, 0x24, 0xa8, 0x9f, 0xa2, 0x1c, 0x88, 0xb4, 0x22, 0xd7, 0x9b, 0x02, 0x47, 0xf8, 0x00, 0x00, 0x00, 0x00, 0x7e, 0x40, 0x21, 0x07, 0xe4, 0x02,
	0x7e, 0x7e, 0x49, 0x29, 0x27, 0xe4, 0x9f, 0x92, 0x08, 0x89, 0xfa, 0x20, 0x88, 0x9f, 0xce, 0x00, 0x00, 0x00, 0x00, 0x00, 0x00, 0x22, 0x41, 0xfd,
	0x02, 0x2f, 0x8f, 0x92, 0x22, 0x48, 0xf9, 0x27, 0xf4, 0x95, 0x12, 0x55, 0x89, 0xde, 0x24, 0x08, 0x9f, 0xce, 0x00, 0x00, 0x00, 0x00, 0x00, 0x00,
	0x7c, 0x80, 0x17, 0xe2, 0xb9, 0x04, 0x98, 0x7e, 0x60, 0x4e, 0x61, 0x44, 0x0d, 0xfe, 0x50, 0x89, 0x46, 0x21, 0x30, 0x8d, 0x9c, 0x00, 0x00, 0x00,
	0x00, 0x00, 0x00, 0x00, 0x01, 0xcb, 0x24, 0xa9, 0x13, 0xfe, 0x78, 0xa1, 0x24, 0x84, 0xff, 0x92, 0xa4, 0x7f, 0xf9, 0x32, 0x44, 0x89, 0x12, 0x44,
	0x3e, 0x70, 0x00, 0x00, 0x00, 0x00, 0x08, 0x41, 0xff, 0xe0, 0x84, 0x0f, 0xfc, 0x3f, 0xf0, 0x80, 0x43, 0xff, 0x1f, 0xfe, 0x18, 0x61, 0xff, 0xe0,
	0x23, 0x03, 0x08, 0x31, 0xe0, 0x00, 0x00, 0x00, 0x00, 0x00, 0x01, 0xf9, 0x01, 0x1f, 0x1f, 0x94, 0x2f, 0xd1, 0x43, 0x53, 0xcb, 0x5f, 0xc2, 0x02,
	0x01, 0xff, 0xe0, 0x61, 0x83, 0x04, 0x71, 0xf0, 0x00, 0x00, 0x00, 0x00, 0x24, 0x41, 0xfd, 0x02, 0x44, 0x1f, 0xbe, 0x4a, 0x49, 0xf9, 0x20, 0x84,
	0x9f, 0x92, 0x08, 0x89, 0xfa, 0x20, 0x88, 0x9f, 0xce, 0x00, 0x00, 0x00, 0x00, 0x00, 0x00, 0x20, 0x00, 0x81, 0x05, 0xe4, 0x04, 0x10, 0x7e, 0xf8,
	0x91, 0x27, 0xe4, 0xb2, 0x12, 0x7e, 0x49, 0x22, 0x27, 0xe8, 0x92, 0x22, 0x77, 0x38, 0x00, 0x00, 0x00, 0x00, 0x00, 0x41, 0xf9, 0x07, 0xe4, 0x02,
	0x3e, 0x7e, 0x49, 0xf9, 0x27, 0xe8, 0x9f, 0xa2, 0x09, 0x89, 0xfc, 0xe2, 0x49, 0x09, 0x24, 0x44, 0xc8, 0x00, 0x00, 0x00, 0x00, 0x08, 0x00, 0x60,
	0x01, 0xff, 0x0c, 0x06, 0x20, 0x19, 0x30, 0x40, 0x41, 0x00, 0x84, 0x01, 0x10, 0x00, 0x40, 0x01, 0x00, 0x04, 0x01, 0xe0, 0x00, 0x00, 0x00, 0x00,
	0x10, 0x00, 0x40, 0x03, 0xff, 0x88, 0x02, 0x6c, 0x09, 0x20, 0x20, 0x90, 0x84, 0x22, 0x10, 0x99, 0xff, 0x40, 0x01, 0x00, 0x04, 0x00, 0xf0, 0x00,
	0x00, 0x00, 0x00, 0x08, 0x00, 0x40, 0x01, 0xff, 0x88, 0x92, 0x22, 0x49, 0x11, 0x20, 0xcc, 0x82, 0x22, 0x11, 0x98, 0x84, 0x40, 0x21, 0x01, 0x04,
	0x08, 0xf0, 0x00, 0x00, 0x00, 0x00, 0x08, 0x00, 0x40, 0x01, 0xff, 0x08, 0x44, 0x21, 0x11, 0x24, 0x40, 0x61, 0x00, 0xc4, 0x05, 0x90, 0x31, 0xc1,
	0x81, 0xcc, 0x04, 0x20, 0xe0, 0x00, 0x00, 0x00, 0x00, 0x10, 0x00, 0x40, 0x03, 0xff, 0x88, 0x02, 0x70, 0x09, 0x4e, 0x21, 0xe0, 0x84, 0x22, 0x10,
	0x98, 0x46, 0x40, 0xe1, 0x00, 0x04, 0x00, 0xf0, 0x00, 0x00, 0x00, 0x00, 0x10, 0x00, 0x40, 0x03, 0xff, 0x08, 0x04, 0x7f, 0x91, 0x02, 0x40, 0x09,
	0x07, 0xe4, 0x20, 0x70, 0x80, 0x22, 0x00, 0x88, 0x06, 0x1f, 0xf0, 0x00, 0x00, 0x00, 0x00, 0x09, 0x00, 0x24, 0x01, 0x11, 0x84, 0x4c, 0x31, 0xc1,
	0xc4, 0x05, 0x10, 0x04, 0x42, 0x11, 0x08, 0x44, 0x21, 0x10, 0x84, 0x7e, 0x00, 0x00, 0x00, 0x00, 0x00, 0x00, 0x0c, 0x80, 0x32, 0x00, 0xc9, 0x9f,
	0x2c, 0x0c, 0xe0, 0x32, 0x00, 0xc8, 0x03, 0x22, 0x1c, 0x89, 0xb2, 0x20, 0xc8, 0x83, 0x3e, 0x00, 0x00, 0x00, 0x00, 0x00, 0x00, 0x7e, 0x81, 0x0a,
	0x27, 0xe9, 0x10, 0xb8, 0x7e, 0x80, 0x02, 0x07, 0xe8, 0x8a, 0x22, 0x2e, 0x89, 0xa3, 0xc5, 0x80, 0x11, 0xfe, 0x00, 0x00, 0x00, 0x00, 0x00, 0x00,
	0x00, 0x01, 0xff, 0xe4, 0x00, 0x10, 0x60, 0x4f, 0xf1, 0x26, 0x44, 0x99, 0x12, 0x64, 0x49, 0x91, 0x26, 0xc4, 0x18, 0x10, 0x00, 0x7f, 0xf8, 0x00,
	0x00, 0x00, 0x00, 0x00, 0x01, 0xff, 0xe4, 0x01, 0x13, 0xf8, 0x48, 0x01, 0x20, 0x04, 0xff, 0x12, 0x10, 0x48, 0x41, 0x61, 0x05, 0x04, 0x10, 0x00,
	0x7f, 0xf8, 0x00, 0x00, 0x00, 0x00, 0x00, 0x01, 0xff, 0xe4, 0x00, 0x17, 0xfc, 0x41, 0x01, 0x04, 0x04, 0xff, 0x10, 0x40, 0x41, 0x01, 0x04, 0x05,
	0xff, 0x10, 0x00, 0x7f, 0xf8, 0x00, 0x00, 0x00, 0x00, 0x00, 0x01, 0xff, 0xe4, 0x20, 0x17, 0xbc, 0x42, 0x81, 0x0a, 0x05, 0xef, 0x10, 0xa0, 0x5e,
	0xf1, 0x12, 0x04, 0xc8, 0x10, 0x00, 0x7f, 0xf8, 0x00, 0x00, 0x00, 0x00, 0x00, 0x01, 0xff, 0xe4, 0x48, 0x11, 0x22, 0x44, 0x89, 0x12, 0x24, 0x89,
	0x94, 0x1c, 0x40, 0x01, 0x00, 0x07, 0xff, 0x90, 0x00, 0x00, 0x00, 0x00, 0x00, 0x00, 0x00, 0x00, 0x00, 0xff, 0xe6, 0x00, 0x1a, 0x08, 0x66, 0x61,
	0x8d, 0x06, 0x18, 0x18, 0x50, 0x62, 0x21, 0xb0, 0x47, 0x80, 0x18, 0x00, 0x7f, 0xf8, 0x00, 0x00, 0x00, 0x00, 0x00, 0x01, 0xff, 0xe4, 0x40, 0x13,
	0xfc, 0x59, 0x01, 0x04, 0x05, 0xff, 0x90, 0x60, 0x43, 0x81, 0x19, 0x85, 0x83, 0x10, 0x00, 0x7f, 0xf8, 0x00, 0x00, 0x00, 0x00, 0x00, 0x01, 0xff,
	0xe4, 0x40, 0x17, 0xfe, 0x45, 0x21, 0x0c, 0x05, 0xef, 0x11, 0xf8, 0x4c, 0x11, 0x50, 0x44, 0x7f, 0x10, 0x00, 0x7f, 0xf8, 0x00, 0x00, 0x00, 0x00,
	0x03, 0x00, 0x0c, 0x00, 0x30, 0x00, 0xc0, 0x03, 0x01, 0xff, 0xe0, 0x30, 0x00, 0xc0, 0x03, 0x00, 0x0c, 0x00, 0x30, 0x00, 0xc0, 0x00, 0x00, 0x00,
	0x00, 0x00, 0x00, 0x00, 0xf0, 0xfc, 0x00, 0x30, 0x00, 0xc0, 0x03, 0x01, 0xff, 0xe0, 0x30, 0x00, 0xc0, 0x03, 0x00, 0x0c, 0x00, 0x30, 0x00, 0xc0,
	0x00, 0x00, 0x00, 0x00, 0x00, 0x00, 0x07, 0x41, 0xf1, 0x00, 0x84, 0x02, 0x10, 0x08, 0x41, 0xff, 0xe0, 0x84, 0x02, 0x10, 0x18, 0x40, 0x41, 0x03,
	0x04, 0x18, 0x10, 0x00, 0x00, 0x00, 0x00, 0x00, 0x00, 0x10, 0x00, 0x7f, 0xe2, 0x10, 0x08, 0x40, 0x41, 0x00, 0x04, 0x07, 0xff, 0x80, 0x40, 0x01,
	0x00, 0x04, 0x00, 0x10, 0x00, 0x40, 0x00, 0x00, 0x00, 0x00, 0x00, 0x00, 0x23, 0x10, 0xcc, 0x41, 0x32, 0x06, 0xd8, 0x03, 0x00, 0xff, 0xc0, 0x30,
	0x00, 0xc0, 0x7f, 0xf8, 0x0c, 0x00, 0x30, 0x00, 0xc0, 0x00, 0x00, 0x00, 0x00, 0x00, 0x00, 0x02, 0x00, 0x10, 0x03, 0xff, 0x08, 0xc4, 0x3f, 0xf0,
	0x8c, 0x42, 0x31, 0x0f, 0xfc, 0x08, 0x80, 0x42, 0x07, 0xff, 0x80, 0x20, 0x00, 0x80, 0x00, 0x00, 0x00, 0x00, 0x03, 0x01, 0xff, 0xe0, 0x84, 0x04,
	0x10, 0x3c, 0xa0, 0x9e, 0x64, 0x00, 0x80, 0xc0, 0x7f, 0xf8, 0x0c, 0x00, 0x30, 0x00, 0xc0, 0x00, 0x00, 0x00, 0x00, 0x00, 0x00, 0x00, 0x00, 0x08,
	0x00, 0x3f, 0x80, 0x80, 0x3f, 0xf0, 0x80, 0x43, 0xff, 0x08, 0x04, 0x3f, 0xf0, 0x0c, 0x00, 0x30, 0x1f, 0xfe, 0x03, 0x00, 0x00, 0x00, 0x00, 0x00,
	0x00, 0x80, 0x82, 0x02, 0x7f, 0x88, 0x42, 0xf6, 0x18, 0x91, 0xc2, 0x42, 0x0f, 0xde, 0x25, 0x28, 0x94, 0xa2, 0x94, 0x8a, 0x52, 0x37, 0xb8, 0x00,
	0x00, 0x00, 0x00, 0x00, 0x00, 0x0c, 0x07, 0xff, 0x80, 0xc0, 0x7f, 0xf9, 0x11, 0x24, 0x48, 0x97, 0xfa, 0x43, 0x09, 0x0c, 0x25, 0xfe, 0x90, 0xc2,
	0x43, 0x78, 0x00, 0x00, 0x00, 0x00, 0x12, 0x20, 0x45, 0x83, 0xff, 0x08, 0xc4, 0x3f, 0xf0, 0x8c, 0x42, 0x31, 0x0f, 0xfc, 0x03, 0x01, 0xff, 0xe0,
	0x30, 0x00, 0xc0, 0x00, 0x00, 0x00, 0x00, 0x00, 0x00, 0x00, 0x00, 0x82, 0x42, 0xff, 0x89, 0xfe, 0xf8, 0x88, 0xbf, 0xe2, 0x88, 0x89, 0xfe, 0x20,
	0x10, 0xbf, 0xe2, 0x61, 0x08, 0xc4, 0x20, 0xf0, 0x00, 0x00, 0x00, 0x00, 0x18, 0x00, 0x60, 0x01, 0x80, 0x06, 0x00, 0x1c, 0x00, 0x7e, 0x01, 0x87,
	0x06, 0x04, 0x18, 0x00, 0x60, 0x01, 0x80, 0x06, 0x00, 0x00, 0x00, 0x00, 0x00, 0x00, 0x00, 0x02, 0x00, 0x0f, 0xc0, 0x20, 0x00, 0x80, 0x02, 0x00,
	0xff, 0xc2, 0x01, 0x08, 0x04, 0x20, 0x10, 0x80, 0x43, 0xff, 0x08, 0x04, 0x00, 0x00, 0x00, 0x00, 0x00, 0x00, 0x08, 0x41, 0xfd, 0x00, 0x84, 0x02,
	0x10, 0x7f, 0x40, 0x01, 0xc0, 0x85, 0x9f, 0xd0, 0x08, 0x40, 0x21, 0x00, 0xf4, 0x1e, 0x10, 0x00, 0x00, 0x00, 0x00, 0x00, 0x00, 0x1e, 0xf9, 0x82,
	0x24, 0x48, 0x91, 0x22, 0x44, 0x89, 0x12, 0x24, 0x48, 0x93, 0x22, 0x74, 0x88, 0x32, 0xe1, 0x88, 0x1c, 0x20, 0x00, 0x00, 0x00, 0x00, 0x00, 0x00,
	0x1d, 0xf9, 0x84, 0x24, 0x10, 0x90, 0x42, 0x7d, 0x09, 0x04, 0x24, 0x10, 0x90, 0x42, 0x41, 0x09, 0xf4, 0xe4, 0x10, 0x00, 0x40, 0x00, 0x00, 0x00,
	0x00, 0x00, 0x00, 0x08, 0x00, 0x3f, 0x01, 0x0c, 0x0c, 0x60, 0x6e, 0x78, 0x80, 0x02, 0x7e, 0x09, 0x08, 0x24, 0x20, 0x93, 0x86, 0x40, 0x91, 0x02,
	0x47, 0xf8, 0x00, 0x00, 0x00, 0x00, 0x00, 0x01, 0xfb, 0xe4, 0x28, 0x90, 0xa2, 0x7e, 0x89, 0x0a, 0x24, 0x28, 0x9f, 0x22, 0x48, 0x89, 0x12, 0x24,
	0x6b, 0x9e, 0xa0, 0x00, 0x80, 0x00, 0x00, 0x00, 0x00, 0x18, 0xf9, 0xfa, 0x21, 0x88, 0x86, 0x22, 0x18, 0x89, 0xfe, 0x21, 0x08, 0x85, 0x22, 0x22,
	0x88, 0x8a, 0xe7, 0xd8, 0x00, 0x60, 0x00, 0x00, 0x00, 0x00, 0x00, 0x00, 0x1e, 0xf9, 0x82, 0x24, 0x48, 0x95, 0x32, 0x54, 0xa9, 0x32, 0xa4, 0x49,
	0x93, 0x22, 0x74, 0x88, 0x32, 0xe1, 0x88, 0x1c, 0x20, 0x00, 0x00, 0x00, 0x00, 0x00, 0x00, 0x00, 0x00, 0x83, 0xe3, 0xe8, 0x92, 0x22, 0x08, 0x89,
	0xfa, 0x20, 0x88, 0x8a, 0x22, 0x2e, 0x88, 0xa2, 0x22, 0x8b, 0x8b, 0xa0, 0x70, 0x80, 0x00, 0x00, 0x00, 0x00, 0x3f, 0xb9, 0x12, 0xa5, 0x4a, 0x95,
	0xea, 0x54, 0xa9, 0x52, 0xa5, 0x7a, 0x95, 0x4a, 0x74, 0xa8, 0x56, 0xe2, 0xe6, 0x10, 0x08, 0x00, 0x00, 0x00, 0x00, 0x00, 0x00, 0x00, 0x00, 0xff,
	0xe2, 0x00, 0x08, 0x00, 0x2f, 0xf0, 0xb0, 0x42, 0xc3, 0x0b, 0x08, 0x6c, 0xe1, 0x30, 0x04, 0xc0, 0x93, 0x02, 0x47, 0xf0, 0x00, 0x00, 0x00, 0x00,
	0x00, 0x00, 0xff, 0xe2, 0x00, 0x0b, 0xfc, 0x29, 0x90, 0xbf, 0xc6, 0x99, 0x1a, 0x64, 0x47, 0xe1, 0x06, 0x04, 0xff, 0x10, 0x60, 0x1f, 0xf8, 0x00,
	0x00, 0x00, 0x00, 0x00, 0x00, 0xff, 0xe2, 0x00, 0x0b, 0xfc, 0x28, 0x10, 0xbf, 0xc2, 0xff, 0x08, 0x00, 0x6f, 0xf1, 0x03, 0x05, 0xff, 0x90, 0x20,
	0x47, 0x80, 0x00, 0x00, 0x00, 0x00, 0x00, 0x00, 0xff, 0xe2, 0x10, 0x0b, 0xfc, 0x28, 0x10, 0xbf, 0xc2, 0x81, 0x0a, 0x04, 0x6f, 0xf1, 0x12, 0x84,
	0x89, 0x16, 0x26, 0x57, 0x88, 0x00, 0x00, 0x00, 0x00, 0x00, 0x01, 0xff, 0xe4, 0x00, 0x17, 0xc4, 0x40, 0xf9, 0x7c, 0x45, 0x19, 0x14, 0x54, 0x4e,
	0x51, 0x48, 0xc4, 0xa1, 0x10, 0xc4, 0x1c, 0x70, 0x00, 0x00, 0x00, 0x00, 0x00, 0x01, 0xff, 0xe4, 0x00, 0x17, 0xde, 0x51, 0x51, 0x7d, 0x45, 0x15,
	0x17, 0xfe, 0x50, 0x21, 0x49, 0x85, 0x7e, 0x9e, 0x6a, 0x03, 0x38, 0x00, 0x00, 0x00, 0x00, 0x00, 0x01, 0xff, 0xe4, 0x00, 0x17, 0xce, 0x5f, 0x29,
	0x47, 0xe4, 0xe2, 0x17, 0xc8, 0x51, 0x31, 0x7d, 0x45, 0xf5, 0x14, 0x72, 0x17, 0x88, 0x00, 0x00, 0x00, 0x00, 0x00, 0x00, 0x44, 0x83, 0xff, 0x90,
	0x10, 0x5f, 0x41, 0x11, 0xe7, 0xfc, 0x94, 0xb4, 0x5e, 0x51, 0x78, 0xc5, 0x22, 0x1f, 0x94, 0x02, 0x88, 0x00, 0x00, 0x00, 0x00, 0x03, 0x00, 0xff,
	0xc0, 0x30, 0x00, 0xc0, 0x03, 0x01, 0xff, 0xe0, 0x40, 0x01, 0x10, 0x0c, 0x20, 0x20, 0x41, 0xff, 0x1e, 0x02, 0x00, 0x00, 0x00, 0x00, 0x00, 0x00,
	0x08, 0x40, 0x23, 0x83, 0xf1, 0x01, 0x80, 0x7f, 0xf8, 0x63, 0x86, 0xf1, 0x84, 0x08, 0x03, 0xc0, 0x70, 0x40, 0x0e, 0x07, 0xc0, 0x00, 0x00, 0x00,
	0x00, 0x00, 0x00, 0x00, 0x01, 0xff, 0xc0, 0x01, 0x04, 0x08, 0x10, 0x20, 0x21, 0x80, 0xc4, 0x01, 0x20, 0x03, 0x00, 0x0c, 0x00, 0xcc, 0x0c, 0x0c,
	0x40, 0x08, 0x00, 0x00, 0x00, 0x00, 0x00, 0x01, 0xff, 0xc0, 0x01, 0x05, 0x88, 0x13, 0x20, 0x25, 0x00, 0x84, 0x01, 0x20, 0x03, 0x00, 0x0c, 0x00,
	0xcc, 0x0c, 0x0c, 0x40, 0x08, 0x00, 0x00, 0x00, 0x00, 0x00, 0x01, 0xff, 0x00, 0x84, 0x02, 0x10, 0x08, 0x80, 0x53, 0xe1, 0x41, 0x04, 0x84, 0x11,
	0x20, 0xc7, 0x02, 0x1c, 0x11, 0xcc, 0x48, 0x08, 0x00, 0x00, 0x00, 0x00, 0x00, 0x00, 0x20, 0x07, 0xff, 0x82, 0x00, 0x08, 0x00, 0x3f, 0xc1, 0x43,
	0x05, 0x08, 0x12, 0x40, 0x86, 0x02, 0x3c, 0x13, 0x9c, 0x10, 0x08, 0x00, 0x00, 0x00, 0x00, 0x00, 0x01, 0xf7, 0xe0, 0x40, 0x81, 0x42, 0x64, 0x88,
	0xd2, 0x61, 0x89, 0x02, 0x3c, 0x1c, 0x60, 0x49, 0x82, 0x0b, 0x10, 0xc6, 0x04, 0x08, 0x00, 0x00, 0x00, 0x00, 0x00, 0x00, 0xff, 0xe2, 0x00, 0x08,
	0x00, 0x3f, 0xf0, 0x80, 0x42, 0x42, 0x09, 0x08, 0x22, 0x40, 0x86, 0x06, 0x3c, 0x13, 0x9c, 0x58, 0x18, 0x00, 0x00, 0x00, 0x00, 0x0b, 0xf1, 0x20,
	0x24, 0x90, 0x92, 0x42, 0x49, 0x11, 0x22, 0x44, 0x8b, 0x12, 0x18, 0x58, 0x43, 0xa3, 0x80, 0x99, 0x82, 0x82, 0x00, 0x00, 0x00, 0x00, 0x00, 0x00,
	0x11, 0xf8, 0x70, 0x21, 0x10, 0x84, 0x22, 0x7e, 0x88, 0x62, 0x43, 0xcd, 0x16, 0x98, 0x5a, 0x61, 0x63, 0xc5, 0x19, 0x8c, 0xc2, 0x00, 0x00, 0x00,
	0x00, 0x00, 0x00, 0x00, 0x01, 0xfc, 0x06, 0x3f, 0x98, 0x82, 0x7e, 0x89, 0x8a, 0x66, 0x29, 0x1f, 0x94, 0x62, 0x61, 0x88, 0x87, 0xe7, 0x00, 0xa6,
	0x03, 0x00, 0x00, 0x00, 0x00, 0x00, 0x01, 0xf0, 0xf8, 0x81, 0x22, 0x1f, 0xfe, 0x40, 0x09, 0x7f, 0xa0, 0x02, 0x02, 0x10, 0x04, 0x80, 0x0c, 0x01,
	0xce, 0x18, 0x0e, 0x00, 0x00, 0x00, 0x00, 0x00, 0x00, 0x19, 0xf8, 0x90, 0x24, 0x28, 0xaf, 0x22, 0x08, 0x88, 0x22, 0x47, 0xe5, 0x0b, 0x18, 0x2c,
	0x21, 0x29, 0xc4, 0xb9, 0x8e, 0x43, 0x00, 0x00, 0x00, 0x00, 0x00, 0x00, 0x11, 0xf9, 0x54, 0x05, 0x50, 0x16, 0x7e, 0x7d, 0x08, 0x46, 0x21, 0x19,
	0x0f, 0xd4, 0x52, 0x60, 0x89, 0xc2, 0x6d, 0x91, 0x43, 0x00, 0x00, 0x00, 0x00, 0x00, 0x00, 0x00, 0x00, 0x7b, 0xe7, 0xe0, 0xd0, 0x62, 0x7d, 0x88,
	0x99, 0x25, 0xa4, 0x89, 0x14, 0xff, 0x31, 0xf8, 0x84, 0x27, 0x1f, 0xb2, 0x7f, 0x84, 0x00, 0x00, 0x00, 0x00, 0x14, 0xb1, 0xff, 0xe0, 0x84, 0x1f,
	0xfe, 0x03, 0x00, 0xff, 0xc7, 0xff, 0x88, 0x80, 0x3e, 0xf8, 0xfa, 0x42, 0x26, 0x1f, 0xe6, 0x00, 0x00, 0x00, 0x00, 0x00, 0x00, 0x00, 0x01, 0xff,
	0xe6, 0x01, 0x98, 0x06, 0x60, 0x19, 0x80, 0x66, 0x01, 0x98, 0x06, 0x60, 0x19, 0x80, 0x67, 0xff, 0x98, 0x06, 0x00, 0x00, 0x00, 0x00, 0x00, 0x00,
	0x03, 0x00, 0x0c, 0x07, 0xff, 0x80, 0xc0, 0x03, 0x00, 0x7f, 0x82, 0x01, 0x08, 0x04, 0x20, 0x10, 0x80, 0x43, 0xff, 0x08, 0x04, 0x00, 0x00, 0x00,
	0x00, 0x00, 0x00, 0x10, 0x00, 0x40, 0x03, 0xff, 0x88, 0x02, 0x6f, 0x89, 0x62, 0x21, 0x88, 0x86, 0x22, 0x18, 0x98, 0x7e, 0x40, 0x01, 0x00, 0x04,
	0x00, 0xf0, 0x00, 0x00, 0x00, 0x00, 0x00, 0x00, 0xf7, 0xe4, 0x50, 0x91, 0x42, 0x45, 0x09, 0x14, 0x24, 0x50, 0x91, 0x42, 0x45, 0x09, 0x14, 0x27,
	0xd3, 0x90, 0x40, 0x01, 0x00, 0x00, 0x00, 0x00, 0x00, 0x00, 0x00, 0xff, 0xc2, 0x01, 0x08, 0x04, 0x20, 0x10, 0x80, 0x42, 0x01, 0x0f, 0xfc, 0x00,
	0x00, 0x13, 0x00, 0x86, 0x0c, 0x0c, 0x60, 0x08, 0x00, 0x00, 0x00, 0x00, 0x38, 0x11, 0x24, 0x44, 0x91, 0x12, 0x44, 0x49, 0x11, 0x24, 0x44, 0x91,
	0x12, 0x47, 0x49, 0xf1, 0x2c, 0x47, 0x81, 0x10, 0x04, 0x00, 0x00, 0x00, 0x00, 0x00, 0x00, 0x00, 0x00, 0xff, 0xc0, 0x21, 0x01, 0x04, 0x0c, 0x10,
	0x60, 0x46, 0x0e, 0x07, 0xf8, 0x20, 0x10, 0x80, 0x42, 0x01, 0x0f, 0xfc, 0x20, 0x10, 0x00, 0x00, 0x00, 0x00, 0x00, 0x01, 0xff, 0xe0, 0x01, 0x00,
	0x04, 0x3f, 0x10, 0x86, 0x42, 0x19, 0x08, 0x64, 0x21, 0x90, 0xfc, 0x42, 0x01, 0x00, 0x04, 0x00, 0xf0, 0x00, 0x00, 0x00, 0x00, 0x04, 0x00, 0x21,
	0x00, 0x82, 0x04, 0x04, 0x7f, 0xe8, 0x00, 0x23, 0xff, 0x08, 0x04, 0x20, 0x10, 0x80, 0x42, 0x01, 0x0f, 0xfc, 0x00, 0x00, 0x00, 0x00, 0x00, 0x00,
	0x39, 0x01, 0x24, 0x04, 0x91, 0x92, 0x4c, 0x49, 0xc1, 0x2e, 0x04, 0xb0, 0x12, 0x42, 0x49, 0x09, 0x24, 0x27, 0x90, 0x90, 0x7e, 0x00, 0x00, 0x00,
	0x00, 0x00, 0x00, 0x03, 0x00, 0xff, 0xc2, 0x31, 0x08, 0xc4, 0x23, 0x10, 0xff, 0xc0, 0x21, 0x06, 0x80, 0x0e, 0x00, 0x18, 0x01, 0x9c, 0x18, 0x0e,
	0x00, 0x00, 0x00, 0x00, 0x00, 0x00, 0x00, 0x00, 0x18, 0x07, 0xff, 0x81, 0x00, 0x0c, 0x00, 0x20, 0x01, 0xff, 0x06, 0x04, 0x28, 0x11, 0x20, 0x40,
	0x81, 0x03, 0xfc, 0x08, 0x10, 0x00, 0x00, 0x00, 0x00, 0x38, 0x61, 0x21, 0x84, 0x86, 0x12, 0x18, 0x4b, 0xfd, 0x21, 0x84, 0x86, 0x12, 0x18, 0x48,
	0x61, 0x21, 0x87, 0x86, 0x10, 0x18, 0x00, 0x00, 0x00, 0x00, 0x00, 0x00, 0x00, 0x00, 0xff, 0xc2, 0x01, 0x08, 0x04, 0x3f, 0xf0, 0x00, 0x07, 0xff,
	0x84, 0x00, 0x1f, 0xf0, 0xc0, 0x42, 0x03, 0x00, 0x08, 0x01, 0xe0, 0x00, 0x00, 0x00, 0x00, 0x00, 0x01, 0xff, 0xc0, 0x01, 0x80, 0x06, 0x3f, 0xd8,
	0x00, 0x61, 0xf9, 0x84, 0x26, 0x10, 0x98, 0x42, 0x61, 0xf9, 0x84, 0x06, 0x00, 0x70, 0x00, 0x00, 0x00, 0x00, 0x00, 0x01, 0xc8, 0x04, 0xbf, 0x93,
	0x80, 0x4f, 0xf9, 0x30, 0x44, 0x86, 0x12, 0x30, 0x49, 0x81, 0x2c, 0x24, 0xa0, 0x9c, 0x82, 0x43, 0xf0, 0x00, 0x00, 0x00, 0x00, 0x00, 0x00, 0x30,
	0x01, 0xfe, 0x0e, 0x18, 0x6c, 0xc0, 0x0c, 0x00, 0xec, 0x1c, 0x0e, 0x1f, 0xe0, 0x40, 0x81, 0x02, 0x04, 0x08, 0x1f, 0xe0, 0x00, 0x00, 0x00, 0x00,
	0x07, 0x80, 0x33, 0x01, 0x86, 0x18, 0x06, 0x1f, 0xe0, 0x00, 0x03, 0xff, 0x08, 0x04, 0x20, 0x10, 0x80, 0x42, 0x01, 0x0f, 0xfc, 0x00, 0x00, 0x00,
	0x00, 0x00, 0x00, 0x03, 0x01, 0xff, 0xe0, 0x30, 0x00, 0xc0, 0x3f, 0xf0, 0x00, 0x01, 0xfe, 0x08, 0x04, 0x20, 0x10, 0x80, 0x43, 0xff, 0x08, 0x04,
	0x00, 0x00, 0x00, 0x00, 0x00, 0x00, 0x00, 0x00, 0xff, 0xc2, 0x01, 0x08, 0x04, 0x20, 0x10, 0xff, 0xc0, 0x20, 0x0f, 0xfc, 0x42, 0x09, 0x08, 0x24,
	0x20, 0x90, 0x9e, 0x02, 0x00, 0x00, 0x00, 0x00, 0x00, 0x38, 0x11, 0x20, 0x44, 0xbf, 0x92, 0x04, 0x49, 0x11, 0x24, 0x44, 0x99, 0x12, 0x24, 0x48,
	0x11, 0x20, 0x47, 0x81, 0x10, 0x3c, 0x00, 0x00, 0x00, 0x00, 0x00, 0x00, 0x00, 0x01, 0xff, 0xe4, 0x00, 0x90, 0x02, 0x4f, 0xc9, 0x00, 0x24, 0xfc,
	0x92, 0x12, 0x48, 0x49, 0x21, 0x24, 0xfc, 0x92, 0x02, 0x40, 0x78, 0x00, 0x00, 0x00, 0x00, 0x00, 0x00, 0x10, 0x00, 0xfe, 0x0c, 0x08, 0x64, 0x40,
	0x0a, 0x00, 0x30, 0x03, 0xfe, 0x34, 0x09, 0x10, 0x20, 0x40, 0x81, 0xfe, 0x04, 0x08, 0x00, 0x00, 0x00, 0x00, 0x00, 0xf0, 0xfc, 0x02, 0x00, 0x0f,
	0xfe, 0x20, 0x00, 0x80, 0x02, 0xff, 0x0a, 0x04, 0x68, 0x11, 0x20, 0x44, 0xff, 0x12, 0x04, 0x00, 0x00, 0x00, 0x00, 0x00, 0x00, 0x01, 0x01, 0xff,
	0xe0, 0x10, 0x0f, 0xfc, 0x21, 0x10, 0x8c, 0x43, 0xff, 0x04, 0x84, 0x0a, 0x00, 0x18, 0x01, 0x98, 0x18, 0x1e, 0x00, 0x00, 0x00, 0x00, 0x00, 0x00,
	0x30, 0x41, 0x21, 0x04, 0x84, 0x12, 0xfe, 0x48, 0x41, 0x21, 0x04, 0x84, 0x12, 0x10, 0x48, 0x41, 0xe1, 0x04, 0x04, 0x01, 0xfe, 0x00, 0x00, 0x00,
	0x00, 0x00, 0x00, 0x02, 0x00, 0x08, 0x03, 0xff, 0x10, 0x02, 0x40, 0x09, 0x3f, 0x24, 0x84, 0x92, 0x12, 0x48, 0x49, 0x3f, 0x24, 0x80, 0x90, 0x02,
	0x40, 0x78, 0x00, 0x00, 0x00, 0x00, 0x00, 0x00, 0xff, 0xc0, 0x21, 0x1f, 0xfe, 0x04, 0x10, 0x10, 0x43, 0xff, 0x02, 0x00, 0x1f, 0xf0, 0xe0, 0x46,
	0x81, 0x02, 0x04, 0x0f, 0xf0, 0x00, 0x00, 0x00, 0x00, 0x70, 0xc1, 0x24, 0x84, 0xa1, 0x13, 0xfe, 0x48, 0x01, 0x20, 0x04, 0xff, 0x92, 0x06, 0x48,
	0x11, 0x20, 0x87, 0x06, 0x10, 0x30, 0x00, 0x00, 0x00, 0x00, 0x00, 0x00, 0x70, 0xb1, 0x22, 0x64, 0x88, 0x13, 0xfe, 0x48, 0x81, 0x23, 0x04, 0x9c,
	0x12, 0x50, 0x4b, 0x21, 0x28, 0xc7, 0x41, 0x92, 0x02, 0x00, 0x00, 0x00, 0x00, 0x00, 0x00, 0x00, 0x01, 0xff, 0xe0, 0x10, 0x01, 0xc0, 0x0f, 0xe0,
	0xcc, 0xc4, 0x30, 0x80, 0x00, 0x3f, 0xf0, 0x80, 0x42, 0x01, 0x0f, 0xfc, 0x20, 0x10, 0x00, 0x00, 0x00, 0x00, 0x07, 0x80, 0x21, 0x03, 0xff, 0x10,
	0x02, 0x3f, 0xf0, 0x00, 0x80, 0x04, 0x0f, 0xfc, 0x20, 0x10, 0x80, 0x42, 0x01, 0x0f, 0xfc, 0x00, 0x00, 0x00, 0x00, 0x00, 0x00, 0x00, 0x00, 0xdf,
	0xc4, 0xb1, 0x12, 0xc8, 0x4b, 0x21, 0x2d, 0xe4, 0xa8, 0x92, 0xa4, 0x4a, 0x51, 0x31, 0x84, 0xc7, 0x1f, 0x66, 0x4b, 0x0c, 0x00, 0x00, 0x00, 0x00,
	0x39, 0x01, 0x27, 0xe4, 0xa0, 0x92, 0xa2, 0x4c, 0x91, 0x23, 0x44, 0x8c, 0x12, 0x30, 0x49, 0x61, 0xe4, 0x84, 0x61, 0x01, 0x02, 0x00, 0x00, 0x00,
	0x00, 0x00, 0x00, 0x31, 0x01, 0x27, 0xe4, 0xa5, 0x92, 0xa6, 0x4c, 0x99, 0x24, 0xa4, 0x92, 0x92, 0x92, 0x4c, 0x49, 0x22, 0x27, 0x10, 0x90, 0x9c,
	0x00, 0x00, 0x00, 0x00, 0x00, 0x00, 0x00, 0x01, 0xff, 0xe0, 0x40, 0x01, 0x00, 0x1f, 0xe0, 0x20, 0x87, 0xff, 0x80, 0x00, 0x3f, 0xf0, 0x80, 0x42,
	0x01, 0x08, 0x04, 0x3f, 0xf0, 0x00, 0x00, 0x00, 0x00, 0x00, 0x00, 0x7f, 0x82, 0x01, 0x08, 0x04, 0x20, 0x10, 0x7f, 0x80, 0x20, 0x0f, 0xfc, 0x20,
	0x10, 0x80, 0x42, 0x01, 0x0f, 0xfc, 0x20, 0x10, 0x00, 0x00, 0x00, 0x00, 0x00, 0x00, 0xff, 0xc2, 0x01, 0x08, 0x04, 0x20, 0x10, 0xff, 0xc0, 0x30,
	0x1f, 0xfe, 0x07, 0x80, 0x3f, 0x01, 0xb6, 0x18, 0xc6, 0x43, 0x08, 0x00, 0x00, 0x00, 0x00, 0x00, 0x00, 0xff, 0xc2, 0x01, 0x08, 0x04, 0x20, 0x10,
	0x7f, 0x80, 0x00, 0x0f, 0xfc, 0x03, 0x00, 0xff, 0xc0, 0x30, 0x00, 0xc0, 0x7f, 0xf8, 0x00, 0x00, 0x00, 0x00, 0x00, 0x00, 0x1f, 0xc2, 0x41, 0x09,
	0x04, 0x24, 0x10, 0x8f, 0x82, 0x00, 0x07, 0xf8, 0x00, 0x21, 0xff, 0xe0, 0x4c, 0x06, 0x1c, 0x60, 0x18, 0x00, 0x00, 0x00, 0x00, 0x11, 0x00, 0xff,
	0xc2, 0x10, 0x10, 0x40, 0x01, 0x01, 0xff, 0xe0, 0x00, 0x0f, 0xfc, 0x30, 0x30, 0xc0, 0xc3, 0xff, 0x0c, 0x0c, 0x00, 0x00, 0x00, 0x00, 0x00, 0x00,
	0x00, 0x70, 0xfe, 0x00, 0x20, 0x01, 0x80, 0x7f, 0xf8, 0x21, 0x01, 0x02, 0x1f, 0xfe, 0x50, 0x20, 0x40, 0x81, 0x02, 0x07, 0xf8, 0x00, 0x00, 0x00,
	0x00, 0x00, 0x00, 0x00, 0x00, 0xff, 0xe2, 0x10, 0x8b, 0xfa, 0x21, 0x08, 0x84, 0x22, 0xee, 0x8b, 0xf2, 0x28, 0x29, 0xa0, 0xa4, 0xfe, 0x92, 0x02,
	0xc0, 0x78, 0x00, 0x00, 0x00, 0x00, 0x00, 0x01, 0xdf, 0xe5, 0xc0, 0x97, 0x02, 0x5c, 0x09, 0x70, 0x25, 0xff, 0x96, 0x48, 0x59, 0x21, 0x64, 0x97,
	0x22, 0x51, 0x0a, 0x08, 0x38, 0x00, 0x00, 0x00, 0x00, 0x30, 0x41, 0x2f, 0xe4, 0x84, 0x12, 0x10, 0x48, 0x41, 0x3f, 0xe4, 0x8e, 0x12, 0x58, 0x4b,
	0x51, 0x29, 0x67, 0xc4, 0x90, 0x10, 0x00, 0x00, 0x00, 0x00, 0x00, 0x00, 0x30, 0x39, 0x3f, 0x04, 0x84, 0x92, 0x92, 0x4a, 0x51, 0x25, 0x44, 0x84,
	0x13, 0xfe, 0x48, 0x41, 0x21, 0x07, 0x04, 0x10, 0xf0, 0x00, 0x00, 0x00, 0x00, 0x00, 0x00, 0x07, 0x80, 0x21, 0x03, 0x03, 0x13, 0xf2, 0x00, 0xf1,
	0xf2, 0x24, 0x48, 0x91, 0x22, 0x44, 0x89, 0x12, 0x27, 0xcf, 0x80, 0x20, 0x00, 0x00, 0x00, 0x00, 0x00, 0x00, 0x39, 0x01, 0x2f, 0xe4, 0xa8, 0x12,
	0xa0, 0x4c, 0xf9, 0x32, 0x04, 0x88, 0x12, 0x20, 0x48, 0xf9, 0x22, 0x07, 0x88, 0x10, 0x20, 0x00, 0x00, 0x00, 0x00, 0x00, 0x00, 0x3c, 0x01, 0x47,
	0xe1, 0x10, 0x84, 0x42, 0x7f, 0x08, 0x64, 0x23, 0x50, 0x8d, 0x42, 0x53, 0x08, 0x44, 0x21, 0x1f, 0x84, 0x42, 0x00, 0x00, 0x00, 0x00, 0x00, 0x00,
	0x73, 0x11, 0x24, 0x84, 0xff, 0x92, 0x10, 0x48, 0x41, 0x21, 0x04, 0xff, 0x92, 0x30, 0x48, 0xe1, 0xe4, 0x84, 0x61, 0x03, 0x02, 0x00, 0x00, 0x00,
	0x00, 0x00, 0x00, 0x00, 0x41, 0xc1, 0x04, 0xff, 0x92, 0x20, 0x4b, 0x91, 0x2c, 0xc4, 0x8e, 0x12, 0x32, 0x49, 0x91, 0x38, 0x84, 0x8f, 0x1e, 0x66,
	0x46, 0x08, 0x00, 0x00, 0x00, 0x00, 0x00, 0x01, 0xdf, 0xe5, 0x40, 0x95, 0x12, 0x55, 0xf9, 0x51, 0x25, 0x4c, 0x95, 0x32, 0x54, 0xa9, 0x54, 0xa5,
	0x61, 0x9d, 0x02, 0x47, 0xf8, 0x00, 0x00, 0x00, 0x00, 0x03, 0x01, 0xff, 0xe0, 0x00, 0x0f, 0xfc, 0x20, 0x10, 0x80, 0x41, 0xfe, 0x03, 0x64, 0x78,
	0xa0, 0x21, 0x00, 0xbb, 0x0f, 0x02, 0x00, 0x00, 0x00, 0x00, 0x00, 0x00, 0x00, 0x00, 0x7f, 0x81, 0x02, 0x04, 0x08, 0x10, 0x20, 0x7f, 0x80, 0x00,
	0x1f, 0x3e, 0x44, 0x89, 0x12, 0x24, 0x48, 0x91, 0x22, 0x7c, 0xf8, 0x00, 0x00, 0x00, 0x00, 0x08, 0xd1, 0xfd, 0x40, 0x84, 0x82, 0x10, 0x7f, 0xf8,
	0x01, 0x07, 0xe5, 0x10, 0x94, 0x42, 0x21, 0x09, 0xa7, 0xeb, 0x80, 0xc6, 0x00, 0x00, 0x00, 0x00, 0x00, 0x00, 0x00, 0x00, 0xff, 0xc2, 0x01, 0x0f,
	0xfc, 0x00, 0x00, 0xff, 0xc3, 0xff, 0x08, 0x04, 0x3f, 0xf0, 0x80, 0x43, 0xff, 0x07, 0x38, 0x60, 0x18, 0x00, 0x00, 0x00, 0x00, 0x74, 0x49, 0x29,
	0x24, 0xa5, 0x12, 0xfe, 0x4a, 0x09, 0x28, 0x24, 0xbf, 0x92, 0x82, 0x4b, 0xf9, 0x28, 0x27, 0xa0, 0x90, 0x8e, 0x00, 0x00, 0x00, 0x00, 0x00, 0x00,
	0x00, 0x01, 0xdf, 0xe5, 0x44, 0x95, 0x12, 0x57, 0xf9, 0x51, 0x25, 0x44, 0x94, 0xfc, 0x50, 0x41, 0x5f, 0xe5, 0x04, 0x1c, 0x10, 0x47, 0xf8, 0x00,
	0x00, 0x00, 0x00, 0x11, 0xf9, 0xf4, 0x01, 0x1f, 0x9f, 0x44, 0x13, 0x10, 0x48, 0x47, 0x00, 0x0f, 0xfc, 0x20, 0x10, 0x80, 0x42, 0x01, 0x0f, 0xfc,
	0x00, 0x00, 0x00, 0x00, 0x00, 0x00, 0x00, 0x01, 0xcf, 0xe5, 0xe0, 0x97, 0x82, 0x5f, 0xf9, 0x78, 0x25, 0xff, 0x97, 0x82, 0x5e, 0x09, 0x6f, 0xe7,
	0x12, 0x10, 0xc6, 0x0c, 0x0c, 0x00, 0x00, 0x00, 0x00, 0x71, 0x31, 0x48, 0x65, 0x7f, 0x94, 0x58, 0x53, 0x69, 0x58, 0xe5, 0x10, 0x14, 0xbe, 0x55,
	0x11, 0x43, 0x87, 0x1f, 0x13, 0x87, 0x00, 0x00, 0x00, 0x00, 0x00, 0x00, 0x00, 0x00, 0xff, 0xe2, 0x00, 0x0b, 0xfc, 0x7f, 0xf9, 0x24, 0x44, 0x8e,
	0x17, 0xcc, 0x00, 0x00, 0xff, 0xc2, 0x01, 0x08, 0x04, 0x3f, 0xf0, 0x00, 0x00, 0x00, 0x00, 0x01, 0x00, 0x04, 0x07, 0xff, 0x97, 0xfc, 0x41, 0x11,
	0xff, 0xe4, 0x11, 0x17, 0xfc, 0x40, 0x01, 0x7f, 0xc5, 0x01, 0x14, 0x04, 0x1f, 0xf0, 0x00, 0x00, 0x00, 0x00, 0x00, 0x00, 0x3f, 0xe7, 0x12, 0x14,
	0x48, 0x57, 0xf9, 0x54, 0xa5, 0x52, 0x95, 0x4a, 0x57, 0xf9, 0x44, 0x85, 0x12, 0x1c, 0x48, 0x0f, 0xf8, 0x00, 0x00, 0x00, 0x00, 0x01, 0x00, 0xc4,
	0x84, 0xbf, 0x92, 0x88, 0x4e, 0x21, 0x3f, 0xe4, 0xa2, 0x12, 0x88, 0x4b, 0xf9, 0x28, 0x84, 0xa2, 0x1e, 0x88, 0x43, 0xd8, 0x00, 0x00, 0x00, 0x00,
	0x00, 0x01, 0xcf, 0xe5, 0x40, 0x95, 0xfe, 0x54, 0x09, 0x5f, 0xe5, 0x00, 0x15, 0xfe, 0x54, 0x09, 0x5f, 0xe5, 0x40, 0x9d, 0x02, 0x47, 0xf8, 0x00,
	0x00, 0x00, 0x00, 0x71, 0xf9, 0x5a, 0x05, 0x08, 0x15, 0xfe, 0x54, 0x91, 0x7f, 0xe5, 0x49, 0x15, 0x24, 0x57, 0xf9, 0x42, 0x07, 0x08, 0x03, 0xfe,
	0x00, 0x00, 0x00, 0x00, 0x00, 0x00, 0x00, 0x00, 0x1f, 0xe7, 0x0a, 0x14, 0x48, 0x56, 0xa9, 0x42, 0xa5, 0x17, 0x14, 0x94, 0x54, 0xd1, 0x47, 0x67,
	0x24, 0x93, 0x13, 0x01, 0xc0, 0x00, 0x00, 0x00, 0x00, 0x00, 0x00, 0x0c, 0x07, 0xcf, 0x82, 0x10, 0x7f, 0xf9, 0x12, 0x24, 0xc8, 0x96, 0x3e, 0x6f,
	0xc9, 0x21, 0x24, 0x84, 0x93, 0xf2, 0x40, 0x78, 0x00, 0x00, 0x00, 0x00, 0x00, 0x01, 0xf7, 0xe4, 0x50, 0x9f, 0x7e, 0x45, 0x09, 0xf7, 0xe4, 0x00,
	0x93, 0xf2, 0x48, 0x49, 0x21, 0x24, 0x84, 0x93, 0xe2, 0x40, 0x78, 0x00, 0x00, 0x00, 0x00, 0x00, 0x01, 0xfb, 0xe0, 0x09, 0x9f, 0xe4, 0x43, 0xd1,
	0x09, 0x87, 0xce, 0x10, 0x46, 0x7f, 0xf0, 0x80, 0x42, 0x01, 0x08, 0x04, 0x3f, 0xf0, 0x00, 0x00, 0x00, 0x00, 0x08, 0x40, 0x21, 0x03, 0xff, 0x07,
	0xf8, 0x03, 0x01, 0xff, 0xe0, 0x30, 0x06, 0xd8, 0x7f, 0xf8, 0xff, 0xc2, 0x01, 0x08, 0x04, 0x3f, 0xf0, 0x00, 0x00, 0x00, 0x00, 0x73, 0xf1, 0x50,
	0x45, 0x41, 0x15, 0x7e, 0x5c, 0x81, 0x77, 0xe5, 0x52, 0x15, 0x08, 0x55, 0xf9, 0x51, 0x87, 0x49, 0x11, 0xc3, 0x00, 0x00, 0x00, 0x00, 0x00, 0x00,
	0x76, 0x91, 0x5f, 0xe5, 0x69, 0x15, 0xbc, 0x56, 0x01, 0x5f, 0xe5, 0x08, 0x15, 0xfe, 0x50, 0xc1, 0x4e, 0x87, 0x69, 0x92, 0x21, 0x00, 0x00, 0x00,
	0x00, 0x00, 0x00, 0x01, 0x01, 0xcf, 0x85, 0x22, 0x15, 0xfe, 0x5d, 0x49, 0x55, 0x25, 0x54, 0x95, 0x8e, 0x54, 0x89, 0x7f, 0xf5, 0x1c, 0x1c, 0xc8,
	0x4c, 0x18, 0x00, 0x00, 0x00, 0x00, 0x00, 0x01, 0xff, 0xe0, 0x30, 0x0f, 0xfc, 0x00, 0x00, 0xff, 0xc3, 0xff, 0x02, 0x10, 0x7f, 0xf8, 0x00, 0x03,
	0xff, 0x08, 0x04, 0x3f, 0xf0, 0x00, 0x00, 0x00, 0x00, 0x33, 0xf9, 0x28, 0x24, 0xbf, 0x92, 0x82, 0x4b, 0xf9, 0x2c, 0x04, 0xff, 0x93, 0x9a, 0x4b,
	0x89, 0x28, 0xa7, 0x3e, 0x90, 0x0e, 0x00, 0x00, 0x00, 0x00, 0x00, 0x00, 0x00, 0x01, 0xc3, 0x05, 0x73, 0x95, 0xfe, 0x54, 0x09, 0x4f, 0xc5, 0x61,
	0x95, 0x86, 0x57, 0xf9, 0x58, 0x65, 0x3f, 0x1c, 0x00, 0x0f, 0xf8, 0x00, 0x00, 0x00, 0x00, 0x00, 0x01, 0xff, 0xe0, 0x30, 0x0f, 0xfc, 0x47, 0x89,
	0xff, 0xe0, 0x30, 0x1f, 0xfe, 0x11, 0x10, 0x46, 0xc1, 0x0c, 0x04, 0xc8, 0x7c, 0x18, 0x00, 0x00, 0x00, 0x00, 0x72, 0x79, 0x5e, 0xa5, 0x22, 0x95,
	0xea, 0x52, 0x69, 0x5f, 0x65, 0x08, 0x15, 0xfe, 0x50, 0xc1, 0x47, 0x07, 0x33, 0x13, 0x02, 0x00, 0x00, 0x00, 0x00, 0x00, 0x00, 0x3f, 0xf0, 0x08,
	0x07, 0xff, 0x83, 0x30, 0x1f, 0xf1, 0xbf, 0x20, 0x00, 0x0f, 0xfc, 0x2f, 0xd0, 0xa1, 0x42, 0xf9, 0x08, 0x1c, 0x00, 0x00, 0x00, 0x00, 0x00, 0x00,
	0x71, 0xe1, 0x2d, 0xc4, 0xff, 0xd2, 0x86, 0x4b, 0xf9, 0x28, 0x64, 0xa1, 0x92, 0xfa, 0x4a, 0x59, 0xe9, 0xc4, 0x2b, 0x03, 0xc2, 0x00, 0x00, 0x00,
	0x00, 0x00, 0x00, 0x02, 0x00, 0x48, 0x87, 0xff, 0x90, 0x02, 0x5f, 0xe9, 0x40, 0xa1, 0x02, 0x03, 0xf0, 0x1f, 0xe0, 0x80, 0x42, 0x01, 0x08, 0x04,
	0x3f, 0xf0, 0x00, 0x00, 0x00, 0x00, 0x00, 0x01, 0xf7, 0xe4, 0x20, 0x90, 0x82, 0x7c, 0xe8, 0x00, 0x27, 0xee, 0x9a, 0xaa, 0x6a, 0xa9, 0xfa, 0xa6,
	0xae, 0x9a, 0x82, 0x4e, 0x38, 0x00, 0x00, 0x00, 0x00, 0x00, 0x01, 0xc4, 0x85, 0x7f, 0x94, 0xfe, 0x54, 0x49, 0x51, 0x25, 0x3f, 0x15, 0xfe, 0x50,
	0x41, 0x5f, 0xe5, 0x0c, 0x1c, 0xcc, 0x44, 0x08, 0x00, 0x00, 0x00, 0x00, 0x00, 0x01, 0xff, 0xe0, 0x30, 0x0f, 0xfc, 0x00, 0x00, 0xff, 0xc3, 0xff,
	0x02, 0x10, 0x7f, 0xf9, 0xf3, 0xc1, 0x39, 0x08, 0xe4, 0x6f, 0xf0, 0x00, 0x00, 0x00, 0x00, 0x00, 0x00, 0x4c, 0x87, 0xff, 0x97, 0xfa, 0x50, 0x28,
	0xbf, 0x03, 0xff, 0x0f, 0xfc, 0x00, 0x00, 0xff, 0xc3, 0xff, 0x08, 0x04, 0x3f, 0xf0, 0x00, 0x00, 0x00, 0x00, 0x00, 0x81, 0xc3, 0xe5, 0x08, 0x15,
	0xfe, 0x54, 0xa9, 0x5f, 0x65, 0x48, 0x95, 0x1c, 0x56, 0xa9, 0x5a, 0xa5, 0xdb, 0x1e, 0x28, 0x4b, 0xf8, 0x00, 0x00, 0x00, 0x00, 0x72, 0x31, 0x7f,
	0xe5, 0x23, 0x15, 0xfe, 0x56, 0x91, 0x7f, 0xf5, 0x69, 0x15, 0xa4, 0x57, 0xf9, 0x42, 0x07, 0xff, 0x90, 0x20, 0x00, 0x00, 0x00, 0x00, 0x00, 0x00,
	0x00, 0x01, 0xdf, 0xe5, 0x40, 0x95, 0xfe, 0x57, 0xf9, 0x57, 0xc5, 0x64, 0x95, 0xfe, 0x54, 0x41, 0x5f, 0xe5, 0xa5, 0x9e, 0xfe, 0x4a, 0x18, 0x00,
	0x00, 0x00, 0x00, 0x00, 0x01, 0xc4, 0x85, 0x7d, 0x95, 0xfe, 0x55, 0x49, 0x5d, 0xe5, 0x7f, 0x95, 0x02, 0x57, 0xf9, 0x5f, 0xe5, 0x41, 0x1c, 0xc4,
	0x41, 0x70, 0x00, 0x00, 0x00, 0x00, 0x73, 0x11, 0x5f, 0xe5, 0x44, 0x95, 0xfe, 0x54, 0x49, 0x5f, 0xe5, 0x00, 0x15, 0xfe, 0x54, 0x09, 0x5f, 0xe7,
	0x40, 0x91, 0xfe, 0x00, 0x00, 0x00, 0x00, 0x00, 0x00, 0x00, 0x41, 0xc9, 0xe5, 0x24, 0x15, 0xff, 0x50, 0x01, 0x56, 0xa5, 0x5a, 0x95, 0xfe, 0x54,
	0xc9, 0x56, 0xa5, 0x69, 0x9d, 0x02, 0x47, 0xf8, 0x00, 0x00, 0x00, 0x00, 0x00, 0x00, 0xf3, 0xc2, 0x31, 0x08, 0xc4, 0x3e, 0xf0, 0x08, 0x07, 0xff,
	0x86, 0x18, 0x7c, 0xf8, 0x8c, 0x42, 0x31, 0x08, 0xc4, 0x3f, 0xf0, 0x00, 0x00, 0x00, 0x00, 0x77, 0xf9, 0x42, 0x05, 0x7f, 0x94, 0x84, 0x57, 0xf1,
	0x50, 0x25, 0x7f, 0x95, 0x02, 0x57, 0xf9, 0x5f, 0xe7, 0x33, 0x03, 0x02, 0x00, 0x00, 0x00, 0x00, 0x00, 0x00, 0x62, 0x7d, 0x5c, 0x85, 0xa7, 0x96,
	0x92, 0x5b, 0x79, 0x6d, 0x25, 0xb7, 0x97, 0xd2, 0x5a, 0xc9, 0x4a, 0xc6, 0x2f, 0x90, 0x73, 0x00, 0x00, 0x00, 0x00, 0x00, 0x00, 0x00, 0x01, 0xc8,
	0x65, 0x7a, 0x15, 0x28, 0x55, 0x21, 0x5e, 0xf5, 0x22, 0x95, 0xea, 0x53, 0x49, 0x5f, 0x25, 0x6c, 0x9e, 0x92, 0x42, 0x48, 0x00, 0x00, 0x00, 0x00,
	0x02, 0x01, 0x88, 0x45, 0xff, 0x94, 0x84, 0x52, 0x11, 0x55, 0xe5, 0x53, 0x17, 0x5a, 0x5d, 0xf9, 0x76, 0xd5, 0x5b, 0x5d, 0x54, 0x4b, 0x70, 0x00,
	0x00, 0x00, 0x00, 0x00, 0x01, 0xff, 0xe3, 0xff, 0x08, 0xc4, 0x1f, 0xe1, 0xf3, 0xe3, 0x87, 0x1f, 0xfe, 0x3f, 0xf1, 0xff, 0xe0, 0xd9, 0x1e, 0x38,
	0x3f, 0x38, 0x00, 0x00, 0x00, 0x00, 0x00, 0x01, 0xff, 0xe4, 0x00, 0x90, 0xc2, 0x43, 0x09, 0x0c, 0x24, 0x30, 0x91, 0xe2, 0x44, 0x89, 0x21, 0x25,
	0x02, 0x90, 0x02, 0x7f, 0xf8, 0x00, 0x00, 0x00, 0x00, 0x00, 0x01, 0xff, 0xe4, 0x48, 0x91, 0x22, 0x44, 0x89, 0x32, 0x24, 0x8f, 0x94, 0x02, 0x40,
	0x09, 0x00, 0x27, 0xff, 0x80, 0x00, 0x00, 0x00, 0x00, 0x00, 0x00, 0x00, 0x00, 0x01, 0xff, 0xe4, 0x00, 0x90, 0x02, 0x4f, 0xc9, 0x21, 0x24, 0x84,
	0x92, 0x12, 0x48, 0x49, 0x1e, 0x24, 0x00, 0x9f, 0xfe, 0x40, 0x08, 0x00, 0x00, 0x00, 0x00, 0x00, 0x01, 0xff, 0xe4, 0x00, 0x90, 0xc2, 0x5f, 0xe9,
	0x0c, 0x24, 0x30, 0x90, 0xc2, 0x44, 0x89, 0x21, 0x25, 0x02, 0x90, 0x02, 0x7f, 0xf8, 0x00, 0x00, 0x00, 0x00, 0x00, 0x01, 0xff, 0xe4, 0x04, 0x90,
	0x12, 0x5f, 0xe9, 0x01, 0x24, 0xc4, 0x91, 0x12, 0x42, 0x49, 0x01, 0x24, 0x3c, 0x90, 0x02, 0x7f, 0xf8, 0x00, 0x00, 0x00, 0x00, 0x00, 0x01, 0xff,
	0xe4, 0x00, 0x90, 0xc2, 0x5f, 0xe9, 0x0c, 0x24, 0x78, 0x91, 0xe2, 0x4b, 0x49, 0x4c, 0xa4, 0x30, 0x90, 0x02, 0x7f, 0xf8, 0x00, 0x00, 0x00, 0x00,
	0x00, 0x01, 0xff, 0xe4, 0x40, 0x91, 0x22, 0x5f, 0xe9, 0x12, 0x24, 0x48, 0x91, 0x22, 0x5f, 0xe9, 0x22, 0x25, 0x88, 0x90, 0x02, 0x7f, 0xf8, 0x00,
	0x00, 0x00, 0x00, 0x00, 0x01, 0xff, 0xe4, 0x00, 0x92, 0x4a, 0x49, 0x29, 0x11, 0x25, 0x0c, 0x93, 0x62, 0x43, 0x09, 0x1b, 0x24, 0x86, 0x90, 0x02,
	0x7f, 0xf8, 0x00, 0x00, 0x00, 0x00, 0x00, 0x01, 0xff, 0xe4, 0x00, 0x90, 0xc2, 0x5f, 0xe9, 0x0c, 0x24, 0x30, 0x93, 0x32, 0x48, 0x49, 0x21, 0x24,
	0xfc, 0x90, 0x02, 0x7f, 0xf8, 0x00, 0x00, 0x00, 0x00, 0x00, 0x01, 0xff, 0xe4, 0x00, 0x97, 0xfa, 0x42, 0x09, 0x08, 0x24, 0xfc, 0x90, 0x92, 0x42,
	0x29, 0x08, 0x25, 0xfe, 0x90, 0x02, 0x7f, 0xf8, 0x00, 0x00, 0x00, 0x00, 0x7f, 0xf9, 0x0d, 0x25, 0xfe, 0x93, 0xf2, 0x53, 0x29, 0x7f, 0xa5, 0x32,
	0x97, 0xfa, 0x53, 0x29, 0x4d, 0xa4, 0x00, 0x9f, 0xfe, 0x00, 0x00, 0x00, 0x00, 0x00, 0x00, 0x7f, 0xf9, 0x08, 0x24, 0xa4, 0x95, 0xea, 0x44, 0x89,
	0x6d, 0xa5, 0xfa, 0x98, 0x26, 0x4f, 0xa9, 0x21, 0xa4, 0x78, 0x9f, 0xfe, 0x00, 0x00, 0x00, 0x00, 0x00, 0x00, 0x7f, 0xf9, 0x04, 0x25, 0xfe, 0x97,
	0xfa, 0x40, 0x09, 0x3f, 0x24, 0x84, 0x91, 0xea, 0x47, 0xc9, 0x6c, 0xa4, 0x00, 0x9f, 0xfe, 0x00, 0x00, 0x00, 0x00, 0x00, 0x00, 0x03, 0x00, 0x0c,
	0x00, 0x30, 0x00, 0xc0, 0x3f, 0xf0, 0x0c, 0x00, 0x30, 0x00, 0xc0, 0x03, 0x00, 0x0c, 0x00, 0x30, 0x1f, 0xfe, 0x00, 0x00, 0x00, 0x00, 0x00, 0x00,
	0x00, 0x00, 0xff, 0xe2, 0x00, 0x08, 0x60, 0x21, 0x80, 0x86, 0x02, 0xff, 0x08, 0x60, 0x21, 0x81, 0x06, 0x04, 0x18, 0x10, 0x60, 0x5f, 0xf8, 0x00,
	0x00, 0x00, 0x00, 0x02, 0x00, 0x18, 0x07, 0xff, 0x82, 0x00, 0x18, 0x80, 0xc2, 0x06, 0x08, 0x19, 0xfe, 0x20, 0x80, 0x82, 0x02, 0x08, 0x08, 0x20,
	0x2f, 0xf8, 0x00, 0x00, 0x00, 0x00, 0x03, 0x00, 0xff, 0xc0, 0x30, 0x00, 0xc0, 0x7f, 0xf8, 0x00, 0x00, 0x30, 0x0f, 0xfc, 0x03, 0x00, 0x0c, 0x00,
	0x30, 0x1f, 0xfe, 0x00, 0x00, 0x00, 0x00, 0x00, 0x00, 0x22, 0x40, 0x89, 0x02, 0x27, 0x9f, 0xf2, 0x22, 0x48, 0x89, 0x22, 0x24, 0x88, 0x96, 0x22,
	0x48, 0xa8, 0x27, 0x20, 0x80, 0xfe, 0x00, 0x00, 0x00, 0x00, 0x00, 0x00, 0x23, 0xf8, 0x88, 0x02, 0x20, 0x1e, 0xfe, 0x22, 0x08, 0x8c, 0x62, 0x69,
	0x09, 0x2c, 0x24, 0x60, 0xf3, 0x86, 0xd9, 0x02, 0x82, 0x00, 0x00, 0x00, 0x00, 0x00, 0x00, 0x00, 0x00, 0x88, 0x02, 0x3f, 0x89, 0x82, 0x74, 0x08,
	0xaf, 0xa2, 0x00, 0x88, 0x02, 0x20, 0x28, 0x83, 0x23, 0xb0, 0x90, 0x02, 0x00, 0x70, 0x00, 0x00, 0x00, 0x00, 0x00, 0x00, 0x82, 0x02, 0x7f, 0x88,
	0x40, 0x79, 0x00, 0x84, 0x02, 0x1f, 0x88, 0x42, 0x21, 0x08, 0x88, 0x23, 0xa1, 0x19, 0x04, 0x08, 0xf0, 0x00, 0x00, 0x00, 0x00, 0x03, 0x00, 0x4c,
	0x81, 0x32, 0x0c, 0xdc, 0x2b, 0x51, 0x9f, 0x24, 0x78, 0x80, 0xc0, 0x3f, 0xf0, 0x0c, 0x00, 0x30, 0x1f, 0xfe, 0x00, 0x00, 0x00, 0x00, 0x00, 0x00,
	0x00, 0x00, 0x82, 0x02, 0x7f, 0x88, 0x00, 0x79, 0xe0, 0x88, 0x82, 0x22, 0x08, 0x88, 0x22, 0x20, 0xa8, 0x93, 0x22, 0x51, 0x09, 0x08, 0x18, 0x00,
	0x00, 0x00, 0x00, 0x20, 0xc0, 0x9f, 0xe2, 0x4c, 0x9d, 0x32, 0x24, 0xc8, 0x9f, 0xe2, 0x4c, 0x89, 0x32, 0x27, 0xf8, 0xd3, 0x26, 0x0c, 0x00, 0x30,
	0x00, 0x00, 0x00, 0x00, 0x00, 0x00, 0x23, 0xf0, 0x90, 0x22, 0x40, 0x9f, 0x02, 0x27, 0xf8, 0x90, 0x22, 0x40, 0x89, 0x02, 0x23, 0xf0, 0xe0, 0x06,
	0x00, 0x03, 0xfe, 0x00, 0x00, 0x00, 0x00, 0x00, 0x00, 0x2f, 0xf8, 0x82, 0x02, 0x48, 0x9f, 0xa6, 0x22, 0x90, 0x8a, 0x42, 0x08, 0x0b, 0xfe, 0x20,
	0x80, 0xe2, 0x06, 0x08, 0x00, 0x20, 0x00, 0x00, 0x00, 0x00, 0x00, 0x00, 0x01, 0xf0, 0xfc, 0x00, 0x30, 0x1f, 0xfe, 0x13, 0x21, 0xff, 0xe1, 0x32,
	0x04, 0xc8, 0x7f, 0xf8, 0x0c, 0x00, 0x30, 0x1f, 0xfe, 0x00, 0x00, 0x00, 0x00, 0x00, 0x00, 0x7f, 0x48, 0x59, 0x21, 0x64, 0x9f, 0xd2, 0x26, 0x48,
	0x98, 0x26, 0x23, 0x80, 0xc0, 0x3f, 0xf0, 0x0c, 0x00, 0x30, 0x1f, 0xfe, 0x00, 0x00, 0x00, 0x00, 0x00, 0x00, 0x20, 0x78, 0x8e, 0x02, 0x20, 0x1e,
	0xfe, 0x22, 0x00, 0x88, 0x02, 0x3f, 0x88, 0xc2, 0x25, 0x08, 0xf4, 0x24, 0xdf, 0x82, 0x42, 0x00, 0x00, 0x00, 0x00, 0x00, 0x00, 0x2f, 0xf8, 0x80,
	0x02, 0x3f, 0x1f, 0x86, 0x26, 0x18, 0x9f, 0xe2, 0x61, 0x89, 0x86, 0x26, 0x18, 0xe7, 0x86, 0x00, 0x03, 0xfe, 0x00, 0x00, 0x00, 0x00, 0x00, 0x00,
	0x27, 0xf8, 0x92, 0x22, 0x48, 0x9d, 0xfe, 0x24, 0x88, 0x92, 0x22, 0x3f, 0x08, 0x20, 0x27, 0xf8, 0xc2, 0x04, 0x08, 0x03, 0xfe, 0x00, 0x00, 0x00,
	0x00, 0x00, 0x00, 0x00, 0x00, 0x81, 0x62, 0x7f, 0x89, 0x10, 0xf4, 0x40, 0x9f, 0xa2, 0x4a, 0x89, 0x2c, 0x24, 0xb0, 0xbe, 0x83, 0x87, 0x72, 0x36,
	0x09, 0x18, 0x00, 0x00, 0x00, 0x00, 0x10, 0x41, 0xf7, 0xe1, 0x8e, 0x0d, 0x3c, 0x75, 0x51, 0x49, 0x21, 0x04, 0x00, 0xc0, 0x3f, 0xf0, 0x0c, 0x00,
	0x30, 0x1f, 0xfe, 0x00, 0x00, 0x00, 0x00, 0x00, 0x00, 0x00, 0x00, 0x81, 0xe2, 0xff, 0x88, 0x08, 0xf7, 0xa0, 0x92, 0xa2, 0x4a, 0x89, 0x2c, 0x27,
	0x30, 0xa2, 0x83, 0x77, 0x50, 0x36, 0x01, 0x98, 0x00, 0x00, 0x00, 0x00, 0x00, 0x80, 0x82, 0x02, 0x77, 0x89, 0x06, 0xff, 0xf0, 0x90, 0x02, 0x7f,
	0x89, 0x02, 0x27, 0xf8, 0xa2, 0x07, 0xff, 0x80, 0x20, 0x00, 0x80, 0x00, 0x00, 0x00, 0x00, 0x20, 0x40, 0x9f, 0xe2, 0x04, 0x1d, 0x7e, 0x25, 0x08,
	0x97, 0xe2, 0x50, 0x89, 0x7e, 0x25, 0x08, 0xd7, 0xe6, 0x40, 0x01, 0xfe, 0x00, 0x00, 0x00, 0x00, 0x00, 0x00, 0x00, 0x00, 0x41, 0x07, 0xc4, 0x04,
	0x7c, 0x7e, 0x50, 0x91, 0x42, 0x55, 0x1f, 0xa4, 0x10, 0xd4, 0x43, 0xd7, 0xdb, 0x44, 0x45, 0x12, 0x18, 0x00, 0x00, 0x00, 0x00, 0x00, 0x00, 0x82,
	0x02, 0xff, 0x88, 0x84, 0xfa, 0x10, 0x8c, 0x82, 0x4d, 0x88, 0x00, 0x27, 0xf8, 0x90, 0x23, 0xc0, 0x99, 0x02, 0x07, 0xf8, 0x00, 0x00, 0x00, 0x00,
	0x10, 0x20, 0x40, 0x87, 0xff, 0x84, 0x08, 0x1f, 0xe0, 0x7f, 0x81, 0x02, 0x1f, 0xfe, 0x18, 0x60, 0xcc, 0xc5, 0xfe, 0x80, 0xc0, 0x7f, 0xf8, 0x00,
	0x00, 0x00, 0x00, 0x00, 0x00, 0x82, 0x02, 0x7f, 0x88, 0x70, 0xfb, 0x30, 0xb0, 0x22, 0xff, 0x88, 0x04, 0x27, 0xd0, 0x91, 0x43, 0xc5, 0x19, 0xe4,
	0x00, 0x70, 0x00, 0x00, 0x00, 0x00, 0x27, 0xf8, 0x90, 0x22, 0x7f, 0x9d, 0x10, 0x26, 0x48, 0x99, 0x22, 0x64, 0x89, 0x7c, 0x2a, 0x48, 0xe9, 0x24,
	0xa4, 0x82, 0xee, 0x00, 0x00, 0x00, 0x00, 0x00, 0x00, 0x00, 0x00, 0x4c, 0x87, 0xff, 0x90, 0x02, 0x5f, 0xe9, 0x40, 0xa1, 0x02, 0x07, 0xf8, 0x03,
	0x00, 0xff, 0xc0, 0x30, 0x00, 0xc0, 0x7f, 0xf8, 0x00, 0x00, 0x00, 0x00, 0x00, 0x01, 0xff, 0xe4, 0x80, 0x9f, 0xa4, 0x42, 0x51, 0xf9, 0x84, 0x87,
	0x1f, 0xa2, 0x43, 0x00, 0xff, 0xc0, 0x30, 0x00, 0xc0, 0x7f, 0xf8, 0x00, 0x00, 0x00, 0x00, 0x00, 0x00, 0x88, 0x82, 0x3f, 0x9d, 0x90, 0x26, 0x40,
	0xbf, 0xe2, 0x64, 0x09, 0x90, 0x27, 0xf8, 0x99, 0x03, 0xe4, 0x19, 0x90, 0x07, 0xb0, 0x00, 0x00, 0x00, 0x00, 0x00, 0x01, 0xef, 0xe4, 0x98, 0x14,
	0xfe, 0x57, 0x09, 0x27, 0xe4, 0x9f, 0x96, 0x42, 0x41, 0x38, 0x0c, 0x03, 0xff, 0x00, 0xc0, 0x7f, 0xf8, 0x00, 0x00, 0x00, 0x00, 0x27, 0xf8, 0x90,
	0x22, 0x7f, 0x9f, 0x02, 0x27, 0xf8, 0x80, 0x02, 0x7f, 0x88, 0x20, 0x2c, 0xf8, 0xda, 0x04, 0xf8, 0x02, 0x3e, 0x00, 0x00, 0x00, 0x00, 0x00, 0x00,
	0x00, 0x10, 0x90, 0x42, 0xff, 0x89, 0x04, 0x77, 0xf0, 0x90, 0x42, 0x7f, 0x0b, 0xfe, 0x25, 0x40, 0x95, 0x23, 0x77, 0x99, 0x00, 0x07, 0xf8, 0x00,
	0x00, 0x00, 0x00, 0x2f, 0xf8, 0xa0, 0x02, 0xbf, 0xbe, 0xfe, 0x2a, 0x08, 0xa7, 0xc2, 0xbf, 0x8a, 0x44, 0x2a, 0xe0, 0xe7, 0xcc, 0xa0, 0x83, 0xfe,
	0x00, 0x00, 0x00, 0x00, 0x00, 0x00, 0x00, 0x00, 0x47, 0xe3, 0xd0, 0x84, 0x4e, 0x7f, 0x00, 0x97, 0xe2, 0x50, 0x89, 0x52, 0x5b, 0x50, 0x44, 0xc7,
	0xf3, 0x04, 0x5e, 0x11, 0x48, 0x00, 0x00, 0x00, 0x00, 0x27, 0xf8, 0x90, 0x22, 0x7f, 0x9f, 0x02, 0x23, 0xf0, 0x9f, 0xe2, 0x20, 0x09, 0xfe, 0x29,
	0x28, 0xc9, 0x24, 0xc8, 0x80, 0x4c, 0x00, 0x00, 0x00, 0x00, 0x00, 0x00, 0x00, 0x80, 0x82, 0x22, 0x7f, 0x88, 0x24, 0x78, 0xa0, 0x9f, 0xe2, 0x18,
	0x09, 0xfe, 0x2e, 0x08, 0x8f, 0xe3, 0xa0, 0x98, 0x82, 0x03, 0xf8, 0x00, 0x00, 0x00, 0x00, 0x27, 0xf8, 0x92, 0x22, 0x7f, 0xbd, 0x22, 0x24, 0x88,
	0x9f, 0xe2, 0x12, 0x0b, 0x84, 0x3f, 0x2f, 0x08, 0x80, 0x62, 0x03, 0x08, 0x00, 0x00, 0x00, 0x00, 0x00, 0x00, 0x27, 0xf8, 0x90, 0x22, 0x7f, 0x9d,
	0x00, 0x25, 0x10, 0x9f, 0xe2, 0x51, 0x09, 0x44, 0x2b, 0xf8, 0xe4, 0x44, 0x91, 0x02, 0x84, 0x00, 0x00, 0x00, 0x00, 0x00, 0x00, 0x3f, 0xf0, 0x8c,
	0x43, 0xff, 0x08, 0xc4, 0x3f, 0xf1, 0xe1, 0xe0, 0x08, 0x0f, 0x1c, 0x43, 0x08, 0xff, 0xc0, 0x30, 0x1f, 0xfe, 0x00, 0x00, 0x00, 0x00, 0x00, 0x00,
	0x00, 0x80, 0x84, 0x02, 0x7f, 0x89, 0x22, 0x7f, 0xf8, 0x92, 0x22, 0x48, 0x89, 0xfe, 0x21, 0x60, 0xa9, 0xa3, 0x27, 0xb1, 0x13, 0x08, 0x78, 0x00,
	0x00, 0x00, 0x00, 0x24, 0xf9, 0xfa, 0x21, 0x0f, 0x94, 0xa2, 0x52, 0xf9, 0xfa, 0x21, 0x10, 0x8c, 0x0e, 0x43, 0x00, 0xff, 0xc0, 0x30, 0x1f, 0xfe,
	0x00, 0x00, 0x00, 0x00, 0x00, 0x00, 0x22, 0x20, 0xbf, 0xe2, 0x22, 0x1e, 0x70, 0x23, 0x20, 0x9f, 0xe2, 0x80, 0xc8, 0xfc, 0x24, 0x10, 0xd0, 0x44,
	0x41, 0x01, 0xfc, 0x00, 0x00, 0x00, 0x00, 0x00, 0x00, 0x61, 0xe0, 0x58, 0x44, 0xbe, 0x88, 0x20, 0x07, 0xf8, 0x4a, 0xc2, 0x49, 0x92, 0x62, 0x03,
	0x00, 0xff, 0xc0, 0x30, 0x1f, 0xfe, 0x00, 0x00, 0x00, 0x00, 0x00, 0x00, 0x00, 0x00, 0x81, 0x02, 0x7f, 0x89, 0xfc, 0x74, 0x48, 0x9f, 0xe2, 0x44,
	0x89, 0xfe, 0x24, 0x00, 0x9f, 0xe3, 0xa0, 0x92, 0x82, 0x0b, 0xf8, 0x00, 0x00, 0x00, 0x00, 0x20, 0x80, 0x9f, 0xe2, 0x3f, 0x1c, 0x84, 0x23, 0xf0,
	0x80, 0x02, 0x7f, 0x89, 0x02, 0x25, 0xe8, 0xd4, 0xa4, 0x5e, 0x81, 0x06, 0x00, 0x00, 0x00, 0x00, 0x00, 0x00, 0x2f, 0xf8, 0xa0, 0x22, 0x7f, 0x9c,
	0x70, 0x23, 0xa8, 0xb2, 0xa2, 0x17, 0x09, 0x94, 0x24, 0xd0, 0xe5, 0x2e, 0x64, 0xc0, 0x70, 0x00, 0x00, 0x00, 0x00, 0x00, 0x00, 0x00, 0x00, 0x0c,
	0x07, 0xcf, 0x9f, 0xfe, 0x0c, 0xc0, 0xff, 0xc0, 0xcc, 0x1f, 0xfe, 0x18, 0x60, 0xcc, 0xc4, 0xfc, 0x80, 0xc0, 0x7f, 0xf8, 0x00, 0x00, 0x00, 0x00,
	0x02, 0x00, 0x8f, 0xe2, 0x40, 0x1f, 0xfc, 0x2c, 0x10, 0x90, 0x42, 0x7f, 0x08, 0x00, 0x27, 0xf8, 0x95, 0x23, 0xd4, 0xb1, 0x52, 0x1f, 0xf8, 0x00,
	0x00, 0x00, 0x00, 0x20, 0x80, 0xbf, 0xe2, 0x7f, 0xbd, 0x02, 0x27, 0xf8, 0x9f, 0xe2, 0x40, 0x89, 0xfe, 0x30, 0x03, 0x3f, 0xe0, 0x67, 0x06, 0x02,
	0x00, 0x00, 0x00, 0x00, 0x00, 0x00, 0x01, 0x00, 0x04, 0x07, 0xef, 0x9f, 0xfe, 0x44, 0x89, 0xff, 0xe4, 0x8d, 0x93, 0xba, 0x4f, 0xc9, 0xc4, 0xc5,
	0xff, 0x90, 0x40, 0x3f, 0xf8, 0x00, 0x00, 0x00, 0x00, 0x00, 0x41, 0xf9, 0x00, 0x1f, 0x1f, 0x94, 0x3d, 0xd1, 0xfb, 0x40, 0x8f, 0x5f, 0xcd, 0x3a,
	0x08, 0x0c, 0x03, 0xff, 0x00, 0xc0, 0x7f, 0xf8, 0x00, 0x00, 0x00, 0x00, 0x00, 0x00, 0x82, 0x02, 0x7f, 0x88, 0x4c, 0x2f, 0xf9, 0xc0, 0x02, 0x7f,
	0x89, 0xfe, 0x24, 0x08, 0xbf, 0xe3, 0x16, 0xb0, 0x9a, 0x1c, 0x38, 0x00, 0x00, 0x00, 0x00, 0x08, 0x41, 0xff, 0xe0, 0x84, 0x0f, 0xfc, 0x20, 0x10,
	0xff, 0xc3, 0xff, 0x01, 0x80, 0x7f, 0xf8, 0xcc, 0xc7, 0xff, 0x80, 0xc0, 0x7f, 0xf8, 0x00, 0x00, 0x00, 0x00, 0x22, 0x10, 0x9f, 0xe2, 0x48, 0xbd,
	0xfe, 0x24, 0x88, 0x9f, 0xe2, 0x00, 0x09, 0xfe, 0x24, 0x08, 0xdf, 0xe4, 0x40, 0x81, 0xfe, 0x00, 0x00, 0x00, 0x00, 0x00, 0x00, 0x00, 0x11, 0xe6,
	0x84, 0xbf, 0x94, 0xea, 0x54, 0xf9, 0x2d, 0x44, 0x8d, 0x16, 0xd2, 0x40, 0xc0, 0x0c, 0x03, 0xff, 0x00, 0xc0, 0x7f, 0xf8, 0x00, 0x00, 0x00, 0x00,
	0x3f, 0xf0, 0x8c, 0x43, 0xff, 0x0f, 0xfc, 0x03, 0x00, 0xff, 0xc7, 0xff, 0x89, 0x24, 0x67, 0x88, 0xff, 0xc0, 0x30, 0x1f, 0xfe, 0x00, 0x00, 0x00,
	0x00, 0x00, 0x00, 0x27, 0xf8, 0x82, 0x02, 0xff, 0xbc, 0x84, 0x27, 0xf0, 0x90, 0x22, 0x7f, 0x89, 0x02, 0x27, 0xf8, 0xdf, 0xe6, 0x33, 0x03, 0x02,
	0x00, 0x00, 0x00, 0x00, 0x00, 0x00, 0x1d, 0xf9, 0xac, 0x22, 0xdf, 0x9d, 0x7e, 0x1d, 0x49, 0xb4, 0xe3, 0x3d, 0x13, 0x42, 0x03, 0x00, 0xff, 0xc0,
	0x30, 0x1f, 0xfe, 0x00, 0x00, 0x00, 0x00, 0x00, 0x00, 0x00, 0x01, 0xf7, 0xe4, 0x48, 0x9f, 0x24, 0x41, 0xfd, 0xf0, 0x86, 0x5f, 0xa9, 0x08, 0x3d,
	0x00, 0x04, 0x03, 0xff, 0x00, 0x40, 0x7f, 0xf8, 0x00, 0x00, 0x00, 0x00, 0x00, 0x80, 0xbf, 0xe2, 0x00, 0x09, 0xfe, 0xf7, 0xe8, 0x97, 0xa2, 0x7f,
	0x88, 0x00, 0x27, 0xf8, 0x9f, 0xe3, 0x41, 0x98, 0xf8, 0x0f, 0xfc, 0x00, 0x00, 0x00, 0x00, 0x00, 0x80, 0x82, 0x02, 0xff, 0x89, 0xfe, 0xf9, 0x48,
	0xa5, 0x22, 0x7f, 0x88, 0x20, 0x2f, 0xf8, 0xc9, 0x26, 0xe3, 0x04, 0xb4, 0x0f, 0x0c, 0x00, 0x00, 0x00, 0x00, 0x00, 0x80, 0xbf, 0xe2, 0x00, 0x09,
	0x86, 0xf1, 0x20, 0xbf, 0xe2, 0x7f, 0x88, 0x48, 0x2f, 0xf8, 0xcd, 0x2f, 0xe7, 0x00, 0x8c, 0x0f, 0x8c, 0x00, 0x00, 0x00, 0x00, 0x00, 0x80, 0xbf,
	0xe2, 0x00, 0x09, 0xfc, 0xf7, 0xf0, 0x80, 0x02, 0xff, 0x8b, 0xfe, 0x27, 0xc8, 0x8e, 0xc3, 0xcf, 0x30, 0xd6, 0x0d, 0xc8, 0x00, 0x00, 0x00, 0x00,
	0x03, 0x00, 0x0c, 0x00, 0x30, 0x00, 0xc0, 0x7f, 0xf8, 0x0c, 0x00, 0x30, 0x00, 0xc0, 0x03, 0x00, 0x0c, 0x00, 0x30, 0x0f, 0xfc, 0x00, 0x00, 0x00,
	0x00, 0x00, 0x00, 0x00, 0x00, 0x00, 0xc3, 0xfc, 0x00, 0xc0, 0x03, 0x00, 0x0c, 0x07, 0xff, 0x80, 0xc0, 0x03, 0x00, 0x0c, 0x00, 0x30, 0x00, 0xc0,
	0x3f, 0xf0, 0x00, 0x00, 0x00, 0x00, 0x10, 0x40, 0x41, 0x05, 0x04, 0x15, 0xfe, 0x30, 0x40, 0x41, 0x01, 0x04, 0x0c, 0x10, 0xd0, 0x40, 0x41, 0x01,
	0x04, 0x05, 0xfe, 0x00, 0x00, 0x00, 0x00, 0x00, 0x00, 0x03, 0x01, 0xff, 0xe0, 0x30, 0x0f, 0x3c, 0x3f, 0xf0, 0x8c, 0x42, 0x31, 0x0f, 0xfc, 0x20,
	0x10, 0x80, 0x06, 0x00, 0x10, 0x00, 0x00, 0x00, 0x00, 0x00, 0x00, 0x00, 0x03, 0x01, 0xff, 0xe0, 0x30, 0x0f, 0xfc, 0x00, 0x01, 0xff, 0xe4, 0x00,
	0x94, 0x3a, 0x1f, 0x00, 0x40, 0x41, 0x01, 0x07, 0xf8, 0x00, 0x00, 0x00, 0x00, 0x00, 0x00, 0x03, 0x01, 0xff, 0xe0, 0x30, 0x0f, 0xfc, 0x00, 0x01,
	0xff, 0xe4, 0x00, 0x91, 0x22, 0x04, 0x80, 0x22, 0x21, 0x08, 0x98, 0x3e, 0x00, 0x00, 0x00, 0x00, 0x00, 0x00, 0x00, 0x00, 0x0c, 0x07, 0xff, 0x80,
	0xc0, 0x3f, 0xf1, 0xff, 0xe4, 0x48, 0x97, 0xfa, 0x24, 0x90, 0x92, 0x41, 0xfe, 0x01, 0x20, 0x7f, 0xf8, 0x00, 0x00, 0x00, 0x00, 0x00, 0x00, 0x0c,
	0x07, 0xff, 0x85, 0x28, 0x34, 0xb0, 0xb2, 0x65, 0xb8, 0x83, 0x00, 0x1b, 0xe1, 0xb1, 0x00, 0x38, 0x03, 0xf0, 0x70, 0x38, 0x00, 0x00, 0x00, 0x00,
	0x00, 0x01, 0xff, 0xe0, 0x20, 0x0f, 0xfc, 0x3f, 0xf0, 0x80, 0x43, 0xff, 0x0f, 0xfc, 0x0c, 0x00, 0xff, 0x84, 0xcc, 0x01, 0xe0, 0x78, 0x78, 0x00,
	0x00, 0x00, 0x00, 0x06, 0x00, 0x1f, 0xe0, 0x80, 0x86, 0x04, 0x34, 0x11, 0x8c, 0x40, 0x1a, 0x00, 0x18, 0x00, 0xc0, 0x0c, 0x00, 0xe0, 0x0c, 0x00,
	0x00, 0x00, 0x00, 0x00, 0x00, 0x00, 0x10, 0x20, 0x78, 0x82, 0x32, 0x08, 0xc8, 0x72, 0xa1, 0x29, 0x80, 0x63, 0x01, 0x0a, 0x0c, 0x20, 0x60, 0x83,
	0x02, 0x10, 0x08, 0x00, 0x00, 0x00, 0x00, 0x00, 0x00, 0x00, 0x00, 0xff, 0xc2, 0x01, 0x0f, 0xf4, 0x22, 0x10, 0x9f, 0x42, 0x45, 0x0a, 0x14, 0x73,
	0x91, 0x06, 0x44, 0x11, 0x51, 0x85, 0x4c, 0x08, 0x00, 0x00, 0x00, 0x00, 0x00, 0x00, 0x1f, 0x80, 0xc2, 0x1d, 0x10, 0x06, 0x80, 0x0d, 0x01, 0xcf,
	0x98, 0xc2, 0x1d, 0x10, 0x06, 0x80, 0x0c, 0x00, 0xe0, 0x1c, 0x00, 0x00, 0x00, 0x00, 0x00, 0x00, 0x00, 0x0c, 0x07, 0xff, 0x84, 0x80, 0x13, 0xf8,
	0x90, 0x42, 0xc9, 0x1b, 0x18, 0xb2, 0x60, 0x87, 0x02, 0x1c, 0x09, 0x9c, 0x38, 0x18, 0x00, 0x00, 0x00, 0x00, 0x7f, 0xf8, 0x21, 0x03, 0xff, 0x09,
	0x24, 0x3f, 0xf0, 0x00, 0x07, 0xff, 0x93, 0xfa, 0x30, 0x21, 0x1b, 0x00, 0x38, 0x0f, 0x00, 0x00, 0x00, 0x00, 0x00, 0x00, 0x00, 0x03, 0x00, 0x0c,
	0x03, 0xff, 0x00, 0xc0, 0x03, 0x00, 0x0c, 0x00, 0x30, 0x01, 0x20, 0x0c, 0xc0, 0x61, 0x83, 0x03, 0x10, 0x02, 0x00, 0x00, 0x00, 0x00, 0x00, 0x00,
	0x00, 0x01, 0xff, 0xe0, 0x30, 0x00, 0xc0, 0x03, 0x00, 0x0c, 0x03, 0xff, 0x00, 0xc0, 0x03, 0x80, 0x12, 0x00, 0x84, 0x0c, 0x0c, 0x40, 0x08, 0x00,
	0x00, 0x00, 0x00, 0x03, 0x00, 0x0c, 0x07, 0xff, 0x80, 0xc0, 0x03, 0x00, 0x0c, 0x00, 0x48, 0x01, 0x20, 0x08, 0x40, 0x48, 0x82, 0x11, 0x10, 0x02,
	0x00, 0x00, 0x00, 0x00, 0x00, 0x00, 0x03, 0x00, 0xff, 0xc0, 0x30, 0x00, 0xc0, 0x03, 0x01, 0xff, 0xe0, 0x30, 0x00, 0xc0, 0x04, 0x80, 0x21, 0x03,
	0x03, 0x10, 0x02, 0x00, 0x00, 0x00, 0x00, 0x00, 0x00, 0x03, 0x00, 0xff, 0xc2, 0x31, 0x08, 0xc4, 0x23, 0x10, 0x8c, 0x47, 0xff, 0x80, 0xc0, 0x06,
	0x80, 0x33, 0x01, 0x82, 0x18, 0x06, 0x00, 0x00, 0x00, 0x00, 0x00, 0x00, 0x19, 0x00, 0x7f, 0xc3, 0x10, 0x08, 0x40, 0x41, 0x01, 0xff, 0xe0, 0x30,
	0x00, 0xc0, 0x04, 0x80, 0x21, 0x03, 0x03, 0x18, 0x06, 0x00, 0x00, 0x00, 0x00, 0x00, 0x00, 0x00, 0x00, 0x0c, 0x07, 0xff, 0x8f, 0xfc, 0x03, 0x10,
	0x0c, 0x43, 0xfe, 0x08, 0xc0, 0x7f, 0xf9, 0x0c, 0x60, 0x4b, 0x06, 0x18, 0x60, 0x18, 0x00, 0x00, 0x00, 0x00, 0x02, 0x00, 0x08, 0x07, 0xff, 0x83,
	0x30, 0x1b, 0x61, 0xff, 0xe6, 0x31, 0x88, 0xc4, 0x3f, 0xf0, 0x8c, 0x43, 0xff, 0x88, 0xc2, 0x01, 0xf8, 0x00, 0x00, 0x00, 0x00, 0x00, 0x00, 0x08,
	0x03, 0xff, 0x01, 0xe0, 0x18, 0x71, 0x80, 0x67, 0xff, 0x80, 0x04, 0x3f, 0x90, 0x86, 0x43, 0xf9, 0x08, 0x04, 0x00, 0xf0, 0x00, 0x00, 0x00, 0x00,
	0x02, 0x01, 0xff, 0xe0, 0x48, 0x02, 0x10, 0x3f, 0xf1, 0x80, 0x60, 0x00, 0x1f, 0xfe, 0x01, 0x40, 0x44, 0xc2, 0x11, 0x93, 0xc2, 0x00, 0x00, 0x00,
	0x00, 0x00, 0x00, 0x02, 0x01, 0xff, 0xe0, 0x20, 0x0f, 0xfc, 0x04, 0x81, 0xff, 0xe0, 0x84, 0x04, 0xc8, 0x7f, 0xf9, 0x0c, 0x23, 0xff, 0x00, 0xc0,
	0x03, 0x00, 0x00, 0x00, 0x00, 0x00, 0x02, 0x01, 0xff, 0xe0, 0x20, 0x0f, 0xfc, 0x04, 0x81, 0xff, 0xe0, 0x84, 0x07, 0xf8, 0x61, 0x19, 0xff, 0xe0,
	0x30, 0x03, 0x38, 0x70, 0x18, 0x00, 0x00, 0x00, 0x00, 0x11, 0xf9, 0xf9, 0x21, 0x04, 0x9f, 0x92, 0x10, 0x89, 0xfd, 0xe0, 0x00, 0x1f, 0xfe, 0x03,
	0x00, 0x1a, 0x01, 0x86, 0x18, 0x06, 0x00, 0x00, 0x00, 0x00, 0x00, 0x00, 0x00, 0x00, 0x08, 0x03, 0xdf, 0x03, 0x30, 0x1b, 0x61, 0xff, 0xe0, 0x30,
	0x02, 0xd0, 0x08, 0x41, 0xff, 0xe0, 0x84, 0x04, 0x10, 0x20, 0x40, 0x00, 0x00, 0x00, 0x00, 0x00, 0x00, 0x08, 0x07, 0xdf, 0x82, 0x10, 0x3f, 0xf1,
	0x40, 0x61, 0xfe, 0x07, 0xf8, 0x10, 0x01, 0xff, 0xe0, 0xc2, 0x02, 0x0c, 0x7f, 0xd0, 0x00, 0x00, 0x00, 0x00, 0x02, 0x00, 0xff, 0xc2, 0x01, 0x0a,
	0xd4, 0x2b, 0x90, 0xff, 0xc2, 0x7d, 0x0e, 0xcc, 0x00, 0x01, 0xff, 0xe0, 0x30, 0x03, 0x30, 0x70, 0x38, 0x00, 0x00, 0x00, 0x00, 0x17, 0xf9, 0x40,
	0x67, 0x4b, 0x04, 0x04, 0x37, 0xf9, 0x4c, 0x41, 0x17, 0x00, 0xc0, 0x7f, 0xf8, 0x0c, 0x00, 0xcc, 0x1c, 0x0e, 0x00, 0x00, 0x00, 0x00, 0x00, 0x00,
	0x02, 0x00, 0x18, 0x07, 0xdf, 0x8e, 0x58, 0x5f, 0xf8, 0xc4, 0x06, 0xfe, 0x0f, 0xf8, 0x3f, 0xf0, 0x00, 0x87, 0xff, 0x86, 0x08, 0x05, 0xe0, 0x00,
	0x00, 0x00, 0x00, 0x02, 0x01, 0xff, 0xe0, 0x8c, 0x0e, 0x4c, 0x57, 0xc8, 0xff, 0xc7, 0xff, 0x08, 0x40, 0x1e, 0xf0, 0xff, 0xc3, 0xff, 0x08, 0xc4,
	0x3f, 0xf0, 0x00, 0x00, 0x00, 0x00, 0x00, 0x00, 0x18, 0x00, 0x40, 0x1f, 0xfe, 0x08, 0x20, 0x20, 0x81, 0x04, 0x0e, 0x10, 0x26, 0x80, 0x06, 0x00,
	0x34, 0x03, 0x0c, 0x70, 0x08, 0x00, 0x00, 0x00, 0x00, 0x23, 0xf0, 0x80, 0x27, 0xd0, 0x89, 0x42, 0x25, 0x11, 0x92, 0x46, 0xcb, 0x1e, 0x18, 0x08,
	0x40, 0x53, 0x82, 0x11, 0x90, 0x82, 0x00, 0x00, 0x00, 0x00, 0x00, 0x00, 0x21, 0xf8, 0x80, 0x2f, 0xc1, 0x09, 0x0c, 0x24, 0x21, 0x1f, 0xe6, 0x82,
	0x1e, 0x08, 0x18, 0x20, 0x50, 0x82, 0x42, 0x10, 0x78, 0x00, 0x00, 0x00, 0x00, 0x00, 0x00, 0x20, 0x00, 0x87, 0xe7, 0xf0, 0x88, 0xc2, 0x25, 0x09,
	0x94, 0x24, 0x50, 0x9e, 0x42, 0x19, 0x08, 0x54, 0x22, 0x3f, 0x90, 0x42, 0x00, 0x00, 0x00, 0x00, 0x00, 0x00, 0x21, 0xf8, 0x80, 0x27, 0xc0, 0x89,
	0x02, 0x24, 0x09, 0x97, 0xe6, 0xd0, 0x9e, 0x40, 0x09, 0x08, 0x54, 0x22, 0x10, 0x90, 0x7e, 0x00, 0x00, 0x00, 0x00, 0x00, 0x00, 0x00, 0x00, 0x0c,
	0x07, 0xff, 0x84, 0x00, 0x10, 0x00, 0x7f, 0xc0, 0x60, 0x1f, 0xfe, 0x08, 0x20, 0x41, 0x02, 0xf8, 0x01, 0xb8, 0x78, 0x18, 0x00, 0x00, 0x00, 0x00,
	0x20, 0x18, 0x8f, 0x87, 0x84, 0x0a, 0x10, 0x28, 0x41, 0x2f, 0xe6, 0x84, 0x1c, 0x10, 0x10, 0x40, 0xe1, 0x02, 0x04, 0x10, 0xfe, 0x00, 0x00, 0x00,
	0x00, 0x00, 0x00, 0x20, 0x40, 0x8f, 0xe7, 0x84, 0x0a, 0x10, 0x2b, 0xf9, 0x20, 0x26, 0xb1, 0x9c, 0x44, 0x10, 0xa0, 0xa3, 0x82, 0x1b, 0x11, 0x82,
	0x00, 0x00, 0x00, 0x00, 0x00, 0x00, 0x20, 0x38, 0x8f, 0x07, 0x84, 0x0a, 0x10, 0x28, 0x41, 0x3f, 0xe6, 0x8c, 0x1c, 0x30, 0x11, 0xa0, 0xa4, 0x82,
	0x21, 0x91, 0x02, 0x00, 0x00, 0x00, 0x00, 0x00, 0x00, 0x20, 0x40, 0x85, 0x47, 0xb4, 0x8a, 0x92, 0x2a, 0x49, 0x29, 0x16, 0x84, 0x9c, 0x34, 0x10,
	0x10, 0xa1, 0x82, 0x0c, 0x11, 0xc0, 0x00, 0x00, 0x00, 0x00, 0x00, 0x00, 0x01, 0xf0, 0xf8, 0x02, 0x21, 0x04, 0xc8, 0x10, 0x20, 0x18, 0x07, 0xff,
	0x82, 0x08, 0x18, 0x40, 0x9e, 0x00, 0xee, 0x1c, 0x06, 0x00, 0x00, 0x00, 0x00, 0x00, 0x00, 0x00, 0x00, 0x82, 0x02, 0x3f, 0x9f, 0x40, 0x25, 0x00,
	0xa4, 0x06, 0x9f, 0x9a, 0x42, 0x79, 0x08, 0x6c, 0x23, 0xa0, 0x89, 0x04, 0x48, 0xf0, 0x00, 0x00, 0x00, 0x00, 0x23, 0xf8, 0x82, 0x07, 0x88, 0x0a,
	0x40, 0x29, 0x01, 0x27, 0xe4, 0xb0, 0x9f, 0x42, 0x15, 0x08, 0xe4, 0x22, 0x5f, 0x90, 0x42, 0x00, 0x00, 0x00, 0x00, 0x00, 0x00, 0x20, 0x40, 0x8f,
	0xe7, 0x84, 0x0a, 0x10, 0x28, 0x41, 0x2f, 0xe6, 0x8e, 0x1c, 0x58, 0x19, 0x50, 0xe9, 0x62, 0x44, 0x90, 0x10, 0x00, 0x00, 0x00, 0x00, 0x00, 0x00,
	0x00, 0x01, 0xff, 0xe0, 0x30, 0x0f, 0xfc, 0x03, 0x11, 0xff, 0xe3, 0xff, 0x01, 0x00, 0x7f, 0xf8, 0x61, 0x02, 0xf8, 0x01, 0xf8, 0x78, 0x18, 0x00,
	0x00, 0x00, 0x00, 0x00, 0x00, 0x0c, 0x07, 0xff, 0x82, 0x10, 0x08, 0x41, 0xff, 0xe0, 0x60, 0x1f, 0xfe, 0x08, 0x20, 0x41, 0x02, 0xf8, 0x01, 0xb8,
	0x78, 0x18, 0x00, 0x00, 0x00, 0x00, 0x20, 0x40, 0x9f, 0xe7, 0x84, 0x0a, 0x10, 0x2b, 0xf9, 0x39, 0x26, 0xe4, 0x9d, 0x92, 0x16, 0x48, 0xb9, 0x22,
	0x67, 0x90, 0x10, 0x00, 0x00, 0x00, 0x00, 0x00, 0x00, 0x20, 0x80, 0x86, 0x47, 0x91, 0x0a, 0x42, 0x2b, 0xf9, 0x20, 0x06, 0xbf, 0x9c, 0x82, 0x12,
	0x08, 0xa8, 0x22, 0x20, 0x90, 0xfe, 0x00, 0x00, 0x00, 0x00, 0x00, 0x00, 0x21, 0xf8, 0x84, 0x27, 0xd0, 0x89, 0x42, 0x25, 0xf9, 0x14, 0x26, 0x90,
	0x9e, 0x7e, 0x19, 0x08, 0x74, 0x22, 0x50, 0x91, 0xff, 0x00, 0x00, 0x00, 0x00, 0x00, 0x00, 0x20, 0x40, 0x81, 0x07, 0xbf, 0x8a, 0x10, 0x28, 0x41,
	0x27, 0xc6, 0xa0, 0x9e, 0x82, 0x1a, 0x08, 0xe8, 0x22, 0x3f, 0x90, 0x82, 0x00, 0x00, 0x00, 0x00, 0x00, 0x00, 0x22, 0x40, 0x89, 0x07, 0xbf, 0x8a,
	0x90, 0x2c, 0x41, 0x21, 0x06, 0xbf, 0x9c, 0x10, 0x10, 0x40, 0xa1, 0x02, 0x04, 0x11, 0xfe, 0x00, 0x00, 0x00, 0x00, 0x00, 0x00, 0x3f, 0xf0, 0x0c,
	0x07, 0xff, 0x81, 0xe0, 0x1b, 0x61, 0x90, 0x67, 0xff, 0x82, 0x08, 0x10, 0x40, 0xbe, 0x00, 0xee, 0x1c, 0x06, 0x00, 0x00, 0x00, 0x00, 0x00, 0x00,
	0x00, 0x80, 0x82, 0x22, 0x3e, 0xbe, 0x24, 0x28, 0xa1, 0x3f, 0xf4, 0x88, 0x14, 0xc2, 0x76, 0x70, 0x4e, 0x03, 0x20, 0x9a, 0x82, 0x43, 0xf8, 0x00,
	0x00, 0x00, 0x00, 0x00, 0x00, 0x10, 0x03, 0xff, 0x06, 0x30, 0x17, 0x80, 0x3b, 0x87, 0x01, 0x84, 0x10, 0x7d, 0xf8, 0x92, 0x43, 0x9e, 0x07, 0x1c,
	0x61, 0x88, 0x00, 0x00, 0x00, 0x00, 0x27, 0xf8, 0x82, 0x07, 0x91, 0x0a, 0x44, 0x2b, 0xf9, 0x20, 0x26, 0x84, 0x1d, 0xfe, 0x10, 0x40, 0xa1, 0x02,
	0x04, 0x11, 0xfe, 0x00, 0x00, 0x00, 0x00, 0x00, 0x00, 0x23, 0xf8, 0x89, 0x87, 0xa6, 0x0a, 0x98, 0x2b, 0x99, 0x28, 0x26, 0xa0, 0x9e, 0xfe, 0x12,
	0x60, 0xe9, 0x82, 0x26, 0x10, 0xfe, 0x00, 0x00, 0x00, 0x00, 0x00, 0x00, 0x20, 0xe0, 0x86, 0x87, 0xb1, 0x0b, 0x82, 0x29, 0xf1, 0x20, 0x06, 0xbf,
	0x9c, 0x82, 0x12, 0x08, 0xa8, 0x22, 0x3f, 0x90, 0x82, 0x00, 0x00, 0x00, 0x00, 0x00, 0x00, 0x27, 0xf8, 0x91, 0x2f, 0xc4, 0x8b, 0x7e, 0x4c, 0x49,
	0x53, 0x25, 0x4c, 0x9d, 0x2a, 0x15, 0x38, 0xd0, 0x66, 0xc0, 0x91, 0xfe, 0x00, 0x00, 0x00, 0x00, 0x00, 0x00, 0x63, 0xf8, 0x52, 0x20, 0xc9, 0x04,
	0x70, 0x66, 0x60, 0x20, 0x67, 0xff, 0x82, 0x08, 0x10, 0x40, 0xbe, 0x00, 0xee, 0x1c, 0x06, 0x00, 0x00, 0x00, 0x00, 0x00, 0x00, 0x00, 0x20, 0x02,
	0x43, 0xff, 0x98, 0x30, 0x7f, 0x41, 0xa1, 0x47, 0xfd, 0x12, 0x58, 0x52, 0x61, 0x79, 0x84, 0x7e, 0x92, 0x6e, 0x52, 0x18, 0x00, 0x00, 0x00, 0x00,
	0x20, 0x40, 0x9f, 0xe7, 0x84, 0x0a, 0x10, 0x2f, 0xf9, 0x20, 0x06, 0x84, 0x1d, 0xfe, 0x10, 0x40, 0xa1, 0x02, 0x04, 0x11, 0xfe, 0x00, 0x00, 0x00,
	0x00, 0x00, 0x00, 0x00, 0x40, 0x81, 0x02, 0x3f, 0x9e, 0x82, 0x2b, 0xf8, 0xa8, 0x24, 0xa0, 0x9a, 0xfe, 0x72, 0x48, 0x49, 0x42, 0xa2, 0x08, 0xb4,
	0x47, 0x0c, 0x00, 0x00, 0x00, 0x00, 0x27, 0xf8, 0x90, 0x0f, 0xdf, 0x0b, 0x00, 0x4c, 0x01, 0x5f, 0xe5, 0x56, 0x9d, 0x4a, 0x15, 0x30, 0xb4, 0x46,
	0xd7, 0x92, 0xe2, 0x00, 0x00, 0x00, 0x00, 0x00, 0x00, 0x01, 0x00, 0x87, 0x82, 0x22, 0x1f, 0x98, 0x2f, 0xf8, 0xb1, 0x24, 0xc4, 0x95, 0xfe, 0x75,
	0x40, 0x45, 0x03, 0x94, 0x9a, 0x92, 0x4c, 0x78, 0x00, 0x00, 0x00, 0x00, 0x20, 0xf8, 0x8e, 0x27, 0xb8, 0x8a, 0xe2, 0x2a, 0x71, 0x28, 0x05, 0x1f,
	0x1c, 0x04, 0x17, 0xfc, 0xe4, 0x86, 0xb1, 0x11, 0x02, 0x00, 0x00, 0x00, 0x00, 0x00, 0x00, 0x23, 0xf8, 0x88, 0x27, 0xbf, 0x8a, 0x82, 0x2b, 0xf9,
	0x20, 0x06, 0xbf, 0x9c, 0x82, 0x13, 0xf8, 0xa8, 0x22, 0x20, 0x90, 0xfe, 0x00, 0x00, 0x00, 0x00, 0x00, 0x00, 0x00, 0x00, 0xff, 0xc2, 0x31, 0x1f,
	0xfe, 0x3f, 0xf0, 0x0c, 0x07, 0xff, 0x8f, 0xfc, 0x04, 0x01, 0xef, 0xe3, 0xcc, 0x01, 0xf0, 0x78, 0x38, 0x00, 0x00, 0x00, 0x00, 0x00, 0x01, 0xcf,
	0xe0, 0x44, 0x99, 0xfc, 0x05, 0x10, 0x53, 0x82, 0xff, 0x11, 0x02, 0x7f, 0xf8, 0x61, 0x03, 0xf8, 0x01, 0xf8, 0x78, 0x18, 0x00, 0x00, 0x00, 0x00,
	0x23, 0xf0, 0x99, 0x0f, 0xff, 0x8b, 0x98, 0x4f, 0xa5, 0x58, 0x65, 0x7f, 0x9d, 0x02, 0x17, 0xf8, 0xd0, 0x26, 0xc0, 0x91, 0xfe, 0x00, 0x00, 0x00,
	0x00, 0x00, 0x00, 0x27, 0xf8, 0x80, 0x2f, 0xbf, 0x8a, 0x02, 0x4f, 0xf1, 0x5f, 0xe5, 0x88, 0xdf, 0xfe, 0x14, 0x88, 0xd2, 0x26, 0xcb, 0x90, 0x20,
	0x00, 0x00, 0x00, 0x00, 0x00, 0x00, 0x27, 0xfc, 0x89, 0x2f, 0xa7, 0x0a, 0xd0, 0x4c, 0xfd, 0x50, 0x05, 0x7f, 0x9d, 0xfe, 0x14, 0x08, 0xdf, 0xe6,
	0xc0, 0x91, 0x0e, 0x00, 0x00, 0x00, 0x00, 0x00, 0x00, 0x22, 0x10, 0x9f, 0xe7, 0xa1, 0x0a, 0xfc, 0x2a, 0x11, 0x2f, 0xc5, 0x0c, 0x1d, 0xfe, 0x30,
	0xc0, 0xc7, 0x86, 0x6d, 0x92, 0x31, 0x00, 0x00, 0x00, 0x00, 0x00, 0x00, 0x21, 0xf8, 0x98, 0x27, 0xa9, 0x0b, 0xfe, 0x29, 0x01, 0x3f, 0xe5, 0x20,
	0x1c, 0xfe, 0x13, 0x10, 0xb3, 0x86, 0x9f, 0x12, 0x82, 0x00, 0x00, 0x00, 0x00, 0x00, 0x00, 0x00, 0x40, 0x81, 0x02, 0x7b, 0xbf, 0x7e, 0x2c, 0xc1,
	0x2e, 0x85, 0x6a, 0x94, 0x7c, 0x72, 0x50, 0x53, 0x43, 0x14, 0x99, 0x93, 0x41, 0xc0, 0x00, 0x00, 0x00, 0x00, 0x00, 0x40, 0x81, 0x02, 0x3f, 0xbe,
	0xa0, 0x2e, 0xf9, 0x2c, 0x85, 0x32, 0x14, 0xfe, 0x7e, 0x20, 0xc9, 0x83, 0x65, 0x11, 0x26, 0xc5, 0x08, 0x00, 0x00, 0x00, 0x00, 0x02, 0x20, 0x88,
	0x82, 0x7f, 0xbe, 0x50, 0x2f, 0xf9, 0x25, 0x24, 0xff, 0x94, 0x52, 0x77, 0xf8, 0x4d, 0x82, 0xd5, 0x1a, 0x52, 0x41, 0x44, 0x00, 0x00, 0x00, 0x00,
	0x00, 0x00, 0x83, 0x02, 0x73, 0xbe, 0x48, 0x2f, 0xf9, 0x31, 0x25, 0x7f, 0x95, 0x12, 0x75, 0xe8, 0x54, 0xa3, 0x52, 0x9b, 0x72, 0x44, 0x38, 0x00,
	0x00, 0x00, 0x00, 0x00, 0x00, 0x9f, 0xe2, 0x0c, 0x3f, 0xfe, 0x28, 0x01, 0x3f, 0xe5, 0x7f, 0x94, 0x48, 0x77, 0xfc, 0xc0, 0x03, 0x7f, 0x93, 0x02,
	0x87, 0xf8, 0x00, 0x00, 0x00, 0x00, 0x00, 0x00, 0x9f, 0xe2, 0x02, 0x3f, 0xc6, 0x29, 0x21, 0x3f, 0xe4, 0xff, 0x94, 0x48, 0x77, 0xf8, 0x4d, 0x23,
	0xf3, 0x18, 0xdc, 0x47, 0x8c, 0x00, 0x00, 0x00, 0x00, 0x27, 0xf8, 0x81, 0x0f, 0xff, 0x8b, 0xde, 0x4d, 0x79, 0x40, 0x05, 0x7f, 0x9c, 0x20, 0x37,
	0xf8, 0xd2, 0xa6, 0xca, 0x91, 0x2e, 0x00, 0x00, 0x00, 0x00, 0x00, 0x00, 0x00, 0x01, 0xf3, 0xe4, 0x30, 0x9f, 0xfe, 0x7f, 0xf9, 0xff, 0xe3, 0xcf,
	0x11, 0xc2, 0x7f, 0xf8, 0x41, 0x02, 0xf8, 0x01, 0xf8, 0x78, 0x18, 0x00, 0x00, 0x00, 0x00, 0x00, 0x00, 0x7f, 0xc0, 0x02, 0x00, 0x10, 0x01, 0x80,
	0x04, 0x00, 0x10, 0x1f, 0xfe, 0x01, 0x00, 0x04, 0x00, 0x10, 0x00, 0x40, 0x0f, 0x00, 0x00, 0x00, 0x00, 0x00, 0x7e, 0x80, 0x0a, 0x00, 0x48, 0x02,
	0x20, 0x08, 0x80, 0x3e, 0x07, 0x88, 0x02, 0x20, 0x08, 0x84, 0x22, 0x10, 0x88, 0x8e, 0x1e, 0x00, 0x00, 0x00, 0x00, 0x00, 0x00, 0x00, 0x00, 0x0c,
	0x07, 0xff, 0x90, 0x02, 0x5f, 0xe8, 0x01, 0x00, 0x18, 0x00, 0x40, 0x7f, 0xf8, 0x04, 0x00, 0x10, 0x00, 0x40, 0x0f, 0x00, 0x00, 0x00, 0x00, 0x00,
	0x02, 0x00, 0x18, 0x07, 0xff, 0x83, 0x00, 0x1b, 0xf8, 0xc0, 0x46, 0x02, 0x18, 0x10, 0x2f, 0xf8, 0x81, 0x02, 0x04, 0x08, 0x10, 0x21, 0xc0, 0x00,
	0x00, 0x00, 0x00, 0x7c, 0x80, 0x17, 0xe0, 0x90, 0x84, 0xc2, 0x12, 0x90, 0x6a, 0x47, 0x09, 0x04, 0x18, 0x10, 0x60, 0x41, 0x81, 0x19, 0x1d, 0x82,
	0x00, 0x00, 0x00, 0x00, 0x00, 0x00, 0x02, 0x00, 0x08, 0x63, 0xff, 0x00, 0x98, 0x7f, 0xf8, 0x04, 0x00, 0x60, 0x0e, 0x7c, 0x41, 0xc1, 0xff, 0xe0,
	0x10, 0x00, 0x40, 0x0f, 0x00, 0x00, 0x00, 0x00, 0x00, 0x00, 0x00, 0xff, 0xc0, 0x06, 0x00, 0x60, 0x7f, 0xf8, 0x04, 0x00, 0xf0, 0x00, 0x00, 0x3f,
	0xf0, 0x92, 0x42, 0x49, 0x09, 0x24, 0x7f, 0xf8, 0x00, 0x00, 0x00, 0x00, 0x3f, 0xf0, 0x0c, 0x07, 0xff, 0x81, 0xe0, 0x1b, 0x61, 0x80, 0x61, 0xfe,
	0x00, 0x70, 0x7f, 0xf8, 0x04, 0x00, 0x10, 0x03, 0xc0, 0x00, 0x00, 0x00, 0x00, 0x00, 0x00, 0x78, 0x38, 0x5f, 0x41, 0x49, 0x09, 0x24, 0x24, 0x90,
	0xf2, 0x46, 0x49, 0x09, 0x24, 0x24, 0xa8, 0xb2, 0xa2, 0xbd, 0x9a, 0x04, 0x00, 0x00, 0x00, 0x00, 0x00, 0x00, 0x12, 0x20, 0xff, 0xc4, 0x00, 0x97,
	0xfa, 0x40, 0x68, 0x03, 0x00, 0x10, 0x1f, 0xfe, 0x01, 0x00, 0x04, 0x00, 0x10, 0x03, 0xc0, 0x00, 0x00, 0x00, 0x00, 0x00, 0x00, 0x7f, 0xf8, 0x42,
	0x01, 0x11, 0x09, 0x88, 0x22, 0x50, 0xe6, 0x26, 0x3f, 0x8b, 0x21, 0x22, 0xa0, 0x9a, 0x42, 0xc8, 0x98, 0x20, 0x00, 0x00, 0x00, 0x00, 0x00, 0x00,
	0x00, 0x00, 0x0c, 0x07, 0xff, 0x90, 0x02, 0x41, 0xe8, 0xf8, 0x00, 0x40, 0x01, 0x1e, 0x7f, 0x80, 0x10, 0x20, 0x40, 0x81, 0x06, 0x07, 0xf0, 0x00,
	0x00, 0x00, 0x00, 0x00, 0x00, 0x0c, 0x07, 0xff, 0x90, 0x02, 0x5f, 0xe8, 0x04, 0x00, 0x10, 0x00, 0x40, 0x7f, 0xf8, 0x04, 0x00, 0x10, 0x00, 0x40,
	0x0f, 0x00, 0x00, 0x00, 0x00, 0x00, 0x00, 0x00, 0x0c, 0x07, 0xff, 0x90, 0x02, 0x40, 0x48, 0x01, 0x07, 0xff, 0x84, 0x10, 0x18, 0x40, 0x31, 0x00,
	0x44, 0x00, 0x10, 0x03, 0xc0, 0x00, 0x00, 0x00, 0x00, 0x00, 0x00, 0x0c, 0x07, 0xff, 0x91, 0x82, 0x04, 0x01, 0xff, 0xe0, 0x82, 0x06, 0x10, 0x38,
	0x40, 0x9a, 0x00, 0x3c, 0x03, 0x9c, 0x70, 0x18, 0x00, 0x00, 0x00, 0x00, 0x00, 0x00, 0x0c, 0x07, 0xff, 0x90, 0x02, 0x43, 0x08, 0x0c, 0x07, 0xff,
	0x81, 0xe0, 0x0b, 0xc0, 0x6d, 0x83, 0x33, 0x10, 0xc2, 0x03, 0x00, 0x00, 0x00, 0x00, 0x00, 0x00, 0x00, 0x0c, 0x07, 0xff, 0x90, 0x02, 0x5f, 0xe8,
	0x00, 0x00, 0x00, 0x1f, 0xfe, 0x0c, 0x80, 0x22, 0x20, 0x88, 0x84, 0x22, 0x60, 0xf8, 0x00, 0x00, 0x00, 0x00, 0x00, 0x00, 0x0c, 0x07, 0xff, 0x90,
	0x02, 0x43, 0x08, 0x0c, 0x07, 0xff, 0x80, 0x00, 0x00, 0x00, 0x21, 0x01, 0x02, 0x0c, 0x04, 0x60, 0x08, 0x00, 0x00, 0x00, 0x00, 0x00, 0x00, 0x0c,
	0x07, 0xff, 0x90, 0x02, 0x04, 0x01, 0xff, 0xe0, 0x40, 0x02, 0x20, 0x09, 0x20, 0x44, 0x41, 0x21, 0x08, 0xfe, 0x4e, 0x08, 0x00, 0x00, 0x00, 0x00,
	0x00, 0x00, 0x0c, 0x07, 0xff, 0x90, 0x02, 0x00, 0x01, 0xff, 0xe0, 0xc0, 0x02, 0x00, 0x3f, 0xf1, 0xc0, 0x41, 0x01, 0x07, 0xfc, 0x10, 0x10, 0x00,
	0x00, 0x00, 0x00, 0x00, 0x00, 0x0c, 0x07, 0xff, 0x90, 0x02, 0x5f, 0xe8, 0x00, 0x00, 0x00, 0x1f, 0xfe, 0x01, 0x00, 0x45, 0x83, 0x13, 0x18, 0x46,
	0x0f, 0x00, 0x00, 0x00, 0x00, 0x00, 0x00, 0x00, 0x0c, 0x07, 0xff, 0x93, 0xf2, 0x50, 0x28, 0x40, 0x81, 0xfe, 0x04, 0x00, 0x1f, 0xf0, 0x40, 0x41,
	0x01, 0x04, 0x04, 0x1f, 0xf0, 0x00, 0x00, 0x00, 0x00, 0x00, 0x00, 0x0c, 0x07, 0xff, 0x90, 0x02, 0x43, 0x08, 0xff, 0xc2, 0x31, 0x08, 0xc4, 0x3f,
	0xf0, 0x8c, 0x42, 0x31, 0x0f, 0xfc, 0x20, 0x10, 0x00, 0x00, 0x00, 0x00, 0x00, 0x00, 0x0c, 0x07, 0xff, 0x90, 0x02, 0x5f, 0xe8, 0x04, 0x00, 0x10,
	0x04, 0x40, 0x11, 0xe0, 0xc4, 0x02, 0x90, 0x11, 0xc0, 0x41, 0xf8, 0x00, 0x00, 0x00, 0x00, 0x00, 0x00, 0x0c, 0x07, 0xff, 0x94, 0x02, 0x5c, 0xf8,
	0xca, 0x42, 0x29, 0x15, 0xa4, 0x4c, 0xb0, 0x32, 0x01, 0x88, 0x8c, 0x22, 0x60, 0xf8, 0x00, 0x00, 0x00, 0x00, 0x00, 0x00, 0x0c, 0x07, 0xff, 0x90,
	0x02, 0x5f, 0xe8, 0x40, 0x81, 0x02, 0x07, 0xf8, 0x10, 0x20, 0x7f, 0x81, 0x02, 0x04, 0x08, 0x7f, 0xf8, 0x00, 0x00, 0x00, 0x00, 0x00, 0x00, 0x0c,
	0x07, 0xff, 0x90, 0x02, 0x7f, 0xf8, 0x08, 0x00, 0x20, 0x00, 0x80, 0x1f, 0xe0, 0x09, 0x80, 0x22, 0x00, 0x80, 0x7f, 0xf8, 0x00, 0x00, 0x00, 0x00,
	0x00, 0x00, 0x0c, 0x07, 0xff, 0x90, 0xc2, 0x3f, 0xf0, 0x0c, 0x03, 0xff, 0x00, 0xc0, 0x7f, 0xf8, 0x0c, 0x00, 0x48, 0x06, 0x18, 0x60, 0x18, 0x00,
	0x00, 0x00, 0x00, 0x00, 0x00, 0x0c, 0x07, 0xcf, 0x93, 0xfa, 0x10, 0x21, 0xb3, 0x00, 0x78, 0x03, 0xb0, 0x7f, 0xf8, 0x40, 0x81, 0x02, 0x04, 0x08,
	0x1f, 0xe0, 0x00, 0x00, 0x00, 0x00, 0x00, 0x00, 0x0c, 0x07, 0xcf, 0x97, 0xfa, 0x40, 0x08, 0x7f, 0x81, 0x02, 0x04, 0x08, 0x1f, 0xe0, 0x40, 0x81,
	0xfe, 0x00, 0x00, 0x7f, 0xf8, 0x00, 0x00, 0x00, 0x00, 0x00, 0x00, 0x0c, 0x07, 0xcf, 0x90, 0x02, 0x5f, 0xe8, 0x20, 0x80, 0xff, 0x0c, 0x00, 0x03,
	0x00, 0xff, 0xc0, 0x30, 0x00, 0xc0, 0x7f, 0xf8, 0x00, 0x00, 0x00, 0x00, 0x00, 0x00, 0x0c, 0x07, 0xcf, 0x91, 0x02, 0x7f, 0xf8, 0x20, 0x01, 0xff,
	0x0c, 0x04, 0x5f, 0xf0, 0x40, 0x41, 0xff, 0x04, 0x04, 0x10, 0xf0, 0x00, 0x00, 0x00, 0x00, 0x00, 0x00, 0x0c, 0x07, 0xff, 0x93, 0xf2, 0x50, 0x28,
	0x40, 0x81, 0xfe, 0x00, 0x80, 0x3f, 0xf0, 0x80, 0x42, 0x01, 0x08, 0x04, 0x3f, 0xf0, 0x00, 0x00, 0x00, 0x00, 0x00, 0x00, 0x0c, 0x07, 0xcf, 0x90,
	0xc2, 0x7f, 0xf8, 0x60, 0x80, 0x84, 0x02, 0x30, 0x7f, 0xf8, 0x0c, 0x07, 0xff, 0x80, 0xc0, 0x03, 0x00, 0x00, 0x00, 0x00, 0x00, 0x00, 0x00, 0x0c,
	0x07, 0xff, 0x9f, 0xfe, 0x03, 0x00, 0xff, 0xc0, 0x30, 0x1f, 0xfe, 0x00, 0x00, 0xff, 0xc2, 0x01, 0x08, 0x04, 0x3f, 0xf0, 0x00, 0x00, 0x00, 0x00,
	0x00, 0x00, 0x0c, 0x07, 0xcf, 0x97, 0xfa, 0x30, 0x30, 0xff, 0xc3, 0x03, 0x03, 0xf0, 0x7f, 0xf8, 0x61, 0x03, 0xf8, 0x01, 0xf8, 0x78, 0x18, 0x00,
	0x00, 0x00, 0x00, 0x00, 0x00, 0x0c, 0x07, 0xcf, 0x94, 0xca, 0x5b, 0x68, 0x0c, 0x03, 0xcf, 0x08, 0x04, 0x3f, 0xf0, 0x80, 0x43, 0xff, 0x08, 0x04,
	0x20, 0xf0, 0x00, 0x00, 0x00, 0x00, 0x03, 0x01, 0xff, 0xe4, 0x00, 0x97, 0xfa, 0x42, 0x80, 0x3a, 0x07, 0x39, 0x01, 0x58, 0x19, 0x41, 0x8e, 0x80,
	0xcb, 0x0c, 0x66, 0x07, 0x00, 0x00, 0x00, 0x00, 0x00, 0x00, 0x00, 0x0c, 0x07, 0xff, 0x93, 0x32, 0x58, 0x68, 0xcc, 0x40, 0xcc, 0x06, 0x18, 0x3f,
	0xf1, 0x40, 0xa1, 0x02, 0x04, 0x08, 0x1f, 0xe0, 0x00, 0x00, 0x00, 0x00, 0x03, 0x00, 0x0c, 0x07, 0xcf, 0x94, 0x02, 0x57, 0xf8, 0x82, 0x02, 0x7f,
	0x99, 0x02, 0xe4, 0x08, 0x9f, 0xe2, 0x40, 0x89, 0x02, 0x27, 0xf8, 0x00, 0x00, 0x00, 0x00, 0x03, 0x00, 0x0c, 0x07, 0xcf, 0x94, 0x02, 0x5d, 0xf8,
	0x44, 0x41, 0x19, 0x1f, 0xa4, 0x3c, 0xa1, 0x69, 0x85, 0xae, 0x16, 0x64, 0x3a, 0x08, 0x00, 0x00, 0x00, 0x00, 0x00, 0x01, 0xff, 0xe4, 0x30, 0x97,
	0xfa, 0x42, 0x08, 0x37, 0x83, 0x01, 0x9f, 0xfe, 0x1f, 0x10, 0x86, 0x42, 0x19, 0x0f, 0xc4, 0x00, 0xf0, 0x00, 0x00, 0x00, 0x00, 0x00, 0x00, 0xff,
	0xc4, 0x00, 0x97, 0xfa, 0x03, 0x00, 0xff, 0xc2, 0x31, 0x08, 0xc4, 0x3f, 0xf0, 0x8c, 0x43, 0xff, 0x06, 0x18, 0x70, 0x18, 0x00, 0x00, 0x00, 0x00,
	0x00, 0x00, 0x0c, 0x07, 0xcf, 0x92, 0xda, 0x08, 0xd0, 0xa6, 0x44, 0xa2, 0x87, 0xf8, 0x60, 0x00, 0x8c, 0x42, 0x31, 0x08, 0xc4, 0x3c, 0xf0, 0x00,
	0x00, 0x00, 0x00, 0x03, 0x00, 0xff, 0xc4, 0x00, 0x97, 0xfa, 0x00, 0x00, 0x7f, 0x81, 0xfe, 0x00, 0x00, 0x3f, 0xf0, 0x8c, 0x43, 0xff, 0x08, 0xc4,
	0x3f, 0xf0, 0x00, 0x00, 0x00, 0x00, 0x00, 0x00, 0x0c, 0x07, 0xcf, 0x9f, 0xfe, 0x0c, 0xc0, 0xff, 0xc0, 0xcc, 0x1f, 0xfe, 0x18, 0x60, 0xdc, 0xc4,
	0x0c, 0x87, 0x80, 0x01, 0xe0, 0x00, 0x00, 0x00, 0x00, 0x03, 0x00, 0xff, 0xc4, 0x00, 0x97, 0xfa, 0x53, 0x28, 0x7f, 0x81, 0x32, 0x03, 0xf0, 0x3f,
	0xf1, 0x0d, 0x24, 0x3e, 0x97, 0x8a, 0x40, 0x78, 0x00, 0x00, 0x00, 0x00, 0x00, 0x01, 0xff, 0xe4, 0x84, 0x97, 0xfa, 0x08, 0x40, 0xff, 0xc2, 0x01,
	0x0f, 0xfc, 0x3f, 0xf0, 0x80, 0x41, 0xfe, 0x83, 0x22, 0x70, 0xf8, 0x00, 0x00, 0x00, 0x00, 0x00, 0x01, 0xff, 0xe4, 0x00, 0x99, 0xfe, 0x27, 0xf1,
	0x80, 0x46, 0x7f, 0x0b, 0xfe, 0x28, 0x09, 0x9f, 0xce, 0x22, 0x08, 0x70, 0x2e, 0x38, 0x00, 0x00, 0x00, 0x00, 0x00, 0x01, 0xff, 0xe4, 0x90, 0x97,
	0xfe, 0x72, 0x91, 0x33, 0x83, 0x86, 0x09, 0xe6, 0x40, 0x08, 0xff, 0xc1, 0x12, 0x08, 0x44, 0x4f, 0x08, 0x00, 0x00, 0x00, 0x00, 0x03, 0x01, 0xff,
	0xe4, 0x00, 0x97, 0xfa, 0x3f, 0xf0, 0xff, 0xc3, 0xff, 0x0c, 0x0c, 0x7f, 0xf8, 0x7f, 0xc6, 0x42, 0x83, 0x08, 0x31, 0xe0, 0x00, 0x00, 0x00, 0x00,
	0x00, 0x00, 0xff, 0xc4, 0x00, 0x92, 0xce, 0x28, 0x51, 0x1e, 0x23, 0xff, 0x09, 0x24, 0x3f, 0xf0, 0x00, 0x07, 0xff, 0x80, 0x40, 0x0f, 0x00, 0x00,
	0x00, 0x00, 0x00, 0x03, 0x01, 0xff, 0xe4, 0x00, 0x97, 0xfa, 0x13, 0x20, 0x2d, 0x07, 0x7b, 0x86, 0xd8, 0x7f, 0xf8, 0x8c, 0x43, 0xff, 0x08, 0xc4,
	0x3f, 0xf0, 0x00, 0x00, 0x00, 0x00, 0x00, 0x01, 0xff, 0xe4, 0x20, 0x9f, 0xfe, 0x24, 0x90, 0xe1, 0xc3, 0x7b, 0x1f, 0xfa, 0x10, 0x20, 0x7f, 0x80,
	0x10, 0x0c, 0x4c, 0x4f, 0x08, 0x00, 0x00, 0x00, 0x00, 0x00, 0x01, 0xff, 0xe4, 0x00, 0x84, 0x7e, 0x6d, 0x80, 0x93, 0xe7, 0xef, 0x9f, 0x60, 0x45,
	0xf1, 0xf7, 0xe7, 0xd8, 0x11, 0x7f, 0x4d, 0xf8, 0x00, 0x00, 0x00, 0x00, 0x00, 0x40, 0x01, 0x07, 0xff, 0x80, 0x10, 0x10, 0x40, 0x21, 0x00, 0x84,
	0x01, 0x10, 0x00, 0x40, 0x01, 0x00, 0x04, 0x00, 0xf0, 0x00, 0x00, 0x00, 0x00, 0x00, 0x00, 0x00, 0x00, 0x0c, 0x03, 0xff, 0x00, 0xc0, 0x03, 0x01,
	0xff, 0xe0, 0x02, 0x1f, 0xfe, 0x00, 0x20, 0x40, 0x80, 0xc2, 0x01, 0x08, 0x03, 0xc0, 0x00, 0x00, 0x00, 0x00, 0x10, 0x10, 0x40, 0x47, 0xff, 0x81,
	0x04, 0x4d, 0x10, 0xa4, 0x41, 0x89, 0x02, 0x24, 0x1c, 0x10, 0xd0, 0x46, 0x21, 0x10, 0x3c, 0x00, 0x00, 0x00, 0x00, 0x00, 0x00, 0x02, 0x00, 0xff,
	0xc0, 0x20, 0x00, 0x80, 0x3f, 0xf0, 0x10, 0x07, 0xff, 0x83, 0x08, 0x7f, 0xf8, 0x50, 0x83, 0x32, 0x18, 0x48, 0x01, 0xe0, 0x00, 0x00, 0x00, 0x00,
	0x10, 0x11, 0xf0, 0x41, 0x1f, 0xc4, 0x04, 0x7f, 0x10, 0x02, 0x41, 0x09, 0x1f, 0x94, 0x10, 0x10, 0x40, 0x41, 0x61, 0x1e, 0x3c, 0x00, 0x00, 0x00,
	0x00, 0x00, 0x00, 0x00, 0x00, 0x0c, 0x07, 0xff, 0x8f, 0xfc, 0x23, 0x10, 0xff, 0xc2, 0x31, 0x0f, 0xfc, 0x00, 0x21, 0xff, 0xe1, 0x82, 0x03, 0x08,
	0x03, 0xe0, 0x00, 0x00, 0x00, 0x00, 0x00, 0x00, 0x40, 0x47, 0xc1, 0x11, 0xfe, 0x7e, 0x11, 0x1a, 0x47, 0xe9, 0x11, 0xb4, 0x7e, 0x50, 0x38, 0x41,
	0x61, 0x19, 0x84, 0x1c, 0xf0, 0x00, 0x00, 0x00, 0x00, 0x11, 0xf8, 0x58, 0x25, 0x48, 0x95, 0x24, 0x32, 0x50, 0x40, 0x41, 0x7f, 0x8c, 0x04, 0xd2,
	0x10, 0x44, 0x41, 0x01, 0x04, 0x1c, 0x00, 0x00, 0x00, 0x00, 0x00, 0x00, 0x7e, 0x19, 0x08, 0x64, 0x2f, 0xdf, 0x86, 0x40, 0x99, 0x7b, 0x64, 0x05,
	0x9f, 0x96, 0x56, 0x19, 0x54, 0x66, 0x51, 0x87, 0x1c, 0x00, 0x00, 0x00, 0x00, 0x00, 0x00, 0x08, 0x40, 0x21, 0x07, 0x7b, 0x8f, 0xfc, 0x24, 0x90,
	0xe3, 0xc3, 0xff, 0x08, 0x04, 0x3f, 0xf1, 0xff, 0xe1, 0x02, 0x02, 0x08, 0x05, 0xe0, 0x00, 0x00, 0x00, 0x00, 0x00, 0x00, 0xff, 0xc0, 0x01, 0x07,
	0xfc, 0x3f, 0xf0, 0x00, 0x07, 0xdf, 0x84, 0x42, 0x7d, 0xf9, 0xff, 0xe1, 0x02, 0x06, 0x08, 0x01, 0xe0, 0x00, 0x00, 0x00, 0x00, 0x02, 0x01, 0xbf,
	0xe3, 0x08, 0x01, 0xfc, 0x77, 0xf8, 0x50, 0x61, 0x7f, 0x8d, 0xfc, 0x6f, 0xf8, 0x00, 0x87, 0xff, 0x86, 0x08, 0x05, 0xe0, 0x00, 0x00, 0x00, 0x00,
	0x01, 0x00, 0x04, 0x00, 0x10, 0x0c, 0x4c, 0x21, 0x10, 0x84, 0x42, 0x10, 0x90, 0x42, 0x41, 0x08, 0x04, 0x00, 0x10, 0x03, 0xc0, 0x00, 0x00, 0x00,
	0x00, 0x00, 0x00, 0x01, 0x00, 0x44, 0x81, 0x11, 0x08, 0x44, 0x21, 0x09, 0x04, 0x20, 0x31, 0x03, 0x88, 0x00, 0x40, 0x06, 0x00, 0xe0, 0x0c, 0x00,
	0x00, 0x00, 0x00, 0x00, 0x00, 0x00, 0x01, 0x00, 0x04, 0x01, 0x96, 0x0c, 0x44, 0x61, 0x18, 0x3c, 0x00, 0x00, 0x00, 0xc0, 0x7f, 0xf8, 0x0c, 0x00,
	0x48, 0x06, 0x18, 0x60, 0x18, 0x00, 0x00, 0x00, 0x00, 0x00, 0x00, 0x8c, 0x41, 0x32, 0x04, 0xc8, 0x3f, 0xf1, 0x00, 0x24, 0x00, 0x93, 0xf2, 0x48,
	0x49, 0x21, 0x24, 0xfc, 0x92, 0x02, 0x40, 0x78, 0x00, 0x00, 0x00, 0x00, 0x00, 0x00, 0x08, 0xc0, 0x21, 0x1f, 0xfe, 0x02, 0x00, 0x0a, 0x00, 0x28,
	0x01, 0x20, 0x04, 0x88, 0x22, 0x21, 0x88, 0x8c, 0x22, 0x40, 0xf0, 0x00, 0x00, 0x00, 0x00, 0x00, 0x00, 0x0c, 0x03, 0xff, 0x00, 0xc0, 0x1b, 0x61,
	0xff, 0xe1, 0x86, 0x06, 0x18, 0x7f, 0xf8, 0x22, 0x00, 0x88, 0x84, 0x22, 0x60, 0xf8, 0x00, 0x00, 0x00, 0x00, 0x00, 0x10, 0x41, 0x47, 0xe4, 0x80,
	0x7e, 0x7c, 0x41, 0x11, 0x84, 0x46, 0x0f, 0x28, 0x34, 0xa1, 0x52, 0x95, 0x32, 0x94, 0xca, 0x36, 0x38, 0x00, 0x00, 0x00, 0x00, 0x00, 0x00, 0x7f,
	0xc1, 0x01, 0x04, 0x04, 0x10, 0x10, 0x40, 0x41, 0xff, 0x04, 0x60, 0x30, 0x80, 0x81, 0x02, 0x02, 0x18, 0x04, 0x40, 0x08, 0x00, 0x00, 0x00, 0x00,
	0x00, 0x00, 0xff, 0xc2, 0x01, 0x08, 0x04, 0x3f, 0xf0, 0x88, 0x02, 0x20, 0x0f, 0xf8, 0x22, 0x20, 0x88, 0x84, 0x42, 0x93, 0x0a, 0x50, 0x38, 0x00,
	0x00, 0x00, 0x00, 0x00, 0x00, 0xff, 0xc2, 0x01, 0x08, 0x04, 0x3f, 0xf0, 0x80, 0x02, 0x81, 0x0a, 0x38, 0x2f, 0x00, 0xa0, 0x24, 0x80, 0x92, 0x06,
	0x47, 0xf0, 0x00, 0x00, 0x00, 0x00, 0x00, 0x00, 0x7f, 0xc1, 0x01, 0x04, 0x04, 0x10, 0x10, 0x7f, 0xc3, 0x04, 0x09, 0x88, 0x23, 0xa0, 0x80, 0x44,
	0x00, 0x87, 0xc0, 0x00, 0xe0, 0x00, 0x00, 0x00, 0x00, 0x00, 0x00, 0xff, 0xe2, 0x00, 0x8f, 0xfe, 0x20, 0x00, 0xbf, 0x82, 0x10, 0x08, 0x7e, 0x2f,
	0x01, 0x85, 0xe5, 0xf8, 0x10, 0x42, 0x41, 0xf8, 0x00, 0x00, 0x00, 0x00, 0x00, 0x00, 0xff, 0xc2, 0x01, 0x08, 0x04, 0x3f, 0xe0, 0x82, 0x03, 0xe8,
	0x88, 0xac, 0x26, 0xe1, 0x92, 0x84, 0x89, 0x14, 0x22, 0x47, 0x80, 0x00, 0x00, 0x00, 0x00, 0x00, 0x00, 0xff, 0xc2, 0x01, 0x08, 0x04, 0x3f, 0xf0,
	0x80, 0x03, 0xff, 0x89, 0xe2, 0x28, 0x48, 0xa1, 0x24, 0xfc, 0x92, 0x06, 0x40, 0x70, 0x00, 0x00, 0x00, 0x00, 0x00, 0x00, 0xff, 0xc2, 0x01, 0x0f,
	0xfc, 0x21, 0x00, 0x84, 0x03, 0xff, 0x88, 0x40, 0x2f, 0xf1, 0xe0, 0x45, 0x81, 0x16, 0x04, 0x5f, 0xf0, 0x00, 0x00, 0x00, 0x00, 0x00, 0x00, 0xff,
	0xe2, 0x00, 0x8f, 0xfe, 0x21, 0x80, 0xa6, 0x42, 0x99, 0x0a, 0x64, 0x2f, 0xf1, 0xc6, 0x25, 0x98, 0x96, 0x66, 0x5e, 0x68, 0x00, 0x00, 0x00, 0x00,
	0x00, 0x00, 0xff, 0xe2, 0x00, 0x8f, 0xfe, 0x21, 0x00, 0x84, 0x03, 0xff, 0x0c, 0x44, 0x31, 0x11, 0xff, 0xc5, 0x11, 0x14, 0x44, 0x5e, 0xf0, 0x00,
	0x00, 0x00, 0x00, 0x00, 0x00, 0xff, 0xc2, 0x01, 0x0f, 0xfc, 0x20, 0x00, 0xff, 0xe2, 0x46, 0x0b, 0x1c, 0x7f, 0x91, 0x04, 0x05, 0xff, 0x10, 0x40,
	0x7f, 0xf8, 0x00, 0x00, 0x00, 0x00, 0x00, 0x00, 0xff, 0xc2, 0x01, 0x8f, 0xfe, 0x20, 0x00, 0xff, 0xe2, 0x44, 0x0b, 0xd2, 0x71, 0x71, 0xf9, 0x04,
	0x64, 0x93, 0x12, 0x18, 0x78, 0x00, 0x00, 0x00, 0x00, 0x00, 0x00, 0xff, 0xe2, 0x00, 0x8f, 0xfc, 0x29, 0x90, 0x96, 0x82, 0xff, 0x0e, 0x04, 0x3f,
	0xf1, 0x60, 0x45, 0xff, 0x16, 0x04, 0x58, 0x70, 0x00, 0x00, 0x00, 0x00, 0x00, 0x00, 0xff, 0xc2, 0x01, 0x0f, 0xfc, 0x24, 0x40, 0xff, 0xc2, 0x44,
	0x09, 0x10, 0x7f, 0xf9, 0x22, 0x44, 0x8e, 0x12, 0x38, 0x3f, 0x18, 0x00, 0x00, 0x00, 0x00, 0x00, 0x00, 0xff, 0xc2, 0x01, 0x8f, 0xfc, 0x3f, 0xf0,
	0xbf, 0xc3, 0x11, 0x0f, 0xfc, 0x61, 0x01, 0x7f, 0xe5, 0x12, 0x97, 0xfa, 0x50, 0x38, 0x00, 0x00, 0x00, 0x00, 0x00, 0x00, 0xff, 0xc2, 0x01, 0x8f,
	0xfc, 0x21, 0x10, 0xbf, 0x83, 0xff, 0x88, 0xc0, 0x6f, 0xf1, 0x60, 0x44, 0xff, 0x12, 0x04, 0x4f, 0xf0, 0x00, 0x00, 0x00, 0x00, 0x3f, 0xf9, 0x80,
	0x27, 0xff, 0x1b, 0x2c, 0x7f, 0xf9, 0x8b, 0x07, 0xcb, 0x90, 0xc0, 0x5f, 0xf9, 0x31, 0x84, 0x3c, 0x07, 0x8e, 0x00, 0x00, 0x00, 0x00, 0x00, 0x00,
	0x3f, 0xf9, 0x80, 0x27, 0xff, 0x1f, 0xfe, 0x70, 0x89, 0xff, 0xe7, 0xff, 0x90, 0x00, 0x4f, 0xf1, 0x3f, 0xc4, 0x81, 0x03, 0xfc, 0x00, 0x00, 0x00,
	0x00, 0x00, 0x00, 0x3f, 0xf8, 0x80, 0x23, 0xff, 0x0a, 0xfe, 0x33, 0xf1, 0xb8, 0x46, 0xbf, 0x1e, 0xfc, 0x49, 0xf1, 0x3c, 0x44, 0x8e, 0x03, 0xce,
	0x00, 0x00, 0x00, 0x00, 0x00, 0x00, 0x02, 0x00, 0x1f, 0xc7, 0xa0, 0x00, 0x84, 0x22, 0x10, 0x88, 0x42, 0x21, 0x0f, 0xfc, 0x22, 0x18, 0x08, 0x20,
	0x20, 0x80, 0xfe, 0x00, 0x00, 0x00, 0x00, 0x00, 0x00, 0x03, 0x00, 0x0c, 0x00, 0x30, 0x10, 0xc2, 0x43, 0x09, 0x0c, 0x24, 0x30, 0x90, 0xc2, 0x43,
	0x09, 0x0c, 0x27, 0xff, 0x90, 0x02, 0x00, 0x00, 0x00, 0x00, 0x00, 0x00, 0x20, 0x40, 0x9f, 0xe6, 0x84, 0x1a, 0x10, 0x6b, 0xf9, 0xa0, 0x26, 0xb1,
	0x9a, 0x44, 0x68, 0xa1, 0xa1, 0x87, 0x9b, 0x11, 0x82, 0x00, 0x00, 0x00, 0x00, 0x00, 0x00, 0x00, 0x01, 0xff, 0xe4, 0x00, 0x91, 0x22, 0x44, 0x89,
	0x7f, 0xa4, 0x30, 0x92, 0xd2, 0x4b, 0x49, 0x3f, 0x24, 0x84, 0x92, 0x02, 0x40, 0x78, 0x00, 0x00, 0x00, 0x00, 0x23, 0xf8, 0x88, 0x26, 0xa0, 0x9a,
	0x82, 0x6b, 0xf9, 0xa8, 0x26, 0xa0, 0x9a, 0xfe, 0x6a, 0x09, 0xa8, 0x27, 0xa0, 0x91, 0xff, 0x00, 0x00, 0x00, 0x00, 0x00, 0x00, 0x03, 0x01, 0x8c,
	0x63, 0xff, 0x00, 0x00, 0x7f, 0xf8, 0x10, 0x00, 0x80, 0x07, 0xfc, 0x70, 0x10, 0x40, 0x41, 0xff, 0x04, 0x04, 0x00, 0x00, 0x00, 0x00, 0x00, 0x00,
	0x23, 0xf8, 0x91, 0x26, 0xc4, 0x9b, 0x12, 0x6f, 0xf9, 0xb1, 0x26, 0xc4, 0x9b, 0xfe, 0x6c, 0x49, 0xa1, 0x07, 0x84, 0x10, 0x10, 0x00, 0x00, 0x00,
	0x00, 0x00, 0x00, 0x09, 0x30, 0x44, 0x43, 0x7f, 0x9c, 0x20, 0x10, 0xc0, 0x41, 0x21, 0x03, 0x80, 0xc0, 0x23, 0x10, 0x8c, 0x43, 0xff, 0x08, 0x04,
	0x00, 0x00, 0x00, 0x00, 0x00, 0x00, 0x0f, 0xf0, 0x40, 0x01, 0xff, 0x04, 0x10, 0x10, 0x40, 0x41, 0x07, 0xff, 0x80, 0xc0, 0x23, 0x10, 0x8c, 0x43,
	0xff, 0x08, 0x04, 0x00, 0x00, 0x00, 0x00, 0x00, 0x00, 0x21, 0x08, 0x84, 0x63, 0xff, 0x00, 0x00, 0x3f, 0xf8, 0x80, 0x02, 0xff, 0x08, 0x40, 0x3f,
	0xf9, 0x04, 0x04, 0x10, 0x10, 0x40, 0x00, 0x00, 0x00, 0x00, 0x00, 0x00, 0x10, 0x80, 0x43, 0xe5, 0x48, 0x15, 0x20, 0x57, 0xf9, 0x50, 0x05, 0x7f,
	0x95, 0x20, 0x54, 0xe1, 0x52, 0x67, 0x88, 0x10, 0x20, 0x00, 0x00, 0x00, 0x00, 0x00, 0x00, 0x20, 0x40, 0x9f, 0xe6, 0x84, 0x9a, 0x92, 0x6a, 0x51,
	0xa1, 0x06, 0xff, 0x9a, 0x30, 0x68, 0xa1, 0xa4, 0x87, 0xe1, 0x91, 0x02, 0x00, 0x00, 0x00, 0x00, 0x00, 0x00, 0x21, 0xb0, 0x9c, 0xa6, 0x92, 0x9a,
	0x48, 0x6f, 0xf9, 0xa4, 0xa6, 0x92, 0x9a, 0xec, 0x6d, 0x31, 0xa4, 0xe7, 0x95, 0x91, 0xe2, 0x00, 0x00, 0x00, 0x00, 0x00, 0x00, 0x00, 0x01, 0x0c,
	0x27, 0xff, 0x81, 0x80, 0x1f, 0xe1, 0xb3, 0x00, 0x78, 0x3e, 0xdf, 0x3f, 0xf0, 0x0c, 0x03, 0xff, 0x1f, 0xfe, 0x03, 0x00, 0x00, 0x00, 0x00, 0x00,
	0x00, 0x00, 0x87, 0xe2, 0x30, 0x9b, 0xac, 0x68, 0x61, 0xae, 0x66, 0x84, 0x1a, 0xfe, 0x68, 0x41, 0xaf, 0xe6, 0x84, 0x1e, 0xfe, 0x40, 0x40, 0x00,
	0x00, 0x00, 0x00, 0x02, 0x00, 0x18, 0x03, 0x9e, 0x0f, 0xf8, 0x20, 0x20, 0xff, 0x82, 0x00, 0x0f, 0xfe, 0x20, 0x00, 0x7f, 0xe4, 0x48, 0x9f, 0xe6,
	0x40, 0x70, 0x00, 0x00, 0x00, 0x00, 0x00, 0x00, 0x86, 0x42, 0x11, 0x9b, 0xfe, 0x69, 0x21, 0xa4, 0xa6, 0xeb, 0x9a, 0x40, 0x6b, 0xf9, 0xb4, 0x46,
	0x8e, 0x1e, 0x6c, 0x46, 0x0c, 0x00, 0x00, 0x00, 0x00, 0x23, 0x11, 0x8c, 0x61, 0xce, 0x00, 0xc0, 0x7c, 0xf9, 0x00, 0x20, 0xfc, 0x00, 0x00, 0x7f,
	0xf8, 0x45, 0x82, 0x11, 0x13, 0xc2, 0x00, 0x00, 0x00, 0x00, 0x00, 0x00, 0x00, 0x40, 0x41, 0x01, 0x3f, 0x96, 0x38, 0x59, 0x31, 0x68, 0x25, 0xff,
	0xd6, 0x02, 0x5b, 0xc9, 0x69, 0x25, 0xa4, 0x9e, 0xe2, 0x40, 0x70, 0x00, 0x00, 0x00, 0x00, 0x00, 0x01, 0x8c, 0x63, 0xff, 0x00, 0x00, 0x3f, 0xf8,
	0x86, 0x02, 0xff, 0x08, 0x60, 0x3f, 0xf8, 0x86, 0x04, 0xff, 0x10, 0x60, 0x5f, 0xf8, 0x00, 0x00, 0x00, 0x00, 0x23, 0x11, 0x8c, 0x61, 0xce, 0x0f,
	0x3e, 0x44, 0x89, 0x12, 0x27, 0xcf, 0x91, 0x22, 0x7d, 0xf9, 0x14, 0x24, 0x50, 0x97, 0xce, 0x00, 0x00, 0x00, 0x00, 0x00, 0x00, 0x00, 0x01, 0x8c,
	0x67, 0xff, 0x80, 0x00, 0x3f, 0xf0, 0x87, 0x42, 0xe1, 0x0b, 0xf4, 0x32, 0x51, 0x7f, 0x44, 0x25, 0x50, 0x95, 0x5f, 0xa8, 0x00, 0x00, 0x00, 0x00,
	0x00, 0x01, 0x8c, 0x63, 0xff, 0x00, 0xc0, 0x7f, 0xf8, 0x7f, 0x81, 0x02, 0x07, 0xf8, 0x7f, 0xf9, 0x00, 0x24, 0xfc, 0x93, 0xf2, 0x48, 0x78, 0x00,
	0x00, 0x00, 0x00, 0x00, 0x10, 0x84, 0x42, 0x7f, 0x9a, 0x10, 0x6b, 0xf9, 0xa1, 0x06, 0xff, 0x9a, 0x40, 0x6a, 0x01, 0xaf, 0xe6, 0xe4, 0x1f, 0x10,
	0x4b, 0xf8, 0x00, 0x00, 0x00, 0x00, 0x00, 0x80, 0x82, 0x02, 0x37, 0x9a, 0xfe, 0x6a, 0x09, 0xaf, 0xe6, 0xa0, 0x1a, 0xff, 0x6a, 0x01, 0xa7, 0xe6,
	0xd6, 0x9f, 0x52, 0x45, 0x38, 0x00, 0x00, 0x00, 0x00, 0x00, 0x01, 0x0c, 0x27, 0xff, 0x80, 0x00, 0x3b, 0xf9, 0xb1, 0x0f, 0xdb, 0x80, 0x7e, 0x7d,
	0x08, 0x97, 0xe2, 0x5f, 0x8b, 0x28, 0x23, 0x18, 0x00, 0x00, 0x00, 0x00, 0x00, 0x01, 0x84, 0x23, 0xff, 0x84, 0xc8, 0x3f, 0xf9, 0x01, 0x05, 0xe7,
	0x9f, 0xd2, 0x52, 0xd1, 0x7b, 0x45, 0xe3, 0x14, 0x8c, 0xfe, 0xc8, 0x00, 0x00, 0x00, 0x00, 0x00, 0x00, 0x80, 0x22, 0x11, 0x88, 0x46, 0x21, 0x18,
	0x84, 0x62, 0x11, 0x88, 0x46, 0x21, 0x18, 0x84, 0x62, 0x11, 0x90, 0x46, 0x40, 0x08, 0x00, 0x00, 0x00, 0x00, 0x00, 0x00, 0x40, 0x21, 0x10, 0x84,
	0x42, 0x55, 0x49, 0x55, 0x25, 0x52, 0x94, 0xca, 0x11, 0x08, 0x44, 0x23, 0x10, 0x88, 0x42, 0x40, 0x08, 0x00, 0x00, 0x00, 0x00, 0x42, 0x48, 0x89,
	0x61, 0x49, 0x01, 0x24, 0x09, 0x21, 0xd2, 0x41, 0x49, 0x05, 0xb6, 0x12, 0x48, 0x49, 0x23, 0x80, 0x11, 0xfe, 0x00, 0x00, 0x00, 0x00, 0x00, 0x00,
	0x12, 0x20, 0x7f, 0x82, 0x31, 0x08, 0xc4, 0x3f, 0xf0, 0x8c, 0x43, 0xff, 0x00, 0xc0, 0x7f, 0xf8, 0x3f, 0x03, 0x33, 0x18, 0xc6, 0x00, 0x00, 0x00,
	0x00, 0x00, 0x00, 0x00, 0x00, 0xff, 0xc0, 0x30, 0x00, 0xc0, 0x03, 0x00, 0x0c, 0x00, 0x30, 0x00, 0xc0, 0x03, 0x00, 0x0c, 0x07, 0xff, 0x80, 0x00,
	0x00, 0x00, 0x00, 0x00, 0x00, 0x00, 0x00, 0x00, 0x10, 0x07, 0xff, 0x82, 0x00, 0x08, 0x00, 0x20, 0x01, 0xff, 0x04, 0x20, 0x30, 0x80, 0x82, 0x04,
	0x08, 0x10, 0x20, 0x1f, 0xf8, 0x00, 0x00, 0x00, 0x00, 0x00, 0x00, 0x0f, 0xe7, 0xd8, 0x04, 0x40, 0x11, 0x00, 0x47, 0xe1, 0x20, 0x84, 0x82, 0x10,
	0x08, 0x70, 0x27, 0x01, 0x80, 0x04, 0x00, 0xf0, 0x00, 0x00, 0x00, 0x00, 0x00, 0x00, 0xff, 0xc2, 0x00, 0x08, 0x00, 0x3f, 0xe0, 0x80, 0x42, 0x01,
	0x08, 0x04, 0x3f, 0xf0, 0x80, 0x02, 0x00, 0x08, 0x00, 0x3f, 0xf0, 0x00, 0x00, 0x00, 0x00, 0x08, 0x40, 0x21, 0x07, 0xff, 0x80, 0x40, 0x3f, 0xf0,
	0x04, 0x07, 0xff, 0x82, 0x00, 0x10, 0x00, 0x7f, 0xc2, 0x18, 0x18, 0x60, 0x5f, 0xf8, 0x00, 0x00, 0x00, 0x00, 0x00, 0x00, 0xff, 0x80, 0x01, 0x00,
	0x04, 0x00, 0x10, 0x00, 0x43, 0xff, 0x08, 0x00, 0x20, 0x00, 0x80, 0x22, 0x00, 0x88, 0x06, 0x1f, 0xf0, 0x00, 0x00, 0x00, 0x00, 0x00, 0x00, 0xff,
	0xc2, 0x01, 0x08, 0x04, 0x20, 0x10, 0x80, 0x43, 0xff, 0x08, 0x04, 0x20, 0x00, 0x80, 0x22, 0x00, 0x88, 0x04, 0x3f, 0xf0, 0x00, 0x00, 0x00, 0x00,
	0x00, 0x00, 0xff, 0xc2, 0x11, 0x08, 0x44, 0x21, 0x10, 0x84, 0x43, 0xff, 0x08, 0x04, 0x20, 0x00, 0x80, 0x22, 0x00, 0x88, 0x06, 0x3f, 0xf0, 0x00,
	0x00, 0x00, 0x00, 0x08, 0x41, 0xff, 0xe0, 0x84, 0x02, 0x10, 0x7f, 0xf8, 0x40, 0x83, 0xff, 0x18, 0x16, 0x1f, 0xc0, 0x41, 0x41, 0x01, 0x07, 0xfc,
	0x00, 0x00, 0x00, 0x00, 0x00, 0x00, 0x00, 0x00, 0x88, 0x81, 0x22, 0x1f, 0xfe, 0x04, 0x80, 0x13, 0x07, 0xb7, 0x87, 0xf8, 0x60, 0x59, 0x7f, 0x21,
	0x05, 0x04, 0x04, 0x1f, 0xf0, 0x00, 0x00, 0x00, 0x00, 0x00, 0x01, 0xf7, 0xc0, 0x61, 0x9f, 0x7c, 0x43, 0x89, 0xfb, 0xe0, 0x84, 0x1f, 0xfe, 0x08,
	0x41, 0xff, 0xe0, 0x48, 0x07, 0x18, 0x70, 0x18, 0x00, 0x00, 0x00, 0x00, 0x03, 0x00, 0x0c, 0x07, 0xff, 0x90, 0xc2, 0x43, 0x09, 0x0c, 0x24, 0x30,
	0x90, 0xc2, 0x43, 0x09, 0x0d, 0xc0, 0x30, 0x00, 0xc0, 0x00, 0x00, 0x00, 0x00, 0x00, 0x00, 0x03, 0x01, 0xff, 0xe0, 0x30, 0x00, 0xc0, 0x3f, 0xf0,
	0x8c, 0x42, 0x31, 0x08, 0xc4, 0x23, 0x10, 0x8c, 0x42, 0x37, 0x00, 0xc0, 0x00, 0x00, 0x00, 0x00, 0x00, 0x00, 0x00, 0x00, 0x10, 0x07, 0xff, 0x83,
	0x00, 0x09, 0x00, 0x64, 0x01, 0xff, 0x8c, 0x42, 0x51, 0x08, 0x44, 0x21, 0x10, 0x84, 0x4e, 0x01, 0x00, 0x00, 0x00, 0x00, 0x00, 0x23, 0xe0, 0x88,
	0xc7, 0xa3, 0x1a, 0x8c, 0x6a, 0xb1, 0xaa, 0xc6, 0xa7, 0x1a, 0x9d, 0x6a, 0x35, 0xb0, 0xd2, 0x43, 0x4a, 0x06, 0x00, 0x00, 0x00, 0x00, 0x00, 0x00,
	0x00, 0x00, 0x71, 0x80, 0x38, 0x07, 0x1c, 0x24, 0x01, 0xff, 0xe0, 0x80, 0x06, 0x40, 0x3f, 0xf9, 0xc4, 0x25, 0x10, 0x84, 0x46, 0x11, 0x30, 0x00,
	0x00, 0x00, 0x00, 0x20, 0x40, 0x81, 0xe7, 0x84, 0x1a, 0x10, 0x68, 0x41, 0xaf, 0xe6, 0xa0, 0x9a, 0x82, 0x6a, 0x09, 0xa8, 0x22, 0x3f, 0x88, 0x82,
	0x00, 0x00, 0x00, 0x00, 0x00, 0x00, 0x00, 0x00, 0x0c, 0x07, 0xff, 0x82, 0x10, 0x08, 0x41, 0xff, 0xe4, 0x20, 0x90, 0x82, 0x3f, 0xf0, 0x88, 0x42,
	0x21, 0x08, 0x9c, 0x02, 0x00, 0x00, 0x00, 0x00, 0x00, 0x10, 0x40, 0x41, 0x06, 0xdf, 0x91, 0x52, 0x45, 0x49, 0xe5, 0x24, 0x14, 0x9f, 0x52, 0x45,
	0x49, 0x15, 0x67, 0xc4, 0x11, 0x10, 0x00, 0x00, 0x00, 0x00, 0x00, 0x00, 0x13, 0xf8, 0x41, 0x06, 0xc4, 0x11, 0x7e, 0x45, 0x49, 0xe5, 0x24, 0x14,
	0x9f, 0x52, 0x45, 0x49, 0x15, 0x27, 0xd5, 0x91, 0x10, 0x00, 0x00, 0x00, 0x00, 0x00, 0x00, 0x01, 0x00, 0x04, 0x07, 0xef, 0x99, 0x08, 0x7f, 0xf9,
	0x90, 0x86, 0x7e, 0x18, 0x40, 0x5f, 0xf1, 0x44, 0x45, 0x11, 0x14, 0x44, 0x01, 0x30, 0x00, 0x00, 0x00, 0x00, 0x23, 0x11, 0xff, 0xe2, 0x31, 0x0f,
	0xfc, 0x00, 0x01, 0xff, 0xe4, 0x20, 0x97, 0xfa, 0x22, 0x10, 0x88, 0x42, 0x27, 0x00, 0x80, 0x00, 0x00, 0x00, 0x00, 0x00, 0x00, 0x17, 0xf9, 0x40,
	0x25, 0x7f, 0x94, 0x02, 0x57, 0xf1, 0x5f, 0xe5, 0x88, 0x86, 0xfe, 0x14, 0x88, 0x92, 0x22, 0x4b, 0x90, 0x20, 0x00, 0x00, 0x00, 0x00, 0x00, 0x00,
	0x13, 0xf8, 0x48, 0x07, 0xbf, 0x96, 0x80, 0x5b, 0xf9, 0x68, 0x05, 0xff, 0x96, 0xa2, 0x5a, 0x59, 0x68, 0xc1, 0x2d, 0x05, 0xc2, 0x00, 0x00, 0x00,
	0x00, 0x00, 0x00, 0x00, 0x00, 0x4c, 0x87, 0xff, 0x90, 0x02, 0x5f, 0xe8, 0x40, 0x81, 0x02, 0x03, 0xf0, 0x3f, 0xf0, 0x88, 0x42, 0x21, 0x08, 0x84,
	0x22, 0x70, 0x00, 0x00, 0x00, 0x00, 0x23, 0xf8, 0x98, 0x27, 0xff, 0x9b, 0x82, 0x6b, 0xf9, 0xaf, 0xe6, 0xa0, 0x9a, 0xfe, 0x6a, 0x09, 0xaf, 0xe2,
	0x20, 0x88, 0xfe, 0x00, 0x00, 0x00, 0x00, 0x00, 0x00, 0x23, 0xf8, 0x80, 0x07, 0xbf, 0x9a, 0x82, 0x6b, 0xf9, 0xa0, 0x06, 0xbf, 0x9a, 0x92, 0x6b,
	0xf9, 0xa9, 0x22, 0x24, 0x88, 0xfe, 0x00, 0x00, 0x00, 0x00, 0x00, 0x00, 0x23, 0xf8, 0x88, 0x27, 0xbf, 0x9a, 0x82, 0x6b, 0xf9, 0xa9, 0x26, 0x95,
	0x1b, 0xfe, 0x69, 0x21, 0xa4, 0x82, 0x22, 0x8b, 0x0e, 0x00, 0x00, 0x00, 0x00, 0x00, 0x00, 0x08, 0x41, 0xff, 0xe0, 0x84, 0x0f, 0xfc, 0x20, 0x10,
	0xff, 0xc3, 0xff, 0x1f, 0xfe, 0x08, 0x40, 0xff, 0xc6, 0x21, 0x88, 0x84, 0x22, 0x70, 0x00, 0x00, 0x00, 0x00, 0x27, 0xf8, 0x81, 0x07, 0xa5, 0x1b,
	0xfe, 0x68, 0xe1, 0xa5, 0xc6, 0xff, 0x9b, 0x92, 0x6e, 0x48, 0xbf, 0xe2, 0x64, 0x89, 0xfe, 0x00, 0x00, 0x00, 0x00, 0x00, 0x00, 0x08, 0x40, 0xa9,
	0xe2, 0xc8, 0x96, 0xf4, 0x5d, 0x51, 0xb4, 0x84, 0xad, 0x90, 0x00, 0x3f, 0xf0, 0x8c, 0x42, 0x31, 0x08, 0xc4, 0x23, 0x70, 0x00, 0x00, 0x00, 0x00,
	0x00, 0x00, 0xff, 0xc0, 0x30, 0x00, 0xc0, 0x03, 0x00, 0x0c, 0x07, 0xff, 0x80, 0xc0, 0x03, 0x00, 0x0c, 0x00, 0x30, 0x00, 0xc0, 0x03, 0x00, 0x00,
	0x00, 0x00, 0x00, 0x00, 0x01, 0xff, 0xe0, 0x30, 0x08, 0xc4, 0x13, 0x20, 0x6c, 0x80, 0x30, 0x1f, 0xfe, 0x03, 0x00, 0x0c, 0x00, 0x30, 0x00, 0xc0,
	0x03, 0x00, 0x00, 0x00, 0x00, 0x00, 0x10, 0x00, 0x7f, 0xe2, 0x10, 0x08, 0x40, 0x5f, 0xf0, 0x44, 0x01, 0x10, 0x04, 0x40, 0x7f, 0xf8, 0x04, 0x00,
	0x10, 0x00, 0x40, 0x00, 0x00, 0x00, 0x00, 0x00, 0x00, 0x00, 0x00, 0x0c, 0x03, 0xff, 0x00, 0xc0, 0x7f, 0xf8, 0x61, 0x80, 0x84, 0x02, 0x30, 0x7f,
	0xf8, 0x0c, 0x07, 0xff, 0x80, 0xc0, 0x03, 0x00, 0x00, 0x00, 0x00, 0x00, 0x10, 0x61, 0xfa, 0x41, 0x10, 0x9f, 0x7e, 0x44, 0x21, 0xf0, 0x84, 0x42,
	0x1f, 0x7e, 0x10, 0x21, 0xf0, 0x81, 0x02, 0x04, 0x08, 0x00, 0x00, 0x00, 0x00, 0x00, 0x00, 0x18, 0x00, 0x4f, 0xe1, 0x00, 0x99, 0x82, 0x64, 0x08,
	0xb0, 0x21, 0x80, 0x85, 0x02, 0x12, 0x08, 0x88, 0x27, 0xe1, 0x90, 0x5c, 0x00, 0x00, 0x00, 0x00, 0x00, 0x00, 0x10, 0x40, 0x41, 0x02, 0x0c, 0x19,
	0x7e, 0x4c, 0x88, 0xa2, 0x21, 0x08, 0x85, 0x22, 0x24, 0x88, 0x94, 0x27, 0x90, 0x80, 0x9e, 0x00, 0x00, 0x00, 0x00, 0x00, 0x00, 0x43, 0x09, 0x2d,
	0x25, 0x34, 0x9d, 0xe6, 0x77, 0xa9, 0x6d, 0xa4, 0xf4, 0x95, 0xd6, 0x5f, 0xf9, 0x8c, 0x64, 0x30, 0x9f, 0x3e, 0x00, 0x00, 0x00, 0x00, 0x00, 0x00,
	0x12, 0x61, 0x9d, 0x42, 0x9b, 0x05, 0x5c, 0x25, 0x49, 0xf7, 0xe0, 0x12, 0x1f, 0xfe, 0x10, 0xb0, 0xa3, 0x82, 0x5e, 0x91, 0x8e, 0x00, 0x00, 0x00,
	0x00, 0x00, 0x00, 0x01, 0x00, 0x04, 0x03, 0xff, 0x88, 0x00, 0x20, 0x00, 0xff, 0xe2, 0x0c, 0x08, 0x30, 0x60, 0xc1, 0x03, 0x04, 0x0c, 0x10, 0x30,
	0x43, 0x80, 0x00, 0x00, 0x00, 0x00, 0x01, 0x00, 0x04, 0x03, 0xff, 0x88, 0x00, 0x21, 0x00, 0x88, 0x02, 0x20, 0x08, 0x80, 0x24, 0x21, 0x10, 0x84,
	0xc1, 0x12, 0xfe, 0x5c, 0x08, 0x00, 0x00, 0x00, 0x00, 0x01, 0x00, 0x04, 0x03, 0xff, 0x88, 0x00, 0x21, 0x80, 0x86, 0x03, 0xff, 0x08, 0x60, 0x61,
	0x81, 0x06, 0x04, 0x18, 0x10, 0x60, 0x5f, 0xf8, 0x00, 0x00, 0x00, 0x00, 0x01, 0x00, 0x04, 0x07, 0xff, 0x92, 0x00, 0x48, 0xc1, 0x23, 0x24, 0xff,
	0x12, 0x30, 0x48, 0xc1, 0x23, 0x24, 0x8c, 0x93, 0xf2, 0x78, 0x78, 0x00, 0x00, 0x00, 0x00, 0x01, 0x00, 0x04, 0x03, 0xff, 0x88, 0x20, 0x20, 0x80,
	0xbf, 0xe2, 0x18, 0x08, 0xf0, 0x62, 0xa1, 0x12, 0xc5, 0x89, 0x94, 0x22, 0x40, 0x80, 0x00, 0x00, 0x00, 0x00, 0x01, 0x00, 0x04, 0x07, 0xef, 0x93,
	0xfc, 0x40, 0x31, 0x11, 0x04, 0x38, 0x17, 0xfe, 0x41, 0x09, 0x04, 0xc4, 0x12, 0x10, 0x40, 0x07, 0x00, 0x00, 0x00, 0x00, 0x00, 0x01, 0x00, 0x04,
	0x07, 0xef, 0x9b, 0xfc, 0x68, 0x81, 0xa2, 0x06, 0xff, 0x9a, 0x30, 0x48, 0x41, 0x2d, 0x25, 0xc2, 0x90, 0x0e, 0x1f, 0xe0, 0x00, 0x00, 0x00, 0x00,
	0x01, 0x00, 0x04, 0x07, 0xef, 0x91, 0x00, 0x4f, 0xf9, 0x3e, 0x65, 0x05, 0x90, 0x14, 0x4f, 0xd1, 0x21, 0xc4, 0x80, 0xd2, 0x02, 0x0f, 0xf8, 0x00,
	0x00, 0x00, 0x00, 0x01, 0x00, 0x04, 0x03, 0xff, 0x88, 0x40, 0x21, 0x00, 0x87, 0xc2, 0x10, 0x08, 0x40, 0x3e, 0xf1, 0x60, 0x45, 0x81, 0x16, 0x04,
	0x5f, 0xf0, 0x00, 0x00, 0x00, 0x00, 0x01, 0x00, 0x04, 0x07, 0xff, 0x9f, 0xfc, 0x61, 0x11, 0x84, 0x47, 0xff, 0x98, 0x44, 0x5f, 0xf1, 0x06, 0x04,
	0x28, 0x13, 0x18, 0x38, 0x18, 0x00, 0x00, 0x00, 0x00, 0x01, 0x00, 0x04, 0x07, 0xff, 0x91, 0x04, 0x48, 0x11, 0x2f, 0xe5, 0x81, 0x16, 0xc4, 0x69,
	0x11, 0x22, 0x44, 0x81, 0x12, 0x04, 0x08, 0xf0, 0x00, 0x00, 0x00, 0x00, 0x01, 0x00, 0x04, 0x07, 0xef, 0x99, 0x08, 0x7f, 0xf9, 0x90, 0x86, 0x7e,
	0x18, 0x00, 0x4f, 0xf1, 0x11, 0x84, 0x3c, 0x11, 0xf0, 0x18, 0x38, 0x00, 0x00, 0x00, 0x00, 0x01, 0x00, 0x04, 0x07, 0xef, 0x9a, 0x48, 0x69, 0x21,
	0xb4, 0xc7, 0x55, 0x1c, 0xd2, 0x41, 0x01, 0x7f, 0xc4, 0x10, 0x10, 0x40, 0x3f, 0xf8, 0x00, 0x00, 0x00, 0x00, 0x01, 0x00, 0x04, 0x07, 0xff, 0x97,
	0xfe, 0x41, 0x81, 0x3f, 0xc4, 0x99, 0x13, 0xfc, 0x49, 0x91, 0x3f, 0xc4, 0x18, 0x17, 0xfe, 0x01, 0x80, 0x00, 0x00, 0x00, 0x00, 0x01, 0x00, 0x04,
	0x07, 0xef, 0x17, 0x1e, 0x44, 0xe1, 0x21, 0x85, 0x06, 0x17, 0x7c, 0x54, 0x61, 0x51, 0x84, 0x9f, 0x97, 0x00, 0x33, 0xf8, 0x00, 0x00, 0x00, 0x00,
	0x01, 0x00, 0x04, 0x07, 0xff, 0x97, 0xfe, 0x42, 0x41, 0x14, 0x85, 0xff, 0x96, 0x46, 0x4f, 0xf1, 0x24, 0x44, 0xff, 0x92, 0x62, 0x00, 0xf8, 0x00,
	0x00, 0x00, 0x00, 0x01, 0x00, 0x04, 0x07, 0xff, 0x99, 0x08, 0x7f, 0xf9, 0x90, 0x86, 0x42, 0x19, 0x08, 0x47, 0xe1, 0x00, 0x05, 0x29, 0x14, 0x92,
	0x22, 0x48, 0x00, 0x00, 0x00, 0x00, 0x01, 0x00, 0x04, 0x07, 0xff, 0x97, 0xfc, 0x41, 0x11, 0xff, 0xe4, 0x11, 0x17, 0xfc, 0x51, 0x89, 0x2d, 0xc4,
	0x76, 0x16, 0x44, 0x07, 0x08, 0x00, 0x00, 0x00, 0x00, 0x01, 0x00, 0xff, 0xe4, 0x10, 0x17, 0xfc, 0x5f, 0xf9, 0x04, 0x45, 0xff, 0x13, 0xfc, 0x51,
	0x09, 0x7f, 0xe5, 0x10, 0x97, 0xfe, 0x11, 0x78, 0x00, 0x00, 0x00, 0x00, 0x01, 0x00, 0xff, 0xe4, 0x00, 0x13, 0xe8, 0x59, 0xc9, 0x39, 0x44, 0xc3,
	0x15, 0xfa, 0x42, 0x41, 0x7f, 0xe4, 0x64, 0x13, 0x12, 0x18, 0x78, 0x00, 0x00, 0x00, 0x00, 0x01, 0x00, 0xff, 0xe4, 0x46, 0x17, 0xfe, 0x42, 0x41,
	0x7f, 0xc4, 0x25, 0x1f, 0xfe, 0x42, 0x51, 0x7f, 0xc4, 0x66, 0x16, 0x94, 0x22, 0x48, 0x00, 0x00, 0x00, 0x00, 0x01, 0x00, 0x04, 0x07, 0xef, 0x91,
	0x1e, 0x5f, 0x49, 0x45, 0x25, 0xf5, 0x14, 0x54, 0x5f, 0x49, 0x49, 0x25, 0x24, 0x95, 0xde, 0x39, 0x40, 0x00, 0x00, 0x00, 0x00, 0x01, 0x00, 0x04,
	0x07, 0xef, 0x97, 0xde, 0x40, 0x49, 0x7d, 0x25, 0x15, 0x13, 0x94, 0x5f, 0x49, 0x09, 0x25, 0xf4, 0x91, 0x1e, 0x0c, 0x40, 0x00, 0x00, 0x00, 0x00,
	0x01, 0x00, 0x04, 0x07, 0xef, 0x11, 0x1e, 0x5f, 0x49, 0x39, 0x25, 0x17, 0x97, 0xd2, 0x51, 0x49, 0x7d, 0xe4, 0x48, 0x97, 0xe2, 0x04, 0xb8, 0x00,
	0x00, 0x00, 0x00, 0x01, 0x00, 0x04, 0x07, 0xef, 0x95, 0x50, 0x55, 0x79, 0x11, 0x25, 0xfc, 0x94, 0x74, 0x5f, 0x51, 0x6c, 0xc5, 0xf2, 0x16, 0x5c,
	0x13, 0xc8, 0x00, 0x00, 0x00, 0x00, 0x70, 0x38, 0x4f, 0x01, 0x04, 0x08, 0x90, 0x72, 0x78, 0x29, 0x04, 0xa4, 0x14, 0x90, 0x32, 0x40, 0xdf, 0xe6,
	0x80, 0x11, 0xfe, 0x00, 0x00, 0x00, 0x00, 0x00, 0x00, 0x70, 0x38, 0x4f, 0x01, 0x04, 0x08, 0x10, 0x77, 0xf8, 0x21, 0x04, 0x84, 0x14, 0x10, 0x30,
	0x40, 0xcf, 0xc6, 0x80, 0x11, 0xfe, 0x00, 0x00, 0x00, 0x00, 0x00, 0x00, 0x77, 0xf0, 0x42, 0x21, 0xff, 0x88, 0x22, 0x73, 0xf8, 0x22, 0x05, 0x7f,
	0x94, 0x20, 0x30, 0x80, 0xdf, 0xe6, 0x88, 0x11, 0xfe, 0x00, 0x00, 0x00, 0x00, 0x00, 0x00, 0x00, 0x01, 0xdf, 0xe1, 0x40, 0x8d, 0x32, 0x25, 0x29,
	0xd4, 0xa1, 0xd2, 0x95, 0x4a, 0x54, 0xc8, 0xd0, 0x23, 0x7f, 0x9a, 0x00, 0x47, 0xf8, 0x00, 0x00, 0x00, 0x00, 0x00, 0x01, 0xdf, 0xe1, 0x14, 0x0c,
	0xfc, 0x25, 0x49, 0xd5, 0x21, 0xd4, 0x95, 0x5e, 0x56, 0x08, 0xd0, 0x23, 0x7f, 0x9a, 0x00, 0x47, 0xf8, 0x00, 0x00, 0x00, 0x00, 0x10, 0x20, 0x40,
	0x87, 0xff, 0x84, 0x08, 0x10, 0x20, 0x40, 0x81, 0x02, 0x04, 0x08, 0x10, 0x20, 0x40, 0x81, 0xfe, 0x04, 0x08, 0x00, 0x00, 0x00, 0x00, 0x00, 0x00,
	0x00, 0x00, 0x10, 0x00, 0x86, 0x06, 0x0c, 0x7f, 0xf8, 0x21, 0x00, 0x84, 0x1f, 0xfe, 0x08, 0x40, 0x21, 0x01, 0x84, 0x04, 0x10, 0x20, 0x40, 0x00,
	0x00, 0x00, 0x00, 0x00, 0x00, 0xff, 0xc0, 0x30, 0x0f, 0xfc, 0x03, 0x00, 0x0c, 0x07, 0xff, 0x82, 0x10, 0x08, 0x41, 0xff, 0xe0, 0x84, 0x04, 0x10,
	0x20, 0x40, 0x00, 0x00, 0x00, 0x00, 0x08, 0x40, 0xa9, 0xe2, 0xc8, 0x96, 0xf4, 0x5d, 0x51, 0xb4, 0x84, 0xad, 0x90, 0x00, 0x08, 0x61, 0xff, 0xe0,
	0x86, 0x04, 0x18, 0x20, 0x60, 0x00, 0x00, 0x00, 0x00, 0x00, 0xb0, 0x02, 0x47, 0xff, 0x80, 0x20, 0x00, 0xc0, 0xf9, 0x00, 0x84, 0x02, 0x10, 0x08,
	0x40, 0x20, 0xa1, 0xf3, 0x98, 0x06, 0x00, 0x00, 0x00, 0x00, 0x00, 0x00, 0x00, 0xa0, 0xfa, 0x40, 0x0c, 0x1f, 0xfe, 0x00, 0x40, 0x01, 0x03, 0xf4,
	0x00, 0x10, 0x00, 0x60, 0x00, 0xa1, 0xf3, 0x98, 0x06, 0x00, 0x00, 0x00, 0x00, 0x00, 0x00, 0x00, 0x00, 0xff, 0xc0, 0x01, 0x00, 0x04, 0x1f, 0xf0,
	0x80, 0x02, 0x00, 0x08, 0x00, 0x3f, 0xf0, 0x00, 0x40, 0x01, 0x00, 0x04, 0x03, 0xe0, 0x00, 0x00, 0x00, 0x00, 0x00, 0x01, 0xff, 0xc0, 0x21, 0x00,
	0x84, 0x1f, 0xf0, 0x88, 0x02, 0x20, 0x0f, 0xfc, 0x62, 0x09, 0x08, 0x20, 0x20, 0x80, 0x9e, 0x02, 0x00, 0x00, 0x00, 0x00, 0x00, 0x7e, 0x10, 0x08,
	0x40, 0x21, 0x0f, 0x84, 0x20, 0x11, 0x80, 0x44, 0x01, 0x1f, 0x84, 0x42, 0x10, 0x08, 0x40, 0x21, 0x0f, 0x84, 0x00, 0x00, 0x00, 0x00, 0x00, 0x00,
	0x04, 0x81, 0xff, 0xc0, 0x49, 0x01, 0x24, 0x3f, 0xf0, 0x92, 0x02, 0x48, 0x1f, 0xfe, 0x44, 0x88, 0x22, 0x21, 0x8b, 0x8c, 0x20, 0x00, 0x00, 0x00,
	0x00, 0x00, 0x00, 0x7c, 0x40, 0x11, 0x00, 0x44, 0x0f, 0x30, 0x40, 0x81, 0x02, 0x44, 0x09, 0x1f, 0x64, 0x05, 0x08, 0x14, 0x20, 0x9f, 0x9e, 0x81,
	0x00, 0x00, 0x00, 0x00, 0x00, 0x00, 0x7a, 0x40, 0x29, 0x00, 0xa7, 0x9f, 0xf2, 0x42, 0x49, 0x09, 0x24, 0x24, 0x9e, 0x96, 0x0a, 0x48, 0x28, 0x21,
	0x20, 0x9c, 0xfe, 0x00, 0x00, 0x00, 0x00, 0x00, 0x00, 0x00, 0x00, 0x21, 0x07, 0xff, 0x00, 0xc4, 0x03, 0x10, 0xff, 0xc2, 0x30, 0x0f, 0xfc, 0x43,
	0x08, 0x1c, 0x21, 0xb0, 0x8c, 0xde, 0x43, 0x00, 0x00, 0x00, 0x00, 0x00, 0x01, 0x01, 0xe4, 0x00, 0xbf, 0x82, 0x90, 0x7a, 0x41, 0x05, 0x44, 0x15,
	0x10, 0x52, 0x7a, 0x48, 0x29, 0x20, 0xe4, 0x42, 0x11, 0x71, 0xc0, 0x00, 0x00, 0x00, 0x00, 0x00, 0x01, 0xe1, 0x00, 0xff, 0x82, 0x20, 0x79, 0x11,
	0x1c, 0x44, 0x22, 0x10, 0x58, 0x79, 0xd0, 0x22, 0x40, 0x90, 0x84, 0xfe, 0x77, 0x08, 0x00, 0x00, 0x00, 0x00, 0x70, 0x38, 0x2f, 0x40, 0xe9, 0x1f,
	0xa4, 0x46, 0x91, 0x12, 0x44, 0x49, 0x1d, 0x26, 0x14, 0xa8, 0x52, 0xa1, 0x5f, 0x9e, 0x84, 0x00, 0x00, 0x00, 0x00, 0x00, 0x00, 0x00, 0x01, 0xf7,
	0xe0, 0x60, 0x81, 0x82, 0x7c, 0xf1, 0x04, 0x07, 0xff, 0x91, 0xc2, 0x34, 0xc8, 0x30, 0x23, 0x4e, 0x91, 0x46, 0x3c, 0xf0, 0x00, 0x00, 0x00, 0x00,
	0x00, 0x01, 0xef, 0xe0, 0xa0, 0x02, 0xfe, 0x3a, 0x01, 0x0f, 0xe4, 0x20, 0x11, 0xfe, 0x7a, 0x88, 0x29, 0x60, 0xa7, 0x02, 0xbc, 0x77, 0x08, 0x00,
	0x00, 0x00, 0x00, 0x79, 0x10, 0x24, 0x40, 0xff, 0x8e, 0x10, 0x43, 0xf9, 0x09, 0x24, 0x24, 0x9e, 0xfe, 0x0a, 0x40, 0x21, 0x41, 0x87, 0x9d, 0xe2,
	0x00, 0x00, 0x00, 0x00, 0x00, 0x00, 0x00, 0x01, 0xde, 0xe1, 0x30, 0x84, 0x82, 0x77, 0xb9, 0x12, 0x84, 0x4a, 0x11, 0x28, 0x77, 0xb8, 0x52, 0x21,
	0x48, 0x85, 0xe2, 0x74, 0xb8, 0x00, 0x00, 0x00, 0x00, 0x72, 0x88, 0x29, 0x40, 0xff, 0x9f, 0x12, 0x47, 0xf9, 0x11, 0x24, 0x44, 0x9c, 0xfe, 0x10,
	0x40, 0x5f, 0xf1, 0x04, 0x1c, 0x10, 0x00, 0x00, 0x00, 0x00, 0x00, 0x00, 0x00, 0x01, 0xff, 0xe1, 0x00, 0x05, 0xfe, 0x77, 0xf9, 0x1f, 0xc4, 0xff,
	0x90, 0x00, 0x77, 0xf8, 0x5f, 0xe1, 0x48, 0x84, 0xdc, 0x7f, 0xf8, 0x00, 0x00, 0x00, 0x00, 0x03, 0x00, 0x8c, 0x41, 0x32, 0x06, 0xd8, 0x03, 0x00,
	0xff, 0xc0, 0x01, 0x00, 0x04, 0x3f, 0xf0, 0x00, 0x40, 0x01, 0x0f, 0xfc, 0x00, 0x00, 0x00, 0x00, 0x00, 0x00, 0x7f, 0x88, 0xc8, 0xc3, 0x2c, 0x0c,
	0x80, 0x22, 0x09, 0xfe, 0xc2, 0x2e, 0x08, 0x80, 0x22, 0x08, 0x88, 0x46, 0x26, 0x10, 0xa0, 0x00, 0x00, 0x00, 0x00, 0x00, 0x00, 0x00, 0x00, 0x0c,
	0x03, 0xff, 0x82, 0x10, 0x3f, 0xf8, 0x80, 0x82, 0x1c, 0x1b, 0x80, 0x60, 0x71, 0x3e, 0x04, 0x01, 0x90, 0x38, 0x5f, 0x00, 0x00, 0x00, 0x00, 0x00,
	0x1f, 0x09, 0x80, 0xc4, 0x9c, 0x12, 0x80, 0x22, 0x08, 0x20, 0xc7, 0xfe, 0x07, 0x00, 0x3a, 0x09, 0xa4, 0x44, 0x86, 0x02, 0x20, 0x00, 0x00, 0x00,
	0x00, 0x00, 0x00, 0x08, 0x00, 0x38, 0x60, 0x86, 0x1f, 0xc0, 0x53, 0x09, 0xf0, 0xc5, 0x1e, 0x13, 0x80, 0x52, 0x19, 0x49, 0xc5, 0x2c, 0xbc, 0x82,
	0x23, 0xf8, 0x00, 0x00, 0x00, 0x00, 0x00, 0x01, 0xfc, 0x24, 0x93, 0x1f, 0xd8, 0x49, 0x01, 0x24, 0x25, 0x51, 0x17, 0x58, 0x55, 0x01, 0x54, 0x35,
	0xd1, 0xb4, 0x48, 0x87, 0x40, 0x00, 0x00, 0x00, 0x00, 0x22, 0x08, 0x88, 0xcf, 0x76, 0x08, 0xc0, 0x33, 0x09, 0xda, 0x46, 0x6e, 0x1b, 0x80, 0xaa,
	0x0c, 0x88, 0x62, 0x26, 0x08, 0xb0, 0x00, 0x00, 0x00, 0x00, 0x00, 0x00, 0x08, 0x09, 0xfc, 0xc2, 0x2c, 0x1f, 0xc0, 0x00, 0x09, 0xfc, 0xc7, 0xfe,
	0x10, 0x40, 0x7f, 0x08, 0x20, 0x47, 0xf6, 0x02, 0x20, 0x00, 0x00, 0x00, 0x00, 0x00, 0x00, 0x7f, 0x09, 0x04, 0xc7, 0xfe, 0x1f, 0xc0, 0x08, 0x09,
	0xdc, 0xc7, 0xe6, 0x10, 0x40, 0x7f, 0x08, 0xa8, 0x44, 0xa6, 0x26, 0x60, 0x00, 0x00, 0x00, 0x00, 0x00, 0x00, 0x13, 0xe0, 0x88, 0x84, 0x22, 0x05,
	0x8a, 0x1c, 0x38, 0x9f, 0xc6, 0x01, 0x08, 0x84, 0x21, 0x20, 0x83, 0x02, 0x37, 0x0b, 0x06, 0x00, 0x00, 0x00, 0x00, 0x00, 0x00, 0x10, 0xc0, 0x9f,
	0xe4, 0x4c, 0x85, 0x32, 0x17, 0xf0, 0x90, 0x46, 0x51, 0x09, 0x48, 0x24, 0xe0, 0xa3, 0x02, 0x9b, 0x0b, 0x82, 0x00, 0x00, 0x00, 0x00, 0x00, 0x00,
	0x11, 0xc0, 0x80, 0x84, 0xff, 0x84, 0x20, 0x10, 0x80, 0x82, 0x06, 0x7f, 0x88, 0x20, 0x20, 0x80, 0x82, 0x02, 0x08, 0x0b, 0xfe, 0x00, 0x00, 0x00,
	0x00, 0x00, 0x00, 0x17, 0xf8, 0x82, 0x04, 0x08, 0x04, 0x20, 0x14, 0x80, 0x93, 0xe6, 0x48, 0x09, 0x20, 0x24, 0x80, 0x92, 0x02, 0x48, 0x0b, 0xfe,
	0x00, 0x00, 0x00, 0x00, 0x00, 0x00, 0x17, 0xf8, 0x80, 0x64, 0x33, 0x04, 0x78, 0x11, 0xe0, 0x9c, 0xe6, 0x0c, 0x09, 0xfe, 0x20, 0xc0, 0x83, 0x02,
	0x0c, 0x0b, 0xfe, 0x00, 0x00, 0x00, 0x00, 0x00, 0x00, 0x00, 0x00, 0x42, 0x02, 0x7f, 0x90, 0x20, 0x10, 0x80, 0x5f, 0xe2, 0x01, 0x1b, 0xfe, 0x20,
	0x10, 0x88, 0x42, 0x11, 0x08, 0x04, 0x20, 0xf0, 0x00, 0x00, 0x00, 0x00, 0x10, 0x80, 0x9f, 0xe4, 0x08, 0x85, 0xff, 0x30, 0x89, 0x9f, 0xee, 0x08,
	0x0b, 0xfe, 0x20, 0x80, 0xbf, 0xe2, 0x08, 0x08, 0x20, 0x00, 0x00, 0x00, 0x00, 0x00, 0x00, 0x10, 0x80, 0x9c, 0xc4, 0x66, 0x04, 0xf4, 0x31, 0x09,
	0xbf, 0xee, 0x30, 0x09, 0xfc, 0x2f, 0x30, 0x87, 0x82, 0x1e, 0x0b, 0x86, 0x00, 0x00, 0x00, 0x00, 0x00, 0x00, 0x00, 0x00, 0x47, 0x02, 0x32, 0x11,
	0x84, 0x1b, 0xf8, 0x82, 0x06, 0x08, 0x29, 0xfe, 0x22, 0x80, 0x8a, 0x42, 0x48, 0x8a, 0x22, 0x23, 0x80, 0x00, 0x00, 0x00, 0x00, 0x00, 0x00, 0x42,
	0x02, 0x7f, 0x90, 0x20, 0x10, 0x80, 0x7f, 0xe2, 0x08, 0x19, 0x20, 0x24, 0xf8, 0x92, 0x02, 0xa8, 0x0a, 0x60, 0x28, 0x78, 0x00, 0x00, 0x00, 0x00,
	0x12, 0x10, 0x84, 0x84, 0xff, 0x84, 0x20, 0x10, 0x80, 0x92, 0x06, 0x4f, 0x89, 0x20, 0x2c, 0x80, 0xaa, 0x02, 0x98, 0x0a, 0x1e, 0x00, 0x00, 0x00,
	0x00, 0x00, 0x00, 0x17, 0xf8, 0x90, 0x24, 0x7f, 0x85, 0x02, 0x13, 0xf0, 0x9f, 0xe6, 0x01, 0x0b, 0xfe, 0x22, 0x10, 0x8c, 0x42, 0x11, 0x08, 0x1c,
	0x00, 0x00, 0x00, 0x00, 0x00, 0x00, 0x14, 0x38, 0xbe, 0xa4, 0xa2, 0x84, 0x8a, 0x2f, 0xa9, 0x88, 0xae, 0xa2, 0x8a, 0xea, 0x2a, 0x28, 0xa8, 0xa2,
	0xfa, 0x8c, 0x08, 0x00, 0x00, 0x00, 0x00, 0x00, 0x00, 0x02, 0x00, 0x4f, 0xe2, 0x40, 0x11, 0xfe, 0x1c, 0x08, 0xdf, 0xe6, 0x40, 0x98, 0xfc, 0x23,
	0xf0, 0x98, 0x42, 0x1e, 0x08, 0x78, 0x2e, 0x18, 0x00, 0x00, 0x00, 0x00, 0x10, 0x78, 0x9f, 0x04, 0x44, 0x05, 0xfe, 0x14, 0x40, 0x9f, 0xe6, 0xe0,
	0x8a, 0xfe, 0x2a, 0x08, 0xaf, 0xe2, 0xa0, 0x88, 0xfe, 0x00, 0x00, 0x00, 0x00, 0x00, 0x00, 0x1a, 0xa0, 0xaa, 0x84, 0xaf, 0x87, 0xfa, 0x30, 0x69,
	0xbe, 0xae, 0x52, 0x89, 0x4c, 0x25, 0x50, 0xa6, 0xc2, 0xb6, 0x88, 0x31, 0x00, 0x00, 0x00, 0x00, 0x00, 0x00, 0x00, 0x80, 0x42, 0x02, 0xff, 0x90,
	0x20, 0x1f, 0xf8, 0x65, 0x22, 0x94, 0x9b, 0xfe, 0x20, 0x80, 0xa9, 0x42, 0xa0, 0x8a, 0x86, 0x23, 0xe0, 0x00, 0x00, 0x00, 0x00, 0x1a, 0xa0, 0xaa,
	0x84, 0xaf, 0x87, 0xfa, 0x30, 0x69, 0xbe, 0xae, 0x22, 0x8b, 0xec, 0x22, 0x10, 0x88, 0xc2, 0xfe, 0x88, 0x31, 0x00, 0x00, 0x00, 0x00, 0x00, 0x00,
	0x02, 0x00, 0x48, 0x82, 0xfa, 0x11, 0x3e, 0x1f, 0xe8, 0xc1, 0xa2, 0xfa, 0x9a, 0x2a, 0x2f, 0xb0, 0xa2, 0x42, 0xfb, 0x0a, 0x2a, 0x29, 0xc4, 0x00,
	0x00, 0x00, 0x00, 0x1a, 0xa0, 0xaa, 0x84, 0xaf, 0x85, 0xf2, 0x36, 0x69, 0xb4, 0xae, 0xea, 0x89, 0x3c, 0x2f, 0x50, 0xaa, 0xc2, 0xae, 0x88, 0x91,
	0x00, 0x00, 0x00, 0x00, 0x00, 0x00, 0x0e, 0x00, 0x07, 0x00, 0x00, 0x02, 0x00, 0x28, 0x10, 0xa0, 0x64, 0x80, 0x92, 0x02, 0x48, 0x29, 0x20, 0xb0,
	0x82, 0x01, 0xf0, 0x00, 0x00, 0x00, 0x00, 0x00, 0x00, 0x0e, 0x00, 0x06, 0x40, 0x02, 0x02, 0x08, 0x28, 0x50, 0xa2, 0x64, 0x98, 0x92, 0xc2, 0x4e,
	0x29, 0x30, 0xa3, 0x82, 0x13, 0xf0, 0x00, 0x00, 0x00, 0x00, 0x00, 0x00, 0x00, 0x00, 0xff, 0x80, 0x03, 0x00, 0x0c, 0x3f, 0xf0, 0x80, 0x22, 0x00,
	0x87, 0xfc, 0x02, 0x00, 0xa4, 0x42, 0x8a, 0x92, 0x0a, 0x4f, 0xe0, 0x00, 0x00, 0x00, 0x00, 0x00, 0x00, 0xff, 0xc0, 0x21, 0x06, 0x84, 0x07, 0x10,
	0x36, 0x41, 0x8f, 0x18, 0x00, 0x09, 0x10, 0xa6, 0x46, 0x82, 0x92, 0x0a, 0x0f, 0xe0, 0x00, 0x00, 0x00, 0x00, 0x03, 0x01, 0xff, 0xe0, 0x30, 0x00,
	0xc0, 0x03, 0x00, 0xff, 0xc0, 0xa0, 0x0a, 0x44, 0x28, 0x91, 0x20, 0xa4, 0x82, 0x83, 0xf8, 0x00, 0x00, 0x00, 0x00, 0x00, 0x00, 0x03, 0x01, 0xff,
	0xe1, 0x00, 0x04, 0x00, 0x10, 0x00, 0x7f, 0xc0, 0x00, 0x0a, 0x44, 0x28, 0x91, 0xa0, 0xa4, 0x82, 0x83, 0xf8, 0x00, 0x00, 0x00, 0x00, 0x00, 0x00,
	0x20, 0x40, 0x81, 0x06, 0x7f, 0x9a, 0x80, 0x6a, 0x02, 0xa8, 0x0a, 0x20, 0x08, 0x80, 0x22, 0x00, 0x88, 0x02, 0x20, 0x08, 0xfe, 0x00, 0x00, 0x00,
	0x00, 0x00, 0x00, 0x01, 0x00, 0x04, 0x07, 0xff, 0x90, 0x80, 0x41, 0xe1, 0x08, 0x04, 0x21, 0x12, 0x84, 0x52, 0x09, 0x48, 0xa5, 0x22, 0x94, 0x8a,
	0x43, 0xe0, 0x00, 0x00, 0x00, 0x00, 0x03, 0x00, 0xff, 0xc2, 0x31, 0x08, 0xc4, 0x23, 0x10, 0xff, 0xc0, 0x30, 0x00, 0x00, 0x29, 0x10, 0xa2, 0xa4,
	0x82, 0x93, 0xf8, 0x00, 0x00, 0x00, 0x00, 0x00, 0x00, 0x20, 0x80, 0x9f, 0xc2, 0x08, 0x9c, 0x22, 0x68, 0x8a, 0x82, 0x2a, 0xff, 0x88, 0x30, 0x21,
	0xc0, 0x84, 0x82, 0x61, 0x0a, 0x02, 0x00, 0x00, 0x00, 0x00, 0x00, 0x00, 0x07, 0x80, 0x21, 0x03, 0xff, 0x10, 0x02, 0x3f, 0xf0, 0x00, 0x80, 0x06,
	0x00, 0xb0, 0x29, 0x10, 0xa0, 0x64, 0x82, 0x83, 0xf8, 0x00, 0x00, 0x00, 0x00, 0x00, 0x00, 0x08, 0x00, 0x7f, 0xc3, 0x24, 0x99, 0x12, 0x4c, 0x88,
	0x66, 0x63, 0x31, 0x00, 0x9c, 0x0b, 0x10, 0xa4, 0x46, 0x8a, 0x92, 0x0a, 0x0f, 0xe0, 0x00, 0x00, 0x00, 0x00, 0x11, 0xf9, 0xf8, 0x22, 0x29, 0x09,
	0x3c, 0x5c, 0x60, 0x73, 0xc3, 0x11, 0x90, 0x00, 0x2b, 0x10, 0xa2, 0xe4, 0x82, 0x93, 0xf8, 0x00, 0x00, 0x00, 0x00, 0x00, 0x00, 0x00, 0x00, 0x84,
	0x02, 0xff, 0x88, 0xc0, 0x6a, 0x41, 0xb9, 0x0a, 0x7f, 0xab, 0x12, 0x24, 0x48, 0x91, 0x22, 0x44, 0x89, 0x1e, 0x20, 0x40, 0x00, 0x00, 0x00, 0x00,
	0x21, 0xc0, 0x8c, 0x87, 0x61, 0x1b, 0xfe, 0x68, 0x02, 0x80, 0x0a, 0xff, 0x88, 0x62, 0x21, 0x88, 0x86, 0x22, 0x1b, 0x88, 0x60, 0x00, 0x00, 0x00,
	0x00, 0x00, 0x00, 0x00, 0x00, 0xff, 0xc2, 0x31, 0x08, 0xc4, 0x3f, 0xf0, 0x8c, 0x43, 0xff, 0x00, 0x00, 0x0b, 0x10, 0xa4, 0x46, 0x8a, 0x92, 0x0a,
	0x0f, 0xe0, 0x00, 0x00, 0x00, 0x00, 0x04, 0x00, 0x21, 0x01, 0x83, 0x1f, 0xfe, 0x00, 0x08, 0xff, 0xc2, 0x01, 0x08, 0x04, 0x1f, 0xe0, 0xac, 0x42,
	0x89, 0x92, 0x0a, 0x4f, 0xe0, 0x00, 0x00, 0x00, 0x00, 0x08, 0x00, 0x3f, 0x01, 0x0c, 0x0f, 0xfc, 0x60, 0x11, 0x00, 0x43, 0xff, 0x00, 0x04, 0x3f,
	0xf0, 0x2c, 0x42, 0x99, 0x12, 0x0a, 0x4f, 0xe0, 0x00, 0x00, 0x00, 0x00, 0x22, 0x40, 0x89, 0x02, 0x7f, 0x9d, 0x10, 0x6c, 0x42, 0x81, 0x0a, 0x7f,
	0x88, 0x10, 0x20, 0x40, 0x81, 0x02, 0x04, 0x0b, 0xfe, 0x00, 0x00, 0x00, 0x00, 0x00, 0x00, 0x10, 0x00, 0x7b, 0xc2, 0x39, 0x98, 0xe6, 0x5d, 0x90,
	0x36, 0xa1, 0x98, 0x8c, 0x3e, 0x0b, 0x10, 0xa4, 0x46, 0x8a, 0x92, 0x0a, 0x0f, 0xe0, 0x00, 0x00, 0x00, 0x00, 0x27, 0xf8, 0x80, 0x67, 0x31, 0x1a,
	0x68, 0x68, 0xe2, 0x9c, 0xea, 0x0c, 0x09, 0xfe, 0x20, 0xc0, 0x83, 0x02, 0x0c, 0x0b, 0xfe, 0x00, 0x00, 0x00, 0x00, 0x00, 0x00, 0x20, 0x80, 0x9f,
	0xe7, 0x08, 0x1a, 0x20, 0x68, 0x82, 0xbf, 0xea, 0x10, 0x08, 0x48, 0x21, 0x10, 0x88, 0x42, 0x3f, 0x8b, 0x82, 0x00, 0x00, 0x00, 0x00, 0x00, 0x00,
	0x00, 0x00, 0x0c, 0x07, 0xff, 0x85, 0x28, 0x34, 0xb0, 0x92, 0x64, 0xc8, 0x86, 0xe0, 0x0b, 0x10, 0xa4, 0x46, 0x8a, 0x92, 0x0a, 0x0f, 0xe0, 0x00,
	0x00, 0x00, 0x00, 0x00, 0x01, 0xf7, 0xc1, 0x11, 0x04, 0x64, 0x11, 0x54, 0x79, 0x57, 0x21, 0x41, 0x06, 0x0b, 0x10, 0xa4, 0x46, 0x8a, 0x92, 0x0a,
	0x0f, 0xe0, 0x00, 0x00, 0x00, 0x00, 0x2f, 0xf8, 0x80, 0x02, 0x7f, 0x1b, 0x06, 0x6c, 0x1a, 0xbf, 0xea, 0x41, 0x89, 0x06, 0x24, 0x18, 0x8f, 0x82,
	0x00, 0x0b, 0xfe, 0x00, 0x00, 0x00, 0x00, 0x00, 0x00, 0x10, 0xf9, 0xfe, 0x22, 0x38, 0x89, 0x62, 0x5d, 0x88, 0x76, 0x23, 0x0f, 0x90, 0x00, 0x2b,
	0x10, 0xa2, 0xe4, 0x82, 0x93, 0xf8, 0x00, 0x00, 0x00, 0x00, 0x00, 0x00, 0x27, 0xf8, 0x90, 0x02, 0x44, 0x1d, 0x52, 0x75, 0x4a, 0x99, 0x4a, 0x65,
	0x09, 0x38, 0x24, 0xa0, 0xa6, 0xc2, 0xb1, 0x8a, 0x82, 0x00, 0x00, 0x00, 0x00, 0x00, 0x00, 0xfd, 0xc1, 0x20, 0xc4, 0x88, 0x1e, 0x22, 0x4a, 0x89,
	0x2a, 0x27, 0xa8, 0x92, 0xa2, 0x4c, 0x95, 0xf2, 0x50, 0x89, 0x02, 0x3c, 0x00, 0x00, 0x00, 0x00, 0x00, 0x00, 0x27, 0xf8, 0x90, 0x22, 0x40, 0x9b,
	0xfe, 0x6c, 0x0a, 0xbf, 0xea, 0x48, 0x09, 0x12, 0x24, 0x50, 0x90, 0x82, 0x4d, 0x0b, 0xc2, 0x00, 0x00, 0x00, 0x00, 0x00, 0x00, 0x00, 0x00, 0xff,
	0xc2, 0x31, 0x0b, 0xf4, 0x23, 0x10, 0xb3, 0x42, 0x01, 0x0f, 0xfc, 0x0b, 0x10, 0xa4, 0x46, 0x8a, 0x92, 0x0a, 0x0f, 0xe0, 0x00, 0x00, 0x00, 0x00,
	0x08, 0x41, 0xff, 0xe0, 0x84, 0x02, 0x10, 0x7f, 0xf8, 0x21, 0x01, 0x22, 0x08, 0x84, 0x52, 0xa8, 0x4a, 0x42, 0x25, 0x83, 0x90, 0x00, 0x00, 0x00,
	0x00, 0x00, 0x00, 0x02, 0x00, 0x08, 0x03, 0xff, 0x08, 0x04, 0x3f, 0xf0, 0x80, 0x43, 0xff, 0x08, 0x04, 0x3f, 0xf0, 0x2c, 0x42, 0x99, 0x12, 0x0a,
	0x4f, 0xe0, 0x00, 0x00, 0x00, 0x00, 0x20, 0xc0, 0x84, 0x87, 0x61, 0x1b, 0x02, 0x6b, 0xf2, 0xa0, 0x0a, 0x7f, 0x89, 0x02, 0x24, 0x08, 0x90, 0x22,
	0x7f, 0x89, 0x02, 0x00, 0x00, 0x00, 0x00, 0x00, 0x00, 0x00, 0x00, 0x0c, 0x07, 0xff, 0x8f, 0xfc, 0x23, 0x10, 0xff, 0xc2, 0x31, 0x08, 0xc4, 0x1c,
	0xe0, 0xac, 0x42, 0x89, 0x92, 0x0a, 0x4f, 0xe0, 0x00, 0x00, 0x00, 0x00, 0x3f, 0xf0, 0x0c, 0x81, 0x32, 0x1f, 0xfe, 0x07, 0x80, 0x3f, 0x07, 0x33,
	0x90, 0x02, 0x29, 0x10, 0xa2, 0xa4, 0x82, 0x93, 0xf8, 0x00, 0x00, 0x00, 0x00, 0x00, 0x00, 0x00, 0x00, 0x88, 0x82, 0xff, 0x8c, 0x22, 0x70, 0x8a,
	0xff, 0xea, 0x88, 0x2b, 0xfe, 0x28, 0x88, 0x86, 0x22, 0x28, 0x8b, 0x2e, 0x28, 0x80, 0x00, 0x00, 0x00, 0x00, 0x00, 0x00, 0x88, 0x02, 0x7f, 0x8d,
	0x00, 0x7f, 0xfa, 0xd2, 0x2a, 0x48, 0xab, 0xfe, 0x24, 0x90, 0x92, 0x42, 0x89, 0x0b, 0xfe, 0x20, 0x70, 0x00, 0x00, 0x00, 0x00, 0x27, 0xf8, 0x82,
	0x07, 0x10, 0x1a, 0xfc, 0x69, 0x12, 0xbf, 0xea, 0x00, 0x09, 0xfe, 0x24, 0x08, 0x90, 0x22, 0x40, 0x89, 0xfe, 0x00, 0x00, 0x00, 0x00, 0x00, 0x00,
	0x00, 0x00, 0x46, 0x03, 0xd7, 0x8b, 0xa4, 0x6e, 0xa2, 0xb1, 0x82, 0x9b, 0x08, 0x82, 0x0b, 0x00, 0xa4, 0x46, 0x8a, 0x92, 0x0a, 0x0f, 0xe0, 0x00,
	0x00, 0x00, 0x00, 0x00, 0x00, 0xff, 0xc2, 0x31, 0x08, 0xc4, 0x1f, 0xe0, 0xff, 0xc2, 0x31, 0x0f, 0xfc, 0x03, 0x00, 0xa4, 0x42, 0x99, 0x92, 0x0a,
	0x4f, 0xe0, 0x00, 0x00, 0x00, 0x00, 0x22, 0x10, 0x8c, 0x82, 0x7f, 0x9d, 0x02, 0x6c, 0x0a, 0xb0, 0x2a, 0x7f, 0x08, 0x50, 0x21, 0x40, 0x89, 0x22,
	0x64, 0x8b, 0x1e, 0x00, 0x00, 0x00, 0x00, 0x00, 0x00, 0x24, 0x88, 0x92, 0x23, 0x69, 0x1c, 0x84, 0x68, 0x22, 0x9c, 0xaa, 0x5c, 0x89, 0x32, 0x25,
	0xa8, 0x9c, 0x22, 0x40, 0x89, 0xfe, 0x00, 0x00, 0x00, 0x00, 0x00, 0x00, 0x00, 0x01, 0xff, 0xe0, 0x48, 0x0f, 0xfc, 0x24, 0x90, 0x92, 0x41, 0xfe,
	0x01, 0x20, 0x7b, 0x78, 0xac, 0x42, 0x89, 0x92, 0x0a, 0x4f, 0xe0, 0x00, 0x00, 0x00, 0x00, 0x04, 0x81, 0xf3, 0xe0, 0x48, 0x1f, 0x3e, 0x04, 0x80,
	0x32, 0x07, 0xcf, 0x86, 0x20, 0x2b, 0x10, 0xa2, 0xe4, 0x82, 0x93, 0xf8, 0x00, 0x00, 0x00, 0x00, 0x00, 0x00, 0x00, 0x01, 0xf7, 0xe4, 0x50, 0x9f,
	0x7e, 0x45, 0x09, 0xf7, 0xe4, 0x40, 0x90, 0xe2, 0x4c, 0x49, 0x50, 0xa5, 0x4a, 0x95, 0xe2, 0x40, 0x38, 0x00, 0x00, 0x00, 0x00, 0x20, 0x80, 0x83,
	0xe2, 0x08, 0x1d, 0xfe, 0xb4, 0x1a, 0x9f, 0xea, 0x41, 0x89, 0xfe, 0x20, 0x80, 0x82, 0x02, 0xff, 0x88, 0x20, 0x00, 0x00, 0x00, 0x00, 0x00, 0x00,
	0x00, 0x00, 0x9f, 0xe2, 0x08, 0x0d, 0xfe, 0x70, 0x81, 0xbf, 0xea, 0x00, 0x29, 0xfe, 0x27, 0xf8, 0x90, 0x22, 0x7f, 0x89, 0x02, 0x24, 0x78, 0x00,
	0x00, 0x00, 0x00, 0x00, 0x80, 0x82, 0x02, 0xf7, 0x8d, 0xfc, 0x74, 0x12, 0xdf, 0xca, 0x00, 0x29, 0xfe, 0x20, 0x30, 0x83, 0x02, 0xff, 0x88, 0x30,
	0x23, 0xc0, 0x00, 0x00, 0x00, 0x00, 0x00, 0x20, 0x02, 0x47, 0xff, 0x8f, 0x24, 0x22, 0x90, 0x89, 0x83, 0xc4, 0x83, 0xaa, 0x70, 0x18, 0x2c, 0x42,
	0x8b, 0x92, 0x0a, 0x4f, 0xe0, 0x00, 0x00, 0x00, 0x00, 0x02, 0x00, 0x8f, 0xc2, 0x4a, 0x8b, 0x4a, 0x71, 0x29, 0xa9, 0x2a, 0xcc, 0xa8, 0x2c, 0x22,
	0x80, 0xa9, 0x22, 0xa1, 0x8e, 0x86, 0x23, 0xe0, 0x00, 0x00, 0x00, 0x00, 0x22, 0x20, 0x9f, 0xe2, 0x22, 0x1c, 0x88, 0x6f, 0xfa, 0x80, 0x0a, 0x7f,
	0x89, 0x02, 0x27, 0xf8, 0x90, 0x22, 0x40, 0x89, 0xfe, 0x00, 0x00, 0x00, 0x00, 0x00, 0x00, 0x02, 0x20, 0x88, 0x82, 0x7f, 0x9d, 0x10, 0x6c, 0x41,
	0xbf, 0xea, 0x44, 0x29, 0x10, 0x27, 0xf8, 0x91, 0x02, 0x44, 0x09, 0x10, 0x27, 0xb8, 0x00, 0x00, 0x00, 0x00, 0x51, 0x01, 0xfb, 0xe5, 0x4a, 0x84,
	0x4a, 0x3e, 0x49, 0x43, 0x21, 0x11, 0x84, 0x08, 0x2b, 0x10, 0xa2, 0xe4, 0x82, 0x93, 0xf8, 0x00, 0x00, 0x00, 0x00, 0x00, 0x00, 0x00, 0x00, 0x88,
	0xc2, 0x23, 0x0b, 0xf2, 0x71, 0x01, 0xbf, 0xea, 0x67, 0x2a, 0x63, 0x26, 0x30, 0x83, 0x02, 0x70, 0x88, 0x1c, 0x27, 0x80, 0x00, 0x00, 0x00, 0x00,
	0x00, 0x00, 0x9f, 0xe2, 0x20, 0x1c, 0xfe, 0x72, 0x41, 0xbf, 0xea, 0xc0, 0x2b, 0xfe, 0x27, 0xf8, 0x90, 0x22, 0x7f, 0x89, 0x02, 0x24, 0x78, 0x00,
	0x00, 0x00, 0x00, 0x11, 0xf9, 0xf4, 0x21, 0x1f, 0x8e, 0x42, 0x35, 0xf9, 0x44, 0x21, 0x10, 0x84, 0x3c, 0x2b, 0x10, 0xa2, 0xe4, 0x82, 0x93, 0xf8,
	0x00, 0x00, 0x00, 0x00, 0x00, 0x00, 0x08, 0x41, 0xff, 0xe0, 0x40, 0x1f, 0xfe, 0x08, 0x00, 0xff, 0xc6, 0x81, 0x03, 0xfc, 0x0b, 0x10, 0xa2, 0x64,
	0x82, 0x93, 0xf8, 0x00, 0x00, 0x00, 0x00, 0x00, 0x00, 0x7c, 0x40, 0x45, 0x27, 0xd4, 0x86, 0x5c, 0x34, 0xa1, 0x46, 0x41, 0x30, 0x82, 0x80, 0x29,
	0x11, 0xa2, 0xa4, 0x82, 0x83, 0xf8, 0x00, 0x00, 0x00, 0x00, 0x00, 0x00, 0x03, 0x00, 0x33, 0x03, 0xff, 0x10, 0x02, 0x7e, 0x99, 0xfa, 0x66, 0x29,
	0x9f, 0xa6, 0x62, 0x18, 0x30, 0xc2, 0x91, 0x1a, 0x2a, 0x4f, 0xe8, 0x00, 0x00, 0x00, 0x00, 0x21, 0xc0, 0x8c, 0x82, 0x7f, 0x9a, 0x00, 0x6f, 0x0a,
	0x92, 0xaa, 0x7a, 0x89, 0x2a, 0x24, 0xa8, 0x9e, 0xa2, 0x48, 0x89, 0xce, 0x00, 0x00, 0x00, 0x00, 0x00, 0x00, 0x00, 0x00, 0x0c, 0x03, 0xcf, 0x02,
	0x10, 0x7f, 0xf8, 0x7f, 0x82, 0x01, 0x0f, 0xfc, 0x20, 0x10, 0x7f, 0x82, 0x91, 0x12, 0x0a, 0x4f, 0xe8, 0x00, 0x00, 0x00, 0x00, 0x00, 0x00, 0xff,
	0xc2, 0x31, 0x0f, 0xfc, 0x23, 0x10, 0x7f, 0x87, 0xff, 0x90, 0xda, 0x5e, 0xa8, 0x2c, 0x42, 0x8b, 0x12, 0x0a, 0x4f, 0xe8, 0x00, 0x00, 0x00, 0x00,
	0x3f, 0xf0, 0x48, 0x80, 0x92, 0x1d, 0xb6, 0x4b, 0x28, 0xa1, 0x44, 0x78, 0x07, 0xf8, 0x38, 0x61, 0x1e, 0x00, 0xfc, 0x1c, 0x0e, 0x00, 0x00, 0x00,
	0x00, 0x00, 0x00, 0x00, 0xa0, 0x02, 0x47, 0xfe, 0x1f, 0xe4, 0x60, 0x51, 0x7d, 0x85, 0x14, 0x97, 0xea, 0x50, 0x18, 0x2c, 0x42, 0x89, 0x12, 0x0a,
	0x4f, 0xe0, 0x00, 0x00, 0x00, 0x00, 0x08, 0x40, 0x21, 0x07, 0xff, 0x84, 0x10, 0x65, 0x90, 0xa2, 0x81, 0xc4, 0x8f, 0xbe, 0x43, 0x08, 0xac, 0x42,
	0x99, 0x92, 0x0a, 0x4f, 0xe0, 0x00, 0x00, 0x00, 0x00, 0x34, 0x98, 0xbb, 0x85, 0x28, 0x9f, 0xbe, 0x7e, 0x89, 0x0b, 0xc7, 0xe8, 0x93, 0xbe, 0x02,
	0x00, 0xa6, 0x44, 0x82, 0x93, 0xfa, 0x00, 0x00, 0x00, 0x00, 0x00, 0x00, 0x00, 0x20, 0x88, 0x82, 0xff, 0x88, 0x20, 0x7f, 0xfa, 0xd0, 0x0a, 0x40,
	0x29, 0xfe, 0x20, 0x00, 0x92, 0x82, 0x4a, 0x89, 0x2a, 0x38, 0xb8, 0x00, 0x00, 0x00, 0x00, 0x20, 0x80, 0xbf, 0xe3, 0x7f, 0x9d, 0x02, 0x77, 0xfa,
	0x9f, 0xea, 0x40, 0x89, 0xfe, 0x20, 0x00, 0xbf, 0xe2, 0x33, 0x0b, 0x02, 0x00, 0x00, 0x00, 0x00, 0x00, 0x00, 0x08, 0x41, 0xff, 0xe0, 0x84, 0x0f,
	0xfc, 0x20, 0x10, 0xff, 0xc3, 0xff, 0x1f, 0xfe, 0x08, 0x40, 0xc8, 0xc5, 0x2b, 0x88, 0xb4, 0x2e, 0x48, 0x00, 0x00, 0x00, 0x00, 0x27, 0xf8, 0x90,
	0x22, 0x7f, 0x9b, 0xfe, 0x6f, 0xfa, 0xa4, 0xaa, 0xff, 0x89, 0xfc, 0x22, 0x10, 0x8c, 0x82, 0x1c, 0x0b, 0x8e, 0x00, 0x00, 0x00, 0x00, 0x00, 0x00,
	0x27, 0xf8, 0xbf, 0xe2, 0x89, 0x1b, 0xfc, 0x6f, 0xf2, 0xa0, 0x2a, 0xff, 0x8b, 0xfe, 0x28, 0x08, 0x9f, 0xe2, 0x33, 0x0b, 0x02, 0x00, 0x00, 0x00,
	0x00, 0x00, 0x00, 0x7f, 0xf8, 0x40, 0x87, 0xcf, 0x9f, 0xfe, 0x10, 0x20, 0xbf, 0x43, 0xff, 0x00, 0x04, 0x3f, 0xe0, 0xa6, 0x44, 0x82, 0x93, 0xfa,
	0x00, 0x00, 0x00, 0x00, 0x00, 0x00, 0x2f, 0x78, 0xa5, 0x22, 0x94, 0x9f, 0xd4, 0xb9, 0x52, 0xe5, 0xea, 0xf1, 0x0a, 0xcc, 0x29, 0x74, 0xbb, 0x53,
	0x89, 0x48, 0xc6, 0x00, 0x00, 0x00, 0x00, 0x00, 0x00, 0x02, 0x00, 0x0f, 0xc3, 0xff, 0x89, 0x82, 0x3f, 0xd8, 0x8f, 0xc2, 0xff, 0x0e, 0x26, 0x7f,
	0xf9, 0x3f, 0xc4, 0x59, 0x15, 0x0a, 0x17, 0xe0, 0x00, 0x00, 0x00, 0x00, 0x7e, 0x11, 0x0b, 0xe7, 0xc1, 0x17, 0xa4, 0x7f, 0x51, 0x58, 0x46, 0x51,
	0x0e, 0x1c, 0x0b, 0x10, 0xa2, 0x44, 0x82, 0x93, 0xf8, 0x00, 0x00, 0x00, 0x00, 0x00, 0x00, 0x01, 0x00, 0xff, 0xe4, 0x48, 0x1f, 0xfe, 0x7f, 0xf9,
	0x00, 0x07, 0xff, 0x95, 0x6e, 0x77, 0xc9, 0x3f, 0xc7, 0x46, 0x10, 0xe0, 0x3c, 0x78, 0x00, 0x00, 0x00, 0x00, 0x24, 0x81, 0x8b, 0xe5, 0x9a, 0x89,
	0x0a, 0x7f, 0x60, 0x89, 0xc2, 0x29, 0x8f, 0x42, 0x0b, 0x10, 0xa2, 0x64, 0x82, 0x93, 0xf8, 0x00, 0x00, 0x00, 0x00, 0x00, 0x00, 0x00, 0x01, 0xff,
	0xe0, 0x20, 0x0f, 0x7c, 0x3f, 0xf0, 0xff, 0xc7, 0xff, 0x92, 0x4a, 0x2f, 0xd0, 0x7f, 0x86, 0x84, 0x01, 0xe0, 0x78, 0x78, 0x00, 0x00, 0x00, 0x00,
	0x22, 0x30, 0xbf, 0xe2, 0x88, 0x9f, 0xfe, 0x78, 0x8a, 0xbf, 0xea, 0x00, 0x09, 0xfe, 0x24, 0x08, 0x9f, 0xe2, 0x40, 0x89, 0xfe, 0x00, 0x00, 0x00,
	0x00, 0x00, 0x00, 0x00, 0x00, 0x92, 0x22, 0x29, 0x0b, 0xfe, 0x71, 0xa2, 0xda, 0x4a, 0xe9, 0xa9, 0xe4, 0x2d, 0x78, 0xfd, 0x42, 0x35, 0x09, 0xae,
	0x2c, 0x10, 0x00, 0x00, 0x00, 0x00, 0x27, 0xf8, 0x82, 0x02, 0xff, 0x9c, 0x84, 0x6f, 0xf2, 0xb0, 0x2a, 0x7f, 0x89, 0x02, 0x27, 0xf8, 0x9f, 0xe2,
	0x33, 0x0b, 0x02, 0x00, 0x00, 0x00, 0x00, 0x00, 0x00, 0x00, 0x80, 0x82, 0x02, 0xff, 0x8c, 0x88, 0x7f, 0xfa, 0xdf, 0xca, 0x48, 0xa9, 0xfe, 0x24,
	0x88, 0x9f, 0xc2, 0xff, 0x88, 0x20, 0x2f, 0xf8, 0x00, 0x00, 0x00, 0x00, 0x00, 0x21, 0xf1, 0x01, 0x1f, 0x9f, 0xc2, 0x11, 0xf8, 0xf4, 0x24, 0x5f,
	0x91, 0x42, 0x3d, 0xf8, 0x2c, 0x42, 0x99, 0x12, 0x0a, 0x4f, 0xe0, 0x00, 0x00, 0x00, 0x00, 0x00, 0x00, 0xff, 0xc4, 0x30, 0x9f, 0xfe, 0x1f, 0xe0,
	0x0c, 0x07, 0xff, 0x8f, 0xfc, 0x24, 0x90, 0x6d, 0x82, 0x99, 0x1a, 0x0a, 0x4f, 0xe8, 0x00, 0x00, 0x00, 0x00, 0x00, 0x80, 0x82, 0x02, 0xff, 0x88,
	0x88, 0x7f, 0xfa, 0xdf, 0xcb, 0x80, 0xab, 0xfe, 0x28, 0x08, 0x9f, 0xc2, 0xa8, 0x8a, 0x86, 0x33, 0xe4, 0x00, 0x00, 0x00, 0x00, 0x00, 0x40, 0x81,
	0x42, 0xfe, 0x8a, 0xf2, 0x78, 0x52, 0xfe, 0xca, 0xca, 0x6b, 0xfe, 0x28, 0x58, 0x8a, 0x42, 0xa4, 0x8a, 0x86, 0x33, 0xe4, 0x00, 0x00, 0x00, 0x00,
	0x1d, 0xf9, 0xac, 0x22, 0xdf, 0x9d, 0x7e, 0x1d, 0x49, 0xb4, 0xe3, 0x3d, 0x13, 0x42, 0x0b, 0x10, 0xa2, 0xe4, 0x82, 0x93, 0xf8, 0x00, 0x00, 0x00,
	0x00, 0x00, 0x00, 0x00, 0x80, 0x82, 0x02, 0xff, 0x89, 0xfe, 0x79, 0x4a, 0xe5, 0x2b, 0x7f, 0xa8, 0x20, 0x2f, 0xf8, 0x89, 0x22, 0xe3, 0x0c, 0xb4,
	0x2f, 0x0c, 0x00, 0x00, 0x00, 0x00, 0x00, 0x00, 0xea, 0x86, 0xaf, 0xc7, 0xf2, 0x2f, 0xab, 0x88, 0xc2, 0xfb, 0x08, 0xac, 0x2d, 0x48, 0x2c, 0x42,
	0x8b, 0x92, 0x0a, 0x4f, 0xe0, 0x00, 0x00, 0x00, 0x00, 0x5f, 0xf9, 0x79, 0x26, 0x3b, 0x1f, 0xba, 0x5d, 0xf9, 0xf8, 0x83, 0x4a, 0x94, 0xca, 0x02,
	0x00, 0xa6, 0x44, 0x82, 0x93, 0xfa, 0x00, 0x00, 0x00, 0x00, 0x00, 0x00, 0x00, 0x00, 0x04, 0xc3, 0xff, 0x88, 0x40, 0x21, 0x00, 0x84, 0x42, 0x13,
	0x08, 0x28, 0x20, 0xc1, 0x83, 0x24, 0x1c, 0x91, 0x8a, 0x48, 0x18, 0x00, 0x00, 0x00, 0x00, 0x00, 0xb1, 0xff, 0xe0, 0x08, 0x02, 0x20, 0x08, 0x90,
	0x2f, 0x47, 0xc6, 0x06, 0x18, 0x10, 0x40, 0x42, 0xa2, 0x32, 0x89, 0x86, 0x00, 0x00, 0x00, 0x00, 0x00, 0x00, 0x00, 0x00, 0x04, 0xc3, 0xff, 0x88,
	0x40, 0x20, 0x90, 0xfa, 0x42, 0x2b, 0x08, 0xa8, 0x22, 0xe1, 0xf1, 0x04, 0x0e, 0x90, 0xca, 0x44, 0x18, 0x00, 0x00, 0x00, 0x00, 0x0e, 0xa1, 0xe2,
	0x40, 0x88, 0x82, 0x20, 0x7f, 0xf8, 0x22, 0x40, 0xad, 0x0f, 0x18, 0x48, 0x68, 0x23, 0xa0, 0xb2, 0x8c, 0x06, 0x00, 0x00, 0x00, 0x00, 0x00, 0x00,
	0x00, 0xb1, 0xff, 0xe0, 0x08, 0x0c, 0xa0, 0x32, 0x91, 0xfb, 0x43, 0x26, 0x08, 0x98, 0x22, 0x40, 0x8a, 0xa2, 0x32, 0x91, 0x86, 0x00, 0x00, 0x00,
	0x00, 0x00, 0x00, 0x00, 0x20, 0x02, 0x47, 0xff, 0x80, 0x20, 0x3e, 0x90, 0x8a, 0x42, 0x29, 0x08, 0x98, 0x3c, 0x60, 0x0d, 0x07, 0xca, 0x80, 0xca,
	0x04, 0x18, 0x00, 0x00, 0x00, 0x00, 0x00, 0x20, 0x02, 0x43, 0xff, 0x9a, 0x30, 0x6f, 0x41, 0xa1, 0x46, 0x85, 0x1d, 0xdc, 0x54, 0x61, 0x55, 0x85,
	0x56, 0x99, 0x6e, 0x4d, 0x18, 0x00, 0x00, 0x00, 0x00, 0x10, 0x51, 0xf9, 0x61, 0x04, 0x1f, 0xfe, 0x42, 0x41, 0xf9, 0x24, 0x25, 0x1f, 0x9c, 0x10,
	0x21, 0xf9, 0x91, 0x1b, 0x84, 0xc6, 0x00, 0x00, 0x00, 0x00, 0x00, 0x00, 0x49, 0x50, 0xa9, 0x27, 0xf4, 0x12, 0x7e, 0x7f, 0x41, 0x25, 0xa4, 0x93,
	0x0f, 0x8c, 0x08, 0x21, 0xfd, 0x90, 0x99, 0x82, 0xc6, 0x00, 0x00, 0x00, 0x00, 0x00, 0x00, 0x08, 0x00, 0x3d, 0x40, 0x84, 0x9f, 0xd0, 0x57, 0xf9,
	0xe5, 0x05, 0x16, 0x93, 0x8e, 0x6d, 0x31, 0xb4, 0x85, 0xe6, 0x53, 0xf6, 0x31, 0x18, 0x00, 0x00, 0x00, 0x00, 0x08, 0xd1, 0xf9, 0x67, 0xff, 0x80,
	0x10, 0x7f, 0x49, 0xfd, 0x44, 0x95, 0x0d, 0x94, 0x3e, 0x21, 0xfd, 0xa3, 0x6f, 0x90, 0xe6, 0x00, 0x00, 0x00, 0x00, 0x00, 0x00, 0x00, 0x01, 0xff,
	0xe0, 0x00, 0x00, 0x00, 0x1f, 0xf0, 0x40, 0x41, 0x01, 0x04, 0x04, 0x3f, 0xf0, 0xc0, 0x02, 0x00, 0x08, 0x00, 0x40, 0x00, 0x00, 0x00, 0x00, 0x00,
	0x00, 0x01, 0xff, 0xe0, 0x00, 0x0f, 0xfc, 0x20, 0x10, 0x80, 0x43, 0xfe, 0x08, 0x40, 0x3f, 0xf8, 0x86, 0x06, 0x2c, 0x13, 0x18, 0x70, 0x18, 0x00,
	0x00, 0x00, 0x00, 0x00, 0x01, 0xff, 0xe0, 0x00, 0x0f, 0xfc, 0x20, 0x10, 0xff, 0xc2, 0x10, 0x0f, 0xfe, 0x24, 0x00, 0x9f, 0xc6, 0x41, 0x12, 0x04,
	0x50, 0xf0, 0x00, 0x00, 0x00, 0x00, 0x7e, 0x38, 0x03, 0x00, 0x08, 0x0f, 0xa0, 0x22, 0xf8, 0x8a, 0x43, 0xf1, 0x08, 0x44, 0x61, 0x11, 0x04, 0x44,
	0x21, 0x10, 0x84, 0x00, 0x00, 0x00, 0x00, 0x00, 0x00, 0x00, 0x01, 0xff, 0xe0, 0x00, 0x0f, 0xfc, 0x20, 0x10, 0xff, 0xc2, 0x00, 0x0f, 0xbe, 0x33,
	0x08, 0xad, 0xa4, 0xf2, 0x94, 0xf2, 0x46, 0x38, 0x00, 0x00, 0x00, 0x00, 0x00, 0x01, 0xff, 0xe0, 0x00, 0x0f, 0xfe, 0x20, 0x08, 0xff, 0xe2, 0x24,
	0x0f, 0x9e, 0x22, 0x40, 0xf9, 0xe4, 0x64, 0x16, 0x9e, 0x4c, 0x40, 0x00, 0x00, 0x00, 0x00, 0x00, 0x70, 0xfe, 0x00, 0x10, 0x00, 0x40, 0x7f, 0xf8,
	0x04, 0x00, 0x10, 0x1f, 0xfe, 0x01, 0x00, 0x04, 0x00, 0x10, 0x03, 0xc0, 0x00, 0x00, 0x00, 0x00, 0x00, 0x00, 0x00, 0x80, 0x02, 0x07, 0xff, 0x80,
	0x20, 0x00, 0xb0, 0x03, 0x00, 0x78, 0x0e, 0x20, 0x40, 0x80, 0x02, 0x00, 0x08, 0x01, 0xe0, 0x00, 0x00, 0x00, 0x00, 0x00, 0x00, 0x13, 0xf8, 0x40,
	0x47, 0xc1, 0x04, 0x04, 0x10, 0x10, 0x40, 0x41, 0xc1, 0x1c, 0x04, 0x10, 0x10, 0x40, 0x41, 0x01, 0x1c, 0x78, 0x00, 0x00, 0x00, 0x00, 0x00, 0x00,
	0x10, 0xc0, 0x42, 0x07, 0xc8, 0x04, 0x20, 0x11, 0x80, 0x44, 0x01, 0xd1, 0x1c, 0xc4, 0x12, 0x08, 0x48, 0x21, 0x7f, 0x9d, 0x01, 0x00, 0x00, 0x00,
	0x00, 0x00, 0x00, 0x30, 0x38, 0xcf, 0x07, 0x88, 0x0c, 0x20, 0x30, 0x80, 0xe2, 0xe3, 0x3c, 0x1c, 0x20, 0x30, 0x88, 0xc2, 0x23, 0x08, 0x98, 0x3e,
	0x00, 0x00, 0x00, 0x00, 0x00, 0x00, 0x20, 0xe0, 0x88, 0x87, 0xa1, 0x09, 0x86, 0x27, 0xf8, 0xa6, 0x73, 0x91, 0x98, 0x44, 0x21, 0x10, 0x88, 0x42,
	0x61, 0x1a, 0x3c, 0x00, 0x00, 0x00, 0x00, 0x00, 0x00, 0x27, 0xf0, 0x8c, 0x47, 0xb2, 0x08, 0xc8, 0x23, 0x58, 0x8a, 0x23, 0xa9, 0x18, 0x94, 0x24,
	0x60, 0x91, 0xc2, 0xd9, 0x9a, 0xc3, 0x00, 0x00, 0x00, 0x00, 0x00, 0x00, 0x20, 0xc0, 0x8f, 0xe7, 0x8c, 0x08, 0x30, 0x20, 0xc0, 0x9f, 0xe3, 0x8c,
	0x18, 0x30, 0x20, 0xc0, 0x84, 0x82, 0x61, 0x1b, 0x02, 0x00, 0x00, 0x00, 0x00, 0x00, 0x00, 0x24, 0x40, 0x91, 0x07, 0x44, 0x89, 0x14, 0x27, 0xe0,
	0x91, 0x03, 0x44, 0x19, 0x10, 0x24, 0x44, 0x91, 0x22, 0x74, 0x9b, 0x1e, 0x00, 0x00, 0x00, 0x00, 0x00, 0x00, 0x00, 0x00, 0x7f, 0x80, 0x06, 0x00,
	0x60, 0x7b, 0x48, 0x3f, 0x21, 0x33, 0x07, 0xf8, 0x33, 0x30, 0x8c, 0x44, 0xfc, 0x90, 0xc2, 0x0e, 0x00, 0x00, 0x00, 0x00, 0x00, 0x20, 0xc0, 0x9f,
	0xe7, 0x8c, 0x08, 0x30, 0x27, 0xf8, 0x80, 0x22, 0xa1, 0x1c, 0xcc, 0x21, 0xe0, 0x83, 0x02, 0x33, 0x1b, 0x02, 0x00, 0x00, 0x00, 0x00, 0x00, 0x00,
	0x20, 0x40, 0x89, 0x47, 0xa4, 0x88, 0x92, 0x22, 0x48, 0x91, 0x33, 0xc4, 0x18, 0x74, 0x20, 0x30, 0x81, 0x82, 0x18, 0x19, 0xc0, 0x00, 0x00, 0x00,
	0x00, 0x00, 0x00, 0x27, 0xf8, 0x92, 0x27, 0xc8, 0x89, 0x22, 0x24, 0x88, 0x9f, 0xe3, 0xc0, 0x99, 0x00, 0x24, 0x04, 0x90, 0x22, 0x40, 0x99, 0xfe,
	0x00, 0x00, 0x00, 0x00, 0x00, 0x00, 0x23, 0x80, 0x93, 0xef, 0x4c, 0x89, 0x32, 0x24, 0xc8, 0x93, 0x23, 0x4c, 0xb9, 0x32, 0x27, 0xc8, 0xb3, 0xe2,
	0x0c, 0x18, 0x30, 0x00, 0x00, 0x00, 0x00, 0x00, 0x00, 0x23, 0xe0, 0x88, 0x87, 0xa2, 0x48, 0x8a, 0x24, 0x38, 0x9f, 0xc2, 0x81, 0x1c, 0x84, 0x21,
	0x20, 0x83, 0x02, 0x3f, 0x1b, 0x02, 0x00, 0x00, 0x00, 0x00, 0x00, 0x00, 0x00, 0x80, 0x82, 0x02, 0xff, 0x88, 0x00, 0x79, 0xe0, 0x88, 0x82, 0x22,
	0x0a, 0x88, 0x72, 0x20, 0x88, 0x92, 0x62, 0x49, 0x09, 0x68, 0x38, 0x00, 0x00, 0x00, 0x00, 0x30, 0x78, 0xce, 0x07, 0xb0, 0x0c, 0xc0, 0x33, 0xf8,
	0xc8, 0xc3, 0xa3, 0x1c, 0x8c, 0x32, 0x30, 0xd0, 0xc3, 0xc3, 0x1a, 0x0c, 0x00, 0x00, 0x00, 0x00, 0x00, 0x00, 0x23, 0x00, 0xbf, 0xe7, 0xa0, 0x08,
	0x80, 0x23, 0xf8, 0x8c, 0x43, 0xb1, 0x19, 0x28, 0x24, 0xe0, 0xa3, 0x82, 0xb3, 0x19, 0x82, 0x00, 0x00, 0x00, 0x00, 0x00, 0x00, 0x33, 0xf0, 0xc8,
	0x27, 0xa0, 0x8c, 0x82, 0x32, 0x08, 0xcf, 0xc3, 0xa4, 0x1c, 0x88, 0x32, 0x20, 0xd0, 0xc3, 0x41, 0x19, 0x02, 0x00, 0x00, 0x00, 0x00, 0x00, 0x00,
	0x20, 0x40, 0x9f, 0xe7, 0xc4, 0x89, 0x12, 0x27, 0xf8, 0x90, 0x43, 0x51, 0x19, 0x48, 0x24, 0xe0, 0xb3, 0x02, 0x9b, 0x1b, 0x82, 0x00, 0x00, 0x00,
	0x00, 0x00, 0x00, 0x02, 0x00, 0x88, 0x02, 0x7f, 0x9d, 0x02, 0x27, 0xe8, 0xa0, 0xa2, 0x02, 0x8c, 0xfa, 0x64, 0x38, 0x90, 0x02, 0x40, 0x89, 0x02,
	0x67, 0xf8, 0x00, 0x00, 0x00, 0x00, 0x20, 0xf0, 0x9d, 0x07, 0xc4, 0x09, 0x10, 0x27, 0xf8, 0x91, 0x03, 0x46, 0x19, 0x08, 0x27, 0xa4, 0xb0, 0x62,
	0x01, 0x99, 0xf8, 0x00, 0x00, 0x00, 0x00, 0x00, 0x00, 0x20, 0x40, 0x9f, 0xe7, 0x84, 0x08, 0x10, 0x20, 0x40, 0x9f, 0xe3, 0x8e, 0x18, 0x58, 0x22,
	0x50, 0x99, 0x62, 0xc4, 0x98, 0x10, 0x00, 0x00, 0x00, 0x00, 0x00, 0x00, 0x27, 0xf8, 0x92, 0x27, 0x48, 0x89, 0x22, 0x27, 0xf8, 0x92, 0x23, 0x48,
	0x99, 0xfe, 0x24, 0x88, 0x82, 0x02, 0x08, 0x18, 0x20, 0x00, 0x00, 0x00, 0x00, 0x00, 0x00, 0x20, 0xc0, 0x83, 0x07, 0x7f, 0x89, 0x32, 0x24, 0xc8,
	0x93, 0x23, 0x7f, 0x99, 0x32, 0x24, 0xc8, 0x93, 0x22, 0x7f, 0x99, 0x02, 0x00, 0x00, 0x00, 0x00, 0x00, 0x00, 0x23, 0xf0, 0x90, 0x27, 0xc0, 0x89,
	0x02, 0x27, 0xf8, 0x90, 0x23, 0xc0, 0x99, 0x02, 0x23, 0xf0, 0x80, 0x02, 0x00, 0x1b, 0xfe, 0x00, 0x00, 0x00, 0x00, 0x00, 0x00, 0x20, 0x40, 0x82,
	0x07, 0xff, 0x89, 0x02, 0x24, 0x08, 0x90, 0x23, 0xff, 0x99, 0x02, 0x24, 0x08, 0x90, 0x22, 0x7f, 0x99, 0x02, 0x00, 0x00, 0x00, 0x00, 0x00, 0x00,
	0x23, 0xf8, 0x90, 0x27, 0xc0, 0x89, 0x02, 0x23, 0xf0, 0x80, 0x03, 0xff, 0x98, 0x22, 0x21, 0x08, 0x84, 0x22, 0x20, 0x9b, 0x1c, 0x00, 0x00, 0x00,
	0x00, 0x00, 0x00, 0x27, 0xf8, 0x90, 0x07, 0xc0, 0x09, 0xfc, 0x24, 0x08, 0x90, 0x23, 0xc0, 0x99, 0xfe, 0x24, 0x00, 0x90, 0x02, 0x40, 0x19, 0xfe,
	0x00, 0x00, 0x00, 0x00, 0x00, 0x00, 0x17, 0xf8, 0x44, 0x07, 0x90, 0x04, 0x40, 0x11, 0x00, 0x4f, 0xe3, 0xe0, 0x95, 0x82, 0x1a, 0x08, 0x48, 0x21,
	0x3f, 0x98, 0x82, 0x00, 0x00, 0x00, 0x00, 0x00, 0x00, 0x22, 0x00, 0x8f, 0xe7, 0xa0, 0x89, 0xf2, 0x26, 0x48, 0x89, 0x23, 0xa4, 0x98, 0x92, 0x23,
	0xc8, 0x88, 0x22, 0x00, 0x98, 0x1c, 0x00, 0x00, 0x00, 0x00, 0x00, 0x00, 0x20, 0xc0, 0x93, 0x27, 0x4c, 0x89, 0x32, 0x24, 0xc8, 0x8f, 0xc3, 0x0c,
	0x19, 0x32, 0x24, 0xc8, 0x93, 0x22, 0x7f, 0x99, 0x02, 0x00, 0x00, 0x00, 0x00, 0x00, 0x00, 0x33, 0xf8, 0xc2, 0x27, 0x88, 0x8c, 0x62, 0x33, 0x38,
	0xc8, 0x03, 0xbf, 0x1c, 0x82, 0x32, 0x08, 0xc8, 0x23, 0x20, 0x98, 0xfe, 0x00, 0x00, 0x00, 0x00, 0x00, 0x00, 0x27, 0xf8, 0x81, 0x07, 0x84, 0x08,
	0xfe, 0x20, 0x40, 0x81, 0x03, 0xbf, 0x98, 0x10, 0x27, 0xf8, 0x81, 0x02, 0x04, 0x18, 0x10, 0x00, 0x00, 0x00, 0x00, 0x00, 0x00, 0x24, 0x70, 0x99,
	0x4f, 0x95, 0x0a, 0x54, 0x2d, 0x50, 0xb5, 0x43, 0x69, 0x7d, 0xa5, 0x26, 0x94, 0x98, 0x62, 0x98, 0x3c, 0x3f, 0x00, 0x00, 0x00, 0x00, 0x00, 0x00,
	0x00, 0x40, 0x81, 0x02, 0x3f, 0x9e, 0x80, 0x22, 0x40, 0x89, 0x02, 0x2c, 0x0e, 0xa0, 0x66, 0x90, 0x92, 0x42, 0x58, 0x89, 0x5e, 0x63, 0x88, 0x00,
	0x00, 0x00, 0x00, 0x20, 0x38, 0x9f, 0x07, 0x88, 0x08, 0x20, 0x27, 0xf8, 0x82, 0x03, 0xbf, 0x19, 0x02, 0x24, 0x08, 0x90, 0x22, 0x7f, 0x99, 0x02,
	0x00, 0x00, 0x00, 0x00, 0x00, 0x00, 0x20, 0x38, 0x80, 0xa7, 0xff, 0x88, 0x08, 0x27, 0xa0, 0x84, 0x82, 0x92, 0x1c, 0x48, 0x21, 0x30, 0x87, 0x52,
	0x71, 0x98, 0x06, 0x00, 0x00, 0x00, 0x00, 0x00, 0x00, 0x00, 0x00, 0xc8, 0xc1, 0x22, 0x1f, 0xfe, 0x04, 0x81, 0xff, 0xe1, 0x02, 0x0b, 0xe4, 0x41,
	0x08, 0x7f, 0x87, 0xff, 0x80, 0x40, 0x0f, 0x00, 0x00, 0x00, 0x00, 0x00, 0x22, 0x48, 0x8b, 0x47, 0xc9, 0x08, 0xb4, 0x22, 0x48, 0x82, 0x03, 0x9f,
	0x99, 0x82, 0x29, 0x90, 0x81, 0x82, 0x0c, 0x19, 0xc0, 0x00, 0x00, 0x00, 0x00, 0x00, 0x00, 0x20, 0x88, 0x9f, 0xe7, 0x09, 0x0b, 0xfe, 0x20, 0xc0,
	0x8c, 0x23, 0xff, 0x19, 0x00, 0x27, 0xf8, 0x90, 0x62, 0x01, 0x18, 0x3c, 0x00, 0x00, 0x00, 0x00, 0x00, 0x00, 0x30, 0xc0, 0xc4, 0x87, 0xa1, 0x0d,
	0x02, 0x33, 0xf0, 0xc0, 0x03, 0xbf, 0x9d, 0x02, 0x34, 0x08, 0xd0, 0x23, 0x7f, 0x99, 0x02, 0x00, 0x00, 0x00, 0x00, 0x00, 0x00, 0x00, 0x40, 0x81,
	0x02, 0x3f, 0x9e, 0x10, 0x20, 0x40, 0x9f, 0xe2, 0x01, 0x0f, 0xfe, 0x60, 0x10, 0x8c, 0x42, 0x19, 0x08, 0x04, 0x60, 0x70, 0x00, 0x00, 0x00, 0x00,
	0x32, 0x18, 0xcf, 0x87, 0xa0, 0x8c, 0x82, 0x33, 0xf0, 0xc0, 0x03, 0xbf, 0x9c, 0x82, 0x33, 0xf8, 0xc8, 0x23, 0x20, 0x98, 0xfe, 0x00, 0x00, 0x00,
	0x00, 0x00, 0x00, 0x00, 0x80, 0x82, 0x02, 0xff, 0xbe, 0x42, 0x29, 0x00, 0xbf, 0xe2, 0x21, 0x0c, 0x88, 0x66, 0x20, 0x87, 0x02, 0x0e, 0x08, 0xcc,
	0x6c, 0x08, 0x00, 0x00, 0x00, 0x00, 0x21, 0x40, 0xa5, 0x27, 0x55, 0x09, 0xdc, 0x21, 0x40, 0x85, 0x83, 0xb7, 0x1b, 0x52, 0x22, 0x40, 0x89, 0x12,
	0x64, 0x9b, 0x1e, 0x00, 0x00, 0x00, 0x00, 0x00, 0x00, 0x02, 0x00, 0x48, 0x81, 0x96, 0x1f, 0xfe, 0x08, 0x40, 0x7f, 0x86, 0x11, 0x9f, 0xfe, 0x01,
	0x00, 0x04, 0x07, 0xff, 0x80, 0x40, 0x0f, 0x00, 0x00, 0x00, 0x00, 0x00, 0x20, 0x80, 0x9f, 0xe7, 0x48, 0x89, 0x22, 0x22, 0x90, 0xa2, 0x07, 0x7f,
	0x88, 0x30, 0x21, 0x40, 0x8c, 0x82, 0x61, 0x9a, 0x02, 0x00, 0x00, 0x00, 0x00, 0x00, 0x00, 0x00, 0x00, 0x84, 0x82, 0x21, 0x1d, 0xfe, 0x22, 0x00,
	0x8f, 0xe2, 0x48, 0x1f, 0x20, 0x2f, 0xfc, 0x83, 0x02, 0x14, 0x08, 0x8c, 0x6c, 0x08, 0x00, 0x00, 0x00, 0x00, 0x20, 0x80, 0x8a, 0x47, 0x29, 0x09,
	0xa4, 0x26, 0xa8, 0xb6, 0xa7, 0x9a, 0x08, 0x20, 0x27, 0xf8, 0x82, 0x02, 0x08, 0x1b, 0xfe, 0x00, 0x00, 0x00, 0x00, 0x00, 0x00, 0x27, 0xf8, 0x90,
	0x07, 0x5f, 0x09, 0x00, 0x24, 0x00, 0x9f, 0xe3, 0x54, 0x99, 0x4a, 0x2d, 0x30, 0xa4, 0xc2, 0x9d, 0x9b, 0xc2, 0x00, 0x00, 0x00, 0x00, 0x00, 0x00,
	0x2e, 0x18, 0x8b, 0x8f, 0x22, 0x09, 0x08, 0x2e, 0xf8, 0x88, 0x83, 0xa2, 0x3a, 0x88, 0x2e, 0x20, 0x93, 0xe2, 0xf0, 0x1a, 0x3e, 0x00, 0x00, 0x00,
	0x00, 0x00, 0x00, 0x00, 0x00, 0x8f, 0x82, 0x22, 0x3d, 0x10, 0x2f, 0xf8, 0x92, 0x22, 0x48, 0x8d, 0xfe, 0xe5, 0x40, 0x85, 0x02, 0x34, 0x89, 0x92,
	0x6c, 0x78, 0x00, 0x00, 0x00, 0x00, 0x27, 0xf8, 0x82, 0x07, 0x7f, 0x88, 0x20, 0x27, 0xf8, 0x92, 0x23, 0x7f, 0x99, 0x22, 0x24, 0x88, 0x9f, 0xe2,
	0x08, 0x18, 0x20, 0x00, 0x00, 0x00, 0x00, 0x00, 0x00, 0x27, 0xf8, 0x90, 0x27, 0xc0, 0x89, 0x02, 0x23, 0xf8, 0x81, 0x03, 0xa4, 0x19, 0x1e, 0x26,
	0x40, 0x99, 0x02, 0x9c, 0x1a, 0x1f, 0x00, 0x00, 0x00, 0x00, 0x00, 0x00, 0x27, 0x88, 0x92, 0xa7, 0x4a, 0x89, 0x2a, 0x27, 0x28, 0x90, 0xa3, 0xfa,
	0x99, 0x2a, 0x24, 0xa8, 0x92, 0x22, 0x88, 0x9a, 0xce, 0x00, 0x00, 0x00, 0x00, 0x00, 0x00, 0x00, 0x00, 0x82, 0x42, 0xff, 0x9c, 0x20, 0x27, 0xf8,
	0x92, 0x22, 0x7f, 0x8d, 0x22, 0x64, 0x88, 0x9f, 0xe2, 0x48, 0x89, 0x22, 0x64, 0xb8, 0x00, 0x00, 0x00, 0x00, 0x00, 0x00, 0x92, 0x02, 0x4f, 0x9d,
	0x20, 0x2f, 0xf8, 0x82, 0x02, 0x29, 0x0d, 0x26, 0x6c, 0x88, 0xa6, 0x42, 0x02, 0x08, 0x30, 0x6f, 0x00, 0x00, 0x00, 0x00, 0x00, 0x20, 0x80, 0x9f,
	0xe7, 0x48, 0x89, 0xfe, 0x24, 0x88, 0x9f, 0xe3, 0x08, 0x39, 0xfe, 0x22, 0x10, 0x85, 0x82, 0x1e, 0x1b, 0x86, 0x00, 0x00, 0x00, 0x00, 0x00, 0x00,
	0x00, 0x00, 0x82, 0x02, 0x7f, 0xbc, 0x60, 0x27, 0x70, 0x84, 0x82, 0xff, 0x8d, 0x24, 0xef, 0xe8, 0xc2, 0x12, 0xff, 0x88, 0x20, 0xe0, 0x80, 0x00,
	0x00, 0x00, 0x00, 0x21, 0xc0, 0x8c, 0x87, 0x69, 0x8a, 0xfe, 0x20, 0x80, 0xbf, 0xe3, 0x00, 0x19, 0xfc, 0x24, 0x08, 0x90, 0x22, 0x7f, 0x99, 0x02,
	0x00, 0x00, 0x00, 0x00, 0x00, 0x00, 0x27, 0xf8, 0x90, 0x27, 0x7f, 0x89, 0x10, 0x24, 0x40, 0x9f, 0xe3, 0x44, 0x19, 0xfe, 0x2e, 0x08, 0xa8, 0x22,
	0xa0, 0x9a, 0xfe, 0x00, 0x00, 0x00, 0x00, 0x00, 0x00, 0x00, 0x00, 0x92, 0x42, 0x49, 0x3f, 0xfe, 0x21, 0x20, 0x84, 0x82, 0xef, 0x8d, 0xfc, 0xec,
	0x28, 0x8f, 0x82, 0x42, 0x89, 0x02, 0x67, 0xf0, 0x00, 0x00, 0x00, 0x00, 0x00, 0x00, 0x9f, 0xe2, 0x08, 0x1f, 0xfc, 0x20, 0x88, 0x9f, 0xf2, 0x08,
	0x8b, 0xfe, 0x70, 0x80, 0x93, 0xe2, 0x68, 0x0b, 0xe0, 0x68, 0xf8, 0x00, 0x00, 0x00, 0x00, 0x20, 0x80, 0xbf, 0xe7, 0x16, 0x08, 0x88, 0x27, 0xf0,
	0xa0, 0x22, 0x00, 0x0f, 0xfe, 0x60, 0xa0, 0x92, 0x42, 0xc8, 0x9a, 0xe2, 0x00, 0x00, 0x00, 0x00, 0x00, 0x00, 0x21, 0xc0, 0x8c, 0x87, 0x7f, 0x8a,
	0x02, 0x27, 0xf0, 0x80, 0x43, 0x83, 0x18, 0x68, 0x2a, 0x90, 0xa8, 0x22, 0xa1, 0x9c, 0xf8, 0x00, 0x00, 0x00, 0x00, 0x00, 0x00, 0x27, 0xf8, 0x80,
	0x27, 0x7f, 0x88, 0x02, 0x27, 0xf0, 0x9f, 0xe3, 0x88, 0x9b, 0xfe, 0x24, 0x88, 0x92, 0x22, 0x4b, 0x98, 0x20, 0x00, 0x00, 0x00, 0x00, 0x00, 0x00,
	0x20, 0xf8, 0x9c, 0x27, 0xc9, 0x08, 0xa4, 0x2f, 0xf8, 0xa0, 0x23, 0xff, 0x18, 0x84, 0x21, 0x20, 0x83, 0x02, 0x37, 0x1b, 0x06, 0x00, 0x00, 0x00,
	0x00, 0x00, 0x00, 0x00, 0x00, 0x4c, 0x87, 0xff, 0x97, 0xfa, 0x50, 0x28, 0x7f, 0x80, 0x01, 0x0f, 0xf8, 0x01, 0x00, 0xff, 0xc7, 0xff, 0x80, 0x40,
	0x0f, 0x00, 0x00, 0x00, 0x00, 0x00, 0x21, 0x20, 0x84, 0x87, 0xf3, 0x88, 0x48, 0x21, 0x20, 0x9c, 0xe3, 0x92, 0x18, 0x48, 0x2f, 0x3c, 0x8c, 0x82,
	0x22, 0x19, 0x08, 0x00, 0x00, 0x00, 0x00, 0x00, 0x00, 0x27, 0xf8, 0x90, 0x27, 0x7f, 0x89, 0x10, 0x26, 0x48, 0x99, 0x23, 0x64, 0x99, 0x7c, 0x2a,
	0x48, 0xa9, 0x22, 0xa4, 0x9a, 0xee, 0x00, 0x00, 0x00, 0x00, 0x00, 0x00, 0x21, 0x10, 0xbf, 0x4f, 0x11, 0x08, 0x44, 0x2f, 0xd0, 0x80, 0x63, 0x11,
	0xfb, 0xf5, 0x21, 0x10, 0x84, 0x42, 0x3d, 0x1b, 0x04, 0x00, 0x00, 0x00, 0x00, 0x00, 0x00, 0x20, 0x80, 0xbf, 0xe7, 0x00, 0x09, 0xfe, 0x24, 0x08,
	0x90, 0x23, 0x7f, 0x98, 0x20, 0x22, 0xb0, 0x92, 0x42, 0xc8, 0x98, 0xe0, 0x00, 0x00, 0x00, 0x00, 0x00, 0x00, 0x20, 0x78, 0x9e, 0x07, 0xc8, 0x89,
	0x32, 0x22, 0x10, 0x82, 0x03, 0xff, 0x98, 0x30, 0x21, 0xa0, 0x8a, 0xc2, 0x49, 0x9a, 0x20, 0x00, 0x00, 0x00, 0x00, 0x00, 0x00, 0x27, 0xf8, 0xa5,
	0x27, 0x94, 0x08, 0x92, 0x2c, 0x78, 0x82, 0x03, 0xff, 0x98, 0x70, 0x23, 0xa0, 0x9a, 0x42, 0xc8, 0x98, 0x20, 0x00, 0x00, 0x00, 0x00, 0x00, 0x00,
	0x20, 0x80, 0xbf, 0xe7, 0x22, 0x08, 0x88, 0x2f, 0xf8, 0x84, 0x03, 0xff, 0x98, 0x84, 0x24, 0x20, 0x8f, 0x02, 0x3f, 0x1b, 0x06, 0x00, 0x00, 0x00,
	0x00, 0x00, 0x00, 0x00, 0x00, 0x82, 0x02, 0x7f, 0x9f, 0x32, 0x25, 0x40, 0x85, 0x22, 0x67, 0x88, 0x00, 0x77, 0xf8, 0x82, 0x02, 0x08, 0x08, 0x20,
	0x67, 0xf8, 0x00, 0x00, 0x00, 0x00, 0x00, 0x00, 0x88, 0x82, 0x3f, 0x9f, 0x98, 0x26, 0x60, 0xaf, 0xe2, 0x26, 0x0e, 0x98, 0x63, 0xf8, 0x89, 0x82,
	0x26, 0x08, 0x98, 0x63, 0x90, 0x00, 0x00, 0x00, 0x00, 0x00, 0x80, 0x86, 0x02, 0xff, 0xbc, 0x88, 0x26, 0xb0, 0xbf, 0xe2, 0x49, 0x09, 0x24, 0x77,
	0xf0, 0x92, 0x42, 0x7f, 0x48, 0x21, 0x60, 0xf8, 0x00, 0x00, 0x00, 0x00, 0x22, 0x20, 0xbf, 0xe7, 0x22, 0x08, 0x88, 0x2f, 0xf8, 0x80, 0x03, 0x7f,
	0x99, 0x02, 0x27, 0xf8, 0x90, 0x22, 0x40, 0x99, 0xfe, 0x00, 0x00, 0x00, 0x00, 0x00, 0x00, 0x22, 0x00, 0x9f, 0xef, 0xd0, 0x8b, 0x6a, 0x23, 0xc8,
	0x86, 0x23, 0x7e, 0x98, 0xf2, 0x23, 0xe8, 0x96, 0xa2, 0x98, 0x98, 0x5c, 0x00, 0x00, 0x00, 0x00, 0x00, 0x00, 0x27, 0xf8, 0x90, 0x27, 0xff, 0x89,
	0x02, 0x27, 0xf8, 0x88, 0x03, 0xff, 0x9a, 0x9a, 0x23, 0x88, 0x88, 0xa2, 0x3e, 0x98, 0x1e, 0x00, 0x00, 0x00, 0x00, 0x00, 0x00, 0x2f, 0xf8, 0xa0,
	0x2f, 0xbf, 0x8a, 0x22, 0x28, 0x88, 0xaf, 0xa3, 0x8a, 0x9a, 0x2a, 0x28, 0x88, 0xaf, 0xa2, 0x80, 0xbb, 0xfe, 0x00, 0x00, 0x00, 0x00, 0x00, 0x00,
	0x27, 0xf8, 0x88, 0x67, 0x93, 0x08, 0x30, 0x27, 0x38, 0x83, 0x03, 0xff, 0x99, 0x32, 0x27, 0xf8, 0x93, 0x42, 0x0d, 0x9b, 0xfa, 0x00, 0x00, 0x00,
	0x00, 0x00, 0x00, 0x02, 0x20, 0x88, 0x82, 0xff, 0x9c, 0x00, 0x2f, 0xa8, 0xa2, 0xa2, 0xfa, 0x8e, 0x2a, 0x68, 0xa8, 0xbe, 0xa2, 0x88, 0x8a, 0x22,
	0x6b, 0x38, 0x00, 0x00, 0x00, 0x00, 0x00, 0x00, 0xc8, 0xc3, 0x7f, 0x9e, 0x8c, 0x30, 0x00, 0xdf, 0xe3, 0x48, 0x8f, 0x22, 0x77, 0xf8, 0xd2, 0x23,
	0x48, 0x8d, 0x32, 0x67, 0x38, 0x00, 0x00, 0x00, 0x00, 0x27, 0xf8, 0x90, 0x27, 0xff, 0x89, 0x02, 0x27, 0xf8, 0x80, 0x03, 0xff, 0x98, 0x20, 0x24,
	0xf8, 0x9a, 0x02, 0x78, 0x1a, 0x3e, 0x00, 0x00, 0x00, 0x00, 0x00, 0x00, 0x27, 0xf8, 0x90, 0x27, 0x7f, 0x88, 0x00, 0x2f, 0xf8, 0x90, 0x43, 0x7f,
	0x19, 0x04, 0x27, 0xf0, 0x90, 0x62, 0xff, 0x18, 0x04, 0x00, 0x00, 0x00, 0x00, 0x00, 0x00, 0x27, 0xf8, 0x90, 0x27, 0x7f, 0x89, 0x02, 0x23, 0xf0,
	0xbf, 0xe3, 0x20, 0x19, 0xfe, 0x29, 0x28, 0x89, 0x22, 0x4c, 0x98, 0x6c, 0x00, 0x00, 0x00, 0x00, 0x00, 0x00, 0x02, 0x00, 0x8f, 0x82, 0x42, 0x3f,
	0xfe, 0x2d, 0x48, 0x95, 0x22, 0x54, 0x8d, 0x8e, 0x64, 0x88, 0xbf, 0xe2, 0x1c, 0x08, 0xc8, 0x6c, 0x18, 0x00, 0x00, 0x00, 0x00, 0x27, 0xf8, 0x90,
	0x27, 0x7f, 0x89, 0x00, 0x27, 0xf8, 0x94, 0x43, 0x53, 0x99, 0xf2, 0x2c, 0x40, 0xaf, 0xe2, 0x84, 0x1b, 0xfe, 0x00, 0x00, 0x00, 0x00, 0x00, 0x00,
	0x2f, 0xf8, 0xa2, 0x27, 0x7f, 0x88, 0x20, 0x27, 0xf8, 0x92, 0x23, 0x7f, 0x99, 0x22, 0x27, 0xf0, 0x82, 0x02, 0xff, 0x98, 0x20, 0x00, 0x00, 0x00,
	0x00, 0x00, 0x00, 0x23, 0xf8, 0x92, 0x27, 0xc9, 0x09, 0xfe, 0x22, 0x00, 0x9f, 0xe2, 0xa0, 0x1c, 0xfc, 0x25, 0x10, 0x93, 0x82, 0x9f, 0x19, 0x82,
	0x00, 0x00, 0x00, 0x00, 0x00, 0x00, 0x20, 0xf8, 0x9c, 0x27, 0xc9, 0x08, 0xb4, 0x27, 0xf8, 0x82, 0x03, 0x08, 0x19, 0xfe, 0x24, 0x88, 0x92, 0x22,
	0x4c, 0x99, 0xce, 0x00, 0x00, 0x00, 0x00, 0x00, 0x00, 0x27, 0xf0, 0x90, 0x67, 0x7f, 0x08, 0x00, 0x27, 0xf8, 0x9f, 0xe3, 0x40, 0x99, 0xfe, 0x24,
	0x08, 0x9f, 0xe2, 0x33, 0x1b, 0x02, 0x00, 0x00, 0x00, 0x00, 0x00, 0x00, 0x00, 0x00, 0x91, 0xc2, 0xf5, 0x3f, 0x55, 0x2d, 0x54, 0xae, 0x63, 0xb7,
	0x9b, 0x42, 0x2d, 0x48, 0xb5, 0xc2, 0xd3, 0x0c, 0x5e, 0xf3, 0x8c, 0x00, 0x00, 0x00, 0x00, 0x22, 0x20, 0xbf, 0xe7, 0x22, 0x08, 0x70, 0x23, 0x20,
	0x9f, 0xe2, 0x80, 0xcc, 0xfc, 0x64, 0x10, 0x90, 0x42, 0x41, 0x19, 0xfc, 0x00, 0x00, 0x00, 0x00, 0x00, 0x00, 0x00, 0x20, 0x88, 0x82, 0x7f, 0x9f,
	0xfe, 0x2a, 0x60, 0x8f, 0xe2, 0x26, 0x0e, 0xfe, 0x67, 0xe0, 0x84, 0xe2, 0x10, 0x88, 0x82, 0x6c, 0x78, 0x00, 0x00, 0x00, 0x00, 0x00, 0x00, 0x82,
	0x02, 0x7f, 0x9d, 0x52, 0x21, 0x48, 0x99, 0xe2, 0x10, 0x0e, 0xfe, 0x62, 0x80, 0x93, 0xe2, 0x88, 0x08, 0x3e, 0x60, 0x80, 0x00, 0x00, 0x00, 0x00,
	0x2f, 0xfc, 0x98, 0x47, 0xff, 0x09, 0x84, 0x27, 0xf0, 0x9f, 0xf2, 0x01, 0x1d, 0x86, 0x21, 0x60, 0x81, 0x02, 0x33, 0x1b, 0x02, 0x00, 0x00, 0x00,
	0x00, 0x00, 0x00, 0x00, 0x80, 0x82, 0x02, 0x77, 0x9e, 0x88, 0x2f, 0xf8, 0xb2, 0x22, 0xff, 0x8f, 0x22, 0x6d, 0xe8, 0xb8, 0xa2, 0xe2, 0x8b, 0xf2,
	0x6c, 0x38, 0x00, 0x00, 0x00, 0x00, 0x01, 0x00, 0x04, 0x07, 0xef, 0x97, 0xbe, 0x4c, 0x61, 0x5a, 0xe4, 0x12, 0x17, 0xfc, 0x40, 0x81, 0x7f, 0xe5,
	0xff, 0x90, 0x20, 0x07, 0x80, 0x00, 0x00, 0x00, 0x00, 0x22, 0x20, 0xbf, 0xef, 0x22, 0x09, 0x76, 0x27, 0xf8, 0x90, 0x23, 0x40, 0x98, 0xfc, 0x2f,
	0xf8, 0x83, 0x02, 0x36, 0x1b, 0x06, 0x00, 0x00, 0x00, 0x00, 0x00, 0x00, 0x2f, 0x78, 0xb5, 0xa7, 0x10, 0x89, 0xce, 0x29, 0x48, 0x8a, 0x43, 0x7f,
	0x99, 0x02, 0x27, 0xf8, 0x90, 0x22, 0x40, 0x99, 0xfe, 0x00, 0x00, 0x00, 0x00, 0x00, 0x00, 0x7e, 0xf0, 0x42, 0x57, 0xf0, 0x9f, 0xfe, 0x3c, 0xf1,
	0xff, 0xc0, 0x1f, 0x8f, 0xc0, 0x7f, 0xf8, 0x04, 0x07, 0xff, 0x83, 0xc0, 0x00, 0x00, 0x00, 0x00, 0x00, 0x00, 0x25, 0x20, 0xbe, 0x8f, 0x57, 0x8b,
	0xfa, 0x20, 0x68, 0xbe, 0xa3, 0x8a, 0xbb, 0xec, 0x28, 0x90, 0xbe, 0xc2, 0x8a, 0x9a, 0x71, 0x00, 0x00, 0x00, 0x00, 0x00, 0x00, 0x22, 0x30, 0x9e,
	0xa7, 0x4f, 0x8a, 0xc8, 0x29, 0x60, 0x99, 0x43, 0x69, 0x9b, 0x62, 0x28, 0x00, 0x95, 0x62, 0x94, 0x9a, 0x4a, 0x00, 0x00, 0x00, 0x00, 0x00, 0x00,
	0x00, 0x80, 0x82, 0x02, 0x7f, 0x9c, 0x88, 0x2f, 0xf8, 0x9f, 0xc2, 0x48, 0x8d, 0xfe, 0x64, 0x88, 0x9f, 0xc2, 0xff, 0x88, 0x20, 0x6f, 0xf8, 0x00,
	0x00, 0x00, 0x00, 0x02, 0x00, 0x88, 0x82, 0xfa, 0x3d, 0x3e, 0x2f, 0xe8, 0x81, 0xa2, 0xfa, 0x8e, 0x2a, 0xef, 0xb0, 0xa2, 0x42, 0xfb, 0x0a, 0x2a,
	0x69, 0xc4, 0x00, 0x00, 0x00, 0x00, 0x04, 0x00, 0x90, 0x02, 0xff, 0xbf, 0x54, 0x25, 0x50, 0xbf, 0xf2, 0x55, 0x0d, 0x54, 0xef, 0xf8, 0x80, 0x02,
	0x55, 0x0a, 0x52, 0x69, 0x28, 0x00, 0x00, 0x00, 0x00, 0x27, 0xf8, 0x82, 0x47, 0x29, 0x0b, 0xfe, 0x21, 0xc0, 0x8a, 0x83, 0xff, 0x9b, 0x22, 0x24,
	0x88, 0x9f, 0xe2, 0x48, 0x99, 0xfe, 0x00, 0x00, 0x00, 0x00, 0x00, 0x00, 0x2f, 0xf8, 0xb0, 0x2f, 0xff, 0x89, 0xfe, 0x20, 0x00, 0xbf, 0xe3, 0xf7,
	0xba, 0x42, 0x2f, 0x48, 0xa4, 0xc2, 0xf3, 0x18, 0x52, 0x00, 0x00, 0x00, 0x00, 0x00, 0x00, 0x2f, 0x78, 0x84, 0x27, 0xf7, 0x8a, 0x12, 0x2f, 0x78,
	0x88, 0x83, 0xff, 0x98, 0x88, 0x2f, 0xf8, 0x85, 0x02, 0x63, 0x1b, 0x02, 0x00, 0x00, 0x00, 0x00, 0x00, 0x00, 0x25, 0x48, 0x95, 0x47, 0xaa, 0x88,
	0x88, 0x2f, 0xf8, 0x82, 0x03, 0x7f, 0x98, 0x20, 0x2f, 0xf8, 0x87, 0x02, 0x32, 0x1b, 0x06, 0x00, 0x00, 0x00, 0x00, 0x00, 0x00, 0x00, 0x00, 0x92,
	0x42, 0xff, 0x9e, 0x02, 0x2f, 0xf8, 0x98, 0x42, 0x7f, 0x0d, 0xfc, 0x66, 0x10, 0x9f, 0xc2, 0x14, 0x88, 0xd2, 0x6c, 0x78, 0x00, 0x00, 0x00, 0x00,
	0x00, 0x80, 0x82, 0x02, 0xf7, 0xbd, 0x14, 0x25, 0xf8, 0xaa, 0x42, 0xf9, 0x0d, 0x7e, 0xe9, 0x90, 0xff, 0xe2, 0x29, 0x09, 0x24, 0xe8, 0xf8, 0x00,
	0x00, 0x00, 0x00, 0x27, 0xf0, 0x90, 0x47, 0x7f, 0x09, 0xce, 0x24, 0xc8, 0x93, 0x23, 0x7f, 0x9b, 0xfe, 0x20, 0xc0, 0x8e, 0x82, 0x49, 0x9a, 0x20,
	0x00, 0x00, 0x00, 0x00, 0x00, 0x00, 0x27, 0x78, 0x86, 0x27, 0x7f, 0x88, 0x62, 0x27, 0x70, 0x9f, 0xe7, 0xc4, 0x0b, 0xfe, 0x24, 0x40, 0x9f, 0xe2,
	0x44, 0x19, 0xfe, 0x00, 0x00, 0x00, 0x00, 0x00, 0x00, 0x00, 0x80, 0xbf, 0xe2, 0xa0, 0x9f, 0xee, 0x2d, 0x48, 0xad, 0xc2, 0x63, 0x0f, 0x7e, 0xe0,
	0x04, 0xbf, 0xe2, 0x6b, 0x0b, 0x26, 0xeb, 0x80, 0x00, 0x00, 0x00, 0x00, 0x29, 0xf8, 0xb8, 0x2f, 0x95, 0x8b, 0xcc, 0x28, 0xf8, 0xfc, 0xaf, 0x4a,
	0x89, 0x28, 0x3f, 0xb8, 0x9b, 0x82, 0xae, 0x3c, 0x2f, 0x00, 0x00, 0x00, 0x00, 0x00, 0x00, 0x2f, 0xf8, 0x82, 0x07, 0x77, 0x09, 0xfc, 0x27, 0xf0,
	0xbf, 0xe3, 0xef, 0x9a, 0xfa, 0x27, 0xf0, 0xa8, 0x82, 0x1c, 0x1b, 0x8f, 0x00, 0x00, 0x00, 0x00, 0x00, 0x00, 0x03, 0x01, 0xff, 0xe0, 0x30, 0x00,
	0xc0, 0x3f, 0xf0, 0x00, 0x81, 0x86, 0x03, 0x30, 0x07, 0x80, 0x1e, 0x01, 0xce, 0x18, 0x06, 0x00, 0x00, 0x00, 0x00, 0x00, 0x00, 0x79, 0x80, 0x17,
	0xe0, 0x50, 0x81, 0xc2, 0x06, 0x91, 0xea, 0x44, 0x09, 0x10, 0x38, 0x44, 0x61, 0x11, 0x87, 0xd9, 0x01, 0x82, 0x00, 0x00, 0x00, 0x00, 0x00, 0x00,
	0x01, 0x01, 0xf7, 0xe1, 0x20, 0x84, 0x82, 0x17, 0x10, 0x54, 0x41, 0x19, 0x04, 0x28, 0x1c, 0x61, 0xc3, 0x80, 0x3b, 0x01, 0x82, 0x00, 0x00, 0x00,
	0x00, 0x00, 0x00, 0x10, 0x00, 0x42, 0x07, 0xc8, 0x08, 0x7e, 0x21, 0x08, 0xfe, 0x42, 0x69, 0x09, 0x34, 0x64, 0x71, 0x11, 0x84, 0x46, 0x11, 0x66,
	0x1a, 0x08, 0x00, 0x00, 0x00, 0x00, 0x00, 0x81, 0xf2, 0x01, 0x9f, 0x96, 0x42, 0x5b, 0x91, 0x7a, 0x45, 0x8d, 0x16, 0x18, 0x58, 0x61, 0x79, 0x87,
	0x99, 0x80, 0x82, 0x00, 0x00, 0x00, 0x00, 0x00, 0x00, 0x10, 0x80, 0x42, 0x07, 0xff, 0x84, 0x62, 0x11, 0x90, 0xfa, 0x44, 0x4d, 0x11, 0x18, 0x44,
	0x61, 0x11, 0x87, 0xd9, 0x90, 0x82, 0x00, 0x00, 0x00, 0x00, 0x00, 0x00, 0x00, 0x00, 0x81, 0x03, 0xe4, 0x10, 0x3e, 0x7e, 0xc9, 0x2b, 0x24, 0xb5,
	0x3f, 0xd4, 0x4a, 0x31, 0x48, 0x85, 0x27, 0x1f, 0xb6, 0x0d, 0x04, 0x00, 0x00, 0x00, 0x00, 0x02, 0x00, 0x2d, 0x07, 0xf8, 0x02, 0x3e, 0x4a, 0x89,
	0x2d, 0x22, 0xd5, 0x02, 0x14, 0x1c, 0x51, 0xa8, 0x84, 0x87, 0x02, 0x66, 0x3b, 0x08, 0x00, 0x00, 0x00, 0x00, 0x7c, 0x81, 0x12, 0x04, 0x5f, 0x9f,
	0x42, 0x47, 0x91, 0xfa, 0x44, 0x4d, 0x11, 0x18, 0x7c, 0x60, 0xa1, 0x86, 0x59, 0x90, 0x82, 0x00, 0x00, 0x00, 0x00, 0x00, 0x00, 0x00, 0x00, 0x45,
	0x07, 0xec, 0x04, 0xbe, 0x7e, 0x88, 0x25, 0x23, 0x15, 0x13, 0x94, 0x0c, 0x51, 0xfc, 0x80, 0x87, 0x02, 0x26, 0x39, 0x08, 0x00, 0x00, 0x00, 0x00,
	0x7e, 0x40, 0x62, 0x01, 0x8f, 0x9f, 0xa2, 0x43, 0x89, 0xfd, 0x44, 0x25, 0x1f, 0x94, 0x42, 0x21, 0x39, 0xcf, 0x2d, 0x80, 0xc2, 0x00, 0x00, 0x00,
	0x00, 0x00, 0x00, 0x24, 0x81, 0xfa, 0x02, 0x4f, 0x89, 0x62, 0x5b, 0x89, 0xfd, 0x44, 0x25, 0x1f, 0x94, 0x42, 0x21, 0xf9, 0xc4, 0x2d, 0x93, 0xc2,
	0x00, 0x00, 0x00, 0x00, 0x00, 0x00, 0x00, 0x00, 0x41, 0x06, 0xe8, 0x1f, 0x3e, 0x42, 0x89, 0xfe, 0x40, 0x15, 0x1f, 0x94, 0x0c, 0x70, 0x38, 0x87,
	0x87, 0x02, 0x26, 0x39, 0x08, 0x00, 0x00, 0x00, 0x00, 0x24, 0x41, 0xfe, 0x02, 0x4f, 0x9f, 0xa2, 0x43, 0xd1, 0xed, 0x4c, 0xa5, 0x12, 0x94, 0x4a,
	0x21, 0xe9, 0xc0, 0x2d, 0x83, 0xc2, 0x00, 0x00, 0x00, 0x00, 0x00, 0x00, 0x4a, 0x40, 0xba, 0x07, 0xef, 0x87, 0x22, 0x2f, 0x91, 0x25, 0x41, 0x05,
	0x1f, 0x94, 0x24, 0x20, 0xf1, 0xc1, 0xed, 0x98, 0x42, 0x00, 0x00, 0x00, 0x00, 0x00, 0x00, 0x00, 0x01, 0xfa, 0x01, 0x8f, 0x9f, 0xe4, 0x5b, 0x50,
	0xf1, 0x83, 0xef, 0x10, 0x42, 0x7f, 0xf8, 0x0c, 0x01, 0x3f, 0x04, 0xc0, 0x7f, 0xf8, 0x00, 0x00, 0x00, 0x00, 0x08, 0x00, 0x21, 0x07, 0x74, 0x09,
	0x1e, 0x7f, 0xc9, 0x27, 0x27, 0xdc, 0x92, 0x54, 0x7d, 0x31, 0x94, 0xc6, 0x53, 0x1e, 0x52, 0x47, 0x80, 0x00, 0x00, 0x00, 0x00, 0x00, 0x00, 0x69,
	0x07, 0xc8, 0x1f, 0xbe, 0x5a, 0x89, 0xfd, 0x47, 0xf5, 0x06, 0x14, 0x7f, 0x50, 0xf8, 0x82, 0x27, 0x18, 0xb6, 0x4f, 0x08, 0x00, 0x00, 0x00, 0x00,
	0x00, 0x00, 0x0c, 0x07, 0xff, 0x80, 0x08, 0x10, 0x20, 0x21, 0x00, 0x84, 0x01, 0x20, 0x07, 0x80, 0x0c, 0x00, 0x78, 0x0e, 0x1c, 0x40, 0x08, 0x00,
	0x00, 0x00, 0x00, 0x00, 0x00, 0x0c, 0x07, 0xff, 0x82, 0x10, 0x07, 0x80, 0x77, 0x87, 0x03, 0x87, 0xf8, 0x10, 0x20, 0x40, 0x81, 0xfe, 0x08, 0x08,
	0x60, 0x20, 0x00, 0x00, 0x00, 0x00, 0x23, 0xa8, 0x80, 0xa7, 0xbf, 0x84, 0x08, 0x50, 0xa1, 0xca, 0xc3, 0x2d, 0x04, 0xa4, 0x3a, 0x94, 0xaa, 0x54,
	0x3f, 0xc1, 0x82, 0x00, 0x00, 0x00, 0x00, 0x00, 0x00, 0x00, 0x01, 0xff, 0xe1, 0x02, 0x03, 0x30, 0x03, 0x00, 0xf3, 0xc5, 0x7d, 0x84, 0x04, 0x1f,
	0xd0, 0x44, 0x42, 0x95, 0x0a, 0x54, 0x6f, 0x50, 0x00, 0x00, 0x00, 0x00, 0x7c, 0xf8, 0x12, 0x00, 0x48, 0x0f, 0x3c, 0x1c, 0x81, 0xb3, 0xc0, 0x20,
	0x1f, 0xfe, 0x18, 0x60, 0x1e, 0x00, 0xfc, 0x1c, 0x0e, 0x00, 0x00, 0x00, 0x00, 0x00, 0x00, 0x72, 0x78, 0x88, 0x82, 0xfa, 0x08, 0x48, 0x25, 0x21,
	0xdd, 0xe2, 0x32, 0x08, 0x48, 0x23, 0xa0, 0xfa, 0x84, 0x42, 0x02, 0x3e, 0x00, 0x00, 0x00, 0x00, 0x00, 0x00, 0x00, 0x40, 0x31, 0x00, 0x24, 0x00,
	0x50, 0x30, 0x40, 0x21, 0x00, 0x44, 0x00, 0x12, 0x1f, 0xf1, 0x81, 0x00, 0x04, 0x00, 0x10, 0x00, 0x00, 0x00, 0x00, 0x00, 0x00, 0x14, 0x11, 0x52,
	0x45, 0x85, 0x16, 0x14, 0x7f, 0x10, 0xc6, 0x43, 0x89, 0x16, 0x04, 0x50, 0xfb, 0x5c, 0x41, 0x01, 0x04, 0x04, 0x00, 0x00, 0x00, 0x00, 0x00, 0x00,
	0x18, 0x10, 0x92, 0x44, 0x25, 0x2f, 0x04, 0x09, 0x10, 0x22, 0x47, 0xc5, 0x0b, 0x07, 0x2d, 0xf1, 0x28, 0x44, 0xa1, 0x0e, 0x04, 0x00, 0x00, 0x00,
	0x00, 0x00, 0x00, 0x10, 0x61, 0xfa, 0x41, 0x10, 0x9f, 0x24, 0x44, 0x51, 0xf0, 0x44, 0x49, 0x1f, 0x14, 0x10, 0x1d, 0xf7, 0xc1, 0x01, 0x04, 0x04,
	0x00, 0x00, 0x00, 0x00, 0x00, 0x00, 0x01, 0xf0, 0x78, 0x01, 0x00, 0x04, 0x00, 0x3f, 0xf8, 0x82, 0x02, 0x08, 0x08, 0x20, 0x20, 0x81, 0x82, 0x04,
	0x08, 0x00, 0x20, 0x00, 0x00, 0x00, 0x00, 0x00, 0x00, 0x01, 0xf0, 0xf8, 0x02, 0x00, 0x08, 0x00, 0x3f, 0xf8, 0x82, 0x02, 0xe8, 0x08, 0x60, 0x20,
	0xe1, 0x02, 0x44, 0x08, 0x00, 0x20, 0x00, 0x00, 0x00, 0x00, 0x00, 0x00, 0x0c, 0xe1, 0xc0, 0x60, 0x78, 0x03, 0xf0, 0x70, 0x38, 0x7f, 0x81, 0x00,
	0x0f, 0xfe, 0x20, 0x80, 0x82, 0x06, 0x08, 0x10, 0x20, 0x00, 0x00, 0x00, 0x00, 0x00, 0x00, 0x10, 0x39, 0xfb, 0x01, 0x08, 0x1f, 0xa0, 0x52, 0xfd,
	0xfa, 0x45, 0x39, 0x14, 0xc4, 0x3d, 0x10, 0x44, 0x47, 0xe1, 0x04, 0x84, 0x00, 0x00, 0x00, 0x00, 0x00, 0x00, 0x48, 0x39, 0x6b, 0x05, 0xa8, 0x12,
	0x20, 0x7e, 0xfd, 0x32, 0x45, 0xa9, 0x16, 0xa4, 0x69, 0x11, 0x24, 0x47, 0xd1, 0x10, 0x84, 0x00, 0x00, 0x00, 0x00, 0x00, 0x00, 0x24, 0x39, 0xfb,
	0x02, 0x48, 0x0f, 0x20, 0x24, 0xfc, 0x92, 0x43, 0xc9, 0x09, 0x24, 0x7f, 0x10, 0x14, 0x42, 0x71, 0x10, 0xc4, 0x00, 0x00, 0x00, 0x00, 0x00, 0x00,
	0x00, 0x00, 0x40, 0xe7, 0xec, 0x09, 0x20, 0x24, 0x81, 0xfb, 0xe1, 0x09, 0x1f, 0xa4, 0x18, 0x90, 0xd4, 0x47, 0x11, 0x14, 0xc4, 0x12, 0x10, 0x00,
	0x00, 0x00, 0x00, 0x00, 0x00, 0x0c, 0x07, 0xff, 0x81, 0x00, 0x04, 0x00, 0x10, 0x00, 0x7f, 0x03, 0x04, 0x08, 0x10, 0x20, 0x41, 0x01, 0x0c, 0x08,
	0x41, 0xe0, 0x00, 0x00, 0x00, 0x00, 0x10, 0x00, 0x41, 0x87, 0xca, 0x08, 0x64, 0x21, 0x08, 0xfa, 0x32, 0x46, 0x09, 0x0c, 0x64, 0x11, 0x16, 0x04,
	0x4c, 0x11, 0x0c, 0x18, 0x18, 0x00, 0x00, 0x00, 0x00, 0x00, 0x00, 0x44, 0x07, 0xff, 0x88, 0x90, 0x25, 0x40, 0xe5, 0xe2, 0xbc, 0x8a, 0x52, 0x69,
	0x49, 0x25, 0x64, 0x94, 0x92, 0x42, 0x39, 0xf8, 0x00, 0x00, 0x00, 0x00, 0x00, 0x00, 0x44, 0x07, 0xdf, 0x88, 0x84, 0x26, 0x60, 0xe7, 0x02, 0xb4,
	0x8a, 0x4c, 0x69, 0x21, 0x24, 0x44, 0x91, 0x12, 0x42, 0x19, 0x08, 0x00, 0x00, 0x00, 0x00, 0x00, 0x00, 0x44, 0x07, 0xff, 0x88, 0x80, 0x25, 0xf8,
	0xe1, 0x22, 0x94, 0x8a, 0x50, 0x69, 0x79, 0x2d, 0x04, 0xb4, 0x12, 0xb0, 0x3a, 0x78, 0x00, 0x00, 0x00, 0x00, 0x00, 0x00, 0x44, 0x07, 0xdf, 0x88,
	0xa0, 0x24, 0x80, 0xe7, 0xe2, 0xa4, 0x0a, 0x10, 0x6b, 0xf9, 0x21, 0x84, 0x8a, 0x12, 0x64, 0x3e, 0x08, 0x00, 0x00, 0x00, 0x00, 0x00, 0x00, 0x48,
	0x07, 0xff, 0x89, 0x44, 0x23, 0xf8, 0xe4, 0x42, 0x9f, 0x0a, 0x44, 0x69, 0xf1, 0x24, 0x44, 0xae, 0x92, 0x6c, 0x3a, 0x08, 0x00, 0x00, 0x00, 0x00,
	0x00, 0x01, 0xf7, 0xe4, 0x49, 0x11, 0x24, 0x7c, 0x91, 0x12, 0x84, 0x5f, 0x9f, 0x08, 0x48, 0x61, 0x13, 0x85, 0xea, 0x98, 0xca, 0x06, 0x38, 0x00,
	0x00, 0x00, 0x00, 0x00, 0x00, 0xff, 0xc2, 0x01, 0x08, 0x04, 0x20, 0x10, 0x80, 0x43, 0xff, 0x08, 0x04, 0x20, 0x10, 0x80, 0x42, 0x01, 0x0f, 0xfc,
	0x20, 0x10, 0x00, 0x00, 0x00, 0x00, 0x00, 0x00, 0xff, 0xc3, 0x03, 0x0c, 0x0c, 0x30, 0x30, 0xff, 0xc3, 0x03, 0x0c, 0x0c, 0x30, 0x30, 0x3f, 0x00,
	0x00, 0x00, 0x00, 0x7f, 0xf8, 0x00, 0x00, 0x00, 0x00, 0x00, 0x01, 0x3f, 0xe4, 0x80, 0x92, 0x02, 0x48, 0x09, 0x20, 0x24, 0xff, 0x92, 0x02, 0x48,
	0x09, 0x20, 0x24, 0x80, 0x93, 0xfe, 0x48, 0x08, 0x00, 0x00, 0x00, 0x00, 0x20, 0x70, 0xfe, 0x02, 0x00, 0x88, 0x04, 0x1f, 0xe0, 0x00, 0x03, 0xff,
	0x08, 0x04, 0x3f, 0xf0, 0x80, 0x42, 0x01, 0x0f, 0xfc, 0x00, 0x00, 0x00, 0x00, 0x00, 0x00, 0x00, 0x00, 0xff, 0xc2, 0x01, 0x08, 0x04, 0x3f, 0xf0,
	0x80, 0x42, 0x01, 0x0f, 0xfc, 0x03, 0x01, 0xff, 0xe0, 0x30, 0x00, 0xc0, 0x03, 0x00, 0x00, 0x00, 0x00, 0x00, 0x10, 0x00, 0x40, 0x03, 0xff, 0x88,
	0x02, 0x7f, 0x89, 0x42, 0x21, 0x08, 0x87, 0xe2, 0x10, 0x88, 0x7e, 0x61, 0x01, 0x00, 0x04, 0x00, 0xf0, 0x00, 0x00, 0x00, 0x00, 0x00, 0x00, 0x87,
	0xc2, 0x10, 0x9f, 0x42, 0x25, 0x08, 0x97, 0xe2, 0x50, 0x89, 0x42, 0x25, 0x08, 0x97, 0xd4, 0x40, 0xd1, 0x02, 0x87, 0xf8, 0x00, 0x00, 0x00, 0x00,
	0x00, 0x01, 0xef, 0xe4, 0x84, 0x12, 0x10, 0x48, 0x41, 0x21, 0x07, 0xbf, 0x92, 0x10, 0x48, 0x41, 0x21, 0x04, 0x84, 0x1e, 0x10, 0x43, 0xf8, 0x00,
	0x00, 0x00, 0x00, 0x00, 0x00, 0xff, 0xc2, 0x01, 0x0f, 0xfc, 0x20, 0x10, 0xff, 0xc0, 0x40, 0x0e, 0x7e, 0x41, 0x09, 0x04, 0x24, 0x70, 0x9e, 0x5e,
	0x01, 0x00, 0x00, 0x00, 0x00, 0x00, 0x00, 0x00, 0xff, 0xc2, 0x01, 0x0f, 0xfc, 0x20, 0x10, 0x80, 0x43, 0xff, 0x08, 0x20, 0x20, 0xb8, 0xf3, 0x02,
	0x08, 0x89, 0xa2, 0x78, 0xf8, 0x00, 0x00, 0x00, 0x00, 0x00, 0x00, 0xff, 0xc2, 0x01, 0x0f, 0xfc, 0x20, 0x10, 0x80, 0x41, 0xfe, 0x0f, 0x90, 0x08,
	0x41, 0xff, 0xe0, 0x84, 0x06, 0x10, 0x60, 0x40, 0x00, 0x00, 0x00, 0x00, 0x00, 0x00, 0xff, 0xc2, 0x01, 0x0f, 0xfc, 0x20, 0x10, 0xff, 0xc0, 0x00,
	0x1f, 0xfe, 0x40, 0x09, 0xff, 0xe4, 0x00, 0x90, 0x02, 0x7f, 0xf8, 0x00, 0x00, 0x00, 0x00, 0x00, 0x00, 0xf7, 0xe4, 0x50, 0x91, 0x42, 0x45, 0xf9,
	0xf4, 0x24, 0x50, 0x91, 0x42, 0x45, 0xf9, 0xf4, 0x24, 0x30, 0x80, 0x82, 0x04, 0x78, 0x00, 0x00, 0x00, 0x00, 0x3f, 0xe0, 0x84, 0x03, 0xff, 0x88,
	0x20, 0x27, 0xc9, 0xe1, 0xe3, 0xff, 0x08, 0x04, 0x3f, 0xf0, 0x80, 0x42, 0x01, 0x0f, 0xfc, 0x00, 0x00, 0x00, 0x00, 0x00, 0x00, 0x00, 0x00, 0xff,
	0xc2, 0x01, 0x0f, 0xfc, 0x20, 0x10, 0xff, 0xc0, 0x40, 0x03, 0xfc, 0x32, 0x51, 0x93, 0x40, 0x89, 0x04, 0x44, 0x22, 0x70, 0x00, 0x00, 0x00, 0x00,
	0x08, 0x40, 0x21, 0x07, 0xff, 0x82, 0x10, 0x08, 0x41, 0xff, 0xe0, 0x00, 0x0f, 0xfc, 0x30, 0x30, 0xff, 0xc3, 0x03, 0x0c, 0x0c, 0x3f, 0xf0, 0x00,
	0x00, 0x00, 0x00, 0x00, 0x00, 0xff, 0xc2, 0x01, 0x0f, 0xfc, 0x20, 0x10, 0x80, 0x41, 0xfe, 0x0c, 0x40, 0x3f, 0xf1, 0x04, 0x01, 0xff, 0x00, 0x40,
	0x7f, 0xf8, 0x00, 0x00, 0x00, 0x00, 0x70, 0x41, 0x2f, 0xc4, 0xa4, 0x92, 0x92, 0x4a, 0x49, 0xe9, 0x24, 0xff, 0xd2, 0x30, 0x48, 0xc1, 0x24, 0x87,
	0xa1, 0x11, 0x02, 0x00, 0x00, 0x00, 0x00, 0x00, 0x00, 0x02, 0x01, 0xff, 0xe0, 0x20, 0x0f, 0xfc, 0x04, 0x80, 0x33, 0x07, 0xb7, 0x84, 0x08, 0x7f,
	0xf9, 0x40, 0xa1, 0xfe, 0x04, 0x08, 0x1f, 0xe0, 0x00, 0x00, 0x00, 0x00, 0x70, 0x41, 0x2f, 0xe4, 0x84, 0x12, 0x10, 0x48, 0x41, 0xff, 0xe4, 0x8e,
	0x12, 0x58, 0x4b, 0x51, 0x29, 0x67, 0xc4, 0x90, 0x10, 0x00, 0x00, 0x00, 0x00, 0x00, 0x00, 0x79, 0x01, 0x2f, 0xe4, 0xa8, 0x12, 0xa0, 0x4c, 0xf9,
	0xf2, 0x04, 0x88, 0x12, 0x20, 0x48, 0xf9, 0x22, 0x07, 0x88, 0x10, 0x20, 0x00, 0x00, 0x00, 0x00, 0x00, 0x00, 0x00, 0x01, 0xef, 0xe4, 0x84, 0x92,
	0x22, 0x48, 0x89, 0x24, 0xe7, 0xa0, 0x12, 0x7c, 0x4a, 0x09, 0x28, 0x24, 0xa0, 0x9e, 0x82, 0x43, 0xf8, 0x00, 0x00, 0x00, 0x00, 0x00, 0x00, 0xff,
	0xc2, 0x01, 0x0f, 0xfc, 0x20, 0x10, 0xff, 0xc0, 0x00, 0x1f, 0xfe, 0x11, 0x00, 0x47, 0xc3, 0x10, 0x0b, 0x40, 0x43, 0xf8, 0x00, 0x00, 0x00, 0x00,
	0x00, 0x00, 0xff, 0xc2, 0x01, 0x0f, 0xfc, 0x20, 0x20, 0xbf, 0x83, 0x07, 0x0e, 0x1c, 0x57, 0xf9, 0x41, 0xa0, 0xfc, 0x00, 0x00, 0x7f, 0xf8, 0x00,
	0x00, 0x00, 0x00, 0x00, 0x41, 0xe1, 0x04, 0xbf, 0x92, 0x10, 0x48, 0x41, 0x3f, 0xe7, 0x81, 0x13, 0xfe, 0x48, 0x11, 0x2c, 0x44, 0x99, 0x1e, 0x04,
	0x40, 0x70, 0x00, 0x00, 0x00, 0x00, 0x00, 0x00, 0xff, 0xc2, 0x01, 0x0f, 0xfc, 0x20, 0x10, 0xff, 0xc1, 0x32, 0x04, 0xc8, 0x7f, 0xf8, 0x12, 0x00,
	0x88, 0x86, 0x22, 0x60, 0xf8, 0x00, 0x00, 0x00, 0x00, 0x00, 0x01, 0xff, 0xe2, 0x49, 0x0d, 0x24, 0x14, 0xa1, 0xff, 0xe0, 0x00, 0x07, 0xf8, 0x30,
	0x30, 0xff, 0xc3, 0x03, 0x0c, 0x0c, 0x3f, 0xf0, 0x00, 0x00, 0x00, 0x00, 0x00, 0x01, 0xdf, 0xe5, 0x0a, 0x14, 0x28, 0x57, 0xf9, 0x53, 0x27, 0x54,
	0x95, 0x52, 0x55, 0x39, 0x58, 0x25, 0x40, 0x9d, 0xfe, 0x44, 0x08, 0x00, 0x00, 0x00, 0x00, 0x00, 0x01, 0xc8, 0x05, 0x3f, 0x95, 0x00, 0x57, 0xf9,
	0x49, 0x27, 0x24, 0x95, 0xfe, 0x54, 0x91, 0x52, 0x45, 0x49, 0x1d, 0xfe, 0x40, 0x70, 0x00, 0x00, 0x00, 0x00, 0x01, 0x01, 0xcf, 0x84, 0xa2, 0x13,
	0x10, 0x4f, 0xf9, 0x31, 0x27, 0xc4, 0x93, 0xfe, 0x4d, 0x41, 0x25, 0x04, 0xb4, 0x9d, 0x92, 0x4c, 0x78, 0x00, 0x00, 0x00, 0x00, 0x08, 0x40, 0x21,
	0x07, 0xff, 0x89, 0x24, 0x14, 0xa0, 0x12, 0x87, 0xff, 0x80, 0x00, 0x3f, 0xf0, 0xc0, 0xc3, 0xff, 0x0c, 0x0c, 0x3f, 0xf0, 0x00, 0x00, 0x00, 0x00,
	0x3f, 0xf0, 0x80, 0x43, 0xff, 0x0f, 0xfc, 0x03, 0x01, 0xf3, 0xe3, 0xff, 0x08, 0x04, 0x3f, 0xf0, 0x45, 0x83, 0x13, 0x13, 0xc2, 0x00, 0x00, 0x00,
	0x00, 0x00, 0x00, 0x73, 0xf9, 0x21, 0x04, 0xbf, 0x92, 0x10, 0x4f, 0xf9, 0xe0, 0x04, 0xbf, 0x92, 0xfe, 0x4a, 0x09, 0x2f, 0xe7, 0x20, 0x90, 0x9e,
	0x00, 0x00, 0x00, 0x00, 0x00, 0x00, 0x00, 0x00, 0x7f, 0x81, 0x02, 0x07, 0xf8, 0x10, 0x20, 0x7f, 0x80, 0x00, 0x1f, 0x3e, 0x47, 0x89, 0xff, 0xe4,
	0x78, 0x91, 0xe2, 0x7f, 0xf8, 0x00, 0x00, 0x00, 0x00, 0x20, 0x00, 0x83, 0xc7, 0xe8, 0x92, 0x22, 0x7e, 0x88, 0x52, 0x22, 0x27, 0x1f, 0xfc, 0x20,
	0x10, 0xff, 0xc2, 0x01, 0x08, 0x04, 0x3f, 0xf0, 0x00, 0x00, 0x00, 0x00, 0x00, 0x01, 0xc2, 0x05, 0x7f, 0x94, 0x20, 0x52, 0x91, 0x5f, 0xe7, 0x21,
	0x14, 0x84, 0x57, 0xf9, 0x45, 0x05, 0x34, 0x9d, 0x92, 0x4c, 0x78, 0x00, 0x00, 0x00, 0x00, 0x00, 0x01, 0xde, 0xe4, 0xc8, 0x93, 0x22, 0x4c, 0x89,
	0x3c, 0xc7, 0xc7, 0x93, 0xe2, 0x4c, 0x49, 0x30, 0xc4, 0xfb, 0x1d, 0x1e, 0x44, 0x88, 0x00, 0x00, 0x00, 0x00, 0x3f, 0xf0, 0x80, 0x43, 0xff, 0x0f,
	0xfc, 0x3f, 0xf0, 0x09, 0x87, 0xff, 0x83, 0x80, 0x7f, 0xf0, 0x7f, 0xc1, 0x01, 0x07, 0xfc, 0x00, 0x00, 0x00, 0x00, 0x00, 0x00, 0x71, 0xf9, 0x58,
	0x25, 0x29, 0x15, 0xfe, 0x51, 0x01, 0xdf, 0xe5, 0x20, 0x14, 0xfc, 0x53, 0x11, 0x53, 0x87, 0x9f, 0x12, 0x82, 0x00, 0x00, 0x00, 0x00, 0x00, 0x00,
	0x00, 0x41, 0xe1, 0x04, 0xbf, 0x92, 0x44, 0x49, 0x21, 0x3f, 0xe7, 0x80, 0x12, 0xfe, 0x4a, 0x09, 0x2f, 0xe4, 0xa0, 0x9e, 0x82, 0x43, 0xf8, 0x00,
	0x00, 0x00, 0x00, 0x23, 0xf8, 0x88, 0x27, 0xbf, 0x9a, 0x82, 0x6b, 0xf1, 0xff, 0xe6, 0x90, 0x1a, 0xfe, 0x7c, 0xa8, 0x85, 0xa2, 0x6c, 0x88, 0x6e,
	0x00, 0x00, 0x00, 0x00, 0x00, 0x00, 0x00, 0x00, 0xff, 0xe4, 0x42, 0x17, 0xbe, 0x4e, 0x71, 0x5a, 0xc4, 0x52, 0x90, 0x00, 0x5f, 0xf1, 0x40, 0x45,
	0xff, 0x14, 0x04, 0x1f, 0xf0, 0x00, 0x00, 0x00, 0x00, 0x7e, 0xf8, 0x62, 0x06, 0xef, 0x9f, 0xa4, 0x3d, 0x91, 0xfc, 0x40, 0x01, 0x0f, 0xfc, 0x20,
	0x10, 0xff, 0xc2, 0x01, 0x0f, 0xfc, 0x00, 0x00, 0x00, 0x00, 0x00, 0x00, 0x08, 0x41, 0xff, 0xe0, 0x84, 0x0f, 0xfc, 0x3f, 0xf0, 0x80, 0x43, 0xff,
	0x1f, 0xfe, 0x18, 0x61, 0xff, 0xe3, 0xff, 0x0c, 0x0c, 0x3f, 0xf0, 0x00, 0x00, 0x00, 0x00, 0x3f, 0xf0, 0x80, 0x43, 0xff, 0x0f, 0xfc, 0x08, 0x40,
	0xff, 0xc7, 0xff, 0x86, 0x18, 0x6b, 0xd8, 0x0c, 0x01, 0xb6, 0x19, 0x86, 0x00, 0x00, 0x00, 0x00, 0x00, 0x00, 0x3f, 0xf0, 0xff, 0xc3, 0xff, 0x0f,
	0xfc, 0x03, 0x01, 0xff, 0xe5, 0xb6, 0x86, 0x18, 0x3f, 0xf1, 0xff, 0xe0, 0xc2, 0x0f, 0xfc, 0x00, 0x00, 0x00, 0x00, 0x00, 0x00, 0x77, 0xf9, 0x54,
	0xa5, 0x7f, 0x94, 0x22, 0x57, 0xf9, 0xc2, 0x85, 0x7d, 0x95, 0xfe, 0x5e, 0x09, 0x4f, 0xe7, 0x20, 0x90, 0xfe, 0x00, 0x00, 0x00, 0x00, 0x00, 0x00,
	0x00, 0x01, 0xdf, 0xe4, 0x88, 0x93, 0xee, 0x48, 0x89, 0x3c, 0xc7, 0xbf, 0x93, 0x98, 0x4f, 0xf9, 0x29, 0x84, 0xbf, 0x9e, 0x98, 0x43, 0xf8, 0x00,
	0x00, 0x00, 0x00, 0x77, 0xf9, 0x50, 0x25, 0x7f, 0x95, 0xfe, 0x51, 0x21, 0xdf, 0xe5, 0xff, 0xd4, 0xac, 0x5f, 0xa9, 0x42, 0x07, 0x2b, 0x13, 0x62,
	0x00, 0x00, 0x00, 0x00, 0x00, 0x00, 0x04, 0x80, 0x12, 0x07, 0xff, 0x91, 0x22, 0x44, 0x89, 0x12, 0x27, 0xff, 0x91, 0x22, 0x44, 0x89, 0x12, 0x27,
	0xff, 0x90, 0x02, 0x00, 0x00, 0x00, 0x00, 0x00, 0x00, 0x02, 0x00, 0x08, 0x03, 0xff, 0x08, 0x84, 0x22, 0x10, 0xff, 0xc2, 0x11, 0x0f, 0xfc, 0x21,
	0x00, 0x03, 0x80, 0x1c, 0x83, 0x92, 0x70, 0x38, 0x00, 0x00, 0x00, 0x00, 0x00, 0x01, 0xff, 0xe0, 0x10, 0x0f, 0xfc, 0x21, 0x10, 0xff, 0xc2, 0x31,
	0x0f, 0xfc, 0x02, 0x10, 0x68, 0x00, 0x40, 0x06, 0xe0, 0x60, 0x78, 0x00, 0x00, 0x00, 0x00, 0x00, 0x00, 0xff, 0xc0, 0x31, 0x1f, 0xfe, 0x3f, 0xf0,
	0x0c, 0x03, 0xff, 0x1f, 0xfe, 0x00, 0x00, 0xff, 0xc3, 0xff, 0x08, 0x04, 0x3f, 0xf0, 0x00, 0x00, 0x00, 0x00, 0x04, 0x81, 0xff, 0xe0, 0x48, 0x0f,
	0xfc, 0x64, 0x99, 0xff, 0xe6, 0x49, 0x86, 0xd8, 0x3f, 0xf0, 0x80, 0x43, 0xff, 0x08, 0x04, 0x3f, 0xf0, 0x00, 0x00, 0x00, 0x00, 0x00, 0x00, 0x21,
	0x07, 0xff, 0x90, 0xc2, 0x7f, 0xf9, 0x0c, 0x23, 0xff, 0x00, 0x00, 0x3f, 0xf0, 0x80, 0x43, 0xff, 0x08, 0x04, 0x3f, 0xf0, 0x00, 0x00, 0x00, 0x00,
	0x17, 0xe0, 0x80, 0x4f, 0xff, 0xca, 0xd4, 0x2b, 0x50, 0xff, 0xc0, 0x00, 0x0f, 0xfc, 0x20, 0x10, 0xff, 0xc2, 0x01, 0x0f, 0xfc, 0x00, 0x00, 0x00,
	0x00, 0x00, 0x00, 0x18, 0x41, 0xf3, 0xe1, 0x04, 0x1f, 0xfe, 0x3c, 0xe0, 0x96, 0x47, 0xff, 0x88, 0x04, 0x3f, 0xf0, 0x80, 0x42, 0x01, 0x0f, 0xfc,
	0x00, 0x00, 0x00, 0x00, 0x00, 0x00, 0x00, 0x00, 0xff, 0xc2, 0x01, 0x0f, 0xfc, 0x3f, 0xf0, 0x00, 0x07, 0xff, 0x88, 0xfe, 0x3e, 0x08, 0xfa, 0x42,
	0x26, 0x0f, 0x9c, 0x43, 0x88, 0x00, 0x00, 0x00, 0x00, 0x00, 0x00, 0x7f, 0xc1, 0x01, 0x04, 0x04, 0x1f, 0xf0, 0x40, 0x41, 0x01, 0x04, 0x04, 0x1f,
	0xf0, 0x80, 0x42, 0x01, 0x18, 0x04, 0x40, 0xf0, 0x00, 0x00, 0x00, 0x00, 0x00, 0x00, 0x10, 0x07, 0xff, 0x82, 0x00, 0x1f, 0xf0, 0x40, 0x43, 0x01,
	0x17, 0xfc, 0x10, 0x10, 0x7f, 0xc1, 0x01, 0x04, 0x04, 0x10, 0xf0, 0x00, 0x00, 0x00, 0x00, 0x00, 0x00, 0xf3, 0xe2, 0x48, 0x89, 0x22, 0x3c, 0xf8,
	0x92, 0x22, 0x48, 0x89, 0x22, 0x3c, 0xf9, 0x14, 0x24, 0x50, 0x91, 0x42, 0x5e, 0x38, 0x00, 0x00, 0x00, 0x00, 0x00, 0x01, 0xef, 0xe4, 0xa0, 0x92,
	0x9e, 0x7a, 0x01, 0x2f, 0xe4, 0xa0, 0x92, 0xa6, 0x7a, 0x51, 0x29, 0xc4, 0xa2, 0x12, 0x94, 0x5a, 0x88, 0x00, 0x00, 0x00, 0x00, 0x24, 0xf8, 0x92,
	0x27, 0xe8, 0x82, 0x3e, 0x4a, 0x89, 0x2a, 0x24, 0xa8, 0x9f, 0xbe, 0x52, 0x88, 0x44, 0x23, 0x10, 0x98, 0x8e, 0x00, 0x00, 0x00, 0x00, 0x00, 0x00,
	0x79, 0x11, 0x24, 0x84, 0xff, 0x9e, 0x10, 0x48, 0x41, 0x21, 0x04, 0xff, 0x9e, 0x30, 0x48, 0xa1, 0x24, 0x84, 0xb1, 0x1f, 0x02, 0x00, 0x00, 0x00,
	0x00, 0x00, 0x00, 0x18, 0xf9, 0xfa, 0x24, 0x28, 0x90, 0xbe, 0x7e, 0x89, 0x0a, 0x27, 0xe8, 0x92, 0x3e, 0x49, 0x89, 0x14, 0x27, 0xd0, 0x90, 0x4e,
	0x00, 0x00, 0x00, 0x00, 0x00, 0x00, 0x18, 0xf9, 0xfa, 0x22, 0x0f, 0x88, 0x42, 0x21, 0xf8, 0xfd, 0xc0, 0x20, 0x0f, 0xfc, 0x03, 0x00, 0xff, 0xc0,
	0x30, 0x1f, 0xfe, 0x00, 0x00, 0x00, 0x00, 0x00, 0x00, 0x10, 0xf9, 0xfa, 0x21, 0x08, 0x9f, 0xbe, 0x42, 0x89, 0xfa, 0x24, 0x28, 0x9f, 0xbe, 0x11,
	0x09, 0xf4, 0x21, 0x10, 0x84, 0x8e, 0x00, 0x00, 0x00, 0x00, 0x00, 0x00, 0x24, 0xf9, 0xfa, 0x22, 0x48, 0x8f, 0x3e, 0x24, 0x88, 0x92, 0x23, 0xc8,
	0x89, 0x3e, 0x7e, 0x88, 0x16, 0x22, 0x70, 0x90, 0xce, 0x00, 0x00, 0x00, 0x00, 0x00, 0x00, 0x03, 0x00, 0x0c, 0x07, 0xff, 0x80, 0xc0, 0x07, 0x80,
	0x1e, 0x00, 0xb4, 0x04, 0xc8, 0x33, 0x31, 0x8c, 0x60, 0x30, 0x00, 0xc0, 0x00, 0x00, 0x00, 0x00, 0x00, 0x00, 0x03, 0x00, 0xff, 0xc0, 0x30, 0x00,
	0xc0, 0x03, 0x01, 0xff, 0xe0, 0x78, 0x03, 0xf0, 0x1b, 0x60, 0xcc, 0xc4, 0x30, 0x80, 0xc0, 0x00, 0x00, 0x00, 0x00, 0x00, 0x00, 0x03, 0x01, 0xff,
	0xe0, 0x30, 0x00, 0xc0, 0x03, 0x00, 0xff, 0xc0, 0x78, 0x03, 0xf0, 0x1b, 0x60, 0xcc, 0xc4, 0x30, 0x80, 0xc0, 0x00, 0x00, 0x00, 0x00, 0x00, 0x00,
	0x03, 0x00, 0x0c, 0x07, 0xff, 0x81, 0xe0, 0x07, 0x80, 0x2d, 0x01, 0xb6, 0x0c, 0xcc, 0x63, 0x19, 0x7f, 0xa0, 0x30, 0x00, 0xc0, 0x00, 0x00, 0x00,
	0x00, 0x00, 0x00, 0x10, 0x80, 0x42, 0x07, 0xe8, 0x06, 0x20, 0x1c, 0x80, 0xd2, 0x03, 0x28, 0x14, 0xa0, 0x50, 0x84, 0x42, 0x11, 0x08, 0x84, 0x3e,
	0x00, 0x00, 0x00, 0x00, 0x00, 0x00, 0x11, 0x00, 0x7f, 0xc2, 0x10, 0x08, 0x40, 0x41, 0x01, 0xff, 0xe0, 0x30, 0x01, 0x60, 0x09, 0x40, 0x44, 0x86,
	0x11, 0x80, 0x40, 0x00, 0x00, 0x00, 0x00, 0x00, 0x00, 0x10, 0x80, 0x42, 0x07, 0xe8, 0x06, 0x20, 0x1c, 0xc0, 0xd2, 0xc3, 0x29, 0x94, 0xa0, 0x50,
	0x80, 0x42, 0x01, 0x08, 0x04, 0x20, 0x00, 0x00, 0x00, 0x00, 0x00, 0x00, 0x11, 0xe0, 0x48, 0xc7, 0xe3, 0x04, 0x8c, 0x3a, 0x30, 0xe8, 0xc3, 0x63,
	0x14, 0x8d, 0xd2, 0x34, 0x48, 0xd1, 0x43, 0x45, 0x06, 0x00, 0x00, 0x00, 0x00, 0x00, 0x00, 0x17, 0xf8, 0x42, 0x07, 0x88, 0x0c, 0x40, 0x31, 0xf8,
	0xe4, 0x25, 0xa0, 0x94, 0x02, 0x50, 0x08, 0x40, 0x61, 0x01, 0x04, 0x3c, 0x00, 0x00, 0x00, 0x00, 0x00, 0x00, 0x10, 0x18, 0x41, 0xc7, 0xdc, 0x04,
	0x00, 0x38, 0x18, 0xf1, 0xc3, 0x5c, 0x15, 0x00, 0x50, 0x08, 0x40, 0xc1, 0x1c, 0x04, 0xc0, 0x00, 0x00, 0x00, 0x00, 0x00, 0x00, 0x03, 0x01, 0xff,
	0xe0, 0x78, 0x06, 0xd8, 0x63, 0x18, 0x7f, 0x80, 0x06, 0x00, 0x60, 0x7f, 0xf8, 0x04, 0x00, 0x10, 0x03, 0xc0, 0x00, 0x00, 0x00, 0x00, 0x00, 0x00,
	0x03, 0x01, 0xff, 0xe0, 0x78, 0x03, 0xf0, 0x33, 0x31, 0x8c, 0x60, 0x00, 0x0f, 0xfc, 0x20, 0x10, 0x80, 0x42, 0x01, 0x0f, 0xfc, 0x00, 0x00, 0x00,
	0x00, 0x00, 0x00, 0x10, 0x10, 0x40, 0x47, 0xff, 0x86, 0x0c, 0x38, 0x30, 0xd1, 0x45, 0x49, 0x14, 0x64, 0x93, 0x10, 0x58, 0x41, 0x01, 0x04, 0x3c,
	0x00, 0x00, 0x00, 0x00, 0x00, 0x00, 0x10, 0x10, 0x40, 0x47, 0xff, 0x86, 0x04, 0x39, 0x10, 0xd6, 0x45, 0x49, 0x14, 0x24, 0x90, 0x10, 0x40, 0x41,
	0x01, 0x04, 0x3c, 0x00, 0x00, 0x00, 0x00, 0x00, 0x00, 0x00, 0x00, 0x44, 0x01, 0x1f, 0x9f, 0xc2, 0x12, 0x08, 0xfa, 0x23, 0x88, 0x97, 0x12, 0x54,
	0x4b, 0x40, 0x21, 0x00, 0x84, 0x06, 0x10, 0xf0, 0x00, 0x00, 0x00, 0x00, 0x10, 0x20, 0x40, 0x87, 0xbf, 0xc4, 0x08, 0x3a, 0x20, 0xe8, 0x85, 0xd4,
	0x15, 0x50, 0xd0, 0xc0, 0x47, 0x01, 0x33, 0x05, 0x02, 0x00, 0x00, 0x00, 0x00, 0x00, 0x00, 0x10, 0x40, 0x41, 0x07, 0xc4, 0x04, 0xfe, 0x38, 0x40,
	0xe1, 0x03, 0x44, 0x15, 0x10, 0xd0, 0x40, 0x41, 0x01, 0x04, 0x04, 0xfe, 0x00, 0x00, 0x00, 0x00, 0x00, 0x00, 0x03, 0x01, 0xff, 0xe0, 0x30, 0x0f,
	0xfc, 0x23, 0x10, 0x8c, 0x43, 0xff, 0x00, 0xc0, 0x07, 0x80, 0x6d, 0x86, 0x31, 0x90, 0xc2, 0x00, 0x00, 0x00, 0x00, 0x00, 0x00, 0x00, 0x00, 0x30,
	0x01, 0xbe, 0x0e, 0x10, 0x47, 0x80, 0x1f, 0x07, 0x83, 0x80, 0xc0, 0x7f, 0xf8, 0x1e, 0x01, 0xb6, 0x0c, 0xcc, 0x43, 0x08, 0x00, 0x00, 0x00, 0x00,
	0x03, 0x01, 0xff, 0xe0, 0x78, 0x03, 0xf0, 0x33, 0x31, 0x8c, 0x60, 0x00, 0x0f, 0xfc, 0x03, 0x00, 0x0c, 0x00, 0x30, 0x1f, 0xfe, 0x00, 0x00, 0x00,
	0x00, 0x00, 0x00, 0x03, 0x01, 0xff, 0xe1, 0x32, 0x04, 0xc8, 0x0b, 0x60, 0x0c, 0x07, 0xff, 0x81, 0xe0, 0x0b, 0x40, 0x4c, 0x86, 0x31, 0x80, 0xc0,
	0x00, 0x00, 0x00, 0x00, 0x00, 0x00, 0x00, 0x00, 0x82, 0x02, 0x7f, 0x9e, 0x00, 0x31, 0xe0, 0xc8, 0x82, 0xa2, 0x1a, 0x88, 0x6a, 0x22, 0x88, 0x92,
	0x22, 0x49, 0x09, 0x28, 0x18, 0x00, 0x00, 0x00, 0x00, 0x37, 0xf8, 0xc1, 0x07, 0x84, 0x0c, 0x30, 0x30, 0xe0, 0xe5, 0xc7, 0xa5, 0x9d, 0x12, 0xf4,
	0x40, 0xc1, 0x03, 0x04, 0x0c, 0x10, 0x00, 0x00, 0x00, 0x00, 0x00, 0x00, 0x03, 0x01, 0xff, 0xe0, 0x30, 0x0f, 0xfc, 0x23, 0x10, 0xff, 0xc2, 0x31,
	0x0f, 0xfc, 0x07, 0x80, 0x2d, 0x03, 0x33, 0x10, 0xc2, 0x00, 0x00, 0x00, 0x00, 0x00, 0x00, 0x11, 0x00, 0x4f, 0xe7, 0xa6, 0x04, 0x98, 0x3c, 0x60,
	0xe1, 0x85, 0xff, 0xd5, 0x18, 0xd0, 0x60, 0x41, 0x81, 0x06, 0x04, 0x18, 0x00, 0x00, 0x00, 0x00, 0x00, 0x00, 0x33, 0xf8, 0xd1, 0x27, 0xc4, 0x8d,
	0x12, 0x34, 0x48, 0xff, 0xe7, 0xc0, 0x9d, 0x00, 0xf4, 0x04, 0xd0, 0x23, 0x40, 0x8c, 0xfe, 0x00, 0x00, 0x00, 0x00, 0x00, 0x00, 0x21, 0x20, 0x84,
	0xc7, 0xa1, 0x0c, 0x86, 0x34, 0x88, 0xb2, 0x26, 0x98, 0x1a, 0x44, 0x21, 0x18, 0x84, 0x22, 0x2f, 0x89, 0xc3, 0x00, 0x00, 0x00, 0x00, 0x00, 0x00,
	0x33, 0xf8, 0xc8, 0x07, 0xa0, 0x0c, 0xfe, 0x32, 0x08, 0xee, 0x67, 0xa9, 0x1d, 0xac, 0xf4, 0x60, 0xd1, 0x83, 0xd9, 0x8e, 0x82, 0x00, 0x00, 0x00,
	0x00, 0x00, 0x00, 0x24, 0x40, 0x91, 0x07, 0xc4, 0x8d, 0x14, 0x37, 0xe0, 0xd1, 0x06, 0xc4, 0x19, 0x10, 0x24, 0x44, 0x91, 0x22, 0x74, 0x8b, 0x1e,
	0x00, 0x00, 0x00, 0x00, 0x00, 0x00, 0x10, 0x78, 0x46, 0x07, 0xd0, 0x0c, 0xc0, 0x33, 0xf8, 0xe8, 0xc5, 0xa3, 0x14, 0x8c, 0x52, 0x30, 0x50, 0xc1,
	0x43, 0x06, 0x0c, 0x00, 0x00, 0x00, 0x00, 0x00, 0x00, 0x20, 0x80, 0x9f, 0xe7, 0xc8, 0x8d, 0x22, 0x34, 0xc8, 0xc3, 0x06, 0x94, 0x1a, 0x52, 0x22,
	0x48, 0x99, 0x22, 0xc4, 0x8a, 0x1e, 0x00, 0x00, 0x00, 0x00, 0x00, 0x00, 0x10, 0x40, 0x41, 0x07, 0xdf, 0x84, 0x18, 0x38, 0x60, 0xe3, 0x45, 0x4d,
	0x14, 0x52, 0x93, 0x48, 0x49, 0x11, 0x04, 0x04, 0x10, 0x00, 0x00, 0x00, 0x00, 0x00, 0x00, 0x11, 0x00, 0x47, 0xe7, 0xe0, 0x84, 0x86, 0x3f, 0x10,
	0xf4, 0x45, 0xc9, 0x15, 0x28, 0xd0, 0x60, 0x43, 0x81, 0x1b, 0x05, 0x82, 0x00, 0x00, 0x00, 0x00, 0x00, 0x00, 0x00, 0x00, 0xff, 0xc2, 0x31, 0x0f,
	0xfc, 0x23, 0x10, 0x8c, 0x43, 0xff, 0x00, 0xc0, 0x7f, 0xf8, 0x1e, 0x01, 0xb6, 0x08, 0xcc, 0x43, 0x08, 0x00, 0x00, 0x00, 0x00, 0x20, 0xc0, 0x9f,
	0xe7, 0x8c, 0x0c, 0x30, 0x37, 0xf9, 0xa0, 0x26, 0xa1, 0x18, 0x4c, 0xa1, 0xe0, 0x83, 0x02, 0x33, 0x0b, 0x02, 0x00, 0x00, 0x00, 0x00, 0x00, 0x00,
	0x10, 0x80, 0x4f, 0xc7, 0x89, 0x04, 0x25, 0x39, 0x14, 0xe8, 0x63, 0x84, 0x15, 0xff, 0xd0, 0x40, 0x41, 0x01, 0x04, 0x04, 0x10, 0x00, 0x00, 0x00,
	0x00, 0x00, 0x00, 0x23, 0xf8, 0x90, 0x07, 0xc1, 0x0d, 0x64, 0x34, 0xe0, 0xd1, 0x86, 0xc6, 0x1b, 0x34, 0xa4, 0x88, 0x94, 0x02, 0x7f, 0x89, 0x00,
	0x00, 0x00, 0x00, 0x00, 0x00, 0x00, 0x20, 0x40, 0x81, 0x07, 0xff, 0x8c, 0x10, 0x30, 0x41, 0xaf, 0xc6, 0xc0, 0x99, 0x02, 0xa4, 0x08, 0x90, 0x22,
	0x7f, 0x89, 0x02, 0x00, 0x00, 0x00, 0x00, 0x00, 0x00, 0x10, 0xf1, 0xfa, 0x21, 0x28, 0x88, 0xa2, 0x66, 0x89, 0x31, 0xc0, 0x30, 0x1f, 0xfe, 0x07,
	0x80, 0x2d, 0x03, 0x33, 0x10, 0xc2, 0x00, 0x00, 0x00, 0x00, 0x00, 0x00, 0x00, 0x00, 0x81, 0x02, 0x7f, 0x9f, 0x02, 0x36, 0x08, 0xc8, 0x66, 0xa6,
	0x1a, 0xe0, 0x62, 0x02, 0x88, 0x22, 0x20, 0x88, 0x82, 0x23, 0xf0, 0x00, 0x00, 0x00, 0x00, 0x27, 0xfc, 0x83, 0x07, 0x8c, 0x09, 0xfe, 0x34, 0x88,
	0xd3, 0x26, 0xda, 0x99, 0xc6, 0xa4, 0x18, 0x90, 0x22, 0x40, 0x89, 0x0e, 0x00, 0x00, 0x00, 0x00, 0x00, 0x00, 0x00, 0x00, 0x84, 0x02, 0x3f, 0x9f,
	0xc4, 0x35, 0xa0, 0xc3, 0x03, 0x1b, 0x1b, 0x83, 0x69, 0xc0, 0x80, 0xc2, 0x00, 0x08, 0xf0, 0x20, 0x38, 0x00, 0x00, 0x00, 0x00, 0x20, 0x40, 0x83,
	0x07, 0xff, 0x8d, 0x82, 0x36, 0x08, 0xb8, 0x26, 0xff, 0x9b, 0x82, 0xa6, 0x08, 0x98, 0x22, 0x7f, 0x88, 0x82, 0x00, 0x00, 0x00, 0x00, 0x00, 0x00,
	0x10, 0x21, 0xff, 0xe1, 0x02, 0x07, 0xf8, 0x10, 0x20, 0x7f, 0x80, 0x30, 0x1f, 0xfe, 0x03, 0x00, 0x3f, 0x03, 0x33, 0x10, 0xc2, 0x00, 0x00, 0x00,
	0x00, 0x00, 0x00, 0x22, 0x08, 0x88, 0x27, 0xff, 0x8c, 0x82, 0x32, 0x08, 0xa8, 0x26, 0xbf, 0x9a, 0x82, 0xa2, 0x08, 0x88, 0x22, 0x3f, 0x88, 0x82,
	0x00, 0x00, 0x00, 0x00, 0x00, 0x00, 0x61, 0x80, 0x5f, 0x86, 0x12, 0x00, 0x4a, 0x12, 0x29, 0xb0, 0xe0, 0x30, 0x1f, 0xfe, 0x07, 0x80, 0x2d, 0x03,
	0x33, 0x10, 0xc2, 0x00, 0x00, 0x00, 0x00, 0x00, 0x00, 0x00, 0x00, 0xff, 0xc0, 0x86, 0x01, 0xe0, 0x7f, 0xf8, 0x34, 0xc7, 0x16, 0x01, 0x80, 0x7f,
	0xf8, 0x1e, 0x00, 0xb4, 0x0c, 0xcc, 0x43, 0x08, 0x00, 0x00, 0x00, 0x00, 0x27, 0xf8, 0x84, 0x07, 0x90, 0x0c, 0x40, 0x31, 0x00, 0xaf, 0xe6, 0xa0,
	0x99, 0x82, 0x2a, 0x08, 0x88, 0x22, 0x3f, 0x88, 0x82, 0x00, 0x00, 0x00, 0x00, 0x00, 0x00, 0x20, 0x40, 0x81, 0x07, 0xff, 0x8d, 0x12, 0x34, 0x48,
	0xd1, 0x26, 0xff, 0x99, 0x12, 0xa4, 0x48, 0x91, 0x22, 0x7f, 0x89, 0x02, 0x00, 0x00, 0x00, 0x00, 0x00, 0x00, 0x21, 0xc0, 0x80, 0x87, 0xff, 0x8c,
	0x10, 0x30, 0x40, 0xc1, 0x06, 0xbf, 0x9a, 0x10, 0xa0, 0x40, 0x81, 0x02, 0x04, 0x09, 0xfe, 0x00, 0x00, 0x00, 0x00, 0x00, 0x00, 0x23, 0xb8, 0x90,
	0xaf, 0xca, 0x89, 0x2a, 0x34, 0xa9, 0xd2, 0xa6, 0xca, 0x99, 0x6a, 0xaf, 0xa8, 0xa4, 0xe2, 0x32, 0x09, 0x88, 0x00, 0x00, 0x00, 0x00, 0x00, 0x00,
	0x08, 0x88, 0xba, 0xc2, 0x8c, 0x0a, 0x22, 0x2a, 0x89, 0xf3, 0xe0, 0x30, 0x1f, 0xfe, 0x07, 0x80, 0x2d, 0x03, 0x33, 0x10, 0xc2, 0x00, 0x00, 0x00,
	0x00, 0x00, 0x00, 0x27, 0xf8, 0x94, 0xaf, 0x52, 0x89, 0x4a, 0x35, 0x29, 0xff, 0xf7, 0x52, 0x99, 0x4a, 0xa5, 0x28, 0x94, 0xa2, 0x52, 0x89, 0x06,
	0x00, 0x00, 0x00, 0x00, 0x00, 0x00, 0x03, 0x01, 0xff, 0xe0, 0x78, 0x06, 0xd8, 0x60, 0x18, 0x7f, 0x81, 0x02, 0x07, 0xf8, 0x10, 0x20, 0x7f, 0x81,
	0x02, 0x1f, 0xfe, 0x00, 0x00, 0x00, 0x00, 0x00, 0x00, 0x27, 0xf8, 0x81, 0x07, 0x84, 0x0c, 0x10, 0x32, 0x40, 0xc9, 0xe6, 0xa4, 0x1a, 0x90, 0xa2,
	0x40, 0x89, 0x02, 0x24, 0x0b, 0xfe, 0x00, 0x00, 0x00, 0x00, 0x00, 0x00, 0x20, 0x40, 0x9f, 0xe7, 0x84, 0x0c, 0x10, 0x37, 0xf8, 0xb1, 0x26, 0xc4,
	0x9b, 0x12, 0xa4, 0x48, 0x91, 0x22, 0x47, 0x88, 0x10, 0x00, 0x00, 0x00, 0x00, 0x00, 0x00, 0x23, 0xf8, 0x88, 0x27, 0xa8, 0x8d, 0x12, 0x34, 0x09,
	0xdf, 0xf6, 0xd0, 0x99, 0x26, 0xa4, 0x50, 0x9f, 0xe2, 0x41, 0x08, 0x1c, 0x00, 0x00, 0x00, 0x00, 0x00, 0x00, 0x31, 0xf8, 0xc8, 0x07, 0xa0, 0x0c,
	0xfe, 0x32, 0x80, 0xea, 0x07, 0xaf, 0x9d, 0xa2, 0xf4, 0x88, 0xd6, 0x23, 0xd0, 0x8e, 0x5c, 0x00, 0x00, 0x00, 0x00, 0x00, 0x00, 0x12, 0x20, 0x65,
	0x86, 0x69, 0x90, 0xc2, 0x03, 0x01, 0xff, 0xe0, 0x78, 0x01, 0xe0, 0x0b, 0x40, 0xcc, 0xc6, 0x31, 0x80, 0xc0, 0x00, 0x00, 0x00, 0x00, 0x00, 0x00,
	0x20, 0xc0, 0x84, 0x87, 0xe1, 0x0f, 0x02, 0x33, 0xf0, 0xc2, 0x06, 0x88, 0x1b, 0xfe, 0xa0, 0x80, 0x82, 0x02, 0x08, 0x0b, 0xfe, 0x00, 0x00, 0x00,
	0x00, 0x00, 0x00, 0x27, 0xf8, 0x82, 0x87, 0x8a, 0x0d, 0xfe, 0x34, 0xc8, 0xd5, 0x26, 0xd4, 0x9b, 0x4e, 0x26, 0x08, 0x90, 0x22, 0x7f, 0x89, 0x02,
	0x00, 0x00, 0x00, 0x00, 0x00, 0x00, 0x00, 0x01, 0xff, 0xe0, 0x48, 0x0f, 0xfc, 0x24, 0x90, 0x92, 0x43, 0xff, 0x00, 0xc0, 0x7f, 0xf8, 0x1e, 0x00,
	0xb4, 0x0c, 0xcc, 0x43, 0x08, 0x00, 0x00, 0x00, 0x00, 0x00, 0x00, 0x81, 0x02, 0x7f, 0x9e, 0x40, 0x33, 0x10, 0xd8, 0x26, 0xc1, 0x9a, 0x4c, 0x61,
	0x22, 0x83, 0x02, 0x0c, 0x08, 0xcc, 0x2c, 0x08, 0x00, 0x00, 0x00, 0x00, 0x27, 0xf8, 0x83, 0x07, 0x88, 0x0d, 0xfe, 0x34, 0x08, 0xd0, 0x26, 0xc0,
	0x99, 0xfe, 0xa4, 0x08, 0x90, 0x22, 0x7f, 0x89, 0x02, 0x00, 0x00, 0x00, 0x00, 0x00, 0x00, 0x22, 0x40, 0x8f, 0xe7, 0xe4, 0x0d, 0x10, 0x30, 0x41,
	0xbf, 0xe6, 0x8c, 0x18, 0x78, 0xa1, 0x60, 0x99, 0x42, 0xc4, 0x88, 0x10, 0x00, 0x00, 0x00, 0x00, 0x00, 0x00, 0x00, 0x00, 0x88, 0x02, 0x3f, 0x9f,
	0x80, 0x37, 0xf8, 0xc9, 0x22, 0xa4, 0x9a, 0x92, 0x67, 0xf8, 0x88, 0x22, 0x20, 0x88, 0x82, 0x22, 0x78, 0x00, 0x00, 0x00, 0x00, 0x00, 0x00, 0x81,
	0x02, 0x7f, 0x9e, 0x20, 0x35, 0x10, 0xcc, 0x83, 0x16, 0x1a, 0x32, 0x6b, 0x10, 0x98, 0x82, 0x0f, 0x08, 0xc6, 0x2c, 0x08, 0x00, 0x00, 0x00, 0x00,
	0x13, 0xf8, 0x48, 0x27, 0xa0, 0x84, 0xfe, 0x3a, 0x08, 0xef, 0xe5, 0xa4, 0x15, 0x92, 0xd2, 0x30, 0x48, 0x81, 0x2d, 0x85, 0xc2, 0x00, 0x00, 0x00,
	0x00, 0x00, 0x00, 0x00, 0x00, 0x84, 0x02, 0x3f, 0x9f, 0xc4, 0x35, 0xa0, 0xc3, 0x03, 0x1b, 0x1b, 0x83, 0x6b, 0xf8, 0x88, 0x22, 0x20, 0x88, 0xfe,
	0x22, 0x08, 0x00, 0x00, 0x00, 0x00, 0x08, 0xd1, 0xff, 0x40, 0x84, 0x82, 0x10, 0x7f, 0xf8, 0x21, 0x07, 0xf5, 0x07, 0x14, 0x2a, 0x21, 0xad, 0xa4,
	0x8b, 0x82, 0xc6, 0x00, 0x00, 0x00, 0x00, 0x00, 0x00, 0x21, 0x78, 0x88, 0x0f, 0x40, 0x08, 0x40, 0x33, 0x79, 0xd8, 0x46, 0x61, 0x18, 0x84, 0xa2,
	0x10, 0x88, 0x42, 0x21, 0x08, 0x9c, 0x00, 0x00, 0x00, 0x00, 0x00, 0x00, 0x20, 0x40, 0x8f, 0xe7, 0x84, 0x0c, 0x10, 0x37, 0xf8, 0xc0, 0x06, 0x84,
	0x19, 0xfe, 0xa0, 0x40, 0x81, 0x02, 0x04, 0x09, 0xfe, 0x00, 0x00, 0x00, 0x00, 0x00, 0x00, 0x21, 0x40, 0xa5, 0x27, 0xd5, 0x0d, 0xdc, 0x31, 0x40,
	0xc5, 0x86, 0xb7, 0x1b, 0x52, 0xaa, 0x40, 0x89, 0x12, 0x64, 0x8b, 0x1e, 0x00, 0x00, 0x00, 0x00, 0x00, 0x00, 0x03, 0x00, 0xff, 0xc4, 0x20, 0x9f,
	0xfe, 0x0c, 0x40, 0x63, 0x00, 0x78, 0x0f, 0x1c, 0x03, 0x01, 0xff, 0xe0, 0xfc, 0x0c, 0xcc, 0x43, 0x08, 0x00, 0x00, 0x00, 0x00, 0x27, 0xf8, 0x90,
	0x27, 0xde, 0x89, 0x02, 0x34, 0x08, 0xd7, 0xa6, 0xd2, 0x99, 0x4a, 0xa5, 0x28, 0x97, 0x22, 0x50, 0x89, 0x0e, 0x00, 0x00, 0x00, 0x00, 0x00, 0x00,
	0x00, 0x00, 0xff, 0xc1, 0x86, 0x01, 0xe0, 0x78, 0x79, 0xff, 0xe3, 0x49, 0x0f, 0x18, 0x43, 0x99, 0xff, 0xe0, 0xfc, 0x0c, 0xcc, 0x43, 0x08, 0x00,
	0x00, 0x00, 0x00, 0x27, 0xf8, 0x80, 0x07, 0xbf, 0x0d, 0x86, 0x36, 0x18, 0xdf, 0xe6, 0xe1, 0x99, 0x86, 0xa6, 0x18, 0x87, 0x82, 0x00, 0x09, 0xfe,
	0x00, 0x00, 0x00, 0x00, 0x00, 0x00, 0x20, 0xc0, 0x9f, 0xe7, 0x8c, 0x0c, 0x30, 0x37, 0xf8, 0xa0, 0x06, 0xbf, 0x1b, 0x02, 0xa4, 0x08, 0x90, 0x22,
	0x7f, 0x89, 0x02, 0x00, 0x00, 0x00, 0x00, 0x00, 0x00, 0x24, 0x88, 0x92, 0x27, 0xed, 0x0c, 0x84, 0x31, 0x00, 0xc4, 0x06, 0xff, 0x9a, 0x8c, 0x27,
	0x20, 0x83, 0x02, 0x1b, 0x0b, 0x82, 0x00, 0x00, 0x00, 0x00, 0x00, 0x00, 0x24, 0x10, 0x9c, 0x4f, 0x4f, 0x89, 0x34, 0x3d, 0x51, 0xfd, 0x46, 0xb5,
	0x18, 0xd4, 0xa2, 0xfc, 0x98, 0x42, 0x41, 0x0a, 0x04, 0x00, 0x00, 0x00, 0x00, 0x00, 0x00, 0x20, 0xb8, 0x9f, 0xe7, 0x88, 0x0c, 0x2e, 0x37, 0xc0,
	0xc3, 0x06, 0xff, 0x98, 0x10, 0x20, 0x70, 0x83, 0x82, 0x3a, 0x8b, 0x06, 0x00, 0x00, 0x00, 0x00, 0x00, 0x00, 0x20, 0xc0, 0x84, 0x87, 0xa1, 0x0f,
	0x02, 0x33, 0xf0, 0xc0, 0x06, 0xff, 0x98, 0x40, 0xa1, 0x10, 0x84, 0x42, 0x27, 0x8b, 0xe2, 0x00, 0x00, 0x00, 0x00, 0x00, 0x00, 0x27, 0xf8, 0x88,
	0x47, 0x9e, 0x09, 0xfe, 0x34, 0x48, 0xdf, 0xe6, 0xc4, 0x99, 0x12, 0xa7, 0xf8, 0x91, 0x22, 0x44, 0x89, 0x1e, 0x00, 0x00, 0x00, 0x00, 0x00, 0x00,
	0x6f, 0xf0, 0x42, 0x44, 0x59, 0x8b, 0x4e, 0x12, 0x28, 0xdb, 0x84, 0x30, 0x1f, 0xfe, 0x07, 0x80, 0x3f, 0x03, 0x33, 0x10, 0xc2, 0x00, 0x00, 0x00,
	0x00, 0x00, 0x00, 0x00, 0x00, 0x88, 0x02, 0x3f, 0x9d, 0x00, 0x2f, 0xf8, 0xf1, 0x27, 0x48, 0x9b, 0xfe, 0x64, 0x92, 0x92, 0x42, 0x49, 0x0b, 0xfe,
	0x20, 0x70, 0x00, 0x00, 0x00, 0x00, 0x00, 0x00, 0x81, 0x02, 0x7f, 0x9e, 0x84, 0x31, 0x10, 0xc4, 0x43, 0x7f, 0xda, 0x10, 0x60, 0x42, 0x9f, 0xe2,
	0x04, 0x08, 0x10, 0x20, 0x40, 0x00, 0x00, 0x00, 0x00, 0x2f, 0xf8, 0x82, 0x07, 0xff, 0x89, 0x22, 0x37, 0xf9, 0xd2, 0x26, 0xff, 0x98, 0x22, 0xa2,
	0x80, 0x84, 0x02, 0x3c, 0x0b, 0x0e, 0x00, 0x00, 0x00, 0x00, 0x00, 0x00, 0x34, 0x48, 0xc9, 0x27, 0xa5, 0x0c, 0xfc, 0x32, 0x08, 0xe8, 0x27, 0xbf,
	0x9c, 0x82, 0xf3, 0xf8, 0xc8, 0x23, 0x20, 0x8c, 0x8e, 0x00, 0x00, 0x00, 0x00, 0x00, 0x00, 0x27, 0xf8, 0x82, 0x07, 0x98, 0x0c, 0xdc, 0x31, 0x10,
	0xdf, 0xf6, 0x80, 0x19, 0xfe, 0xa4, 0x08, 0x90, 0x22, 0x40, 0x89, 0xfe, 0x00, 0x00, 0x00, 0x00, 0x00, 0x00, 0x3e, 0x88, 0x22, 0x27, 0xe8, 0x87,
	0x22, 0x2a, 0x89, 0x20, 0x20, 0x33, 0x1f, 0xfe, 0x03, 0x00, 0x3f, 0x03, 0x33, 0x10, 0xc2, 0x00, 0x00, 0x00, 0x00, 0x00, 0x00, 0x00, 0x00, 0x88,
	0x82, 0xff, 0xbc, 0x22, 0x20, 0x88, 0xdf, 0xe6, 0x88, 0x1b, 0xfe, 0x68, 0x8a, 0x86, 0x22, 0x28, 0x8b, 0x2e, 0x28, 0x80, 0x00, 0x00, 0x00, 0x00,
	0x00, 0x00, 0x80, 0xe2, 0xff, 0x9c, 0x08, 0x24, 0xa0, 0xd2, 0xa7, 0x7a, 0x9b, 0x2c, 0x64, 0xb2, 0x92, 0x82, 0x4f, 0x49, 0x36, 0x29, 0x08, 0x00,
	0x00, 0x00, 0x00, 0x2f, 0xf8, 0xa2, 0x2f, 0x88, 0x8a, 0xfe, 0x38, 0xc9, 0xe7, 0x26, 0x9a, 0xaa, 0xaa, 0xae, 0x98, 0xa2, 0x22, 0x80, 0x8b, 0xfe,
	0x00, 0x00, 0x00, 0x00, 0x00, 0x00, 0x27, 0xf8, 0x90, 0x27, 0xff, 0x89, 0x00, 0x35, 0xf0, 0xd1, 0x06, 0xc7, 0x99, 0x70, 0xa4, 0x78, 0x9f, 0x02,
	0x84, 0x4a, 0x1e, 0x00, 0x00, 0x00, 0x00, 0x00, 0x00, 0x00, 0x80, 0x9f, 0xe2, 0x08, 0x1e, 0x20, 0x23, 0xf0, 0xc4, 0x07, 0x7f, 0x9a, 0x44, 0x67,
	0xfa, 0x88, 0x42, 0x49, 0x09, 0x24, 0x20, 0x70, 0x00, 0x00, 0x00, 0x00, 0x00, 0x01, 0xff, 0xe0, 0xc4, 0x02, 0x3c, 0x77, 0x18, 0xcc, 0xc7, 0xff,
	0x8f, 0xfc, 0x03, 0x01, 0xff, 0xe0, 0x78, 0x06, 0xd8, 0x63, 0x18, 0x00, 0x00, 0x00, 0x00, 0x00, 0x00, 0xc3, 0x03, 0x3f, 0x9e, 0x82, 0x33, 0xf8,
	0xc8, 0x23, 0xbf, 0x9e, 0x10, 0x77, 0xfb, 0xd1, 0x23, 0x44, 0x8d, 0x16, 0x30, 0x40, 0x00, 0x00, 0x00, 0x00, 0x26, 0x10, 0xbf, 0xe7, 0xe1, 0x0d,
	0xfc, 0x36, 0x10, 0xd8, 0x46, 0xff, 0x19, 0x84, 0xaf, 0xfc, 0x84, 0x02, 0x33, 0x0b, 0x02, 0x00, 0x00, 0x00, 0x00, 0x00, 0x00, 0x00, 0x00, 0x82,
	0x02, 0x7f, 0xbc, 0x20, 0x27, 0x70, 0xc4, 0x87, 0xff, 0x99, 0xa4, 0x6f, 0xea, 0xa2, 0x12, 0xff, 0x88, 0x20, 0x20, 0x80, 0x00, 0x00, 0x00, 0x00,
	0x27, 0x78, 0x95, 0x2f, 0x54, 0x89, 0xde, 0x35, 0x49, 0xd5, 0x26, 0x94, 0xab, 0xde, 0xa9, 0x48, 0xa5, 0x22, 0x94, 0x8a, 0xe6, 0x00, 0x00, 0x00,
	0x00, 0x00, 0x00, 0x20, 0x40, 0x9f, 0xe7, 0x84, 0x0d, 0xfe, 0x34, 0x48, 0xdf, 0xe6, 0xc4, 0x99, 0xfe, 0xa1, 0x60, 0x8d, 0x42, 0xc4, 0x8a, 0x10,
	0x00, 0x00, 0x00, 0x00, 0x00, 0x00, 0x03, 0x01, 0xff, 0xe0, 0x78, 0x06, 0xd8, 0x63, 0x18, 0x41, 0x07, 0xdf, 0x86, 0x18, 0x3c, 0xd1, 0x55, 0x69,
	0x24, 0xc4, 0x10, 0x00, 0x00, 0x00, 0x00, 0x00, 0x00, 0x00, 0x80, 0xbf, 0xe2, 0x08, 0x3d, 0xfe, 0x20, 0x88, 0xff, 0xe7, 0x7f, 0x98, 0x40, 0x6f,
	0xfa, 0x98, 0x82, 0x7e, 0x08, 0x78, 0x2e, 0x18, 0x00, 0x00, 0x00, 0x00, 0x00, 0x00, 0x83, 0x02, 0x7f, 0x9f, 0xfe, 0x36, 0x18, 0xc8, 0x42, 0xbf,
	0x1a, 0x80, 0x6b, 0xfa, 0x88, 0x22, 0x20, 0x88, 0x82, 0x23, 0xf8, 0x00, 0x00, 0x00, 0x00, 0x00, 0x80, 0x82, 0x02, 0xff, 0xbe, 0x82, 0x2b, 0x78,
	0xcb, 0x27, 0x4c, 0x9b, 0xb2, 0x63, 0x5a, 0x85, 0x02, 0x24, 0x49, 0x12, 0x28, 0x78, 0x00, 0x00, 0x00, 0x00, 0x00, 0x00, 0x82, 0x02, 0x7f, 0x9e,
	0x70, 0x33, 0x30, 0xd0, 0x23, 0x7f, 0x9a, 0x04, 0x67, 0xd2, 0x91, 0x42, 0x45, 0x09, 0xe4, 0x20, 0x70, 0x00, 0x00, 0x00, 0x00, 0x30, 0xc0, 0xdf,
	0xe7, 0x80, 0x0d, 0xfe, 0x34, 0x08, 0xf0, 0x27, 0xff, 0x9c, 0x10, 0xf2, 0x50, 0xd9, 0x63, 0x44, 0x8c, 0x70, 0x00, 0x00, 0x00, 0x00, 0x00, 0x00,
	0x20, 0x40, 0x9f, 0xe7, 0x84, 0x09, 0x7e, 0x35, 0x09, 0xd7, 0xe6, 0xd0, 0x9b, 0x7e, 0xa5, 0x08, 0x97, 0xe2, 0x40, 0x09, 0xfe, 0x00, 0x00, 0x00,
	0x00, 0x00, 0x00, 0x00, 0x00, 0x8c, 0x82, 0x3f, 0x9f, 0x88, 0x36, 0x20, 0xef, 0xe3, 0x22, 0x1a, 0x88, 0x63, 0xf8, 0x88, 0x82, 0x22, 0x08, 0x98,
	0x23, 0x98, 0x00, 0x00, 0x00, 0x00, 0x23, 0xf8, 0x88, 0x27, 0xbf, 0x8c, 0x82, 0x33, 0xf8, 0xc0, 0x06, 0xff, 0x99, 0x02, 0xa7, 0xf8, 0x90, 0x22,
	0x40, 0x89, 0xfe, 0x00, 0x00, 0x00, 0x00, 0x00, 0x00, 0x22, 0x20, 0xbf, 0xff, 0x22, 0x08, 0x10, 0x32, 0x41, 0xc9, 0x66, 0x67, 0x1a, 0xb0, 0xaa,
	0x44, 0x89, 0x12, 0x24, 0x88, 0x9e, 0x00, 0x00, 0x00, 0x00, 0x00, 0x00, 0x21, 0xc0, 0x8c, 0xc7, 0xff, 0x8c, 0x20, 0x37, 0xf8, 0xd2, 0x26, 0xc8,
	0x9b, 0xfe, 0xa0, 0xc0, 0x87, 0x82, 0x33, 0x09, 0x02, 0x00, 0x00, 0x00, 0x00, 0x00, 0x00, 0x23, 0x70, 0x91, 0x4f, 0x45, 0x49, 0xd5, 0x34, 0x99,
	0xd1, 0xe6, 0x70, 0x99, 0x12, 0xa7, 0x70, 0xb0, 0xc2, 0x45, 0x89, 0x63, 0x00, 0x00, 0x00, 0x00, 0x00, 0x00, 0x00, 0x00, 0x82, 0x02, 0x7f, 0xbc,
	0x20, 0x27, 0x70, 0xc4, 0x87, 0xff, 0x99, 0x84, 0x6f, 0xfa, 0xb0, 0x52, 0x7f, 0x09, 0x04, 0x27, 0xf0, 0x00, 0x00, 0x00, 0x00, 0x27, 0xf8, 0x90,
	0x27, 0xff, 0x8d, 0x02, 0x33, 0xf0, 0xdf, 0xe6, 0xb0, 0x19, 0xfe, 0x2d, 0xa8, 0x8d, 0xa2, 0x4c, 0x88, 0x6c, 0x00, 0x00, 0x00, 0x00, 0x00, 0x00,
	0x2f, 0xf0, 0xa0, 0xaf, 0xbc, 0x8a, 0x22, 0x3b, 0xe9, 0xea, 0xa6, 0xaa, 0xaa, 0xfa, 0xa8, 0xac, 0xa2, 0xb2, 0x8e, 0xca, 0xc7, 0x00, 0x00, 0x00,
	0x00, 0x00, 0x00, 0x00, 0x00, 0x9f, 0xe2, 0x30, 0x3e, 0xfe, 0x22, 0x40, 0xdf, 0xe7, 0x80, 0x1b, 0xfe, 0x67, 0xfa, 0x90, 0x22, 0x7f, 0x89, 0x02,
	0x24, 0x78, 0x00, 0x00, 0x00, 0x00, 0x10, 0x41, 0xf7, 0xe3, 0x8e, 0x0d, 0x54, 0x52, 0x48, 0x41, 0x07, 0xff, 0x84, 0xc6, 0x13, 0xf0, 0xcc, 0x02,
	0xf0, 0x10, 0xfe, 0x00, 0x00, 0x00, 0x00, 0x00, 0x00, 0x00, 0x00, 0x82, 0x02, 0x7f, 0xbc, 0x20, 0x2f, 0xf8, 0xe4, 0xa7, 0x92, 0x9a, 0xfe, 0x68,
	0x8a, 0xa2, 0x22, 0xbf, 0x8a, 0x22, 0x28, 0xb8, 0x00, 0x00, 0x00, 0x00, 0x00, 0x00, 0x84, 0x82, 0xff, 0xde, 0x50, 0x27, 0xf8, 0xd5, 0x23, 0x54,
	0x9b, 0x5e, 0x66, 0x0a, 0x9f, 0xe2, 0x40, 0x89, 0x02, 0x27, 0xf8, 0x00, 0x00, 0x00, 0x00, 0x24, 0x90, 0x52, 0x86, 0xb5, 0x82, 0x10, 0x7f, 0xf8,
	0x0c, 0x03, 0xff, 0x00, 0xc0, 0x7f, 0xf8, 0x1e, 0x03, 0xb7, 0x10, 0xc2, 0x00, 0x00, 0x00, 0x00, 0x00, 0x00, 0x20, 0x78, 0x9f, 0x07, 0xc4, 0x0d,
	0xfe, 0x34, 0x41, 0xd7, 0xe6, 0xd0, 0x99, 0x7e, 0xa5, 0x08, 0xb7, 0xe2, 0x90, 0x8a, 0x7e, 0x00, 0x00, 0x00, 0x00, 0x00, 0x00, 0x22, 0x10, 0x9f,
	0xe7, 0xa1, 0x0c, 0xfc, 0x32, 0x10, 0xcf, 0xc6, 0x88, 0x1b, 0xfe, 0x20, 0xc0, 0x8e, 0x82, 0x69, 0x8a, 0x21, 0x00, 0x00, 0x00, 0x00, 0x00, 0x00,
	0x2f, 0xf8, 0x84, 0x07, 0x38, 0x0b, 0xae, 0x3a, 0xa9, 0xea, 0xa6, 0xab, 0x2a, 0xa4, 0x2e, 0xa8, 0x8e, 0x22, 0x00, 0x0b, 0xfe, 0x00, 0x00, 0x00,
	0x00, 0x00, 0x00, 0x24, 0xc8, 0x8b, 0x47, 0x7f, 0x88, 0x78, 0x33, 0x51, 0xd2, 0x26, 0x90, 0x19, 0xbe, 0xa6, 0x20, 0x9f, 0x02, 0x1f, 0x0b, 0x86,
	0x00, 0x00, 0x00, 0x00, 0x00, 0x00, 0x00, 0x00, 0x08, 0x06, 0xfd, 0x8a, 0x14, 0x0f, 0xc0, 0x61, 0xc6, 0xfd, 0x80, 0xc0, 0x7f, 0xf8, 0x0c, 0x00,
	0xfc, 0x0c, 0xcc, 0x43, 0x08, 0x00, 0x00, 0x00, 0x00, 0x2f, 0x78, 0xa5, 0x2f, 0x94, 0x8b, 0xd4, 0x39, 0x51, 0xe5, 0xe6, 0xf1, 0x2a, 0xcc, 0xa9,
	0x74, 0xbb, 0x53, 0x89, 0x48, 0xc6, 0x00, 0x00, 0x00, 0x00, 0x00, 0x00, 0x22, 0x10, 0x89, 0xef, 0x75, 0x48, 0x55, 0x33, 0x55, 0xc9, 0xf6, 0x75,
	0x5b, 0xf5, 0xa2, 0x7c, 0x89, 0x42, 0x21, 0x08, 0x84, 0x00, 0x00, 0x00, 0x00, 0x00, 0x00, 0x27, 0xfc, 0x82, 0x07, 0xff, 0x8d, 0xfe, 0x34, 0x08,
	0xdf, 0xe6, 0xff, 0x98, 0x40, 0xa7, 0xf8, 0xa4, 0xc2, 0x0e, 0x0b, 0xc7, 0x00, 0x00, 0x00, 0x00, 0x00, 0x00, 0x22, 0x3c, 0x9e, 0xa7, 0x4a, 0x89,
	0x2a, 0x37, 0xb1, 0xd2, 0xa6, 0xfa, 0x99, 0x09, 0xa5, 0x24, 0x92, 0xa2, 0x7b, 0x8a, 0x08, 0x00, 0x00, 0x00, 0x00, 0x00, 0x00, 0x00, 0x00, 0x9f,
	0xe2, 0x08, 0x3d, 0xfe, 0x21, 0x40, 0xff, 0xe7, 0x22, 0x19, 0xf4, 0x6c, 0x8a, 0xbf, 0xd2, 0x1e, 0x09, 0xa4, 0x28, 0x88, 0x00, 0x00, 0x00, 0x00,
	0x27, 0x78, 0x90, 0xa7, 0x52, 0x89, 0x6a, 0x36, 0xc9, 0xe1, 0x46, 0xff, 0x9b, 0x32, 0xa7, 0xf8, 0x93, 0x22, 0x4c, 0x89, 0xfe, 0x00, 0x00, 0x00,
	0x00, 0x00, 0x00, 0x2f, 0xf8, 0x88, 0x8f, 0x7f, 0x88, 0x88, 0x3f, 0xf9, 0xdf, 0xe7, 0x48, 0x99, 0xfe, 0xa4, 0x88, 0xbf, 0xf2, 0x40, 0x89, 0x0e,
	0x00, 0x00, 0x00, 0x00, 0x00, 0x00, 0x00, 0x00, 0xa1, 0x02, 0xdf, 0x3d, 0x44, 0x21, 0x10, 0xc7, 0xc7, 0xd0, 0x1d, 0x7e, 0x65, 0x0a, 0x94, 0x22,
	0x5f, 0x0b, 0x80, 0x29, 0xf8, 0x00, 0x00, 0x00, 0x00, 0x21, 0xe0, 0x8f, 0xc7, 0xc0, 0xcd, 0xfe, 0x34, 0x09, 0xdf, 0xe6, 0xc0, 0x99, 0xfc, 0x27,
	0xf8, 0x98, 0x22, 0xa0, 0x8a, 0xfe, 0x00, 0x00, 0x00, 0x00, 0x00, 0x00, 0x00, 0x00, 0x84, 0x42, 0x7f, 0x9e, 0x10, 0x37, 0xf8, 0xc1, 0x07, 0x04,
	0x1b, 0xfe, 0x64, 0x4a, 0x8b, 0xc2, 0x35, 0x09, 0x96, 0x21, 0xc0, 0x00, 0x00, 0x00, 0x00, 0x20, 0x80, 0xbf, 0xe7, 0xff, 0x89, 0x02, 0x37, 0xf8,
	0xdf, 0xe6, 0xc0, 0x99, 0xfe, 0xa0, 0x00, 0xbf, 0xe2, 0x33, 0x0b, 0x02, 0x00, 0x00, 0x00, 0x00, 0x00, 0x00, 0x22, 0xf8, 0x8a, 0x2f, 0xff, 0x88,
	0xa2, 0x32, 0x89, 0xff, 0xe6, 0x68, 0x99, 0xbe, 0xa5, 0x50, 0x95, 0x52, 0x89, 0x48, 0x46, 0x00, 0x00, 0x00, 0x00, 0x00, 0x00, 0x01, 0x20, 0x9f,
	0xe2, 0x12, 0x1d, 0xfe, 0x35, 0x28, 0xdf, 0xe7, 0x52, 0x9a, 0xb4, 0x67, 0xf8, 0x90, 0x22, 0x7f, 0x89, 0x02, 0x27, 0xf8, 0x00, 0x00, 0x00, 0x00,
	0x2b, 0xf8, 0xa6, 0x4f, 0x5f, 0x08, 0x92, 0x32, 0x49, 0xef, 0xe7, 0xa4, 0x9a, 0xfe, 0xaa, 0x48, 0x99, 0x62, 0xe0, 0x0c, 0xfe, 0x00, 0x00, 0x00,
	0x00, 0x00, 0x00, 0x27, 0xf8, 0x82, 0x07, 0x7f, 0x89, 0xee, 0x33, 0xb1, 0xc0, 0x06, 0xbf, 0x1b, 0xfe, 0xa2, 0x00, 0x8f, 0xe2, 0x40, 0x88, 0x1c,
	0x00, 0x00, 0x00, 0x00, 0x00, 0x00, 0x2f, 0xf8, 0x85, 0x87, 0x7f, 0x8a, 0x52, 0x3f, 0xf9, 0xc0, 0x06, 0xff, 0x98, 0x00, 0xaf, 0xf8, 0x8a, 0xc2,
	0x49, 0x8a, 0xe2, 0x00, 0x00, 0x00, 0x00, 0x00, 0x00, 0x20, 0x80, 0x9f, 0xe7, 0xb2, 0x0f, 0xfe, 0x30, 0x00, 0xdf, 0xe6, 0xff, 0x9b, 0x02, 0xa7,
	0xf0, 0x82, 0x02, 0x7f, 0x88, 0x20, 0x00, 0x00, 0x00, 0x00, 0x00, 0x00, 0x22, 0x20, 0xbf, 0xe7, 0xb2, 0x09, 0x36, 0x37, 0xf8, 0xd0, 0x26, 0xc0,
	0x98, 0xfc, 0xaf, 0xf8, 0x83, 0x02, 0x36, 0x0b, 0x06, 0x00, 0x00, 0x00, 0x00, 0x00, 0x00, 0x00, 0x00, 0x88, 0x02, 0x7f, 0x3e, 0x20, 0x37, 0xf8,
	0xcc, 0x87, 0x7f, 0x9b, 0x90, 0x6f, 0xfa, 0x99, 0x02, 0x7f, 0x89, 0x90, 0x27, 0xf8, 0x00, 0x00, 0x00, 0x00, 0x21, 0x20, 0x9f, 0xe7, 0x92, 0x0d,
	0xb4, 0x37, 0xf8, 0xd3, 0x26, 0xff, 0x9b, 0x32, 0xa4, 0xc8, 0x9f, 0xc2, 0x33, 0x0b, 0x02, 0x00, 0x00, 0x00, 0x00, 0x00, 0x00, 0x27, 0xf8, 0xa5,
	0x27, 0xfc, 0x8a, 0x2c, 0x3f, 0xb1, 0xe4, 0xc6, 0xfc, 0x98, 0x20, 0xa7, 0xf8, 0x82, 0x02, 0x08, 0x0b, 0xfe, 0x00, 0x00, 0x00, 0x00, 0x00, 0x00,
	0x24, 0x40, 0x9f, 0xe7, 0xc4, 0x0f, 0xfe, 0x34, 0x41, 0xdf, 0xe6, 0xc4, 0x19, 0xfe, 0x20, 0x00, 0x95, 0x62, 0xd2, 0x8a, 0x49, 0x00, 0x00, 0x00,
	0x00, 0x00, 0x00, 0x22, 0x08, 0xbf, 0x2f, 0x23, 0xcb, 0xe2, 0x30, 0x29, 0xfe, 0xa6, 0x8a, 0x99, 0xe6, 0xa4, 0x88, 0x92, 0x22, 0x1c, 0x8b, 0x8e,
	0x00, 0x00, 0x00, 0x00, 0x00, 0x00, 0x22, 0x20, 0xbf, 0xef, 0x22, 0x0b, 0xfe, 0x34, 0x91, 0xff, 0xf6, 0x49, 0x19, 0x24, 0xaf, 0xf8, 0x82, 0x02,
	0xff, 0x88, 0x20, 0x00, 0x00, 0x00, 0x00, 0x00, 0x00, 0x00, 0x00, 0x84, 0x82, 0x7d, 0x9f, 0xfe, 0x35, 0x48, 0xdd, 0xe3, 0x7f, 0x9b, 0x02, 0x67,
	0xfa, 0x9f, 0xe2, 0x41, 0x08, 0xc4, 0x21, 0x70, 0x00, 0x00, 0x00, 0x00, 0x27, 0xf8, 0x82, 0x07, 0x7f, 0x88, 0xc8, 0x37, 0xf9, 0xe8, 0x86, 0x9c,
	0x19, 0xfe, 0xa5, 0xe8, 0x94, 0xa2, 0x5e, 0x89, 0x0e, 0x00, 0x00, 0x00, 0x00, 0x00, 0x00, 0x27, 0xf8, 0x8c, 0xc7, 0x7f, 0x88, 0x72, 0x36, 0x51,
	0xc6, 0x06, 0xff, 0x99, 0x52, 0xa6, 0x38, 0x97, 0xa2, 0x5e, 0x89, 0x0e, 0x00, 0x00, 0x00, 0x00, 0x00, 0x00, 0x27, 0x90, 0x83, 0x87, 0x76, 0x88,
	0x8e, 0x37, 0xf1, 0xe0, 0x36, 0xff, 0x19, 0x84, 0xa7, 0xf0, 0x8c, 0x82, 0x12, 0x0b, 0xfe, 0x00, 0x00, 0x00, 0x00, 0x00, 0x00, 0x24, 0xa0, 0xb7,
	0xa7, 0xeb, 0x09, 0xe6, 0x35, 0xa9, 0xff, 0xe7, 0x05, 0x1b, 0xfe, 0xa4, 0x50, 0x9c, 0x92, 0x87, 0x8a, 0x66, 0x00, 0x00, 0x00, 0x00, 0x00, 0x00,
	0x00, 0x00, 0x8f, 0x82, 0x22, 0x1f, 0xfe, 0x34, 0x88, 0xdf, 0xe3, 0x1c, 0x1b, 0xaa, 0x61, 0x72, 0x99, 0x42, 0x1d, 0x09, 0x92, 0x29, 0xc0, 0x00,
	0x00, 0x00, 0x00, 0x2f, 0xf8, 0x80, 0x0f, 0x7f, 0x89, 0xfe, 0x37, 0xf1, 0xff, 0xe6, 0x00, 0x1b, 0xfe, 0xaf, 0xf8, 0xa2, 0x22, 0x77, 0x0b, 0xfe,
	0x00, 0x00, 0x00, 0x00, 0x00, 0x00, 0x00, 0x80, 0xbf, 0xe2, 0x00, 0x1d, 0xfe, 0x35, 0xe8, 0xd7, 0xa3, 0x7f, 0x9a, 0x00, 0x67, 0xfa, 0x9f, 0xe2,
	0x41, 0x88, 0xf8, 0x2f, 0xfc, 0x00, 0x00, 0x00, 0x00, 0x00, 0x00, 0x87, 0x82, 0x69, 0x3f, 0xff, 0x25, 0xa8, 0xd3, 0xa7, 0x50, 0x9b, 0xfe, 0x67,
	0xfa, 0x92, 0x22, 0x53, 0x89, 0xf6, 0x24, 0x38, 0x00, 0x00, 0x00, 0x00, 0x02, 0x00, 0x9f, 0x82, 0xc6, 0x1f, 0xe6, 0x37, 0xf8, 0xd2, 0x27, 0x7f,
	0x9b, 0x52, 0x69, 0x28, 0x9b, 0x62, 0x7f, 0x89, 0x02, 0x27, 0xf8, 0x00, 0x00, 0x00, 0x00, 0x00, 0x00, 0x9d, 0xe2, 0xee, 0x3e, 0xe4, 0x27, 0xf8,
	0xd3, 0x27, 0x7c, 0x9d, 0x32, 0x67, 0xca, 0x95, 0x22, 0x54, 0x89, 0xf6, 0x2c, 0xc0, 0x00, 0x00, 0x00, 0x00, 0x00, 0x80, 0x83, 0xe2, 0x7f, 0x9e,
	0x42, 0x2b, 0xe8, 0xe7, 0xe7, 0xbf, 0x9a, 0x92, 0x6b, 0xfa, 0xa6, 0xc2, 0xbf, 0x8a, 0xaa, 0x2f, 0xfc, 0x00, 0x00, 0x00, 0x00, 0x2f, 0x78, 0xa5,
	0x2f, 0xf7, 0x8a, 0x52, 0x3e, 0xb9, 0xef, 0xe6, 0x9e, 0xaa, 0xaa, 0xab, 0xe8, 0xa7, 0xa2, 0xba, 0x8a, 0x26, 0x00, 0x00, 0x00, 0x00, 0x00, 0x00,
	0x00, 0x81, 0xed, 0xe3, 0x5b, 0x16, 0xda, 0x44, 0x89, 0xff, 0xe4, 0x48, 0x8e, 0xdc, 0x3f, 0xf8, 0xf8, 0x43, 0xed, 0x09, 0x84, 0x7b, 0x70, 0x00,
	0x00, 0x00, 0x00, 0x08, 0x00, 0x7f, 0xe1, 0x01, 0x8c, 0xc4, 0x23, 0x31, 0x0c, 0x80, 0x30, 0x00, 0xc0, 0x04, 0x80, 0x21, 0x03, 0x03, 0x18, 0x06,
	0x00, 0x00, 0x00, 0x00, 0x00, 0x00, 0x02, 0x01, 0x8f, 0xe1, 0x60, 0x81, 0x26, 0x0c, 0x90, 0x02, 0x80, 0x08, 0x04, 0x70, 0x21, 0x41, 0x08, 0x80,
	0x41, 0x02, 0x02, 0x00, 0x00, 0x00, 0x00, 0x00, 0x00, 0x1c, 0x81, 0x83, 0xe4, 0x08, 0x90, 0x72, 0x7f, 0x49, 0x21, 0x24, 0x86, 0x12, 0x18, 0x48,
	0xe1, 0x22, 0x4c, 0x90, 0x82, 0x80, 0x00, 0x00, 0x00, 0x00, 0x00, 0x00, 0x3e, 0x81, 0x03, 0xe4, 0x50, 0x99, 0x52, 0x57, 0x49, 0x21, 0x04, 0xc6,
	0x15, 0x98, 0x72, 0xa1, 0x02, 0x47, 0xf1, 0x90, 0x80, 0x00, 0x00, 0x00, 0x00, 0x00, 0x00, 0x28, 0x80, 0x93, 0xe4, 0x28, 0x86, 0x52, 0x2d, 0x49,
	0x99, 0x2f, 0xe6, 0x11, 0x18, 0x44, 0xe1, 0x12, 0x47, 0xd0, 0x90, 0x80, 0x00, 0x00, 0x00, 0x00, 0x00, 0x00, 0x24, 0x81, 0xfb, 0xe2, 0x48, 0x8f,
	0x4a, 0x25, 0x28, 0x91, 0xa3, 0xc6, 0x09, 0x18, 0x7e, 0x60, 0x12, 0x42, 0x78, 0x90, 0x01, 0x00, 0x00, 0x00, 0x00, 0x00, 0x00, 0x18, 0x80, 0x93,
	0xe4, 0x30, 0x8f, 0x52, 0x13, 0x49, 0xf1, 0x21, 0x04, 0x15, 0x18, 0x54, 0xe0, 0x42, 0x43, 0xd1, 0x90, 0x82, 0x00, 0x00, 0x00, 0x00, 0x00, 0x00,
	0x10, 0x81, 0xfb, 0xe1, 0x08, 0x9f, 0xd2, 0x01, 0x49, 0xf1, 0x20, 0x06, 0x1f, 0x98, 0x54, 0xe1, 0x4a, 0x45, 0x10, 0x8c, 0x81, 0x00, 0x00, 0x00,
	0x00, 0x00, 0x00, 0x7f, 0x80, 0x0b, 0xe7, 0xa8, 0x92, 0xea, 0x3b, 0x28, 0x11, 0xa7, 0xf6, 0x0e, 0x98, 0x4a, 0x61, 0x2a, 0x47, 0x38, 0x83, 0xc0,
	0x00, 0x00, 0x00, 0x00, 0x00, 0x00, 0x24, 0xc1, 0xfb, 0xe7, 0xe8, 0x96, 0xea, 0x5b, 0x28, 0xf8, 0xa7, 0xe6, 0x06, 0x18, 0x7e, 0x60, 0x62, 0x43,
	0x58, 0x90, 0x40, 0x00, 0x00, 0x00, 0x00, 0x00, 0x00, 0x20, 0x00, 0x82, 0x05, 0xef, 0x94, 0x22, 0x7f, 0xa8, 0x94, 0xa7, 0xe6, 0xb2, 0x18, 0x7e,
	0x61, 0x21, 0x87, 0xe9, 0x12, 0x62, 0x76, 0x04, 0x00, 0x00, 0x00, 0x00, 0x01, 0x00, 0x04, 0x01, 0x10, 0x04, 0x7c, 0x11, 0x00, 0x44, 0x01, 0x10,
	0x04, 0x40, 0x11, 0x00, 0x44, 0x01, 0x10, 0x1f, 0xfe, 0x00, 0x00, 0x00, 0x00, 0x00, 0x00, 0x00, 0x01, 0xff, 0xe0, 0x10, 0x00, 0x40, 0x01, 0x00,
	0x44, 0x01, 0x1f, 0x04, 0x40, 0x11, 0x00, 0x44, 0x01, 0x10, 0x04, 0x40, 0x7f, 0xf8, 0x00, 0x00, 0x00, 0x00, 0x08, 0x80, 0x22, 0x04, 0x88, 0x92,
	0x2c, 0x4f, 0xe1, 0x22, 0x04, 0x88, 0x12, 0x20, 0x48, 0x89, 0x22, 0x24, 0xe8, 0xbc, 0x3e, 0x00, 0x00, 0x00, 0x00, 0x00, 0x00, 0x3e, 0x70, 0x01,
	0x67, 0xff, 0x80, 0x10, 0x04, 0x40, 0x91, 0x02, 0x7c, 0x09, 0x10, 0x24, 0x20, 0x90, 0xa2, 0xfb, 0x9c, 0x06, 0x00, 0x00, 0x00, 0x00, 0x00, 0x00,
	0x11, 0x00, 0x47, 0xc1, 0x10, 0x1f, 0xfe, 0x01, 0x00, 0x44, 0x82, 0x11, 0x08, 0x42, 0x4e, 0x20, 0x03, 0x00, 0x70, 0x1e, 0x00, 0x00, 0x00, 0x00,
	0x00, 0x00, 0x00, 0x00, 0x01, 0xff, 0xe0, 0x30, 0x01, 0xf0, 0x1b, 0x31, 0x8c, 0x20, 0x00, 0x1f, 0xfe, 0x03, 0x00, 0x4f, 0xc1, 0x30, 0x04, 0xc0,
	0x7f, 0xf8, 0x00, 0x00, 0x00, 0x00, 0x00, 0x00, 0x47, 0xc1, 0x10, 0x1f, 0xfe, 0x00, 0x01, 0x2d, 0x24, 0xb4, 0x97, 0xfa, 0x47, 0x89, 0x3d, 0x25,
	0x32, 0x90, 0x02, 0x7f, 0xf8, 0x00, 0x00, 0x00, 0x00, 0x01, 0x00, 0x47, 0xc1, 0x10, 0x1f, 0xfe, 0x00, 0x51, 0xff, 0xe4, 0x05, 0x97, 0xd4, 0x45,
	0x51, 0x55, 0x85, 0x4e, 0x95, 0x3a, 0x4d, 0x18, 0x00, 0x00, 0x00, 0x00, 0x00, 0x00, 0xff, 0xe2, 0x42, 0x0f, 0xbe, 0x2e, 0x60, 0xda, 0xc7, 0x5a,
	0x99, 0x08, 0x41, 0x01, 0x27, 0xc4, 0x90, 0x12, 0x40, 0x3f, 0xf8, 0x00, 0x00, 0x00, 0x00, 0x00, 0x01, 0xff, 0xe0, 0x88, 0x04, 0x20, 0x1e, 0x80,
	0xca, 0x62, 0x2e, 0x15, 0xb0, 0x0c, 0x80, 0x32, 0x21, 0x88, 0x8c, 0x22, 0x60, 0xf8, 0x00, 0x00, 0x00, 0x00, 0x7c, 0x80, 0x82, 0x42, 0x11, 0x0f,
	0x42, 0x27, 0xf9, 0x20, 0x07, 0xbf, 0x82, 0x82, 0x12, 0x08, 0x48, 0x22, 0x20, 0x90, 0xfe, 0x00, 0x00, 0x00, 0x00, 0x00, 0x00, 0x00, 0x01, 0xf4,
	0x02, 0x3f, 0x88, 0x82, 0x3f, 0xe9, 0x28, 0xa4, 0xa2, 0x9e, 0xfa, 0x1a, 0x28, 0x4f, 0xa3, 0x20, 0x98, 0x02, 0x40, 0x78, 0x00, 0x00, 0x00, 0x00,
	0x7d, 0x40, 0x87, 0xe2, 0x24, 0x0f, 0x90, 0x2c, 0x41, 0x2f, 0xe7, 0x84, 0x02, 0x38, 0x11, 0x50, 0x49, 0x62, 0xc4, 0x90, 0x10, 0x00, 0x00, 0x00,
	0x00, 0x00, 0x00, 0x7c, 0xb0, 0x8f, 0xe2, 0x08, 0x0f, 0x26, 0x27, 0xe1, 0x21, 0x07, 0xbf, 0x82, 0x12, 0x10, 0x70, 0x41, 0x82, 0x3a, 0x93, 0x06,
	0x00, 0x00, 0x00, 0x00, 0x00, 0x00, 0x78, 0x40, 0x8f, 0xe2, 0x04, 0x0e, 0xbe, 0x4a, 0x89, 0x2b, 0xe7, 0xa8, 0x86, 0xbe, 0x12, 0x88, 0xcb, 0xe2,
	0x20, 0x10, 0xfe, 0x00, 0x00, 0x00, 0x00, 0x00, 0x00, 0x00, 0x00, 0xfb, 0x84, 0x09, 0x11, 0x25, 0x65, 0x15, 0x54, 0x64, 0x9f, 0x93, 0x02, 0x57,
	0x91, 0xca, 0xc4, 0x06, 0x1f, 0x6c, 0x43, 0x08, 0x00, 0x00, 0x00, 0x00, 0x1d, 0xe1, 0x84, 0x84, 0x12, 0x5f, 0x49, 0x42, 0x39, 0x07, 0xe7, 0xc0,
	0x90, 0x44, 0x44, 0xa3, 0xe1, 0x84, 0x1b, 0x11, 0x82, 0x00, 0x00, 0x00, 0x00, 0x00, 0x00, 0x44, 0xe0, 0xf2, 0x81, 0x92, 0x59, 0x49, 0x52, 0x38,
	0x47, 0xe7, 0xc0, 0x86, 0x44, 0x34, 0xa1, 0x41, 0x81, 0x1b, 0x04, 0x82, 0x00, 0x00, 0x00, 0x00, 0x00, 0x00, 0x10, 0xf1, 0xfa, 0x41, 0x09, 0x5f,
	0x45, 0x01, 0x19, 0xff, 0xe4, 0x20, 0x8f, 0x24, 0x26, 0x50, 0x99, 0x86, 0x6d, 0x10, 0xc2, 0x00, 0x00, 0x00, 0x00, 0x00, 0x00, 0x00, 0x01, 0xfb,
	0xc4, 0x29, 0x10, 0xa5, 0x7c, 0x95, 0x54, 0x67, 0xff, 0x95, 0x02, 0x54, 0x99, 0xfb, 0x45, 0x46, 0x1c, 0xb4, 0x21, 0x08, 0x00, 0x00, 0x00, 0x00,
	0x10, 0xf1, 0xfa, 0x42, 0x49, 0x49, 0x25, 0x5b, 0x18, 0xcf, 0xe5, 0xc0, 0x8f, 0x24, 0x4e, 0xd0, 0xed, 0x86, 0x8d, 0x0e, 0x42, 0x00, 0x00, 0x00,
	0x00, 0x00, 0x00, 0x00, 0x00, 0x7f, 0xc1, 0x01, 0x0c, 0xc4, 0x21, 0x90, 0x80, 0x47, 0xff, 0x89, 0x04, 0x23, 0x30, 0x84, 0x87, 0xff, 0x90, 0x08,
	0x01, 0xe0, 0x00, 0x00, 0x00, 0x00, 0x00, 0x00, 0x40, 0x01, 0xff, 0x88, 0x00, 0x7f, 0xf1, 0x44, 0x41, 0x11, 0x1f, 0xfe, 0x22, 0x20, 0x88, 0x82,
	0x22, 0x0f, 0xfe, 0x01, 0xe0, 0x00, 0x00, 0x00, 0x00, 0x3f, 0xf0, 0x0c, 0x03, 0xff, 0x00, 0xc0, 0x7f, 0xf8, 0x7f, 0x81, 0x11, 0x0c, 0xcc, 0x6e,
	0xe8, 0x88, 0x83, 0xff, 0x90, 0x78, 0x00, 0x00, 0x00, 0x00, 0x00, 0x00, 0x20, 0x80, 0x82, 0x02, 0x09, 0x88, 0x2c, 0x3e, 0xe0, 0x82, 0x02, 0x08,
	0x08, 0x22, 0x20, 0x88, 0x8a, 0x23, 0xc8, 0x98, 0x3e, 0x00, 0x00, 0x00, 0x00, 0x00, 0x00, 0x00, 0x00, 0xff, 0xc2, 0x31, 0x0f, 0xfc, 0x23, 0x10,
	0x8c, 0x43, 0xff, 0x08, 0x20, 0x20, 0xb8, 0xf3, 0x02, 0x08, 0x89, 0xa2, 0x78, 0xf8, 0x00, 0x00, 0x00, 0x00, 0x00, 0x71, 0xfe, 0x00, 0x40, 0x01,
	0x0c, 0x7f, 0xc0, 0x10, 0x00, 0x41, 0x9f, 0xf8, 0x04, 0x08, 0x10, 0x20, 0x41, 0x81, 0xfc, 0x00, 0x00, 0x00, 0x00, 0x00, 0x00, 0x01, 0xf0, 0xfc,
	0x02, 0x10, 0x08, 0x40, 0x21, 0x00, 0xff, 0xc2, 0x08, 0x08, 0x20, 0x20, 0xc8, 0x81, 0x22, 0xe6, 0x9c, 0x0e, 0x00, 0x00, 0x00, 0x00, 0x00, 0x00,
	0x00, 0x00, 0xff, 0xc2, 0x01, 0x08, 0x04, 0x3f, 0xf0, 0x84, 0x02, 0x10, 0x0f, 0xfe, 0x20, 0x80, 0x82, 0x22, 0x04, 0x8b, 0xda, 0x70, 0x30, 0x00,
	0x00, 0x00, 0x00, 0x10, 0x00, 0x40, 0x03, 0xff, 0x08, 0x00, 0x4f, 0xe0, 0x00, 0x03, 0xfe, 0x00, 0x08, 0x19, 0x20, 0x38, 0x90, 0xe2, 0x86, 0x46,
	0x60, 0x98, 0x00, 0x00, 0x00, 0x00, 0x01, 0x00, 0x04, 0x00, 0x10, 0x9f, 0x44, 0x0d, 0xa0, 0x27, 0x01, 0x94, 0x04, 0x48, 0x21, 0x31, 0x04, 0x60,
	0x10, 0x03, 0xc0, 0x00, 0x00, 0x00, 0x00, 0x00, 0x00, 0x01, 0x00, 0xc4, 0x01, 0x91, 0x80, 0x44, 0x7d, 0xe0, 0x17, 0x00, 0x94, 0x06, 0x58, 0x31,
	0x31, 0x84, 0x64, 0x10, 0x83, 0xc0, 0x00, 0x00, 0x00, 0x00, 0x00, 0x00, 0x0f, 0x80, 0x00, 0x01, 0xf0, 0x80, 0x44, 0x01, 0xb1, 0xf7, 0x00, 0x94,
	0x02, 0x58, 0x11, 0x31, 0x84, 0x64, 0x10, 0x83, 0xc0, 0x00, 0x00, 0x00, 0x00, 0x00, 0x00, 0x00, 0x00, 0x8f, 0xc3, 0x40, 0x81, 0x02, 0x44, 0x18,
	0x90, 0x40, 0x41, 0x01, 0x1c, 0x04, 0x00, 0x50, 0x21, 0x40, 0x89, 0x82, 0x43, 0xf0, 0x00, 0x00, 0x00, 0x00, 0x00, 0x00, 0x9f, 0xe3, 0x02, 0x00,
	0x08, 0x40, 0x20, 0x80, 0x80, 0x02, 0x00, 0x08, 0x00, 0x20, 0x40, 0x81, 0x02, 0x08, 0x08, 0x41, 0xe0, 0x00, 0x00, 0x00, 0x00, 0x20, 0x40, 0xc1,
	0x00, 0x04, 0x10, 0x10, 0x27, 0xf8, 0x01, 0x00, 0x04, 0x00, 0x10, 0x10, 0x40, 0x41, 0x02, 0x04, 0x10, 0x10, 0x00, 0x00, 0x00, 0x00, 0x00, 0x00,
	0x00, 0x40, 0x04, 0xc7, 0xff, 0x80, 0x40, 0x21, 0x10, 0xc4, 0xc1, 0x9e, 0x00, 0x70, 0x05, 0x40, 0x64, 0x83, 0x11, 0x10, 0x42, 0x0f, 0x00, 0x00,
	0x00, 0x00, 0x00, 0x00, 0x00, 0x8f, 0x83, 0x43, 0x01, 0x0c, 0x44, 0x30, 0x94, 0xc0, 0x4b, 0x01, 0x3c, 0x14, 0x74, 0x50, 0xd2, 0x43, 0x4a, 0x0d,
	0x48, 0x18, 0x00, 0x00, 0x00, 0x00, 0x20, 0x80, 0xc7, 0xe0, 0x10, 0x90, 0x82, 0x26, 0x08, 0x33, 0x60, 0x07, 0x00, 0x0c, 0x10, 0x60, 0x43, 0x02,
	0x38, 0x11, 0x80, 0x00, 0x00, 0x00, 0x00, 0x00, 0x00, 0x00, 0x00, 0x9f, 0xe3, 0x04, 0x00, 0x10, 0x40, 0x40, 0x81, 0x00, 0x7f, 0x80, 0x10, 0x00,
	0x40, 0x41, 0x01, 0x04, 0x08, 0x10, 0x40, 0x40, 0x00, 0x00, 0x00, 0x00, 0x00, 0x00, 0x9f, 0xe3, 0x10, 0x00, 0x40, 0x4f, 0xf8, 0x84, 0x00, 0x20,
	0x00, 0xfc, 0x02, 0x08, 0x40, 0x61, 0x01, 0x08, 0x04, 0x41, 0xf0, 0x00, 0x00, 0x00, 0x00, 0x00, 0x00, 0x86, 0x03, 0x10, 0x01, 0xff, 0x41, 0x10,
	0x88, 0x40, 0x22, 0x01, 0x88, 0x05, 0xa0, 0x43, 0x01, 0x0a, 0x08, 0xc6, 0x4c, 0x08, 0x00, 0x00, 0x00, 0x00, 0x00, 0x00, 0x9f, 0xe3, 0x0c, 0x00,
	0x30, 0x40, 0xc0, 0x83, 0x00, 0x0c, 0x00, 0x30, 0x00, 0xc0, 0x43, 0x01, 0x0c, 0x08, 0x30, 0x47, 0x30, 0x00, 0x00, 0x00, 0x00, 0x60, 0x40, 0xd9,
	0x00, 0x6f, 0x93, 0xf2, 0x26, 0x48, 0x19, 0x20, 0x64, 0x85, 0x9c, 0x16, 0x48, 0x98, 0x22, 0x20, 0x90, 0xfe, 0x00, 0x00, 0x00, 0x00, 0x00, 0x00,
	0x60, 0x80, 0xc2, 0x00, 0xff, 0x90, 0x20, 0x60, 0x80, 0x05, 0x00, 0x14, 0x04, 0x50, 0x12, 0x20, 0x92, 0x42, 0xcd, 0x92, 0x12, 0x00, 0x00, 0x00,
	0x00, 0x00, 0x00, 0x27, 0xf0, 0x48, 0x40, 0x32, 0x10, 0xc8, 0x23, 0x58, 0x4a, 0x20, 0x29, 0x04, 0x94, 0x14, 0x60, 0x91, 0x82, 0x99, 0x92, 0xc3,
	0x00, 0x00, 0x00, 0x00, 0x00, 0x00, 0x60, 0x80, 0xdf, 0xc0, 0x08, 0x90, 0x22, 0x60, 0x88, 0x02, 0x20, 0xff, 0x84, 0x30, 0x11, 0xc0, 0x84, 0x82,
	0x61, 0x12, 0x02, 0x00, 0x00, 0x00, 0x00, 0x00, 0x00, 0x02, 0x01, 0x88, 0x03, 0x7f, 0x01, 0x00, 0x4b, 0xf0, 0x80, 0x00, 0x7e, 0x00, 0x08, 0x10,
	0x20, 0x40, 0xa2, 0x03, 0x88, 0x06, 0x40, 0x18, 0x00, 0x00, 0x00, 0x00, 0x60, 0x38, 0xdf, 0x00, 0x08, 0x10, 0x20, 0x60, 0x80, 0x3f, 0xe0, 0x08,
	0x04, 0x70, 0x11, 0x40, 0x88, 0x82, 0x41, 0x12, 0x02, 0x00, 0x00, 0x00, 0x00, 0x00, 0x00, 0x60, 0x80, 0xff, 0xe0, 0x88, 0x92, 0x22, 0x28, 0x88,
	0x07, 0x00, 0x1c, 0x04, 0x72, 0x12, 0xc8, 0x93, 0x22, 0xcc, 0x94, 0x1e, 0x00, 0x00, 0x00, 0x00, 0x00, 0x00, 0x60, 0x80, 0xc7, 0xe0, 0x68, 0x11,
	0x22, 0x64, 0x88, 0x12, 0x20, 0x48, 0x85, 0xfe, 0x14, 0x80, 0x92, 0x22, 0x08, 0x90, 0x3e, 0x00, 0x00, 0x00, 0x00, 0x00, 0x00, 0x01, 0x09, 0xf4,
	0xc0, 0x9e, 0x06, 0x50, 0x31, 0x31, 0x38, 0x63, 0xff, 0x08, 0x04, 0x3f, 0xf0, 0x80, 0x42, 0x01, 0x0f, 0xfc, 0x00, 0x00, 0x00, 0x00, 0x00, 0x00,
	0x60, 0x80, 0xc2, 0x00, 0xff, 0x92, 0x22, 0x68, 0x88, 0x22, 0x20, 0x88, 0x87, 0xfe, 0x18, 0x88, 0x82, 0x06, 0x08, 0x10, 0x20, 0x00, 0x00, 0x00,
	0x00, 0x00, 0x00, 0x60, 0x80, 0xca, 0x40, 0x49, 0x11, 0x22, 0x64, 0x88, 0x32, 0x20, 0x88, 0x04, 0x64, 0x10, 0x30, 0x81, 0x82, 0x18, 0x13, 0x80,
	0x00, 0x00, 0x00, 0x00, 0x00, 0x00, 0x00, 0x01, 0x8f, 0x83, 0x22, 0x00, 0x88, 0x44, 0x29, 0xb0, 0xe0, 0xff, 0x00, 0x04, 0x12, 0x10, 0x4c, 0x82,
	0x0c, 0x08, 0xdc, 0x4c, 0x18, 0x00, 0x00, 0x00, 0x00, 0x00, 0x00, 0x8f, 0xc3, 0x60, 0x81, 0x82, 0x46, 0x08, 0x98, 0x20, 0x7f, 0x01, 0x10, 0x14,
	0x60, 0x50, 0x82, 0x43, 0x0b, 0x04, 0x48, 0x08, 0x00, 0x00, 0x00, 0x00, 0x60, 0x80, 0xdf, 0xe0, 0x08, 0x10, 0x20, 0x60, 0x80, 0x1f, 0xe0, 0x1c,
	0x04, 0x68, 0x12, 0xb0, 0x92, 0x62, 0x88, 0x90, 0x20, 0x00, 0x00, 0x00, 0x00, 0x00, 0x00, 0x00, 0x01, 0xbf, 0xe3, 0x01, 0x00, 0x04, 0x47, 0xd0,
	0x91, 0x40, 0x45, 0x01, 0x14, 0x04, 0x50, 0xde, 0x42, 0x41, 0x08, 0x04, 0x40, 0xf0, 0x00, 0x00, 0x00, 0x00, 0x41, 0x40, 0xff, 0xe0, 0x14, 0x90,
	0x52, 0x67, 0xf8, 0x25, 0x00, 0x94, 0x07, 0xfe, 0x2b, 0x48, 0x89, 0x26, 0x67, 0x93, 0x10, 0x00, 0x00, 0x00, 0x00, 0x00, 0x00, 0x60, 0x80, 0xc2,
	0x00, 0xff, 0x92, 0x22, 0x68, 0x88, 0x22, 0x20, 0xff, 0x82, 0x22, 0x28, 0x88, 0xa2, 0x26, 0xff, 0x92, 0x02, 0x00, 0x00, 0x00, 0x00, 0x00, 0x00,
	0x61, 0x00, 0xcc, 0x80, 0x21, 0x10, 0x86, 0x2f, 0xe8, 0x00, 0x00, 0x7f, 0x05, 0x02, 0x14, 0x08, 0x90, 0x22, 0x41, 0x91, 0xfe, 0x00, 0x00, 0x00,
	0x00, 0x00, 0x00, 0x00, 0x01, 0x9f, 0xe3, 0x08, 0x80, 0x42, 0x41, 0x08, 0x88, 0xe0, 0x40, 0x00, 0xfc, 0x14, 0x08, 0x50, 0x22, 0x40, 0x89, 0x02,
	0x47, 0xf8, 0x00, 0x00, 0x00, 0x00, 0x61, 0x20, 0xc4, 0x80, 0x23, 0x10, 0x84, 0x24, 0x18, 0x10, 0x20, 0x7f, 0x85, 0x02, 0x14, 0x08, 0x90, 0x22,
	0x7f, 0x91, 0x02, 0x00, 0x00, 0x00, 0x00, 0x00, 0x00, 0x00, 0x01, 0x9f, 0xe3, 0x40, 0x81, 0x02, 0x44, 0x08, 0x90, 0x20, 0x7f, 0x80, 0x48, 0x11,
	0x20, 0x4c, 0x92, 0x22, 0x49, 0x0a, 0x48, 0x38, 0x00, 0x00, 0x00, 0x00, 0x00, 0x00, 0x08, 0x03, 0xff, 0x08, 0x04, 0x3f, 0xf0, 0x80, 0x43, 0xff,
	0x00, 0x42, 0x7d, 0x90, 0x25, 0x81, 0x16, 0x18, 0x46, 0x0f, 0x08, 0x00, 0x00, 0x00, 0x00, 0x60, 0x80, 0xc2, 0x00, 0x7f, 0x91, 0x02, 0x24, 0x08,
	0x10, 0x20, 0x7f, 0x81, 0x02, 0x14, 0x08, 0xd0, 0x22, 0x7f, 0x91, 0x02, 0x00, 0x00, 0x00, 0x00, 0x00, 0x00, 0x63, 0x00, 0xc3, 0x40, 0x11, 0x10,
	0x4c, 0x65, 0x28, 0x15, 0x20, 0x54, 0x86, 0x62, 0x19, 0x18, 0x8c, 0x46, 0xd1, 0x12, 0x78, 0x00, 0x00, 0x00, 0x00, 0x00, 0x00, 0x40, 0x80, 0xdf,
	0xe0, 0x08, 0x10, 0x20, 0x60, 0x80, 0x3f, 0xe0, 0x10, 0x04, 0x48, 0x13, 0x10, 0x88, 0x46, 0x3f, 0x93, 0x82, 0x00, 0x00, 0x00, 0x00, 0x00, 0x00,
	0x02, 0x01, 0x08, 0x03, 0x7f, 0x81, 0x02, 0x4b, 0xc9, 0xa1, 0x20, 0x04, 0x81, 0xf2, 0x14, 0x38, 0x50, 0x22, 0x40, 0x99, 0x02, 0x47, 0xf8, 0x00,
	0x00, 0x00, 0x00, 0x40, 0xc0, 0xdf, 0xe0, 0x4c, 0x91, 0x32, 0x67, 0xf0, 0x90, 0x40, 0x51, 0x03, 0x48, 0x28, 0xe0, 0xa3, 0x06, 0x9b, 0x11, 0x82,
	0x00, 0x00, 0x00, 0x00, 0x00, 0x00, 0x00, 0x81, 0x82, 0x03, 0xff, 0x80, 0x00, 0x44, 0x11, 0x90, 0x40, 0x61, 0x00, 0x84, 0x12, 0x20, 0x48, 0x82,
	0x22, 0x08, 0x10, 0x4f, 0xf8, 0x00, 0x00, 0x00, 0x00, 0x00, 0x01, 0x9f, 0xe3, 0x40, 0x81, 0x02, 0x47, 0xf8, 0x94, 0x00, 0x50, 0x81, 0x4c, 0x15,
	0xc0, 0x54, 0x02, 0x90, 0xca, 0x42, 0x49, 0xf8, 0x00, 0x00, 0x00, 0x00, 0x61, 0xc0, 0xc0, 0x80, 0xff, 0x90, 0x20, 0x60, 0x80, 0x02, 0x00, 0x7f,
	0x84, 0x20, 0x10, 0x80, 0x82, 0x02, 0x08, 0x13, 0xfe, 0x00, 0x00, 0x00, 0x00, 0x00, 0x00, 0x00, 0x01, 0xff, 0xe0, 0x20, 0x00, 0x80, 0x3d, 0xf0,
	0x12, 0x07, 0xff, 0x84, 0xc8, 0x3b, 0x79, 0x3f, 0x20, 0x78, 0x06, 0xdc, 0x66, 0x18, 0x00, 0x00, 0x00, 0x00, 0x43, 0xc0, 0xc0, 0x80, 0x78, 0x10,
	0x32, 0x60, 0xd0, 0xbe, 0x80, 0x2a, 0x00, 0xa4, 0x24, 0x90, 0xb2, 0x26, 0x88, 0x50, 0xe0, 0x00, 0x00, 0x00, 0x00, 0x00, 0x00, 0x62, 0x10, 0xcc,
	0x80, 0x7f, 0x90, 0x20, 0x60, 0x80, 0x1f, 0xe0, 0x08, 0x00, 0x20, 0x2f, 0xf8, 0x82, 0x06, 0x08, 0x10, 0x20, 0x00, 0x00, 0x00, 0x00, 0x00, 0x00,
	0x62, 0x80, 0xdf, 0xe0, 0x48, 0x12, 0x20, 0x60, 0x80, 0x3f, 0xe0, 0x14, 0x00, 0x50, 0x22, 0x40, 0x89, 0x26, 0x44, 0x92, 0x1e, 0x00, 0x00, 0x00,
	0x00, 0x00, 0x00, 0x00, 0x01, 0x8c, 0x03, 0x3f, 0x81, 0x84, 0x49, 0x21, 0x83, 0x00, 0x33, 0x03, 0x03, 0x17, 0xf0, 0x50, 0x42, 0x41, 0x09, 0xfc,
	0x44, 0x10, 0x00, 0x00, 0x00, 0x00, 0x00, 0x01, 0x3f, 0xe2, 0x80, 0x82, 0xfa, 0x48, 0x09, 0xa0, 0x22, 0xbe, 0x82, 0x8a, 0x0a, 0x28, 0xa8, 0xa2,
	0xbc, 0x9a, 0x02, 0x48, 0x38, 0x00, 0x00, 0x00, 0x00, 0x40, 0x80, 0x9f, 0xe0, 0x08, 0x93, 0xff, 0x60, 0x88, 0x9f, 0xe0, 0x08, 0x03, 0xfe, 0x20,
	0x80, 0xbf, 0xe6, 0x08, 0x10, 0x20, 0x00, 0x00, 0x00, 0x00, 0x00, 0x00, 0x60, 0x80, 0xff, 0xe0, 0x88, 0x92, 0x22, 0x6f, 0xf8, 0x22, 0x20, 0xff,
	0x82, 0x10, 0x20, 0x70, 0x81, 0x92, 0x3a, 0x93, 0x86, 0x00, 0x00, 0x00, 0x00, 0x00, 0x00, 0x62, 0x20, 0xc8, 0x80, 0xff, 0x90, 0x88, 0x22, 0x20,
	0x08, 0x80, 0xff, 0x84, 0x00, 0x10, 0x00, 0x88, 0x82, 0x41, 0x12, 0x02, 0x00, 0x00, 0x00, 0x00, 0x00, 0x00, 0x00, 0x01, 0x09, 0x22, 0x24, 0x80,
	0x92, 0x4b, 0x69, 0xad, 0xa2, 0xb6, 0x82, 0xd6, 0x24, 0x48, 0x91, 0x22, 0x44, 0x93, 0x12, 0x48, 0x08, 0x00, 0x00, 0x00, 0x00, 0x60, 0x38, 0xdf,
	0x00, 0x08, 0x10, 0x20, 0x67, 0xf8, 0x02, 0x00, 0x3f, 0x05, 0x06, 0x14, 0x18, 0x90, 0x62, 0x7f, 0x91, 0x06, 0x00, 0x00, 0x00, 0x00, 0x00, 0x00,
	0x60, 0x78, 0xde, 0x00, 0x40, 0x91, 0xfc, 0x65, 0xa0, 0x16, 0xa0, 0x5b, 0x05, 0x68, 0x15, 0x90, 0xa6, 0x42, 0x98, 0x92, 0x62, 0x00, 0x00, 0x00,
	0x00, 0x00, 0x00, 0x00, 0x81, 0x02, 0x03, 0xff, 0x80, 0x88, 0x42, 0x11, 0x9f, 0xe0, 0x80, 0x81, 0x28, 0x04, 0xa0, 0x92, 0x82, 0x4a, 0x9a, 0x2a,
	0x58, 0xb8, 0x00, 0x00, 0x00, 0x00, 0x01, 0x01, 0x0f, 0x82, 0x62, 0x03, 0x10, 0x4b, 0xf9, 0x82, 0x22, 0xff, 0xc0, 0x22, 0x00, 0x88, 0x9f, 0xe2,
	0x08, 0x18, 0x20, 0x43, 0x80, 0x00, 0x00, 0x00, 0x00, 0x60, 0xb0, 0xdf, 0xe0, 0x08, 0x10, 0x2e, 0x67, 0xc0, 0x02, 0x00, 0x7f, 0x80, 0x14, 0x20,
	0x70, 0x83, 0x02, 0x32, 0x93, 0x06, 0x00, 0x00, 0x00, 0x00, 0x00, 0x00, 0x60, 0x70, 0xde, 0x00, 0x40, 0x11, 0xfe, 0x24, 0x20, 0x10, 0x80, 0x42,
	0x05, 0x08, 0x3f, 0xf8, 0x8d, 0x82, 0x61, 0x12, 0x02, 0x00, 0x00, 0x00, 0x00, 0x00, 0x00, 0x00, 0x01, 0x02, 0x42, 0xff, 0x80, 0x20, 0x4f, 0xf9,
	0xa2, 0x22, 0xff, 0x82, 0x22, 0x08, 0x88, 0xbf, 0xe2, 0x88, 0x9a, 0x22, 0x48, 0xb8, 0x00, 0x00, 0x00, 0x00, 0x62, 0x40, 0xdf, 0xe0, 0x44, 0x11,
	0x10, 0x60, 0x40, 0x3f, 0xe0, 0x00, 0x05, 0xfe, 0x14, 0x08, 0x90, 0x22, 0x7f, 0x91, 0x02, 0x00, 0x00, 0x00, 0x00, 0x00, 0x00, 0x00, 0x81, 0x82,
	0x03, 0x7f, 0x81, 0x02, 0x47, 0xf8, 0x90, 0x21, 0x40, 0x81, 0xfe, 0x14, 0x98, 0x51, 0xc3, 0x46, 0x09, 0x6c, 0x4e, 0x0c, 0x00, 0x00, 0x00, 0x00,
	0x00, 0x01, 0x9f, 0xe3, 0xc8, 0x83, 0x22, 0x4f, 0xf9, 0xb2, 0x20, 0xc8, 0x80, 0xfc, 0x10, 0x80, 0x7f, 0xe2, 0x08, 0x08, 0x20, 0x4f, 0xf8, 0x00,
	0x00, 0x00, 0x00, 0x67, 0xf8, 0xc0, 0x20, 0x49, 0x11, 0x24, 0x60, 0x00, 0x1f, 0xe0, 0x03, 0x04, 0x10, 0x1f, 0xf8, 0x81, 0x06, 0x04, 0x10, 0xf0,
	0x00, 0x00, 0x00, 0x00, 0x00, 0x00, 0x00, 0x01, 0x8c, 0x83, 0x23, 0x01, 0x06, 0x49, 0xc9, 0x8c, 0x80, 0x61, 0x03, 0xfe, 0x14, 0x10, 0x50, 0x42,
	0x41, 0x09, 0xfc, 0x44, 0x10, 0x00, 0x00, 0x00, 0x00, 0x00, 0x01, 0x08, 0x03, 0x7f, 0x81, 0x00, 0x4f, 0xf9, 0x92, 0x22, 0x48, 0x83, 0xfe, 0x04,
	0x90, 0x92, 0x42, 0x89, 0x1b, 0xfe, 0x40, 0x70, 0x00, 0x00, 0x00, 0x00, 0x00, 0x01, 0x9f, 0xe3, 0x00, 0x81, 0xfe, 0x40, 0x09, 0x9f, 0xc0, 0xff,
	0x82, 0x02, 0x1f, 0xf8, 0x48, 0x82, 0x14, 0x18, 0xf8, 0x4c, 0x18, 0x00, 0x00, 0x00, 0x00, 0x64, 0x88, 0xd2, 0x60, 0x29, 0x11, 0xfc, 0x24, 0x08,
	0x10, 0x20, 0x7f, 0x85, 0x02, 0x17, 0xf8, 0x90, 0x22, 0x40, 0x91, 0x0e, 0x00, 0x00, 0x00, 0x00, 0x00, 0x00, 0x00, 0x01, 0xbf, 0xe3, 0x21, 0x00,
	0x58, 0x4f, 0xf9, 0xa2, 0x20, 0xff, 0x82, 0x22, 0x08, 0x88, 0xbf, 0xe2, 0x88, 0x9a, 0x22, 0x48, 0xb8, 0x00, 0x00, 0x00, 0x00, 0x00, 0x01, 0xbf,
	0xe3, 0x00, 0x01, 0xfe, 0x44, 0x09, 0x90, 0x20, 0x7f, 0x01, 0x10, 0x17, 0xf8, 0x73, 0x02, 0x8e, 0x0a, 0xcc, 0x4e, 0x08, 0x00, 0x00, 0x00, 0x00,
	0x00, 0x81, 0xbf, 0xe3, 0x08, 0x00, 0x20, 0x47, 0x71, 0x84, 0x00, 0xff, 0x80, 0xc4, 0x1f, 0xf8, 0x48, 0x42, 0x59, 0x0b, 0x24, 0x40, 0x70, 0x00,
	0x00, 0x00, 0x00, 0x60, 0x80, 0xff, 0xe0, 0x08, 0x11, 0xfe, 0x60, 0x00, 0x3f, 0xe0, 0x80, 0x86, 0x52, 0x33, 0x40, 0x89, 0x26, 0x64, 0x93, 0x1e,
	0x00, 0x00, 0x00, 0x00, 0x00, 0x00, 0x00, 0x01, 0x1f, 0xe3, 0x44, 0x01, 0xfe, 0x44, 0x41, 0x91, 0x02, 0x7f, 0x81, 0x10, 0x08, 0x40, 0xaf, 0xe2,
	0x84, 0x12, 0x10, 0x43, 0xf8, 0x00, 0x00, 0x00, 0x00, 0x00, 0x81, 0x02, 0x02, 0xff, 0x81, 0x20, 0x45, 0xf9, 0xa4, 0x20, 0xb5, 0x86, 0xcc, 0x0d,
	0xb0, 0xa3, 0x82, 0x8c, 0x12, 0x6c, 0x4a, 0x08, 0x00, 0x00, 0x00, 0x00, 0x40, 0x80, 0xff, 0xe0, 0x00, 0x11, 0xfe, 0x64, 0x08, 0x10, 0x20, 0x7f,
	0x84, 0x20, 0x32, 0xb0, 0x92, 0x46, 0x88, 0x90, 0xe0, 0x00, 0x00, 0x00, 0x00, 0x00, 0x00, 0x00, 0x01, 0x82, 0x03, 0xff, 0x82, 0x02, 0x4b, 0xf9,
	0x82, 0x00, 0x08, 0x01, 0x20, 0x14, 0xf0, 0xd2, 0x02, 0x68, 0x1a, 0x60, 0x48, 0x78, 0x00, 0x00, 0x00, 0x00, 0x42, 0x20, 0x88, 0x80, 0xf7, 0x91,
	0x8c, 0x66, 0x30, 0x9d, 0xc0, 0xb6, 0x8a, 0x9a, 0x3a, 0xac, 0x8e, 0x94, 0x22, 0x10, 0x88, 0x00, 0x00, 0x00, 0x00, 0x00, 0x00, 0x44, 0x78, 0x9c,
	0x20, 0x44, 0x91, 0x12, 0x6f, 0x48, 0x89, 0x20, 0xb3, 0x0a, 0xac, 0x2a, 0xb0, 0xa8, 0xc5, 0x24, 0x93, 0xa1, 0x00, 0x00, 0x00, 0x00, 0x00, 0x00,
	0x44, 0x00, 0x9f, 0xe0, 0xa0, 0x97, 0xfa, 0x65, 0x08, 0x9f, 0xa0, 0x10, 0x81, 0x4a, 0x25, 0x28, 0x9f, 0xa4, 0x40, 0x90, 0x1c, 0x00, 0x00, 0x00,
	0x00, 0x00, 0x00, 0x60, 0x88, 0xda, 0x20, 0x4d, 0x10, 0x70, 0x63, 0x30, 0x32, 0x60, 0x08, 0x85, 0x22, 0x14, 0xd0, 0x85, 0x06, 0x63, 0x13, 0x02,
	0x00, 0x00, 0x00, 0x00, 0x00, 0x00, 0x67, 0xf8, 0xc0, 0x20, 0x49, 0x11, 0x24, 0x62, 0x00, 0x03, 0xe0, 0x78, 0x04, 0x20, 0x1f, 0xf8, 0x82, 0x06,
	0x08, 0x11, 0xfe, 0x00, 0x00, 0x00, 0x00, 0x00, 0x00, 0x00, 0x01, 0x3f, 0xe3, 0x94, 0x82, 0x50, 0x42, 0x49, 0xb1, 0xe0, 0x08, 0x03, 0xfe, 0x11,
	0xc0, 0xce, 0x82, 0x69, 0x1b, 0x22, 0x40, 0x80, 0x00, 0x00, 0x00, 0x00, 0x00, 0x81, 0x82, 0x03, 0xf7, 0x81, 0xfc, 0x44, 0x11, 0x9f, 0xc2, 0x00,
	0x01, 0xfe, 0x10, 0x30, 0xc3, 0x02, 0xf7, 0x98, 0x10, 0x43, 0xc0, 0x00, 0x00, 0x00, 0x00, 0x45, 0x48, 0xd5, 0x20, 0x54, 0x91, 0xce, 0x64, 0x08,
	0x1f, 0xe0, 0x40, 0x87, 0xce, 0x39, 0x48, 0xa5, 0x26, 0x94, 0x90, 0x52, 0x00, 0x00, 0x00, 0x00, 0x00, 0x00, 0x00, 0x01, 0x9f, 0xe3, 0x40, 0x81,
	0xfe, 0x44, 0x09, 0x90, 0x20, 0x3f, 0x01, 0x10, 0x17, 0x58, 0xd1, 0x82, 0x44, 0x19, 0x72, 0x5e, 0x78, 0x00, 0x00, 0x00, 0x00, 0x41, 0xf0, 0x9a,
	0x00, 0x18, 0x13, 0xfe, 0x63, 0x60, 0x98, 0xc0, 0xd9, 0x80, 0x74, 0x25, 0xd0, 0x96, 0xa4, 0x9a, 0x92, 0xe8, 0x00, 0x00, 0x00, 0x00, 0x00, 0x00,
	0x67, 0xf8, 0xc2, 0x00, 0x7f, 0x90, 0x20, 0x6f, 0xf8, 0x00, 0x00, 0x7f, 0x85, 0xfe, 0x14, 0x08, 0x9f, 0xe2, 0x40, 0x91, 0x1e, 0x00, 0x00, 0x00,
	0x00, 0x00, 0x00, 0x67, 0xf8, 0xd0, 0x20, 0x7f, 0x91, 0x02, 0x67, 0xf0, 0x08, 0x00, 0x7f, 0x87, 0x1a, 0x37, 0x88, 0x90, 0xa6, 0x3c, 0x90, 0x1e,
	0x00, 0x00, 0x00, 0x00, 0x00, 0x00, 0x00, 0x81, 0x82, 0x03, 0xff, 0x81, 0x88, 0x41, 0xc1, 0x8f, 0x80, 0xc1, 0xc1, 0xfc, 0x14, 0x10, 0xd0, 0x42,
	0x7f, 0x1b, 0x04, 0x48, 0x10, 0x00, 0x00, 0x00, 0x00, 0x00, 0x01, 0x92, 0x03, 0x4f, 0x81, 0x20, 0x4f, 0xf9, 0x82, 0x00, 0x29, 0x01, 0x26, 0x14,
	0x88, 0xae, 0x42, 0x02, 0x18, 0x30, 0x4f, 0x00, 0x00, 0x00, 0x00, 0x00, 0x00, 0x01, 0x93, 0x03, 0x4f, 0x81, 0x30, 0x44, 0xc0, 0xbf, 0xe0, 0x00,
	0x01, 0x84, 0x13, 0x60, 0x40, 0x02, 0x16, 0x09, 0x8c, 0x4c, 0x08, 0x00, 0x00, 0x00, 0x00, 0x67, 0xf8, 0xc0, 0x20, 0x49, 0x91, 0x24, 0x62, 0x00,
	0x02, 0x00, 0x7f, 0x84, 0x20, 0x1f, 0xf8, 0x85, 0x06, 0x22, 0x13, 0x06, 0x00, 0x00, 0x00, 0x00, 0x00, 0x00, 0x00, 0x81, 0x82, 0x23, 0x7f, 0x80,
	0x2c, 0x40, 0xe1, 0xbf, 0xe0, 0x10, 0x01, 0xfe, 0x1e, 0x08, 0xdf, 0xe2, 0x60, 0x99, 0x82, 0x47, 0xf8, 0x00, 0x00, 0x00, 0x00, 0x00, 0x11, 0x01,
	0x22, 0xff, 0x82, 0x08, 0x4f, 0xa9, 0xa0, 0xa2, 0xba, 0x82, 0xac, 0x2a, 0xb0, 0xae, 0x82, 0xa5, 0x54, 0x26, 0x51, 0x08, 0x00, 0x00, 0x00, 0x00,
	0x67, 0xf8, 0x50, 0x04, 0x7f, 0x09, 0x06, 0x0f, 0xf0, 0xdf, 0xe4, 0x30, 0x1f, 0xfe, 0x07, 0x80, 0x3f, 0x03, 0x33, 0x10, 0xc2, 0x00, 0x00, 0x00,
	0x00, 0x00, 0x00, 0x00, 0x01, 0x03, 0x03, 0xf3, 0x82, 0x44, 0x4f, 0xf9, 0xa4, 0x40, 0x9f, 0x02, 0x00, 0x1b, 0xf8, 0xe4, 0x42, 0x8e, 0x1a, 0x78,
	0x56, 0x18, 0x00, 0x00, 0x00, 0x00, 0x00, 0x01, 0x1f, 0xe3, 0xc0, 0x83, 0xfe, 0x48, 0x01, 0xbf, 0xe0, 0x91, 0x02, 0x4e, 0x1b, 0xc8, 0xe1, 0x02,
	0xbf, 0x9a, 0x10, 0x47, 0xf8, 0x00, 0x00, 0x00, 0x00, 0x67, 0xf0, 0xd0, 0x40, 0x4f, 0x11, 0x24, 0x64, 0x90, 0x3f, 0xe0, 0x9c, 0x86, 0x8a, 0x3a,
	0x28, 0xaf, 0xa6, 0xa0, 0x92, 0x0e, 0x00, 0x00, 0x00, 0x00, 0x00, 0x00, 0x00, 0x01, 0x9f, 0xc3, 0x41, 0x01, 0xfc, 0x44, 0x11, 0x90, 0x40, 0x3e,
	0x01, 0xfc, 0x19, 0x48, 0xe5, 0x22, 0x94, 0x9a, 0x52, 0x5f, 0xfc, 0x00, 0x00, 0x00, 0x00, 0x4f, 0x88, 0xa2, 0xa0, 0x8a, 0x93, 0xea, 0x68, 0xa8,
	0xbe, 0xa0, 0x8a, 0x82, 0x2a, 0x27, 0x28, 0x94, 0x24, 0xd8, 0x92, 0x2e, 0x00, 0x00, 0x00, 0x00, 0x00, 0x00, 0x42, 0x20, 0xff, 0xe0, 0x22, 0x10,
	0x88, 0x6f, 0xf8, 0x08, 0x40, 0x7f, 0x86, 0x0a, 0x27, 0xe0, 0x90, 0xa6, 0x40, 0x91, 0xfc, 0x00, 0x00, 0x00, 0x00, 0x00, 0x00, 0x00, 0x01, 0x82,
	0x03, 0x7f, 0x80, 0x20, 0x47, 0x71, 0x84, 0x80, 0xff, 0x81, 0xfc, 0x2c, 0x88, 0xbf, 0xf2, 0x18, 0x10, 0xdc, 0x4c, 0x0c, 0x00, 0x00, 0x00, 0x00,
	0x42, 0x78, 0x89, 0x20, 0xf4, 0x90, 0x9e, 0x62, 0x48, 0x89, 0x20, 0xd4, 0x8a, 0x5e, 0x29, 0x48, 0xa5, 0x24, 0xf8, 0x92, 0x2e, 0x00, 0x00, 0x00,
	0x00, 0x00, 0x00, 0x42, 0x78, 0x89, 0x20, 0xf4, 0x91, 0x92, 0x66, 0x78, 0x9d, 0x20, 0xb4, 0x82, 0x9e, 0x3a, 0x48, 0x89, 0x24, 0x27, 0x90, 0x92,
	0x00, 0x00, 0x00, 0x00, 0x00, 0x00, 0x00, 0x11, 0x90, 0x43, 0xff, 0x81, 0x04, 0x47, 0xf1, 0x90, 0x40, 0x7f, 0x03, 0xfe, 0x05, 0x40, 0xd5, 0x22,
	0x77, 0x99, 0x00, 0x47, 0xf8, 0x00, 0x00, 0x00, 0x00, 0x00, 0x01, 0x3f, 0xe2, 0x33, 0x01, 0xfe, 0x44, 0x89, 0x9f, 0xe2, 0x48, 0x81, 0xfe, 0x00,
	0x80, 0xbf, 0xe2, 0x10, 0x90, 0x82, 0x4c, 0x78, 0x00, 0x00, 0x00, 0x00, 0x00, 0x01, 0x1f, 0xc3, 0x41, 0x01, 0xfc, 0x44, 0x11, 0x9f, 0xc2, 0xff,
	0x80, 0x80, 0x07, 0xf8, 0xa4, 0xa2, 0x24, 0x9b, 0x22, 0x41, 0x30, 0x00, 0x00, 0x00, 0x00, 0x00, 0x81, 0x3f, 0xe3, 0x16, 0x01, 0x5c, 0x4b, 0x69,
	0xab, 0x20, 0x7f, 0x00, 0x04, 0x17, 0xf0, 0xd0, 0x02, 0xff, 0x98, 0x02, 0x40, 0xf0, 0x00, 0x00, 0x00, 0x00, 0x00, 0x01, 0x9f, 0xc3, 0x41, 0x81,
	0x06, 0x47, 0xf9, 0x90, 0x60, 0x7f, 0x00, 0x50, 0x19, 0x48, 0xd5, 0x42, 0x55, 0x18, 0x50, 0x5f, 0xfc, 0x00, 0x00, 0x00, 0x00, 0x42, 0x20, 0xff,
	0xe0, 0x22, 0x13, 0xfe, 0x60, 0x80, 0x3f, 0xe0, 0x88, 0x86, 0xaa, 0x3a, 0xa8, 0xaf, 0xa6, 0xa2, 0x92, 0x0e, 0x00, 0x00, 0x00, 0x00, 0x00, 0x00,
	0x00, 0x01, 0x1e, 0x42, 0x16, 0x01, 0x52, 0x42, 0x31, 0x90, 0x41, 0xbe, 0x80, 0x90, 0x2f, 0xf8, 0x89, 0x02, 0x24, 0x91, 0x12, 0x4c, 0x78, 0x00,
	0x00, 0x00, 0x00, 0x00, 0x01, 0x1f, 0xe3, 0x44, 0x01, 0x7e, 0x47, 0x09, 0x9f, 0xe2, 0x70, 0x81, 0xc2, 0x09, 0xf0, 0xa5, 0x42, 0xa5, 0x92, 0x92,
	0x41, 0xc0, 0x00, 0x00, 0x00, 0x00, 0x64, 0x40, 0x5f, 0xe4, 0xc4, 0x0b, 0xfe, 0x04, 0x40, 0x5f, 0xe3, 0x44, 0x19, 0xfe, 0x03, 0x01, 0xff, 0xe0,
	0x30, 0x00, 0xc0, 0x00, 0x00, 0x00, 0x00, 0x00, 0x00, 0x47, 0x78, 0xe0, 0xa0, 0x92, 0x92, 0x52, 0x6e, 0x48, 0x22, 0x40, 0x7f, 0x85, 0x22, 0x37,
	0xf8, 0x92, 0x26, 0x48, 0x91, 0xfe, 0x00, 0x00, 0x00, 0x00, 0x00, 0x00, 0x4f, 0xf8, 0xc8, 0x80, 0xff, 0x90, 0x88, 0x6f, 0xf8, 0x1f, 0xc0, 0x88,
	0x87, 0xfe, 0x28, 0x88, 0xff, 0xf4, 0x80, 0x92, 0x0e, 0x00, 0x00, 0x00, 0x00, 0x00, 0x00, 0x62, 0x20, 0xcc, 0x80, 0xff, 0x90, 0xc8, 0x62, 0x20,
	0x10, 0x40, 0xff, 0x83, 0x57, 0x25, 0x50, 0x95, 0x44, 0x55, 0x17, 0xfe, 0x00, 0x00, 0x00, 0x00, 0x00, 0x00, 0x00, 0x81, 0x02, 0x03, 0xf7, 0x82,
	0xda, 0x4a, 0x11, 0xb7, 0x22, 0xb6, 0x01, 0x8c, 0x0f, 0xf8, 0xd0, 0x42, 0x41, 0x19, 0x04, 0x47, 0xf0, 0x00, 0x00, 0x00, 0x00, 0x00, 0x01, 0x3d,
	0xe2, 0x10, 0x80, 0x42, 0x4f, 0x79, 0xa1, 0x02, 0xf7, 0x82, 0x52, 0x05, 0x28, 0x8c, 0x62, 0x56, 0x92, 0x72, 0x47, 0x38, 0x00, 0x00, 0x00, 0x00,
	0x00, 0x11, 0x01, 0x22, 0xff, 0x82, 0x08, 0x4b, 0xa9, 0xa4, 0xa2, 0xda, 0x83, 0x6c, 0x2d, 0x30, 0xae, 0x82, 0xad, 0x55, 0x26, 0x51, 0x08, 0x00,
	0x00, 0x00, 0x00, 0x00, 0x01, 0x08, 0x82, 0xff, 0x80, 0x88, 0x44, 0x21, 0x97, 0x22, 0x9d, 0x03, 0x54, 0x06, 0x30, 0x8c, 0xa2, 0x4a, 0x99, 0xf6,
	0x58, 0xe4, 0x00, 0x00, 0x00, 0x00, 0x67, 0xf8, 0xd0, 0x20, 0x4f, 0x91, 0x22, 0x6b, 0x74, 0x3f, 0xf0, 0xc1, 0x85, 0xfe, 0x34, 0x18, 0x9f, 0xe6,
	0x41, 0x91, 0x1c, 0x00, 0x00, 0x00, 0x00, 0x00, 0x00, 0x00, 0x81, 0x02, 0x03, 0x77, 0x80, 0x88, 0x5f, 0xfd, 0x80, 0x00, 0xff, 0x82, 0x22, 0x1f,
	0xf8, 0xe2, 0x22, 0xff, 0xda, 0x23, 0x40, 0xf8, 0x00, 0x00, 0x00, 0x00, 0x64, 0x90, 0xff, 0xe0, 0x49, 0x11, 0xfc, 0x60, 0x00, 0x3f, 0xe0, 0x88,
	0x87, 0xfe, 0x14, 0x90, 0x92, 0x46, 0x4b, 0x10, 0x20, 0x00, 0x00, 0x00, 0x00, 0x00, 0x00, 0x00, 0x81, 0x02, 0x03, 0xf7, 0x00, 0x88, 0x4f, 0xf9,
	0xa2, 0x20, 0xbe, 0x82, 0x22, 0x1b, 0xe8, 0xe8, 0xa2, 0xa2, 0x9a, 0xf2, 0x48, 0x38, 0x00, 0x00, 0x00, 0x00, 0x02, 0x01, 0x0f, 0x83, 0x42, 0x03,
	0xfe, 0x5c, 0x89, 0xb2, 0x20, 0xff, 0x83, 0x22, 0x1f, 0xf8, 0xc0, 0x02, 0x55, 0x1a, 0x52, 0x49, 0x28, 0x00, 0x00, 0x00, 0x00, 0x00, 0x01, 0x3f,
	0xe3, 0x16, 0x03, 0xfe, 0x49, 0x49, 0xbf, 0xe0, 0x00, 0x01, 0xfe, 0x10, 0x00, 0xbf, 0xe2, 0x2b, 0x1b, 0x26, 0x4b, 0x88, 0x00, 0x00, 0x00, 0x00,
	0x00, 0x81, 0x02, 0x02, 0xff, 0x80, 0xe8, 0x44, 0x99, 0xa3, 0x02, 0x36, 0x03, 0x26, 0x04, 0x90, 0x8a, 0x82, 0x2a, 0x11, 0xa6, 0x4b, 0x88, 0x00,
	0x00, 0x00, 0x00, 0x00, 0x81, 0x02, 0x02, 0xf7, 0x82, 0x50, 0x4f, 0xf9, 0xa5, 0x22, 0xff, 0x82, 0x80, 0x2a, 0x28, 0xae, 0xc2, 0xa2, 0x54, 0xa9,
	0x57, 0x38, 0x00, 0x00, 0x00, 0x00, 0x00, 0x01, 0x3f, 0xe3, 0x80, 0x83, 0xfe, 0x48, 0x01, 0xbf, 0xe2, 0x84, 0x03, 0xfe, 0x1f, 0x68, 0xb3, 0x62,
	0xf7, 0x9f, 0x32, 0x54, 0x58, 0x00, 0x00, 0x00, 0x00, 0x00, 0x81, 0x3f, 0xe2, 0x80, 0x83, 0xfe, 0x40, 0x81, 0xbf, 0xe2, 0x88, 0x83, 0xfe, 0x18,
	0x88, 0xa2, 0x22, 0x7f, 0x19, 0x8c, 0x58, 0x08, 0x00, 0x00, 0x00, 0x00, 0x00, 0x01, 0x3f, 0xe3, 0x14, 0x03, 0xfe, 0x49, 0x49, 0xbf, 0xe0, 0x94,
	0x81, 0xac, 0x17, 0xf0, 0xd0, 0x42, 0x7f, 0x19, 0x04, 0x47, 0xf0, 0x00, 0x00, 0x00, 0x00, 0x42, 0x20, 0xff, 0xe0, 0x22, 0x11, 0x76, 0x67, 0xf8,
	0x10, 0x20, 0x40, 0x84, 0xfc, 0x2f, 0xf8, 0x83, 0x06, 0x36, 0x13, 0x06, 0x00, 0x00, 0x00, 0x00, 0x00, 0x00, 0x00, 0x01, 0x08, 0x83, 0x7f, 0x81,
	0xfc, 0x44, 0x89, 0x92, 0x20, 0x3f, 0x03, 0xfe, 0x10, 0x80, 0xff, 0xe2, 0x1c, 0x18, 0xc8, 0x4c, 0x18, 0x00, 0x00, 0x00, 0x00, 0x48, 0x40, 0xa7,
	0xe0, 0x5f, 0x90, 0x52, 0x61, 0xf8, 0xf5, 0x20, 0x54, 0x89, 0x3c, 0x27, 0xf8, 0x91, 0x04, 0xe0, 0x14, 0xfe, 0x00, 0x00, 0x00, 0x00, 0x00, 0x00,
	0x00, 0x01, 0x9f, 0xe3, 0x40, 0x81, 0xfe, 0x47, 0xf1, 0xbf, 0xe0, 0x92, 0x83, 0xfe, 0x17, 0xf0, 0x48, 0x42, 0x32, 0x08, 0x70, 0x4e, 0x38, 0x00,
	0x00, 0x00, 0x00, 0x67, 0xf8, 0xc2, 0x00, 0x7f, 0x93, 0xfe, 0x60, 0x00, 0x1f, 0xe0, 0x7f, 0x85, 0x02, 0x17, 0xf8, 0x9f, 0xe6, 0x22, 0x13, 0x06,
	0x00, 0x00, 0x00, 0x00, 0x00, 0x00, 0x42, 0x18, 0xff, 0x80, 0x24, 0x03, 0xf0, 0x6a, 0xfc, 0xbf, 0x20, 0xac, 0x8a, 0xb2, 0x27, 0x48, 0x89, 0x24,
	0xfc, 0x90, 0x82, 0x00, 0x00, 0x00, 0x00, 0x00, 0x00, 0x02, 0x01, 0x98, 0x03, 0x5f, 0x00, 0x40, 0x4f, 0xf9, 0x88, 0x80, 0x7f, 0x83, 0x10, 0x07,
	0xf8, 0x91, 0x02, 0x7f, 0x99, 0x10, 0x47, 0xf8, 0x00, 0x00, 0x00, 0x00, 0x44, 0xf8, 0xbc, 0xa0, 0xf2, 0x91, 0x12, 0x6f, 0xf8, 0x84, 0x80, 0x66,
	0x00, 0xa4, 0x2f, 0xf8, 0x82, 0x84, 0x4b, 0x12, 0x22, 0x00, 0x00, 0x00, 0x00, 0x00, 0x00, 0x42, 0x20, 0xfd, 0xe0, 0x22, 0x13, 0xdf, 0x67, 0x30,
	0x25, 0x20, 0xff, 0xc5, 0x04, 0x37, 0xf0, 0x90, 0x46, 0x41, 0x11, 0xfc, 0x00, 0x00, 0x00, 0x00, 0x00, 0x00, 0x67, 0x70, 0xd0, 0x20, 0x73, 0x91,
	0x02, 0x64, 0x08, 0x1f, 0xc0, 0x20, 0x03, 0x7e, 0x2d, 0x58, 0x95, 0x66, 0x54, 0x92, 0x1e, 0x00, 0x00, 0x00, 0x00, 0x00, 0x00, 0x4f, 0x78, 0xa5,
	0x20, 0xf7, 0x92, 0x52, 0x6f, 0x78, 0xa0, 0x20, 0xbe, 0x8a, 0x22, 0x2b, 0xe8, 0xa2, 0x24, 0xbe, 0x92, 0x0e, 0x00, 0x00, 0x00, 0x00, 0x00, 0x00,
	0x42, 0x78, 0xff, 0x20, 0x24, 0x93, 0xde, 0x69, 0x48, 0xbd, 0x20, 0x94, 0x8b, 0xde, 0x22, 0x48, 0xfd, 0x24, 0x2c, 0x90, 0xa6, 0x00, 0x00, 0x00,
	0x00, 0x00, 0x00, 0x67, 0xf8, 0xe2, 0x20, 0x7f, 0x93, 0xfe, 0x60, 0x00, 0x1f, 0xe0, 0x7f, 0x85, 0x02, 0x17, 0xf8, 0x9f, 0xe6, 0x23, 0x13, 0x02,
	0x00, 0x00, 0x00, 0x00, 0x00, 0x00, 0x00, 0x01, 0x1e, 0x42, 0x16, 0x01, 0x52, 0x42, 0x31, 0x9f, 0x43, 0x80, 0x81, 0xfc, 0x04, 0x10, 0x9f, 0xc2,
	0x22, 0x10, 0x98, 0x5f, 0xf8, 0x00, 0x00, 0x00, 0x00, 0x4f, 0x78, 0xa5, 0x20, 0xf7, 0x92, 0x52, 0x6f, 0x78, 0xa0, 0x20, 0xbe, 0x8a, 0x8a, 0x2b,
	0xe8, 0xa8, 0xa4, 0xbe, 0x92, 0x0e, 0x00, 0x00, 0x00, 0x00, 0x00, 0x00, 0x4f, 0x70, 0xa5, 0x40, 0x95, 0x43, 0xd5, 0x6d, 0x98, 0xbd, 0xe0, 0xd0,
	0x8d, 0x52, 0x3f, 0x71, 0x54, 0xc5, 0x57, 0x96, 0x22, 0x00, 0x00, 0x00, 0x00, 0x00, 0x00, 0x00, 0x01, 0x10, 0x82, 0xf4, 0x03, 0xde, 0xc9, 0x49,
	0xbf, 0x22, 0x24, 0x87, 0xec, 0x04, 0x30, 0xbe, 0xc2, 0x93, 0x12, 0x52, 0x53, 0x80, 0x00, 0x00, 0x00, 0x00, 0x4f, 0xf8, 0xe5, 0x20, 0xff, 0x91,
	0x00, 0x6f, 0xf8, 0x24, 0x21, 0x7e, 0x81, 0x4a, 0x27, 0xe8, 0x84, 0xa4, 0x3e, 0x93, 0x1e, 0x00, 0x00, 0x00, 0x00, 0x00, 0x00, 0x4f, 0xf8, 0xa5,
	0x20, 0xff, 0x92, 0x52, 0x66, 0xb0, 0xbf, 0xe0, 0xbf, 0x8a, 0x00, 0x2f, 0xf8, 0xa9, 0x65, 0x22, 0x17, 0xe6, 0x00, 0x00, 0x00, 0x00, 0x00, 0x00,
	0x00, 0x81, 0x7f, 0xe2, 0x00, 0x01, 0xfc, 0x47, 0xf1, 0x80, 0x03, 0xff, 0x85, 0xfe, 0x2f, 0xc8, 0x8e, 0xc2, 0xcf, 0x11, 0xd6, 0x49, 0xc8, 0x00,
	0x00, 0x00, 0x00, 0x00, 0x01, 0x3f, 0xe2, 0x08, 0x03, 0xfe, 0x4f, 0xf9, 0xba, 0xe2, 0x08, 0x03, 0xfe, 0x20, 0x80, 0xbd, 0xe2, 0x94, 0x92, 0x52,
	0x49, 0x58, 0x00, 0x00, 0x00, 0x00, 0x4f, 0xa0, 0xa9, 0xe0, 0xf4, 0x12, 0x70, 0x6f, 0x38, 0xa8, 0x00, 0xd0, 0x08, 0x00, 0x2f, 0xf8, 0xa5, 0x24,
	0x94, 0x97, 0xfe, 0x00, 0x00, 0x00, 0x00, 0x00, 0x00, 0x00, 0x01, 0x3d, 0xe3, 0x10, 0x81, 0xde, 0x41, 0x09, 0x9d, 0xc0, 0x7f, 0x83, 0x10, 0x1f,
	0xf8, 0x91, 0x02, 0x7f, 0x91, 0x10, 0x47, 0xf8, 0x00, 0x00, 0x00, 0x00, 0x4a, 0xfc, 0xac, 0x80, 0xa7, 0x87, 0xd2, 0x64, 0x78, 0xb5, 0x20, 0xd7,
	0x8d, 0x32, 0x3d, 0x48, 0x88, 0xc4, 0x65, 0x96, 0x23, 0x00, 0x00, 0x00, 0x00, 0x00, 0x00, 0x00, 0x01, 0x3d, 0xe2, 0x44, 0x87, 0xf4, 0x44, 0xf9,
	0xfc, 0xa2, 0x0f, 0xc7, 0xca, 0x3f, 0x28, 0xe5, 0xe3, 0xf2, 0x16, 0x48, 0x5b, 0x60, 0x00, 0x00, 0x00, 0x00, 0x00, 0x21, 0x7c, 0x82, 0x4f, 0x83,
	0x4a, 0x1e, 0x31, 0x9b, 0xe2, 0xb6, 0x06, 0xbe, 0x27, 0xc8, 0x99, 0xe3, 0xa4, 0x94, 0x92, 0x4e, 0x78, 0x00, 0x00, 0x00, 0x00, 0x04, 0x01, 0x11,
	0x02, 0xf7, 0x82, 0x5e, 0x1f, 0x09, 0x81, 0xe2, 0xf4, 0x02, 0x5e, 0x2f, 0x40, 0xa5, 0xe2, 0xf7, 0x92, 0x51, 0x4b, 0x7c, 0x00, 0x00, 0x00, 0x00,
	0x44, 0xfc, 0xfc, 0x80, 0x47, 0x83, 0xd2, 0x75, 0x78, 0xd5, 0x20, 0xf7, 0x89, 0x92, 0x2f, 0x48, 0xb4, 0xc5, 0x45, 0x91, 0x23, 0x00, 0x00, 0x00,
	0x00, 0x00, 0x00, 0x00, 0x01, 0x29, 0x23, 0xf7, 0x83, 0xd4, 0x15, 0xd1, 0xd5, 0xe2, 0xf5, 0x07, 0xd4, 0x24, 0x78, 0xfd, 0x42, 0x65, 0x12, 0xd4,
	0x51, 0x68, 0x00, 0x00, 0x00, 0x00, 0x03, 0x00, 0x0c, 0x01, 0x30, 0x84, 0xc4, 0x23, 0x10, 0x8c, 0x80, 0x30, 0x01, 0x20, 0x0c, 0xc0, 0x61, 0x83,
	0x03, 0x10, 0x02, 0x00, 0x00, 0x00, 0x00, 0x00, 0x00, 0x13, 0xf8, 0x40, 0x45, 0x21, 0x15, 0x04, 0x54, 0x11, 0x50, 0x41, 0x01, 0x06, 0x04, 0x28,
	0x10, 0x90, 0x44, 0x41, 0x10, 0x3c, 0x00, 0x00, 0x00, 0x00, 0x00, 0x00, 0x00, 0x00, 0xff, 0xe2, 0x00, 0x08, 0x40, 0x29, 0x18, 0xa4, 0x42, 0x91,
	0x0c, 0x68, 0x61, 0x81, 0x09, 0x04, 0x46, 0x12, 0x0c, 0x50, 0x08, 0x00, 0x00, 0x00, 0x00, 0x00, 0x00, 0x30, 0x01, 0xbe, 0x0c, 0x30, 0x41, 0xc0,
	0x38, 0x87, 0x31, 0x84, 0xc4, 0x13, 0x10, 0x8c, 0x80, 0x48, 0x06, 0x18, 0x60, 0x18, 0x00, 0x00, 0x00, 0x00, 0x00, 0x00, 0x44, 0x01, 0x1f, 0x96,
	0xc2, 0x5a, 0x09, 0xfa, 0x26, 0x88, 0x88, 0x12, 0x30, 0x48, 0xa0, 0x22, 0x80, 0x91, 0x06, 0x40, 0xf0, 0x00, 0x00, 0x00, 0x00, 0x11, 0x10, 0xcc,
	0x84, 0x46, 0x08, 0xcc, 0x11, 0x10, 0x00, 0x01, 0x31, 0x04, 0xcc, 0x23, 0x20, 0x12, 0x01, 0x86, 0x18, 0x06, 0x00, 0x00, 0x00, 0x00, 0x00, 0x00,
	0x27, 0xf8, 0x80, 0x06, 0xbf, 0x1a, 0x82, 0x6a, 0x09, 0xc8, 0x22, 0x3f, 0x8c, 0x82, 0x3a, 0x01, 0xb0, 0x04, 0x40, 0x11, 0x00, 0x00, 0x00, 0x00,
	0x00, 0x00, 0x00, 0x21, 0x00, 0x87, 0xe6, 0xb0, 0x9a, 0x92, 0x6e, 0x51, 0xa3, 0x42, 0x0c, 0x0c, 0x30, 0x29, 0xa1, 0xa4, 0x84, 0x61, 0x91, 0x02,
	0x00, 0x00, 0x00, 0x00, 0x00, 0x00, 0x03, 0x10, 0x4c, 0x42, 0x32, 0x01, 0xa0, 0x18, 0x61, 0xcc, 0xe1, 0x31, 0x04, 0xc4, 0x23, 0x20, 0x12, 0x01,
	0x86, 0x18, 0x06, 0x00, 0x00, 0x00, 0x00, 0x00, 0x00, 0x21, 0x08, 0x84, 0x63, 0xff, 0x00, 0x00, 0x3f, 0xf8, 0x84, 0x02, 0x91, 0x0a, 0x4c, 0x21,
	0x81, 0x0b, 0x04, 0xc6, 0x16, 0x06, 0x00, 0x00, 0x00, 0x00, 0x00, 0x00, 0x02, 0x00, 0x08, 0x00, 0x3f, 0x80, 0x80, 0x02, 0x00, 0xff, 0xc2, 0x01,
	0x08, 0x04, 0x3f, 0xf0, 0x00, 0x03, 0x49, 0x09, 0x24, 0x44, 0x48, 0x00, 0x00, 0x00, 0x00, 0x01, 0x00, 0x4c, 0x07, 0xfe, 0x00, 0x88, 0x04, 0x20,
	0x1f, 0xc0, 0x81, 0x07, 0xfe, 0x20, 0x09, 0x50, 0xa1, 0x4a, 0x89, 0x22, 0x20, 0x78, 0x00, 0x00, 0x00, 0x00, 0x7f, 0x88, 0x62, 0x21, 0xe8, 0x98,
	0xa2, 0x52, 0x88, 0x32, 0x21, 0x80, 0x9c, 0x1e, 0x00, 0x00, 0x92, 0x42, 0x49, 0x91, 0x12, 0x00, 0x00, 0x00, 0x00, 0x00, 0x00, 0x02, 0x00, 0x08,
	0x03, 0xff, 0x08, 0x0c, 0x3f, 0xf0, 0x80, 0x03, 0xff, 0x88, 0x00, 0x3f, 0xf0, 0x00, 0x22, 0x94, 0x92, 0x4a, 0x48, 0x70, 0x00, 0x00, 0x00, 0x00,
	0x00, 0x01, 0xff, 0xe0, 0x00, 0x0f, 0xfc, 0x20, 0x10, 0xff, 0xc3, 0xff, 0x00, 0x0c, 0x01, 0xc0, 0x3c, 0x02, 0x49, 0x09, 0x24, 0x44, 0xc8, 0x00,
	0x00, 0x00, 0x00, 0x00, 0x80, 0x87, 0xe2, 0x10, 0x9a, 0x84, 0x6c, 0x31, 0xb3, 0xe7, 0x50, 0x89, 0x42, 0x35, 0x08, 0xd7, 0xe6, 0xd0, 0x93, 0x42,
	0x45, 0xf8, 0x00, 0x00, 0x00, 0x00, 0x10, 0x41, 0xf7, 0xe1, 0x8e, 0x0d, 0x54, 0x53, 0x48, 0x41, 0x01, 0x31, 0x04, 0xc4, 0x23, 0x20, 0x1a, 0x01,
	0x86, 0x18, 0x06, 0x00, 0x00, 0x00, 0x00, 0x00, 0x00, 0x10, 0x00, 0x40, 0x03, 0xff, 0x1d, 0x2c, 0x34, 0xb1, 0xff, 0xe3, 0x4b, 0x0d, 0x2c, 0x7f,
	0xf8, 0x00, 0x03, 0x49, 0x09, 0x24, 0x44, 0x48, 0x00, 0x00, 0x00, 0x00, 0x21, 0x00, 0xff, 0xc6, 0x10, 0x1f, 0xfc, 0x21, 0x00, 0xff, 0xc2, 0x10,
	0x0f, 0xfc, 0x00, 0x00, 0xd2, 0x42, 0x49, 0x11, 0x12, 0x00, 0x00, 0x00, 0x00, 0x00, 0x00, 0x10, 0x50, 0xf9, 0x26, 0x3f, 0x93, 0xb0, 0x24, 0xc0,
	0xe6, 0x81, 0x31, 0x19, 0x82, 0x00, 0x00, 0x92, 0x42, 0x49, 0x91, 0x12, 0x00, 0x00, 0x00, 0x00, 0x00, 0x00, 0x00, 0x00, 0x82, 0x02, 0x7f, 0x9a,
	0x20, 0x6a, 0x91, 0xbf, 0xe7, 0x21, 0x08, 0x84, 0x37, 0xf8, 0xc5, 0x06, 0xb4, 0x91, 0x92, 0x4c, 0x78, 0x00, 0x00, 0x00, 0x00, 0x20, 0x40, 0x9f,
	0xe6, 0x84, 0x1b, 0xfe, 0x6c, 0x49, 0xdf, 0xe2, 0x44, 0x8d, 0xfe, 0x29, 0xe1, 0xad, 0x44, 0x44, 0x90, 0x10, 0x00, 0x00, 0x00, 0x00, 0x00, 0x00,
	0x08, 0x40, 0x21, 0x07, 0xff, 0x8f, 0x00, 0x62, 0x89, 0xfa, 0x26, 0x28, 0x9f, 0xa2, 0x62, 0x18, 0x31, 0xc2, 0x49, 0x09, 0x24, 0x44, 0xc8, 0x00,
	0x00, 0x00, 0x00, 0x2f, 0xf8, 0x84, 0x86, 0x92, 0x1b, 0xfe, 0x75, 0x29, 0xd4, 0xa2, 0x7f, 0x88, 0x20, 0x37, 0xf9, 0x42, 0x04, 0x08, 0x03, 0xfe,
	0x00, 0x00, 0x00, 0x00, 0x00, 0x00, 0x22, 0x10, 0x9f, 0xe6, 0xa1, 0x1a, 0xfc, 0x6a, 0x11, 0xcf, 0xc2, 0x0c, 0x0d, 0xfe, 0x30, 0xc1, 0xa7, 0x84,
	0x6d, 0x92, 0x31, 0x00, 0x00, 0x00, 0x00, 0x00, 0x00, 0x00, 0x01, 0xef, 0xe4, 0x88, 0x92, 0x62, 0x4b, 0x39, 0xe0, 0x04, 0xbf, 0x92, 0x82, 0x7a,
	0x08, 0x07, 0xc2, 0x49, 0x09, 0x24, 0x44, 0xc8, 0x00, 0x00, 0x00, 0x00, 0x27, 0xf8, 0x82, 0x06, 0xbf, 0x9b, 0x02, 0x6f, 0xf9, 0xd0, 0x22, 0x7f,
	0x8d, 0x02, 0x34, 0x09, 0xaf, 0xc4, 0x33, 0x13, 0x02, 0x00, 0x00, 0x00, 0x00, 0x00, 0x00, 0x02, 0x00, 0x08, 0x43, 0xfe, 0x00, 0xb0, 0x7f, 0xf8,
	0x30, 0x07, 0x3f, 0x07, 0xfc, 0x10, 0x10, 0x7f, 0xc2, 0x49, 0x09, 0x24, 0x44, 0x48, 0x00, 0x00, 0x00, 0x00, 0x2f, 0xf8, 0xa0, 0x06, 0xff, 0x9b,
	0x02, 0x77, 0xf9, 0xd0, 0x02, 0x7b, 0x8d, 0xaa, 0x35, 0xa9, 0x26, 0x64, 0xaa, 0x82, 0x66, 0x00, 0x00, 0x00, 0x00, 0x00, 0x00, 0x34, 0x98, 0x9b,
	0x87, 0xa8, 0x9f, 0xbe, 0x7e, 0x89, 0x0b, 0xc7, 0xe8, 0x90, 0xa2, 0x0c, 0x70, 0x92, 0x42, 0x49, 0x11, 0x12, 0x00, 0x00, 0x00, 0x00, 0x00, 0x00,
	0x00, 0x80, 0x82, 0x02, 0xf7, 0x9a, 0x4a, 0x72, 0x11, 0xd3, 0x27, 0x12, 0x08, 0x8c, 0x3f, 0xf8, 0xf0, 0x44, 0xc1, 0x11, 0x04, 0x07, 0xf0, 0x00,
	0x00, 0x00, 0x00, 0x00, 0x01, 0xf9, 0x00, 0x1f, 0x1f, 0x94, 0x7d, 0x51, 0xfb, 0x40, 0x4d, 0x5f, 0xad, 0x09, 0x0c, 0xc8, 0x22, 0x49, 0x09, 0x24,
	0x44, 0xc8, 0x00, 0x00, 0x00, 0x00, 0x00, 0x00, 0x41, 0x03, 0xdf, 0x1f, 0x94, 0x2a, 0x50, 0xbb, 0x45, 0x0d, 0x4f, 0x2d, 0x1f, 0x8d, 0x84, 0x22,
	0x49, 0x09, 0x24, 0x44, 0xc8, 0x00, 0x00, 0x00, 0x00, 0x22, 0x28, 0xae, 0xa6, 0xef, 0x9b, 0xe8, 0x75, 0x31, 0xdd, 0x42, 0x2d, 0x89, 0x62, 0x30,
	0x01, 0x55, 0x64, 0x52, 0x82, 0x4a, 0x00, 0x00, 0x00, 0x00, 0x00, 0x00, 0x27, 0x90, 0x83, 0x86, 0xf6, 0x9c, 0x8e, 0x77, 0xf1, 0xa0, 0x32, 0x7f,
	0x0d, 0x84, 0x37, 0xf1, 0x2c, 0x84, 0x12, 0x03, 0xfe, 0x00, 0x00, 0x00, 0x00, 0x00, 0x00, 0x00, 0x00, 0x9b, 0x22, 0xad, 0x1b, 0xfe, 0x71, 0xe1,
	0xdb, 0x4b, 0xed, 0x89, 0xe4, 0x24, 0xf8, 0xed, 0x45, 0x15, 0x10, 0x8e, 0x0c, 0x10, 0x00, 0x00, 0x00, 0x00, 0x08, 0x40, 0x21, 0x07, 0xff, 0x83,
	0xf0, 0x10, 0x29, 0xde, 0xc1, 0x4a, 0x05, 0x2a, 0x77, 0xa8, 0x40, 0x42, 0x49, 0x09, 0x24, 0x44, 0xc8, 0x00, 0x00, 0x00, 0x00, 0x27, 0xf0, 0xb0,
	0x46, 0xff, 0x1b, 0xce, 0x74, 0xc9, 0xd3, 0x22, 0x7f, 0x8b, 0xfe, 0x30, 0xc1, 0x4e, 0x84, 0x49, 0x82, 0x20, 0x00, 0x00, 0x00, 0x00, 0x00, 0x00,
	0x02, 0x00, 0x8f, 0xe2, 0xa4, 0x9b, 0xfe, 0x6c, 0xb1, 0xcd, 0xc7, 0x60, 0x88, 0xa4, 0x23, 0xa0, 0xd3, 0x65, 0x1a, 0x11, 0xa6, 0x08, 0x88, 0x00,
	0x00, 0x00, 0x00, 0x27, 0xf8, 0xb4, 0xa6, 0xff, 0x9a, 0x80, 0x77, 0xfa, 0xd6, 0x22, 0xfe, 0x89, 0x6a, 0x37, 0xe9, 0x44, 0xa4, 0x3e, 0x81, 0x1e,
	0x00, 0x00, 0x00, 0x00, 0x00, 0x00, 0x27, 0xf8, 0xb0, 0x26, 0xff, 0x9d, 0xfe, 0x71, 0x22, 0xdf, 0xe2, 0xff, 0xc8, 0xac, 0x3f, 0xb9, 0x62, 0x04,
	0x2b, 0x03, 0x62, 0x00, 0x00, 0x00, 0x00, 0x00, 0x00, 0x00, 0x78, 0xfe, 0x82, 0x22, 0x08, 0x88, 0x22, 0x20, 0x88, 0xc2, 0x21, 0x08, 0x84, 0x22,
	0x10, 0x88, 0x44, 0x20, 0x90, 0x02, 0x00, 0x00, 0x00, 0x00, 0x00, 0x00, 0x7f, 0xf8, 0x48, 0x81, 0x12, 0x1b, 0xb6, 0x7f, 0xf8, 0x00, 0x43, 0xff,
	0x8f, 0x84, 0x22, 0x90, 0xf1, 0x42, 0x61, 0x1e, 0xdc, 0x00, 0x00, 0x00, 0x00, 0x00, 0x00, 0x00, 0x00, 0x12, 0x00, 0x84, 0x06, 0x08, 0x20, 0x19,
	0x21, 0x20, 0x84, 0x01, 0x20, 0x07, 0x80, 0x0c, 0x00, 0x58, 0x0e, 0x1c, 0x40, 0x08, 0x00, 0x00, 0x00, 0x00, 0x1c, 0xf1, 0xb3, 0x20, 0x30, 0x1f,
	0x3e, 0x7e, 0xf8, 0x8a, 0x23, 0xe9, 0x08, 0xa4, 0x3e, 0x88, 0x8a, 0x23, 0xe8, 0x90, 0xac, 0x00, 0x00, 0x00, 0x00, 0x00, 0x00, 0x00, 0x00, 0x0c,
	0x07, 0xff, 0x8b, 0xd6, 0x1b, 0x31, 0xbf, 0x60, 0x30, 0x8a, 0xde, 0x33, 0x31, 0xad, 0x20, 0x48, 0x06, 0x18, 0x60, 0x18, 0x00, 0x00, 0x00, 0x00,
	0x00, 0x01, 0xff, 0xe1, 0xb6, 0x0c, 0xc6, 0xff, 0xf9, 0x5e, 0xa4, 0xb6, 0x95, 0xfa, 0x47, 0x09, 0x5f, 0xa5, 0xf6, 0x9c, 0xe2, 0x40, 0x78, 0x00,
	0x00, 0x00, 0x00, 0x20, 0x80, 0x82, 0x02, 0x08, 0x0f, 0xfe, 0x20, 0x00, 0x80, 0x03, 0xfc, 0x08, 0x10, 0x20, 0x41, 0x81, 0x04, 0x04, 0x10, 0x10,
	0x00, 0x00, 0x00, 0x00, 0x00, 0x00, 0x49, 0xf9, 0x28, 0x04, 0xa0, 0x1f, 0xfe, 0x42, 0x09, 0x0e, 0x67, 0xa9, 0x12, 0xb4, 0x4a, 0x61, 0x29, 0x84,
	0xe9, 0x83, 0x42, 0x00, 0x00, 0x00, 0x00, 0x00, 0x00, 0x00, 0x81, 0x42, 0x05, 0x3f, 0x94, 0x92, 0x7b, 0xf9, 0x09, 0x24, 0x24, 0x9c, 0xfe, 0x59,
	0x21, 0x68, 0x85, 0xff, 0x96, 0x08, 0x18, 0x20, 0x00, 0x00, 0x00, 0x00, 0x52, 0x91, 0x5f, 0xe5, 0x29, 0x1e, 0xbc, 0x42, 0x01, 0x0f, 0xe7, 0x04,
	0x17, 0xfe, 0x58, 0xc1, 0x65, 0x85, 0xa5, 0x87, 0x11, 0x00, 0x00, 0x00, 0x00, 0x00, 0x00, 0x00, 0x00, 0x7f, 0xe1, 0x06, 0x04, 0x18, 0x10, 0x60,
	0x41, 0x87, 0xff, 0x80, 0x78, 0x02, 0x60, 0x31, 0x83, 0x06, 0x10, 0x18, 0x03, 0xc0, 0x00, 0x00, 0x00, 0x00, 0x11, 0x00, 0x44, 0x03, 0xff, 0x88,
	0x40, 0x61, 0x01, 0x04, 0x00, 0x10, 0x1f, 0xfe, 0x01, 0x00, 0x04, 0x00, 0x10, 0x00, 0x40, 0x00, 0x00, 0x00, 0x00, 0x00, 0x00, 0x11, 0x81, 0x46,
	0x07, 0xf9, 0x94, 0x6c, 0x51, 0xc0, 0x46, 0x01, 0x38, 0x1f, 0x62, 0x11, 0x88, 0x46, 0x21, 0x18, 0x84, 0x3e, 0x00, 0x00, 0x00, 0x00, 0x00, 0x00,
	0x04, 0x00, 0x10, 0x00, 0x86, 0x06, 0x0c, 0x7f, 0xd8, 0x44, 0x03, 0x10, 0x0f, 0xfe, 0x41, 0x00, 0x04, 0x07, 0xff, 0x80, 0x40, 0x01, 0x00, 0x00,
	0x00, 0x00, 0x00, 0x50, 0x41, 0x41, 0x07, 0xc4, 0x14, 0xfe, 0x50, 0x40, 0x41, 0x01, 0x44, 0x1e, 0x10, 0x10, 0x40, 0x41, 0x01, 0x04, 0x05, 0xfe,
	0x00, 0x00, 0x00, 0x00, 0x00, 0x00, 0x00, 0x00, 0x0c, 0x07, 0xff, 0x90, 0x42, 0x51, 0x08, 0xc4, 0x03, 0xff, 0x98, 0x40, 0x41, 0x01, 0xff, 0xe0,
	0x10, 0x00, 0x40, 0x01, 0x00, 0x00, 0x00, 0x00, 0x00, 0x51, 0x01, 0x47, 0xe7, 0xd0, 0x94, 0x82, 0x53, 0x10, 0x56, 0x41, 0x49, 0x1e, 0x28, 0x10,
	0x60, 0x43, 0x81, 0x19, 0x05, 0x82, 0x00, 0x00, 0x00, 0x00, 0x00, 0x00, 0x51, 0x01, 0x47, 0xe7, 0xe5, 0x94, 0xa6, 0x54, 0x98, 0x44, 0xa1, 0xd2,
	0x9c, 0x92, 0x14, 0x48, 0x42, 0x21, 0x10, 0x84, 0x9c, 0x00, 0x00, 0x00, 0x00, 0x00, 0x00, 0x52, 0x41, 0x49, 0x07, 0xbf, 0x95, 0x10, 0x54, 0x40,
	0x41, 0x01, 0xbf, 0xbc, 0x10, 0x10, 0x40, 0x41, 0x01, 0x04, 0x05, 0xfe, 0x00, 0x00, 0x00, 0x00, 0x00, 0x00, 0x00, 0x41, 0x41, 0x05, 0x3f, 0x9e,
	0x10, 0x50, 0x41, 0x5f, 0xe1, 0x01, 0x0f, 0xfe, 0x50, 0x10, 0x4c, 0x41, 0x19, 0x04, 0x04, 0x10, 0x70, 0x00, 0x00, 0x00, 0x00, 0x00, 0x01, 0xff,
	0xe0, 0x22, 0x03, 0x10, 0x7f, 0xf9, 0x12, 0x24, 0x86, 0x87, 0xe4, 0x13, 0x00, 0xff, 0xc0, 0x30, 0x1f, 0xfe, 0x03, 0x00, 0x00, 0x00, 0x00, 0x00,
	0x00, 0x00, 0xff, 0xe6, 0x00, 0x9f, 0xfc, 0x7f, 0x71, 0x84, 0x07, 0xf7, 0x98, 0x00, 0x49, 0x01, 0x5f, 0xc4, 0x10, 0x17, 0xfe, 0x01, 0x00, 0x00,
	0x00, 0x00, 0x00, 0x00, 0x01, 0x84, 0x86, 0x6d, 0x9d, 0xfe, 0x60, 0x82, 0xbf, 0xe2, 0x1d, 0x1d, 0x92, 0x2f, 0xf8, 0x88, 0xa2, 0xfb, 0x08, 0x9e,
	0x26, 0x98, 0x00, 0x00, 0x00, 0x00, 0x00, 0x00, 0x0c, 0x80, 0x31, 0x00, 0xc0, 0x7f, 0xf8, 0x0c, 0x00, 0x30, 0x00, 0xc0, 0x04, 0x80, 0x33, 0x01,
	0x86, 0x0c, 0x0c, 0x40, 0x08, 0x00, 0x00, 0x00, 0x00, 0x2d, 0xf0, 0xe8, 0x23, 0x20, 0x94, 0x82, 0x1a, 0x08, 0x68, 0x43, 0xa7, 0x12, 0x80, 0x0a,
	0x08, 0x28, 0x20, 0xa0, 0x9c, 0x7e, 0x00, 0x00, 0x00, 0x00, 0x00, 0x00, 0x10, 0x90, 0x42, 0x25, 0x08, 0x17, 0xfe, 0x30, 0x80, 0x43, 0x01, 0x0c,
	0x0c, 0x50, 0xd1, 0x20, 0x48, 0xc1, 0x41, 0x86, 0x02, 0x00, 0x00, 0x00, 0x00, 0x00, 0x00, 0x2b, 0xf8, 0xc1, 0x03, 0x04, 0x14, 0x10, 0x18, 0x40,
	0x6f, 0xe3, 0x84, 0x12, 0x10, 0x08, 0x40, 0x21, 0x00, 0x84, 0x1c, 0xfe, 0x00, 0x00, 0x00, 0x00, 0x00, 0x00, 0x68, 0x38, 0xdf, 0x46, 0x49, 0x15,
	0x24, 0x14, 0x90, 0x52, 0x43, 0x49, 0x15, 0x26, 0x14, 0xa8, 0x52, 0xa1, 0x9f, 0x9a, 0x84, 0x00, 0x00, 0x00, 0x00, 0x00, 0x00, 0x6a, 0x00, 0xcf,
	0xe6, 0x40, 0x95, 0xf2, 0x1a, 0x48, 0x49, 0x23, 0x24, 0x94, 0x92, 0x13, 0xc8, 0x48, 0x21, 0x00, 0x98, 0x1c, 0x00, 0x00, 0x00, 0x00, 0x00, 0x00,
	0x2b, 0xf8, 0xc8, 0x23, 0x20, 0x94, 0x82, 0x1b, 0xf8, 0x68, 0x23, 0xa0, 0x92, 0xfe, 0x0a, 0x08, 0x28, 0x20, 0xa0, 0x9d, 0xff, 0x00, 0x00, 0x00,
	0x00, 0x00, 0x00, 0x68, 0xc0, 0xc2, 0x06, 0x7f, 0x95, 0x02, 0x14, 0x08, 0x50, 0x23, 0x7f, 0x95, 0x02, 0x14, 0x08, 0x50, 0x21, 0x7f, 0x99, 0x02,
	0x00, 0x00, 0x00, 0x00, 0x00, 0x00, 0x00, 0x00, 0xa2, 0x03, 0x7f, 0x89, 0x02, 0x54, 0x18, 0x40, 0x41, 0x7f, 0x8c, 0x04, 0x52, 0x10, 0x44, 0x41,
	0x01, 0x04, 0x04, 0x70, 0x70, 0x00, 0x00, 0x00, 0x00, 0x68, 0x80, 0xc2, 0x06, 0x7f, 0x95, 0x22, 0x14, 0x88, 0x52, 0x23, 0x7f, 0x95, 0x20, 0x10,
	0x90, 0x42, 0x21, 0x0f, 0x9b, 0xc1, 0x00, 0x00, 0x00, 0x00, 0x00, 0x00, 0x48, 0x80, 0xdf, 0xe6, 0x48, 0x95, 0x22, 0x12, 0x90, 0x42, 0x03, 0x7f,
	0x94, 0x30, 0x11, 0x40, 0x4c, 0x81, 0x61, 0x9a, 0x02, 0x00, 0x00, 0x00, 0x00, 0x00, 0x00, 0x6f, 0xf8, 0xd2, 0x26, 0x48, 0x95, 0xfe, 0x14, 0x88,
	0x53, 0x23, 0x3b, 0x14, 0x20, 0x17, 0xf8, 0x42, 0x01, 0x08, 0x1b, 0xfe, 0x00, 0x00, 0x00, 0x00, 0x00, 0x00, 0x00, 0x40, 0xa1, 0x03, 0x3f, 0x8c,
	0x82, 0x53, 0xf8, 0x48, 0x21, 0xa0, 0x8a, 0xfe, 0x4a, 0x48, 0x29, 0x40, 0xa2, 0x02, 0xb4, 0x77, 0x0c, 0x00, 0x00, 0x00, 0x00, 0x2b, 0xf8, 0xc8,
	0x23, 0x20, 0x94, 0xfe, 0x12, 0x08, 0x6f, 0xe2, 0xa0, 0x92, 0x82, 0x0b, 0xf8, 0x20, 0x80, 0xb1, 0x9d, 0x02, 0x00, 0x00, 0x00, 0x00, 0x00, 0x00,
	0x6f, 0xf8, 0xc0, 0x46, 0x06, 0x15, 0xfe, 0x10, 0x40, 0x47, 0x03, 0x00, 0x15, 0xfe, 0x15, 0x48, 0x55, 0x21, 0x54, 0x9b, 0xfe, 0x00, 0x00, 0x00,
	0x00, 0x00, 0x00, 0x00, 0x01, 0x52, 0x43, 0x29, 0x19, 0xfc, 0xf4, 0x90, 0x52, 0x41, 0x7f, 0x0d, 0x24, 0xd4, 0x90, 0x5f, 0xc1, 0x48, 0xc6, 0x23,
	0x68, 0x8c, 0x00, 0x00, 0x00, 0x00, 0x00, 0x81, 0xa2, 0x23, 0x7f, 0x98, 0x24, 0x50, 0xa0, 0x5f, 0xe1, 0x18, 0x0d, 0xfe, 0x56, 0x08, 0x4f, 0xe1,
	0x20, 0x84, 0x82, 0x63, 0xf8, 0x00, 0x00, 0x00, 0x00, 0x00, 0x01, 0xa8, 0xc3, 0x7f, 0x98, 0x8c, 0x50, 0x00, 0x5f, 0xe1, 0x48, 0x8d, 0x22, 0x57,
	0xf8, 0x52, 0x21, 0x48, 0x85, 0x22, 0x67, 0x78, 0x00, 0x00, 0x00, 0x00, 0x08, 0x29, 0xf8, 0xa0, 0x82, 0x1f, 0xbe, 0x66, 0x21, 0x68, 0x87, 0xe2,
	0x12, 0x94, 0x7e, 0x51, 0x29, 0x44, 0xa8, 0x93, 0xa0, 0x00, 0x00, 0x00, 0x00, 0x00, 0x00, 0x6b, 0x30, 0xdf, 0xe6, 0x14, 0x15, 0xfe, 0x15, 0x48,
	0x55, 0x23, 0x53, 0x95, 0x82, 0x17, 0xf8, 0x50, 0x21, 0x40, 0x99, 0xfe, 0x00, 0x00, 0x00, 0x00, 0x00, 0x00, 0x24, 0x29, 0xfc, 0xa1, 0x42, 0x1f,
	0xbe, 0x5a, 0x21, 0x68, 0x86, 0x62, 0x18, 0x94, 0x42, 0x51, 0xf9, 0x44, 0x28, 0x9f, 0x20, 0x00, 0x00, 0x00, 0x00, 0x00, 0x00, 0x00, 0x01, 0xbf,
	0xe3, 0x08, 0x1b, 0xfe, 0x50, 0x00, 0x5f, 0xc1, 0x41, 0x8d, 0xfe, 0x51, 0x48, 0x59, 0x61, 0xa3, 0x04, 0xb4, 0x7f, 0x08, 0x00, 0x00, 0x00, 0x00,
	0x57, 0x98, 0xc0, 0x66, 0xf9, 0x38, 0x1f, 0x27, 0x90, 0x40, 0x47, 0x7b, 0x34, 0x0c, 0x17, 0xa8, 0x72, 0xa1, 0xcc, 0x9b, 0xf0, 0x00, 0x00, 0x00,
	0x00, 0x00, 0x00, 0x52, 0x7c, 0xc8, 0x46, 0xd1, 0x3a, 0x5e, 0x29, 0x58, 0x7d, 0x67, 0x85, 0xb7, 0xd6, 0x19, 0x58, 0x65, 0x61, 0xf5, 0x9a, 0x44,
	0x00, 0x00, 0x00, 0x00, 0x00, 0x00, 0x5a, 0x29, 0xf8, 0xa4, 0xa2, 0x1f, 0xbe, 0x4a, 0x21, 0xf8, 0x80, 0x02, 0x1f, 0xd4, 0x3e, 0x51, 0x09, 0x44,
	0x28, 0x9f, 0xa0, 0x00, 0x00, 0x00, 0x00, 0x00, 0x00, 0x00, 0x01, 0x3f, 0xe3, 0x12, 0x19, 0xfe, 0xe4, 0x40, 0x7f, 0xc1, 0x7f, 0x9d, 0x10, 0xd3,
	0xb8, 0x5f, 0xe1, 0x33, 0x04, 0x78, 0x6e, 0x18, 0x00, 0x00, 0x00, 0x00, 0x00, 0x00, 0x0c, 0x07, 0xff, 0x80, 0x80, 0x04, 0x20, 0xa1, 0x81, 0x8c,
	0x03, 0x60, 0x07, 0x20, 0x18, 0xc0, 0xc1, 0x07, 0xfe, 0x60, 0x08, 0x00, 0x00, 0x00, 0x00, 0x03, 0x01, 0xff, 0xe4, 0x20, 0x8b, 0x24, 0x05, 0x00,
	0x49, 0xc6, 0xfd, 0x80, 0xc0, 0x7f, 0xf8, 0x0c, 0x00, 0x30, 0x00, 0xc0, 0x00, 0x00, 0x00, 0x00, 0x00, 0x00, 0x00, 0x01, 0xff, 0xe0, 0x20, 0x00,
	0x80, 0x02, 0x00, 0x08, 0x03, 0xff, 0x00, 0x80, 0x02, 0x60, 0x08, 0xc0, 0x20, 0x00, 0x80, 0x7f, 0xf8, 0x00, 0x00, 0x00, 0x00, 0x00, 0x00, 0xff,
	0xc0, 0x30, 0x00, 0xc0, 0x03, 0x00, 0x0c, 0x03, 0xff, 0x00, 0xc0, 0x03, 0x00, 0x0c, 0x00, 0x30, 0x1f, 0xfe, 0x00, 0x00, 0x00, 0x00, 0x00, 0x00,
	0x00, 0x01, 0xe2, 0x02, 0x1f, 0x88, 0x46, 0x21, 0x11, 0xe8, 0x42, 0x63, 0x08, 0x08, 0x20, 0x60, 0x83, 0xc3, 0x99, 0x18, 0xc2, 0x04, 0x04, 0x00,
	0x00, 0x00, 0x00, 0x00, 0x01, 0xdf, 0xe2, 0x00, 0x08, 0x00, 0x20, 0x00, 0x9f, 0xe7, 0x12, 0x08, 0x48, 0x23, 0x20, 0x88, 0x97, 0x22, 0x81, 0x0a,
	0x08, 0x38, 0x00, 0x00, 0x00, 0x00, 0x71, 0xc0, 0x84, 0x82, 0x21, 0x0b, 0xfe, 0x20, 0x01, 0xe0, 0x02, 0x7f, 0x88, 0x22, 0x20, 0x88, 0xa2, 0x27,
	0x0b, 0x80, 0x20, 0x00, 0x00, 0x00, 0x00, 0x00, 0x00, 0x00, 0x01, 0xdf, 0xf2, 0x00, 0x88, 0x02, 0x23, 0xc8, 0x89, 0x27, 0xa4, 0x88, 0x92, 0x22,
	0x48, 0x8f, 0x22, 0x80, 0x9c, 0x02, 0x00, 0x78, 0x00, 0x00, 0x00, 0x00, 0x00, 0x01, 0xdf, 0xe2, 0x52, 0x89, 0x4a, 0x25, 0x28, 0x94, 0xa7, 0xff,
	0xc9, 0x4a, 0x25, 0x28, 0x94, 0xa3, 0x52, 0x99, 0x4a, 0x04, 0x18, 0x00, 0x00, 0x00, 0x00, 0x71, 0xc0, 0x8c, 0xc2, 0x61, 0x8b, 0x30, 0x21, 0x81,
	0xf8, 0xc2, 0x06, 0x08, 0x62, 0x26, 0x18, 0xa0, 0xc7, 0x0c, 0x01, 0xc0, 0x00, 0x00, 0x00, 0x00, 0x00, 0x00, 0x02, 0x41, 0xcf, 0xe2, 0x44, 0x09,
	0x10, 0x20, 0x41, 0xff, 0xe2, 0x0c, 0x08, 0x58, 0x23, 0x70, 0xd9, 0x44, 0x84, 0x80, 0x10, 0x00, 0x00, 0x00, 0x00, 0x00, 0x00, 0x70, 0x40, 0x9f,
	0xe2, 0x04, 0x08, 0x10, 0x27, 0xf9, 0xe0, 0x02, 0x04, 0x09, 0xfe, 0x20, 0x40, 0xe1, 0x06, 0x04, 0x01, 0xfe, 0x00, 0x00, 0x00, 0x00, 0x00, 0x00,
	0x71, 0x78, 0x94, 0x82, 0x52, 0x09, 0x48, 0x25, 0x21, 0xd5, 0xe2, 0x52, 0x09, 0x48, 0x21, 0x20, 0xec, 0x84, 0x22, 0x01, 0x3e, 0x00, 0x00, 0x00,
	0x00, 0x00, 0x00, 0x00, 0x01, 0xef, 0xe2, 0x60, 0x89, 0xfe, 0x26, 0x08, 0x98, 0x27, 0xff, 0x89, 0x82, 0x23, 0xf8, 0x85, 0x83, 0x96, 0x91, 0x9a,
	0x0c, 0x78, 0x00, 0x00, 0x00, 0x00, 0x00, 0x20, 0x02, 0x47, 0x7f, 0x88, 0x20, 0x24, 0xc8, 0x9b, 0x67, 0x2f, 0x08, 0x28, 0x20, 0xa0, 0x8e, 0x43,
	0x69, 0xb2, 0x22, 0x03, 0x80, 0x00, 0x00, 0x00, 0x00, 0x00, 0x01, 0xdf, 0xe2, 0x48, 0x89, 0x22, 0x27, 0xf8, 0x92, 0x27, 0x48, 0x88, 0xfc, 0x20,
	0x80, 0x9f, 0xe3, 0x08, 0x10, 0x20, 0x0f, 0xf8, 0x00, 0x00, 0x00, 0x00, 0x00, 0x01, 0xc2, 0x02, 0x7f, 0x88, 0x48, 0x21, 0x10, 0x8f, 0xe7, 0x40,
	0x88, 0xa4, 0x22, 0x90, 0xba, 0x43, 0x49, 0x51, 0x26, 0x08, 0x98, 0x00, 0x00, 0x00, 0x00, 0x00, 0x01, 0xdf, 0xe2, 0x0a, 0x08, 0xc8, 0x26, 0xa8,
	0x82, 0xe7, 0x1f, 0x09, 0x94, 0x24, 0xd0, 0x87, 0x43, 0xa4, 0x9b, 0x13, 0x01, 0xc0, 0x00, 0x00, 0x00, 0x00, 0x72, 0x20, 0x88, 0x82, 0xf7, 0x88,
	0x8c, 0x27, 0x31, 0xdc, 0xc2, 0xb6, 0x8a, 0x9a, 0x3a, 0xac, 0xca, 0x96, 0x22, 0x00, 0x88, 0x00, 0x00, 0x00, 0x00, 0x00, 0x00, 0x00, 0x01, 0xff,
	0xe1, 0x02, 0x1f, 0x3e, 0x10, 0x20, 0x7f, 0xe6, 0xcc, 0x0f, 0xfc, 0x40, 0x08, 0xff, 0xc0, 0x02, 0x00, 0x18, 0x00, 0xc0, 0x00, 0x00, 0x00, 0x00,
	0x00, 0x01, 0xff, 0xe1, 0x02, 0x1f, 0x3e, 0x10, 0x20, 0x58, 0x87, 0x8f, 0x88, 0x20, 0x20, 0xb8, 0xf3, 0x02, 0x08, 0x89, 0xa2, 0x78, 0xf8, 0x00,
	0x00, 0x00, 0x00, 0x00, 0x01, 0xff, 0xe1, 0x02, 0x1f, 0x3e, 0x12, 0x21, 0xf3, 0xe3, 0xff, 0x08, 0x44, 0x21, 0x10, 0xff, 0xc2, 0x01, 0x88, 0x02,
	0x3f, 0xf0, 0x00, 0x00, 0x00, 0x00, 0x72, 0x78, 0x89, 0x22, 0xfc, 0x88, 0x9e, 0x22, 0x49, 0xdd, 0x22, 0x54, 0x89, 0x5e, 0x25, 0x48, 0xd5, 0x26,
	0x7c, 0x80, 0x2e, 0x00, 0x00, 0x00, 0x00, 0x00, 0x00, 0x00, 0x01, 0xcc, 0x42, 0x7f, 0x88, 0x44, 0x23, 0xf0, 0x91, 0x27, 0x44, 0x89, 0x12, 0x2f,
	0xfc, 0x83, 0x03, 0x12, 0x10, 0x84, 0x0c, 0x08, 0x00, 0x00, 0x00, 0x00, 0x74, 0xc8, 0x93, 0x22, 0x7f, 0x88, 0x00, 0x27, 0xf9, 0xc2, 0x02, 0x7f,
	0x89, 0x4a, 0x25, 0x28, 0xd4, 0xa6, 0x52, 0x81, 0x4e, 0x00, 0x00, 0x00, 0x00, 0x00, 0x00, 0x77, 0x78, 0x90, 0xa2, 0x52, 0x89, 0x6a, 0x76, 0xc8,
	0xa1, 0x42, 0x7f, 0x89, 0x32, 0x27, 0xf8, 0xf3, 0x26, 0x4c, 0x81, 0xfe, 0x00, 0x00, 0x00, 0x00, 0x00, 0x00, 0x00, 0x01, 0xc4, 0x82, 0x7f, 0x88,
	0x30, 0x27, 0xf8, 0x83, 0x07, 0x7f, 0x88, 0x80, 0x22, 0x00, 0x9f, 0xc3, 0x44, 0x12, 0x10, 0x0b, 0xf8, 0x00, 0x00, 0x00, 0x00, 0x00, 0x01, 0xc3,
	0x02, 0x73, 0x09, 0x6a, 0x24, 0xe8, 0x94, 0xa7, 0x3f, 0x89, 0xfe, 0x24, 0x88, 0x94, 0xa3, 0xde, 0x99, 0x02, 0x04, 0x38, 0x00, 0x00, 0x00, 0x00,
	0x77, 0xf8, 0x95, 0x22, 0x7f, 0x88, 0x00, 0x2f, 0xf9, 0xdf, 0xc2, 0x40, 0x89, 0xfe, 0x21, 0xc8, 0xcb, 0xc4, 0xc9, 0x06, 0x22, 0x00, 0x00, 0x00,
	0x00, 0x00, 0x00, 0x7f, 0xf8, 0xcc, 0xcf, 0xff, 0x97, 0xfa, 0x5f, 0xe9, 0x5e, 0x24, 0xf6, 0x94, 0x22, 0x7f, 0xf8, 0x0c, 0x03, 0xff, 0x1f, 0xfe,
	0x00, 0x00, 0x00, 0x00, 0x00, 0x00, 0x00, 0xf8, 0xfe, 0x82, 0x22, 0x08, 0x88, 0x22, 0x30, 0x88, 0x42, 0x21, 0x08, 0x94, 0x22, 0x51, 0x89, 0xe4,
	0xfa, 0x94, 0x0a, 0x00, 0x00, 0x00, 0x00, 0x00, 0x00, 0x00, 0x01, 0xf8, 0x62, 0x9e, 0x9f, 0x52, 0x6b, 0x49, 0xfd, 0x20, 0x14, 0x9f, 0x52, 0x01,
	0x49, 0xf5, 0x65, 0x55, 0x95, 0x5e, 0x32, 0x94, 0x00, 0x00, 0x00, 0x00, 0x00, 0x00, 0xff, 0xc0, 0x80, 0x02, 0x00, 0x0f, 0xc0, 0x21, 0x00, 0xa4,
	0x02, 0x90, 0x11, 0x40, 0x45, 0x11, 0x04, 0x47, 0xf2, 0x60, 0x78, 0x00, 0x00, 0x00, 0x00, 0x00, 0x00, 0xaf, 0xe2, 0x90, 0x1f, 0x40, 0x29, 0xf0,
	0xa4, 0x42, 0x99, 0x1f, 0x54, 0x29, 0x54, 0xa4, 0x56, 0xb1, 0x52, 0xbd, 0x4b, 0x18, 0x00, 0x00, 0x00, 0x00, 0x25, 0xf9, 0xfa, 0x05, 0x28, 0x1f,
	0xbc, 0x52, 0x91, 0xfb, 0x40, 0x0d, 0x1f, 0x4d, 0x45, 0x35, 0xf4, 0x54, 0x5f, 0x5f, 0xc6, 0x00, 0x00, 0x00, 0x00, 0x00, 0x00, 0x30, 0x30, 0xc0,
	0xc7, 0xff, 0x8c, 0x0c, 0x30, 0x30, 0xc0, 0xc3, 0xff, 0x0c, 0x0c, 0x30, 0x30, 0xc0, 0xc3, 0xff, 0x0c, 0x0c, 0x00, 0x00, 0x00, 0x00, 0x00, 0x00,
	0x10, 0x20, 0x40, 0x87, 0xff, 0x84, 0x08, 0x1f, 0xe0, 0x40, 0x81, 0xfe, 0x1f, 0xfe, 0x24, 0x80, 0x92, 0x42, 0xcf, 0x08, 0x00, 0x3f, 0xf8, 0x00,
	0x00, 0x00, 0x00, 0x0d, 0x09, 0xc4, 0x21, 0x3f, 0xdf, 0x42, 0x11, 0x08, 0x44, 0x27, 0xdf, 0x91, 0x42, 0x45, 0x09, 0x14, 0x27, 0xdf, 0x91, 0x42,
	0x00, 0x00, 0x00, 0x00, 0x00, 0x00, 0x11, 0x00, 0xc4, 0x03, 0xff, 0x08, 0x40, 0x61, 0x01, 0x04, 0x01, 0xff, 0x00, 0x40, 0x01, 0x00, 0x04, 0x00,
	0x10, 0x1f, 0xfe, 0x00, 0x00, 0x00, 0x00, 0x00, 0x00, 0x00, 0x00, 0x0c, 0x03, 0xff, 0x82, 0x10, 0x3f, 0xf8, 0x80, 0x02, 0x88, 0x0b, 0xfc, 0x70,
	0x81, 0x3f, 0xc4, 0x08, 0x10, 0x20, 0x5f, 0xf8, 0x00, 0x00, 0x00, 0x00, 0x53, 0xf9, 0x49, 0x27, 0xa4, 0x94, 0xfe, 0x52, 0x48, 0x4f, 0xe7, 0x84,
	0x05, 0xfe, 0x10, 0x88, 0x46, 0x27, 0xb0, 0x81, 0x9e, 0x00, 0x00, 0x00, 0x00, 0x00, 0x00, 0x00, 0x00, 0xff, 0xe2, 0x10, 0x88, 0x42, 0x3f, 0xf8,
	0x84, 0x22, 0x10, 0x88, 0x42, 0x3f, 0xf8, 0x84, 0x22, 0x10, 0x90, 0x42, 0x41, 0x70, 0x00, 0x00, 0x00, 0x00, 0x00, 0x40, 0x08, 0xc7, 0xff, 0x80,
	0x80, 0x3f, 0xf0, 0x88, 0x43, 0xff, 0x08, 0x84, 0x22, 0x10, 0xff, 0xc2, 0x21, 0x08, 0x84, 0x22, 0x70, 0x00, 0x00, 0x00, 0x00, 0x00, 0x00, 0xff,
	0xc4, 0x30, 0x90, 0xc2, 0x43, 0x09, 0x0c, 0x27, 0xff, 0x90, 0xc2, 0x43, 0x09, 0x0c, 0x24, 0x30, 0x9f, 0xfe, 0x40, 0x08, 0x00, 0x00, 0x00, 0x00,
	0x00, 0x00, 0x0c, 0x00, 0x30, 0x0f, 0xfc, 0x63, 0x19, 0x8c, 0x66, 0x31, 0x9f, 0xfe, 0x63, 0x19, 0x8c, 0x66, 0x31, 0x9f, 0xfe, 0x60, 0x18, 0x00,
	0x00, 0x00, 0x00, 0x00, 0x00, 0xff, 0xc2, 0x31, 0x08, 0xc4, 0x23, 0x10, 0xff, 0xc2, 0x31, 0x08, 0xc4, 0x3f, 0xf0, 0x8c, 0x40, 0x30, 0x00, 0xc0,
	0x03, 0x00, 0x00, 0x00, 0x00, 0x00, 0x03, 0x00, 0xff, 0xc2, 0x31, 0x08, 0xc4, 0x23, 0x10, 0xff, 0xc2, 0x31, 0x08, 0xc4, 0x3f, 0xf0, 0x8c, 0x40,
	0x30, 0x00, 0xc0, 0x00, 0x00, 0x00, 0x00, 0x00, 0x00, 0x00, 0x00, 0xff, 0xc2, 0x31, 0x08, 0xc4, 0x3f, 0xf0, 0x8c, 0x43, 0xff, 0x00, 0x80, 0x7f,
	0xf8, 0x08, 0x60, 0x41, 0x06, 0x04, 0x61, 0xf0, 0x00, 0x00, 0x00, 0x00, 0x00, 0x01, 0xfc, 0x04, 0x9f, 0x92, 0x44, 0x49, 0x11, 0xfc, 0x44, 0x91,
	0x12, 0x44, 0x49, 0x11, 0xfc, 0x44, 0x11, 0x00, 0x04, 0x00, 0xf0, 0x00, 0x00, 0x00, 0x00, 0x00, 0x01, 0xff, 0xe0, 0x30, 0x00, 0xc0, 0x4f, 0xc9,
	0x2d, 0x24, 0xfc, 0x92, 0xd2, 0x4b, 0x49, 0x3f, 0x24, 0x00, 0x9f, 0xfe, 0x40, 0x08, 0x00, 0x00, 0x00, 0x00, 0x00, 0x00, 0xff, 0xc2, 0x31, 0x08,
	0xc4, 0x3f, 0xf0, 0x8c, 0x43, 0xff, 0x03, 0x30, 0x38, 0x71, 0xa1, 0x60, 0x84, 0x06, 0x10, 0x60, 0x40, 0x00, 0x00, 0x00, 0x00, 0x00, 0x00, 0xff,
	0xc2, 0x31, 0x0f, 0xfc, 0x23, 0x10, 0xff, 0xc0, 0x00, 0x1f, 0xfe, 0x11, 0x10, 0x42, 0xc1, 0x0c, 0x04, 0xc8, 0x7c, 0x18, 0x00, 0x00, 0x00, 0x00,
	0x13, 0xf8, 0x49, 0x25, 0x64, 0x95, 0x92, 0x56, 0x49, 0x6f, 0xe1, 0x24, 0x86, 0x92, 0x2a, 0x48, 0x99, 0x24, 0x7f, 0x90, 0x82, 0x00, 0x00, 0x00,
	0x00, 0x00, 0x00, 0x78, 0x41, 0x5d, 0x25, 0x54, 0x95, 0x54, 0x54, 0x41, 0xff, 0xe5, 0x44, 0x15, 0x10, 0x57, 0xf9, 0x51, 0x07, 0xc4, 0x10, 0x10,
	0x00, 0x00, 0x00, 0x00, 0x00, 0x00, 0x3d, 0xf9, 0x81, 0x22, 0xcc, 0x89, 0x22, 0x3b, 0x99, 0x04, 0xc3, 0xff, 0x08, 0xc4, 0x3f, 0xf0, 0x8c, 0x42,
	0x31, 0x0f, 0xfc, 0x00, 0x00, 0x00, 0x00, 0x00, 0x00, 0x00, 0x00, 0x0c, 0x07, 0xef, 0x8f, 0x10, 0x19, 0x80, 0x38, 0x47, 0xff, 0x80, 0x00, 0x3f,
	0xf0, 0x8c, 0x43, 0xff, 0x08, 0xc4, 0x3f, 0xf0, 0x00, 0x00, 0x00, 0x00, 0x00, 0x00, 0x21, 0x07, 0xf7, 0x80, 0x12, 0x7e, 0x89, 0x2a, 0x64, 0xb9,
	0x12, 0x84, 0x7e, 0x31, 0x28, 0xc4, 0xa4, 0x9f, 0xa2, 0x41, 0x04, 0x00, 0x00, 0x00, 0x00, 0x00, 0x00, 0x08, 0x03, 0xff, 0x08, 0x04, 0x3f, 0xf0,
	0x80, 0x41, 0xfe, 0x0f, 0xfc, 0x43, 0x09, 0x0c, 0x27, 0xff, 0x90, 0xc2, 0x7f, 0xf8, 0x00, 0x00, 0x00, 0x00, 0x3f, 0xf0, 0x8c, 0x43, 0xff, 0x0f,
	0xfc, 0x13, 0x20, 0x4c, 0x87, 0xff, 0x84, 0xc8, 0x7f, 0xf8, 0x0c, 0x07, 0xff, 0x80, 0xc0, 0x00, 0x00, 0x00, 0x00, 0x00, 0x00, 0x7c, 0x81, 0x57,
	0xe5, 0x79, 0x15, 0xac, 0x54, 0x61, 0xf6, 0xc5, 0x70, 0xd5, 0x7e, 0x55, 0x09, 0x54, 0x27, 0xdf, 0x90, 0x42, 0x00, 0x00, 0x00, 0x00, 0x00, 0x00,
	0x78, 0x41, 0x5f, 0xe5, 0x44, 0x15, 0x10, 0x57, 0xf9, 0xf0, 0x05, 0x44, 0x15, 0xfe, 0x54, 0x41, 0x51, 0x07, 0xc4, 0x10, 0xfe, 0x00, 0x00, 0x00,
	0x00, 0x00, 0x00, 0x3f, 0xf0, 0x0c, 0x81, 0x32, 0x1f, 0xfe, 0x07, 0x80, 0x2d, 0x03, 0xff, 0x18, 0xc6, 0x23, 0x10, 0xff, 0xc2, 0x31, 0x0f, 0xfc,
	0x00, 0x00, 0x00, 0x00, 0x00, 0x00, 0x00, 0x00, 0xff, 0xc2, 0x31, 0x0f, 0xfc, 0x23, 0x10, 0xff, 0xc0, 0x84, 0x1f, 0xfc, 0x08, 0x41, 0xff, 0xe0,
	0x48, 0x06, 0x18, 0x60, 0x18, 0x00, 0x00, 0x00, 0x00, 0x3f, 0xf0, 0x8c, 0x43, 0xff, 0x0f, 0xfc, 0x00, 0x01, 0xff, 0xe5, 0xfe, 0x94, 0x0a, 0x1f,
	0xe0, 0x7f, 0x81, 0x02, 0x1f, 0xfe, 0x00, 0x00, 0x00, 0x00, 0x00, 0x00, 0x00, 0x01, 0xff, 0xe6, 0x88, 0x9a, 0xea, 0x69, 0x31, 0xab, 0xe7, 0x80,
	0x1b, 0xfe, 0x6a, 0xc9, 0xac, 0xa6, 0x9b, 0x1e, 0x8e, 0x44, 0x4c, 0x00, 0x00, 0x00, 0x00, 0x12, 0x61, 0x9f, 0x42, 0x9e, 0x05, 0x5a, 0x3d, 0xf9,
	0x04, 0xa7, 0xff, 0x8f, 0x24, 0x4a, 0xb1, 0xfb, 0x84, 0xae, 0x9f, 0xce, 0x00, 0x00, 0x00, 0x00, 0x00, 0x00, 0x00, 0x01, 0xff, 0xe0, 0x10, 0x80,
	0x44, 0x11, 0x30, 0x44, 0x01, 0x1f, 0x04, 0x40, 0x31, 0x00, 0xc4, 0x02, 0x90, 0x11, 0xc0, 0x40, 0xf8, 0x00, 0x00, 0x00, 0x00, 0x78, 0x40, 0x3f,
	0xe1, 0x84, 0x14, 0xfe, 0x52, 0x49, 0x69, 0x25, 0x3f, 0x94, 0x30, 0x51, 0xe1, 0x6d, 0x46, 0x44, 0x80, 0x10, 0x00, 0x00, 0x00, 0x00, 0x00, 0x00,
	0x00, 0x01, 0xe1, 0x00, 0xff, 0x86, 0x24, 0x51, 0x11, 0x47, 0xe5, 0xe0, 0x94, 0xa4, 0x52, 0x91, 0x4a, 0x45, 0xa9, 0x5d, 0x25, 0x0c, 0x98, 0x00,
	0x00, 0x00, 0x00, 0x45, 0xf9, 0xe0, 0x24, 0x29, 0x1f, 0x18, 0x21, 0xf8, 0xf0, 0xa5, 0x92, 0x86, 0x48, 0x7f, 0x30, 0x66, 0x82, 0x5e, 0x10, 0xce,
	0x00, 0x00, 0x00, 0x00, 0x00, 0x00, 0x00, 0x00, 0x06, 0x03, 0xe7, 0x98, 0xf8, 0x62, 0x20, 0x90, 0xa2, 0x83, 0x8b, 0xfc, 0x60, 0x10, 0x88, 0x82,
	0x1c, 0x18, 0xf8, 0x4c, 0x18, 0x00, 0x00, 0x00, 0x00, 0x00, 0x00, 0x06, 0x03, 0xef, 0x98, 0x20, 0x6f, 0xf8, 0xa2, 0x22, 0xff, 0x0a, 0x04, 0x6b,
	0x10, 0xa4, 0x82, 0x8c, 0x1a, 0x78, 0x56, 0x18, 0x00, 0x00, 0x00, 0x00, 0x00, 0x00, 0x06, 0x03, 0xe7, 0x98, 0x70, 0x66, 0x30, 0xa0, 0xa2, 0x1c,
	0x09, 0x80, 0x60, 0x70, 0xbf, 0x02, 0x00, 0x98, 0x3c, 0x4f, 0x00, 0x00, 0x00, 0x00, 0x00, 0x00, 0x00, 0x06, 0x03, 0xe7, 0x99, 0x80, 0x67, 0xf8,
	0xb2, 0x02, 0x88, 0x0b, 0xfe, 0x60, 0x80, 0x85, 0x02, 0x36, 0x19, 0x8c, 0x58, 0x08, 0x00, 0x00, 0x00, 0x00, 0x00, 0x00, 0x06, 0x03, 0xe7, 0x9b,
	0xfe, 0x60, 0x80, 0x82, 0x02, 0xff, 0x8a, 0x22, 0x69, 0x48, 0xac, 0xa2, 0xe1, 0x9a, 0x02, 0x48, 0x38, 0x00, 0x00, 0x00, 0x00, 0x00, 0x00, 0x06,
	0x03, 0xe7, 0x98, 0x00, 0x6f, 0xf8, 0x82, 0x02, 0x48, 0x09, 0x3c, 0x64, 0x80, 0x92, 0x02, 0x48, 0x19, 0x20, 0x5f, 0xf8, 0x00, 0x00, 0x00, 0x00,
	0x00, 0x00, 0x7f, 0xe2, 0x08, 0x19, 0xfc, 0x60, 0x80, 0x82, 0x02, 0xff, 0x88, 0x04, 0x6f, 0xf8, 0x80, 0x42, 0x61, 0x10, 0x44, 0x40, 0xf0, 0x00,
	0x00, 0x00, 0x00, 0x00, 0x00, 0x7f, 0xe2, 0x00, 0x19, 0xfc, 0x6c, 0x10, 0xbf, 0xc2, 0xc1, 0x0b, 0x04, 0x6f, 0xe8, 0xb2, 0x42, 0xc6, 0x1b, 0x6c,
	0x5e, 0x08, 0x00, 0x00, 0x00, 0x00, 0x00, 0x00, 0x06, 0x03, 0xe7, 0x9b, 0xfe, 0x60, 0x00, 0x9f, 0xc2, 0x40, 0x89, 0x02, 0x67, 0xf0, 0x88, 0x02,
	0x22, 0x18, 0x88, 0x5f, 0xf8, 0x00, 0x00, 0x00, 0x00, 0x00, 0x00, 0x7f, 0xe2, 0x00, 0x1b, 0xfe, 0x62, 0x30, 0x9f, 0xc2, 0x88, 0x8a, 0x22, 0x6f,
	0xf8, 0xa2, 0x22, 0xff, 0x9a, 0x22, 0x48, 0xb8, 0x00, 0x00, 0x00, 0x00, 0x00, 0x00, 0x7f, 0xe2, 0x00, 0x19, 0xc2, 0x6a, 0x48, 0x89, 0x22, 0xfc,
	0x89, 0x92, 0x67, 0x48, 0xad, 0x23, 0xac, 0x94, 0x82, 0x42, 0x38, 0x00, 0x00, 0x00, 0x00, 0x00, 0x00, 0x7f, 0xe2, 0x08, 0x1b, 0xfe, 0x68, 0x88,
	0xbf, 0xe2, 0x88, 0x89, 0xfc, 0x6f, 0xf8, 0x90, 0x42, 0x36, 0x18, 0x70, 0x4e, 0x38, 0x00, 0x00, 0x00, 0x00, 0x00, 0x00, 0x06, 0x03, 0xe7, 0x9a,
	0x00, 0x6f, 0x78, 0xa9, 0x22, 0x24, 0x8b, 0xf2, 0x62, 0x48, 0x9d, 0x22, 0x54, 0x9a, 0x3e, 0x58, 0x48, 0x00, 0x00, 0x00, 0x00, 0x00, 0x00, 0x7f,
	0xe2, 0x08, 0x1b, 0xfe, 0x69, 0x48, 0x98, 0xc2, 0x7f, 0x0f, 0x06, 0x67, 0xf0, 0x9f, 0xc2, 0x48, 0x13, 0x26, 0x53, 0x88, 0x00, 0x00, 0x00, 0x00,
	0x00, 0x00, 0x7f, 0xe2, 0x00, 0x19, 0xfc, 0x64, 0x10, 0x9f, 0xc2, 0xf7, 0x8a, 0x52, 0x6f, 0x78, 0x82, 0x02, 0x88, 0x92, 0x22, 0x4f, 0xf8, 0x00,
	0x00, 0x00, 0x00, 0x00, 0x00, 0x7f, 0xe2, 0x36, 0x1b, 0xfe, 0x60, 0x00, 0xbd, 0x22, 0xf4, 0x8b, 0xd2, 0x69, 0x08, 0xac, 0xc2, 0xa9, 0x94, 0x96,
	0x53, 0xe4, 0x00, 0x00, 0x00, 0x00, 0x00, 0x00, 0x7f, 0xe2, 0x00, 0x1b, 0xc8, 0x69, 0x58, 0xa5, 0x22, 0xf5, 0x0a, 0x3e, 0x6f, 0x20, 0xa4, 0x83,
	0x97, 0x97, 0xc8, 0x49, 0x20, 0x00, 0x00, 0x00, 0x00, 0x00, 0x00, 0xfc, 0x80, 0x34, 0x0d, 0x22, 0x18, 0x50, 0xc0, 0xc5, 0xfe, 0x81, 0x20, 0x7f,
	0xf8, 0x22, 0x00, 0x88, 0x84, 0x22, 0x60, 0xf8, 0x00, 0x00, 0x00, 0x00, 0x00, 0x00, 0xfc, 0x80, 0x34, 0x0d, 0x22, 0x18, 0x50, 0xff, 0xc4, 0x00,
	0x87, 0xf8, 0x10, 0x20, 0x7f, 0x80, 0x84, 0x02, 0x30, 0x7f, 0xf8, 0x00, 0x00, 0x00, 0x00, 0x00, 0x00, 0x08, 0x03, 0xff, 0x08, 0x04, 0x20, 0x10,
	0x80, 0x42, 0x01, 0x0f, 0xfc, 0x20, 0x10, 0x80, 0x42, 0x01, 0x0f, 0xfc, 0x20, 0x10, 0x00, 0x00, 0x00, 0x00, 0x00, 0x01, 0xff, 0xe0, 0x20, 0x00,
	0x80, 0x3f, 0xf0, 0x80, 0x42, 0x01, 0x08, 0x04, 0x3f, 0xf0, 0x80, 0x42, 0x01, 0x0f, 0xfc, 0x20, 0x10, 0x00, 0x00, 0x00, 0x00, 0x00, 0x00, 0x42,
	0x03, 0x9f, 0x91, 0x42, 0x46, 0x09, 0x1a, 0x24, 0x48, 0x9f, 0x12, 0x44, 0x49, 0x10, 0x24, 0x40, 0x9f, 0x02, 0x40, 0x70, 0x00, 0x00, 0x00, 0x00,
	0x20, 0x88, 0xfb, 0xc2, 0x08, 0x08, 0x22, 0x3e, 0xf9, 0x08, 0x03, 0xff, 0x08, 0x04, 0x3f, 0xf0, 0x80, 0x42, 0x01, 0x0f, 0xfc, 0x00, 0x00, 0x00,
	0x00, 0x00, 0x00, 0x00, 0x00, 0x08, 0x03, 0xff, 0x08, 0x04, 0x3f, 0xf0, 0x80, 0x43, 0xff, 0x00, 0x00, 0x3f, 0xf0, 0x0c, 0x03, 0xff, 0x00, 0xc0,
	0x7f, 0xf8, 0x00, 0x00, 0x00, 0x00, 0x00, 0x00, 0x08, 0x03, 0xdf, 0x08, 0x04, 0x3f, 0xf0, 0x80, 0x41, 0xfe, 0x1f, 0xfc, 0x03, 0x01, 0xff, 0xe0,
	0x30, 0x1f, 0xfe, 0x03, 0x00, 0x00, 0x00, 0x00, 0x00, 0x00, 0x00, 0x04, 0x03, 0xff, 0x88, 0x46, 0x21, 0x10, 0xff, 0xc2, 0x02, 0x0b, 0x08, 0x24,
	0x41, 0x8a, 0x04, 0x38, 0x13, 0x98, 0x50, 0x18, 0x00, 0x00, 0x00, 0x00, 0x00, 0x00, 0xff, 0xc2, 0x49, 0x09, 0x24, 0x24, 0x90, 0x92, 0x42, 0x49,
	0x09, 0x24, 0x24, 0x90, 0x92, 0x42, 0x49, 0x1f, 0xfe, 0x00, 0x00, 0x00, 0x00, 0x00, 0x00, 0x00, 0x01, 0xff, 0xe0, 0x10, 0x01, 0xc0, 0x0f, 0xe0,
	0xcc, 0xc4, 0x30, 0x80, 0x00, 0x3f, 0xf0, 0x92, 0x42, 0x49, 0x09, 0x24, 0x7f, 0xf8, 0x00, 0x00, 0x00, 0x00, 0x0c, 0xc0, 0x40, 0x86, 0xff, 0x81,
	0x08, 0x0c, 0x20, 0x67, 0x86, 0x00, 0x0f, 0xfc, 0x24, 0x90, 0x92, 0x42, 0x49, 0x1f, 0xfe, 0x00, 0x00, 0x00, 0x00, 0x00, 0x00, 0x00, 0x01, 0xff,
	0x00, 0x84, 0x03, 0xfe, 0x10, 0x88, 0x5c, 0x23, 0x30, 0x9f, 0x2c, 0x00, 0x00, 0xff, 0xc2, 0x49, 0x09, 0x24, 0x7f, 0xf8, 0x00, 0x00, 0x00, 0x00,
	0x08, 0x40, 0x21, 0x07, 0xff, 0x83, 0x30, 0x08, 0x40, 0x40, 0x83, 0xff, 0x19, 0x26, 0x24, 0x90, 0x92, 0x42, 0x49, 0x1f, 0xfe, 0x00, 0x00, 0x00,
	0x00, 0x00, 0x00, 0x62, 0x00, 0xdf, 0xe0, 0xc9, 0x00, 0x20, 0x11, 0x41, 0x98, 0x80, 0x81, 0x8f, 0xfc, 0x24, 0x90, 0x92, 0x42, 0x49, 0x1f, 0xfe,
	0x00, 0x00, 0x00, 0x00, 0x00, 0x00, 0x00, 0x60, 0x04, 0x47, 0xfe, 0x1f, 0x24, 0x64, 0xb1, 0x13, 0x85, 0xcc, 0x90, 0xca, 0x7f, 0xf8, 0x92, 0x42,
	0x49, 0x09, 0x24, 0x7f, 0xf8, 0x00, 0x00, 0x00, 0x00, 0x00, 0x01, 0xf7, 0xe4, 0x50, 0x91, 0x7e, 0x7d, 0x09, 0x17, 0xe7, 0xf0, 0x91, 0x8e, 0x3f,
	0xf0, 0x92, 0x42, 0x49, 0x09, 0x24, 0x7f, 0xf8, 0x00, 0x00, 0x00, 0x00, 0x7e, 0xc1, 0x23, 0xe7, 0xe8, 0x10, 0xc0, 0x7c, 0xf1, 0x20, 0x07, 0x60,
	0x00, 0x00, 0x3f, 0xf0, 0x92, 0x42, 0x49, 0x1f, 0xfe, 0x00, 0x00, 0x00, 0x00, 0x00, 0x00, 0x00, 0x00, 0xf3, 0xc3, 0x49, 0x0b, 0x46, 0x3f, 0xf9,
	0xd2, 0x65, 0x4f, 0x13, 0x3c, 0x41, 0x08, 0xff, 0xc2, 0x49, 0x09, 0x24, 0x7f, 0xf8, 0x00, 0x00, 0x00, 0x00, 0x00, 0x00, 0xff, 0xc2, 0x01, 0x08,
	0x04, 0x20, 0x10, 0xff, 0xc2, 0x01, 0x08, 0x04, 0x3f, 0xf0, 0x80, 0x42, 0x01, 0x0f, 0xfc, 0x20, 0x10, 0x00, 0x00, 0x00, 0x00, 0x00, 0x00, 0x0c,
	0x07, 0xcf, 0x88, 0x00, 0x1f, 0xf0, 0x00, 0x03, 0xff, 0x08, 0x04, 0x3f, 0xf0, 0x80, 0x43, 0xff, 0x08, 0x04, 0x3f, 0xf0, 0x00, 0x00, 0x00, 0x00,
	0x01, 0x00, 0x04, 0x07, 0xff, 0x80, 0x40, 0x2e, 0xf0, 0xa0, 0x42, 0xff, 0x0a, 0x04, 0x2f, 0xf0, 0xa0, 0x42, 0x7f, 0x08, 0x00, 0x3f, 0xf8, 0x00,
	0x00, 0x00, 0x00, 0x11, 0xf8, 0x44, 0x27, 0xd0, 0x84, 0x42, 0x39, 0xf8, 0xe4, 0x23, 0x50, 0x95, 0x7e, 0xd1, 0x08, 0x44, 0x21, 0x1f, 0x84, 0x42,
	0x00, 0x00, 0x00, 0x00, 0x00, 0x00, 0x01, 0xf0, 0xfa, 0x02, 0x18, 0x0f, 0xfe, 0x21, 0x00, 0xbf, 0xc2, 0x81, 0x8b, 0xfe, 0x68, 0x19, 0x3f, 0xe4,
	0x81, 0x93, 0xfe, 0x00, 0x00, 0x00, 0x00, 0x00, 0x00, 0x11, 0x20, 0xc4, 0x46, 0x36, 0x93, 0xe0, 0x06, 0x01, 0xff, 0xc1, 0x01, 0x07, 0xfc, 0x10,
	0x10, 0x7f, 0xc1, 0x01, 0x07, 0xfc, 0x00, 0x00, 0x00, 0x00, 0x00, 0x00, 0x00, 0x00, 0xff, 0xe2, 0x10, 0x88, 0x42, 0x3e, 0xf0, 0x80, 0x02, 0xff,
	0x8a, 0x06, 0x2f, 0xf9, 0xa0, 0x64, 0xff, 0x92, 0x06, 0x4f, 0xf8, 0x00, 0x00, 0x00, 0x00, 0x3f, 0xf0, 0x08, 0x03, 0xff, 0x01, 0x00, 0x7f, 0xf8,
	0x20, 0x01, 0xff, 0x0f, 0xfc, 0x58, 0x10, 0x7f, 0xc1, 0x81, 0x07, 0xfc, 0x00, 0x00, 0x00, 0x00, 0x00, 0x00, 0x00, 0x00, 0x3f, 0xc4, 0x81, 0x13,
	0xfc, 0x48, 0x11, 0x3f, 0xc4, 0x81, 0x13, 0xfc, 0x40, 0x01, 0xff, 0xe1, 0xb6, 0x0c, 0xc4, 0x43, 0x08, 0x00, 0x00, 0x00, 0x00, 0x03, 0x01, 0xff,
	0xe3, 0xff, 0x08, 0x04, 0x3f, 0xf0, 0xff, 0xc2, 0x01, 0x0f, 0xfc, 0x00, 0x01, 0xff, 0xe1, 0x86, 0x18, 0x06, 0x00, 0x00, 0x00, 0x00, 0x00, 0x00,
	0x00, 0x01, 0xef, 0xe4, 0xa0, 0x92, 0x82, 0x7b, 0xf9, 0x29, 0x04, 0xa4, 0x12, 0xfe, 0x7a, 0x21, 0x28, 0x84, 0xa2, 0x5e, 0xf6, 0x46, 0x18, 0x00,
	0x00, 0x00, 0x00, 0x71, 0x41, 0x65, 0x25, 0x55, 0x1c, 0xd4, 0x51, 0x61, 0x45, 0x87, 0x37, 0x17, 0x52, 0x51, 0x41, 0x49, 0x17, 0x64, 0x83, 0x1e,
	0x00, 0x00, 0x00, 0x00, 0x00, 0x00, 0x00, 0x01, 0xef, 0xe4, 0xa0, 0x92, 0x82, 0x7b, 0xf9, 0x28, 0x24, 0xbf, 0x92, 0x90, 0x7a, 0x49, 0x29, 0xc4,
	0xa2, 0x1e, 0xb4, 0x47, 0x08, 0x00, 0x00, 0x00, 0x00, 0x00, 0x00, 0x21, 0x07, 0xff, 0x8f, 0xfc, 0x01, 0x01, 0xff, 0xe1, 0x80, 0x07, 0xfc, 0x18,
	0x10, 0xff, 0xc5, 0xff, 0x06, 0x04, 0x1f, 0xf0, 0x00, 0x00, 0x00, 0x00, 0x71, 0xf9, 0x5a, 0x05, 0x08, 0x15, 0xfe, 0x74, 0x91, 0x7f, 0xe5, 0x49,
	0x1d, 0x24, 0x57, 0xf9, 0x42, 0x07, 0x08, 0x13, 0xfe, 0x00, 0x00, 0x00, 0x00, 0x00, 0x00, 0x10, 0x00, 0x7f, 0xe1, 0x08, 0xbf, 0xb4, 0x2c, 0x61,
	0x2b, 0xc5, 0x10, 0xcf, 0xfc, 0x20, 0x10, 0xff, 0xc3, 0xff, 0x08, 0x04, 0x3f, 0xf0, 0x00, 0x00, 0x00, 0x00, 0x70, 0xc1, 0x2f, 0xe4, 0x8c, 0x1f,
	0xfe, 0x49, 0x21, 0x24, 0xa4, 0xe3, 0x9e, 0x30, 0x4f, 0xf9, 0x23, 0x07, 0x0c, 0x13, 0xfe, 0x00, 0x00, 0x00, 0x00, 0x00, 0x00, 0x00, 0x40, 0xa9,
	0xe7, 0xe8, 0x92, 0x54, 0x6e, 0x51, 0xa9, 0xc4, 0xe8, 0x8f, 0xfc, 0x20, 0x10, 0xff, 0xc3, 0xff, 0x08, 0x04, 0x3f, 0xf0, 0x00, 0x00, 0x00, 0x00,
	0x77, 0xf9, 0x4a, 0x45, 0x25, 0x17, 0xfe, 0x7a, 0x19, 0x6e, 0x45, 0x4f, 0x9d, 0xb4, 0x5b, 0x51, 0x47, 0xf7, 0x21, 0x11, 0x04, 0x00, 0x00, 0x00,
	0x00, 0x00, 0x00, 0x00, 0x01, 0xdf, 0xe5, 0x0c, 0x15, 0x5e, 0x53, 0x31, 0xcf, 0xc5, 0xe1, 0x94, 0xfc, 0x72, 0x11, 0x4f, 0xc5, 0x2d, 0x1d, 0x32,
	0x43, 0x80, 0x00, 0x00, 0x00, 0x00, 0x00, 0x01, 0xc2, 0x05, 0x7f, 0x94, 0xc8, 0x5f, 0xfd, 0xcf, 0xc5, 0x48, 0x95, 0xfe, 0x74, 0x89, 0x4f, 0xc5,
	0x7f, 0x9c, 0x20, 0x4f, 0xf8, 0x00, 0x00, 0x00, 0x00, 0x00, 0x00, 0xff, 0xc0, 0x03, 0x03, 0x10, 0x07, 0x81, 0xff, 0xe0, 0x30, 0x81, 0xc4, 0x0d,
	0x20, 0x44, 0x06, 0x10, 0x10, 0x40, 0x0f, 0x00, 0x00, 0x00, 0x00, 0x00, 0x00, 0x00, 0x40, 0x01, 0xff, 0x08, 0x40, 0x61, 0x00, 0x04, 0x07, 0xff,
	0x80, 0xc0, 0x03, 0x00, 0x12, 0x00, 0x84, 0x0c, 0x0c, 0x60, 0x18, 0x00, 0x00, 0x00, 0x00, 0x20, 0x00, 0x80, 0x03, 0xef, 0x92, 0x22, 0x48, 0x88,
	0x22, 0x27, 0xe8, 0x82, 0x22, 0x18, 0x88, 0x52, 0x23, 0x68, 0x98, 0xbe, 0x40, 0x88, 0x00, 0x00, 0x00, 0x00, 0x23, 0xc9, 0xf1, 0x25, 0x04, 0x94,
	0x72, 0x12, 0x09, 0xf8, 0x21, 0x20, 0x86, 0xf2, 0x28, 0x48, 0x91, 0x24, 0x44, 0x90, 0xf2, 0x00, 0x00, 0x00, 0x00, 0x00, 0x00, 0x20, 0x00, 0x87,
	0xe3, 0xd0, 0x14, 0x40, 0x51, 0xf0, 0x44, 0x27, 0xd0, 0x84, 0x42, 0x19, 0xf8, 0x54, 0x02, 0x50, 0x18, 0x40, 0x41, 0xf8, 0x00, 0x00, 0x00, 0x00,
	0x20, 0x00, 0x8f, 0xe3, 0xc0, 0x14, 0x7c, 0x52, 0x08, 0x48, 0x27, 0xe0, 0x84, 0x7c, 0x19, 0x10, 0x54, 0x42, 0x49, 0x18, 0x08, 0x43, 0xf8, 0x00,
	0x00, 0x00, 0x00, 0x43, 0xf9, 0xe2, 0x05, 0x7f, 0x94, 0x48, 0x13, 0xf9, 0xf4, 0x43, 0x0e, 0x0d, 0xfe, 0x35, 0xe8, 0xb4, 0xa4, 0x5e, 0x91, 0x06,
	0x00, 0x00, 0x00, 0x00, 0x00, 0x00, 0x00, 0x01, 0xff, 0xe0, 0x40, 0x01, 0x00, 0x04, 0x00, 0x20, 0x00, 0xff, 0x06, 0x04, 0x28, 0x11, 0x20, 0x40,
	0x81, 0x03, 0xfc, 0x08, 0x10, 0x00, 0x00, 0x00, 0x00, 0x7c, 0x40, 0x85, 0x42, 0x34, 0x88, 0x92, 0x3a, 0x49, 0xa9, 0x16, 0x84, 0xaa, 0x34, 0x28,
	0x30, 0xa1, 0x83, 0x9c, 0x09, 0xc0, 0x00, 0x00, 0x00, 0x00, 0x00, 0x00, 0x00, 0x01, 0xff, 0xe2, 0x09, 0x08, 0x24, 0x20, 0x90, 0xe2, 0x46, 0x7f,
	0xd9, 0x24, 0xa5, 0x10, 0x94, 0x42, 0x51, 0x0e, 0xc4, 0x22, 0x10, 0x00, 0x00, 0x00, 0x00, 0x7c, 0xc0, 0x8f, 0xc2, 0x09, 0x08, 0x25, 0x21, 0x95,
	0xfc, 0x66, 0x44, 0x29, 0xff, 0x24, 0x40, 0x91, 0x03, 0xc4, 0x08, 0x10, 0x00, 0x00, 0x00, 0x00, 0x00, 0x00, 0x78, 0x78, 0x8f, 0x02, 0x24, 0x08,
	0x98, 0x23, 0xf9, 0xe8, 0x86, 0xa2, 0x2a, 0x88, 0x2b, 0xa4, 0xb8, 0x63, 0x81, 0x89, 0xfc, 0x00, 0x00, 0x00, 0x00, 0x00, 0x00, 0x08, 0x88, 0xbb,
	0xc2, 0x88, 0x0a, 0x22, 0x3e, 0x89, 0x81, 0xc7, 0xff, 0x82, 0x00, 0x1f, 0xf1, 0xc0, 0x41, 0x01, 0x07, 0xfc, 0x00, 0x00, 0x00, 0x00, 0x00, 0x00,
	0x7c, 0x40, 0x81, 0xe2, 0x04, 0x08, 0x10, 0x38, 0x41, 0x9f, 0xe6, 0x60, 0xa9, 0x82, 0x26, 0x08, 0x98, 0x23, 0xbf, 0x88, 0x82, 0x00, 0x00, 0x00,
	0x00, 0x00, 0x00, 0x00, 0x01, 0xe8, 0x02, 0x3f, 0x88, 0x82, 0x25, 0xe8, 0xe0, 0xa6, 0x82, 0x9a, 0xfa, 0xaa, 0x38, 0xa8, 0x02, 0xa0, 0x8e, 0x82,
	0x23, 0xf8, 0x00, 0x00, 0x00, 0x00, 0x78, 0x40, 0x8f, 0xe2, 0x24, 0x88, 0x92, 0x33, 0xf9, 0xa8, 0x26, 0xb1, 0x2a, 0xa4, 0x2c, 0xe0, 0xb1, 0x83,
	0xdb, 0x08, 0xc2, 0x00, 0x00, 0x00, 0x00, 0x00, 0x00, 0x00, 0x01, 0xef, 0xe2, 0x20, 0x08, 0x80, 0x23, 0xf8, 0xc9, 0x06, 0xa7, 0x9a, 0x92, 0xaa,
	0x88, 0xaa, 0x22, 0xc8, 0x8f, 0x42, 0x21, 0x70, 0x00, 0x00, 0x00, 0x00, 0x00, 0x41, 0xe1, 0x02, 0x3f, 0x88, 0x80, 0x22, 0x40, 0xc9, 0x06, 0xa4,
	0x1a, 0xa0, 0xaa, 0x90, 0xaa, 0x62, 0xe8, 0x8f, 0x7e, 0x25, 0x8c, 0x00, 0x00, 0x00, 0x00, 0x7a, 0x48, 0x89, 0x22, 0x15, 0x08, 0xfc, 0x32, 0x09,
	0xa8, 0x26, 0xbf, 0xaa, 0x82, 0x2b, 0xf8, 0xa8, 0x23, 0xa0, 0x88, 0x8e, 0x00, 0x00, 0x00, 0x00, 0x00, 0x00, 0x00, 0x01, 0xe1, 0x02, 0x7f, 0x88,
	0x44, 0x21, 0x10, 0xc7, 0xe6, 0xa0, 0x9a, 0xa4, 0xaa, 0x90, 0xaa, 0x42, 0xa9, 0x4f, 0x25, 0x2c, 0x98, 0x00, 0x00, 0x00, 0x00, 0x00, 0x01, 0xef,
	0xe2, 0x04, 0x08, 0xfe, 0x22, 0x48, 0xef, 0xe6, 0xa4, 0x9a, 0xfe, 0xa8, 0x48, 0xaa, 0x02, 0x98, 0x0e, 0xf0, 0x2c, 0x38, 0x00, 0x00, 0x00, 0x00,
	0x00, 0x01, 0xf7, 0xe2, 0x20, 0x88, 0xfe, 0x22, 0x08, 0xe8, 0x26, 0x7f, 0x99, 0x82, 0xa5, 0xf8, 0x92, 0x82, 0x5a, 0x4e, 0xcb, 0x26, 0x38, 0x00,
	0x00, 0x00, 0x00, 0x00, 0x01, 0xe4, 0x82, 0x11, 0x08, 0x82, 0x24, 0xc0, 0xc4, 0x86, 0xb1, 0x1b, 0xff, 0xaa, 0x08, 0xa8, 0x22, 0xa0, 0x8e, 0xfe,
	0x22, 0x08, 0x00, 0x00, 0x00, 0x00, 0x10, 0x21, 0xff, 0xe1, 0x02, 0x07, 0xf8, 0x10, 0x20, 0x7f, 0x87, 0xff, 0x82, 0x10, 0x3f, 0xf1, 0x30, 0x21,
	0xff, 0x1c, 0x04, 0x1f, 0xf0, 0x00, 0x00, 0x00, 0x00, 0x00, 0x01, 0xe1, 0x02, 0x7f, 0x89, 0x02, 0x25, 0xf8, 0xc1, 0x06, 0x84, 0x1a, 0x90, 0xaa,
	0x70, 0xa9, 0x02, 0xf4, 0x0f, 0x70, 0x24, 0x7c, 0x00, 0x00, 0x00, 0x00, 0x00, 0x01, 0xef, 0xe2, 0x20, 0x88, 0xfe, 0x22, 0x08, 0xcf, 0xc6, 0xbf,
	0x9a, 0x04, 0xaf, 0xf8, 0xa8, 0x42, 0x91, 0x0e, 0x24, 0x20, 0x70, 0x00, 0x00, 0x00, 0x00, 0x00, 0x81, 0xe2, 0x02, 0x3f, 0x88, 0x92, 0x23, 0xf8,
	0x89, 0x27, 0xa4, 0x92, 0xfe, 0xc9, 0x21, 0x28, 0x84, 0xff, 0x8e, 0x08, 0x40, 0x20, 0x00, 0x00, 0x00, 0x00, 0x01, 0x01, 0xe4, 0x82, 0x3f, 0x88,
	0x88, 0x26, 0x20, 0xff, 0xe6, 0xa2, 0x1a, 0x88, 0xab, 0xf8, 0xa8, 0x82, 0xa2, 0x0e, 0x88, 0x23, 0xd0, 0x00, 0x00, 0x00, 0x00, 0x00, 0x01, 0xe1,
	0x02, 0x3f, 0x88, 0x30, 0x21, 0x30, 0x98, 0x27, 0xff, 0xd2, 0x06, 0xcb, 0xd9, 0x29, 0x64, 0xa5, 0x8e, 0xe6, 0x40, 0x70, 0x00, 0x00, 0x00, 0x00,
	0x00, 0x81, 0xc2, 0x02, 0xff, 0x8a, 0x82, 0x4b, 0x79, 0xcb, 0x25, 0x4c, 0xb5, 0xb2, 0xdb, 0x59, 0x45, 0x05, 0x24, 0x5d, 0x12, 0x48, 0x78, 0x00,
	0x00, 0x00, 0x00, 0x00, 0x01, 0xfb, 0xc1, 0x10, 0x9f, 0x7e, 0x11, 0x08, 0xf7, 0xe4, 0x00, 0x1f, 0xfe, 0x08, 0x00, 0x7f, 0xc7, 0x01, 0x04, 0x04,
	0x1f, 0xf0, 0x00, 0x00, 0x00, 0x00, 0x00, 0x01, 0xef, 0xe2, 0x04, 0x08, 0xfe, 0x22, 0x09, 0xcf, 0xe6, 0xa0, 0xba, 0xfe, 0xaa, 0x08, 0xa8, 0x22,
	0x9f, 0x0e, 0x4c, 0x06, 0x08, 0x00, 0x00, 0x00, 0x00, 0x00, 0x81, 0xe2, 0x02, 0x7f, 0x89, 0x4a, 0x21, 0x20, 0xeb, 0xe6, 0xe2, 0x1a, 0xfe, 0xaa,
	0x20, 0xaf, 0xe2, 0xa2, 0x0e, 0x88, 0x23, 0xd8, 0x00, 0x00, 0x00, 0x00, 0x00, 0x01, 0xe4, 0x82, 0x7f, 0x88, 0x88, 0x22, 0x20, 0xca, 0xa4, 0xcc,
	0x93, 0xdc, 0xcb, 0x31, 0x2a, 0xa4, 0xaa, 0x8f, 0x76, 0x4e, 0x64, 0x00, 0x00, 0x00, 0x00, 0x00, 0x00, 0xf3, 0xc3, 0x59, 0x89, 0x80, 0x7d, 0xf9,
	0x53, 0xc4, 0xdf, 0x80, 0x00, 0x7f, 0xf8, 0x60, 0x03, 0x7f, 0x14, 0x04, 0x1f, 0xf0, 0x00, 0x00, 0x00, 0x00, 0x01, 0x00, 0x04, 0x07, 0xef, 0x97,
	0xbe, 0x4c, 0x61, 0x5a, 0xc5, 0x52, 0x90, 0x00, 0x5f, 0xf9, 0x3f, 0xc5, 0x81, 0x9a, 0x06, 0x0f, 0xf8, 0x00, 0x00, 0x00, 0x00, 0x7a, 0xa0, 0xb7,
	0xa2, 0x6b, 0x09, 0xe6, 0x75, 0xa9, 0x3f, 0xec, 0x85, 0x33, 0xfe, 0x4a, 0x51, 0x3c, 0xd7, 0x47, 0x52, 0x66, 0x00, 0x00, 0x00, 0x00, 0x00, 0x00,
	0x7a, 0x20, 0x8f, 0xe2, 0x64, 0x09, 0xfe, 0x32, 0x41, 0xaf, 0xe6, 0xa4, 0x2a, 0xfe, 0x28, 0x00, 0xaa, 0xa3, 0xaa, 0x89, 0x29, 0x00, 0x00, 0x00,
	0x00, 0x00, 0x00, 0x7a, 0x10, 0x9f, 0xe2, 0x73, 0x09, 0xb6, 0x72, 0x11, 0x20, 0x0c, 0xff, 0xb2, 0xa2, 0x4a, 0xf1, 0x3a, 0x07, 0x78, 0x12, 0x3e,
	0x00, 0x00, 0x00, 0x00, 0x00, 0x00, 0x00, 0x00, 0xff, 0xc0, 0x00, 0x00, 0x00, 0x00, 0x01, 0xff, 0xe0, 0x10, 0x04, 0x48, 0x31, 0x10, 0x84, 0x46,
	0x10, 0x90, 0x42, 0x0f, 0x00, 0x00, 0x00, 0x00, 0x00, 0x10, 0x80, 0x42, 0x07, 0xc8, 0x01, 0x20, 0x0c, 0x80, 0x62, 0x03, 0xc8, 0x1d, 0xa0, 0x12,
	0x84, 0x42, 0x31, 0x08, 0x84, 0x3e, 0x00, 0x00, 0x00, 0x00, 0x00, 0x00, 0x10, 0x60, 0x41, 0x87, 0xc6, 0x03, 0xfe, 0x08, 0x60, 0x41, 0x83, 0x86,
	0x15, 0x18, 0x10, 0x60, 0x41, 0x81, 0x06, 0x04, 0xfe, 0x00, 0x00, 0x00, 0x00, 0x00, 0x00, 0x10, 0xf8, 0x42, 0x27, 0xe8, 0x81, 0xa4, 0x04, 0x90,
	0x22, 0x43, 0xc8, 0x9c, 0xa2, 0x10, 0x88, 0x42, 0x21, 0x0b, 0x04, 0x20, 0x00, 0x00, 0x00, 0x00, 0x00, 0x00, 0x21, 0xf8, 0x89, 0x07, 0xa4, 0x02,
	0x98, 0x1a, 0x20, 0x4f, 0xe3, 0xa2, 0x3a, 0x88, 0x22, 0x24, 0x88, 0xd2, 0x39, 0x8b, 0x86, 0x00, 0x00, 0x00, 0x00, 0x00, 0x00, 0x30, 0x78, 0xc6,
	0x07, 0xd0, 0x02, 0xc0, 0x0b, 0xf8, 0x48, 0xc3, 0xa3, 0x1e, 0x8c, 0x32, 0x30, 0xd0, 0xc3, 0x43, 0x0e, 0x0c, 0x00, 0x00, 0x00, 0x00, 0x00, 0x00,
	0x20, 0x40, 0x81, 0x07, 0xa4, 0x02, 0x9e, 0x1a, 0x40, 0x49, 0x03, 0xa4, 0x3a, 0x90, 0x22, 0x40, 0x89, 0x02, 0x24, 0x0b, 0xfe, 0x00, 0x00, 0x00,
	0x00, 0x00, 0x00, 0x20, 0x80, 0x9f, 0xe7, 0x88, 0x02, 0x60, 0x11, 0x00, 0x47, 0xc3, 0xb0, 0xbb, 0xc2, 0x27, 0x08, 0x8c, 0x22, 0x30, 0x88, 0xfe,
	0x00, 0x00, 0x00, 0x00, 0x00, 0x00, 0x11, 0xf8, 0x44, 0x27, 0xd0, 0x83, 0x42, 0x09, 0xf8, 0x44, 0x23, 0x90, 0x95, 0x7e, 0x11, 0x08, 0x44, 0x21,
	0x10, 0x85, 0xff, 0x00, 0x00, 0x00, 0x00, 0x00, 0x00, 0x23, 0xf8, 0x88, 0x27, 0xa0, 0x82, 0x82, 0x1a, 0x08, 0x4f, 0xe3, 0x92, 0x3a, 0x48, 0x21,
	0x24, 0x88, 0x92, 0x62, 0x8b, 0x0e, 0x00, 0x00, 0x00, 0x00, 0x00, 0x00, 0x20, 0x40, 0x8f, 0xe7, 0xa4, 0x82, 0x92, 0x1a, 0x48, 0x4f, 0xe3, 0x24,
	0xba, 0x92, 0x23, 0xf8, 0x89, 0x02, 0x04, 0x08, 0x10, 0x00, 0x00, 0x00, 0x00, 0x00, 0x00, 0x00, 0x00, 0x84, 0x02, 0x3f, 0x9e, 0x90, 0x0a, 0x40,
	0x75, 0x41, 0x15, 0x0e, 0x52, 0xea, 0x48, 0x89, 0x22, 0x64, 0xc9, 0x11, 0x21, 0xc0, 0x00, 0x00, 0x00, 0x00, 0x00, 0x00, 0x84, 0x42, 0x11, 0x1e,
	0xfe, 0x08, 0x40, 0x41, 0x01, 0x3f, 0x8e, 0x10, 0xe8, 0x40, 0x9f, 0xf2, 0x04, 0x08, 0x10, 0x20, 0x40, 0x00, 0x00, 0x00, 0x00, 0x00, 0x01, 0xff,
	0xe0, 0x48, 0x0f, 0xfc, 0x24, 0x90, 0xff, 0xc0, 0x00, 0x0f, 0xfc, 0x00, 0x01, 0xff, 0xe1, 0x96, 0x0c, 0x44, 0x4f, 0x08, 0x00, 0x00, 0x00, 0x00,
	0x00, 0x00, 0x7d, 0xc2, 0x31, 0x17, 0x24, 0x0c, 0xe0, 0xe1, 0x82, 0xfd, 0x10, 0x02, 0x3f, 0xf0, 0x05, 0x01, 0x13, 0x08, 0x44, 0x4f, 0x08, 0x00,
	0x00, 0x00, 0x00, 0x00, 0x80, 0x9f, 0xe2, 0x08, 0x1e, 0x20, 0x0b, 0xf0, 0x46, 0x03, 0x7f, 0x8c, 0x44, 0xef, 0xf8, 0x88, 0x42, 0x69, 0x09, 0x04,
	0x20, 0x70, 0x00, 0x00, 0x00, 0x00, 0x10, 0x41, 0xf7, 0xe3, 0xcf, 0x1d, 0x74, 0x52, 0x48, 0x00, 0x01, 0xfe, 0x1f, 0xfe, 0x01, 0x00, 0x45, 0x82,
	0x11, 0x13, 0xc2, 0x00, 0x00, 0x00, 0x00, 0x00, 0x00, 0x23, 0xf0, 0x80, 0x47, 0xbf, 0x02, 0x04, 0x10, 0x10, 0x5f, 0xe3, 0x64, 0xba, 0xbc, 0x21,
	0xf0, 0x8d, 0x42, 0x44, 0x88, 0x70, 0x00, 0x00, 0x00, 0x00, 0x00, 0x00, 0x22, 0x88, 0x89, 0x47, 0xff, 0x83, 0x12, 0x17, 0xf8, 0x51, 0x23, 0x44,
	0xba, 0xfe, 0x20, 0x40, 0x9f, 0xf2, 0x04, 0x08, 0x10, 0x00, 0x00, 0x00, 0x00, 0x00, 0x00, 0x23, 0xf0, 0x88, 0x47, 0xaf, 0x02, 0xa4, 0x12, 0x90,
	0x5f, 0xe3, 0x4e, 0xbb, 0x4a, 0x25, 0x28, 0x97, 0xa2, 0x50, 0x89, 0x0e, 0x00, 0x00, 0x00, 0x00, 0x00, 0x00, 0x00, 0x80, 0x83, 0xe2, 0x08, 0x1e,
	0x20, 0x0b, 0xf8, 0x68, 0x21, 0x3f, 0x8e, 0x82, 0xeb, 0xf8, 0x88, 0x22, 0x3f, 0x88, 0xcc, 0x2e, 0x0c, 0x00, 0x00, 0x00, 0x00, 0x27, 0xf8, 0x80,
	0x07, 0xbf, 0x82, 0x82, 0x13, 0xf8, 0x40, 0x03, 0xff, 0xbb, 0x12, 0x27, 0xf8, 0x91, 0x22, 0x44, 0x89, 0xfe, 0x00, 0x00, 0x00, 0x00, 0x00, 0x00,
	0x04, 0x00, 0xbe, 0xe4, 0xa2, 0x8f, 0xea, 0x6b, 0xa8, 0xa8, 0xa3, 0xfb, 0x80, 0x00, 0x3f, 0xf1, 0xff, 0xe1, 0x16, 0x0c, 0x4c, 0x4f, 0x08, 0x00,
	0x00, 0x00, 0x00, 0x2f, 0xf8, 0x8a, 0xc7, 0x69, 0x87, 0xfe, 0x19, 0x98, 0xae, 0xa7, 0xbb, 0xbe, 0x22, 0x2b, 0xb8, 0xae, 0xe2, 0x8c, 0x8a, 0x26,
	0x00, 0x00, 0x00, 0x00, 0x00, 0x00, 0x00, 0x00, 0x3f, 0x03, 0xb7, 0x17, 0xfa, 0x2e, 0x90, 0x9e, 0x42, 0x85, 0x0f, 0xfc, 0x7f, 0xf9, 0x11, 0x24,
	0x4e, 0x97, 0xca, 0x40, 0x38, 0x00, 0x00, 0x00, 0x00, 0x00, 0x70, 0xfe, 0x00, 0x30, 0x00, 0xc0, 0x7f, 0xf8, 0x0c, 0x00, 0x78, 0x02, 0xd0, 0x13,
	0x20, 0x8c, 0x44, 0x30, 0x80, 0xc0, 0x00, 0x00, 0x00, 0x00, 0x00, 0x00, 0x3f, 0xf0, 0x0c, 0x00, 0x30, 0x1f, 0xfe, 0x0f, 0xc0, 0x4c, 0x86, 0x01,
	0x81, 0x20, 0x04, 0x80, 0x22, 0x21, 0x88, 0x98, 0x3e, 0x00, 0x00, 0x00, 0x00, 0x00, 0x00, 0x3f, 0xf0, 0x0c, 0x00, 0x30, 0x1f, 0xfe, 0x0f, 0xc0,
	0xcc, 0xc5, 0xfc, 0x81, 0x30, 0x04, 0xb0, 0x20, 0x41, 0x81, 0x08, 0x78, 0x00, 0x00, 0x00, 0x00, 0x00, 0x00, 0x3e, 0x41, 0x41, 0x01, 0x0c, 0x04,
	0x20, 0x7e, 0x80, 0x62, 0x03, 0xd1, 0x0d, 0x44, 0x51, 0x08, 0x48, 0x21, 0x3f, 0x85, 0x81, 0x00, 0x00, 0x00, 0x00, 0x00, 0x00, 0x7c, 0x40, 0x41,
	0x01, 0x14, 0x9f, 0x52, 0x32, 0x48, 0xe9, 0x43, 0x84, 0x15, 0x28, 0x50, 0xa0, 0x44, 0x41, 0x21, 0x85, 0x02, 0x00, 0x00, 0x00, 0x00, 0x00, 0x00,
	0x3c, 0x11, 0x42, 0x41, 0x05, 0x1e, 0x14, 0x33, 0x10, 0xe6, 0x43, 0x89, 0x14, 0x04, 0x51, 0xf8, 0x58, 0x41, 0x01, 0x04, 0x04, 0x00, 0x00, 0x00,
	0x00, 0x00, 0x00, 0x7c, 0x40, 0x45, 0x41, 0x34, 0x9e, 0x92, 0x32, 0x48, 0xe9, 0x13, 0x84, 0x95, 0x34, 0x50, 0x30, 0x41, 0x81, 0x1c, 0x05, 0xc0,
	0x00, 0x00, 0x00, 0x00, 0x00, 0x00, 0x7b, 0x80, 0x81, 0x62, 0x11, 0x1e, 0x44, 0x35, 0x28, 0xd5, 0xa2, 0xd4, 0x9b, 0x62, 0x65, 0x14, 0x8c, 0x52,
	0x51, 0x0a, 0x7c, 0x00, 0x00, 0x00, 0x00, 0x00, 0x00, 0x7f, 0xf8, 0x48, 0x21, 0x20, 0x9f, 0x82, 0x13, 0xf8, 0xe8, 0x23, 0xa0, 0x95, 0xfe, 0x52,
	0x08, 0x48, 0x21, 0x20, 0x85, 0xff, 0x00, 0x00, 0x00, 0x00, 0x00, 0x00, 0x7b, 0xf8, 0x41, 0x01, 0x24, 0x9e, 0x92, 0x31, 0x50, 0xe5, 0x43, 0x84,
	0x14, 0xfe, 0x50, 0x40, 0x41, 0x01, 0x04, 0x04, 0x10, 0x00, 0x00, 0x00, 0x00, 0x00, 0x00, 0x02, 0x01, 0xff, 0xe0, 0x20, 0x0f, 0xfc, 0x04, 0x81,
	0xff, 0xe0, 0x84, 0x0f, 0xec, 0x63, 0x18, 0xff, 0xc0, 0x7c, 0x06, 0xcc, 0x63, 0x18, 0x00, 0x00, 0x00, 0x00, 0x7a, 0x40, 0x4f, 0xe1, 0x24, 0x1f,
	0x10, 0x34, 0x40, 0xdf, 0xe3, 0x84, 0x16, 0x30, 0x50, 0xa0, 0x44, 0xc1, 0x61, 0x85, 0x02, 0x00, 0x00, 0x00, 0x00, 0x00, 0x00, 0x00, 0x01, 0xf4,
	0x01, 0x3f, 0x84, 0x90, 0x7e, 0x40, 0xd5, 0x43, 0x95, 0x0e, 0x52, 0x56, 0x49, 0x49, 0x21, 0x64, 0xc5, 0x11, 0x11, 0xc0, 0x00, 0x00, 0x00, 0x00,
	0x78, 0x80, 0x45, 0xc1, 0x69, 0x1e, 0x18, 0x30, 0xc0, 0xfd, 0xe3, 0x88, 0x94, 0xc2, 0x50, 0x50, 0x40, 0x81, 0x0c, 0x05, 0xc0, 0x00, 0x00, 0x00,
	0x00, 0x00, 0x00, 0x00, 0x01, 0xec, 0x42, 0x0e, 0x08, 0xe6, 0x79, 0x80, 0xdf, 0xe3, 0x14, 0x1c, 0x90, 0x6f, 0xf9, 0xb9, 0x22, 0xa4, 0x88, 0x96,
	0x22, 0x40, 0x00, 0x00, 0x00, 0x00, 0x7b, 0xf8, 0x98, 0x22, 0x60, 0x9f, 0x82, 0x33, 0xf8, 0xc0, 0x02, 0xff, 0x9a, 0x10, 0x67, 0xf8, 0x81, 0x02,
	0x04, 0x09, 0xfe, 0x00, 0x00, 0x00, 0x00, 0x00, 0x00, 0x7d, 0x10, 0x44, 0xc1, 0x3f, 0x9e, 0x82, 0x32, 0x08, 0xe8, 0x23, 0xbf, 0x15, 0x28, 0x51,
	0x24, 0x44, 0x91, 0x22, 0x85, 0x0e, 0x00, 0x00, 0x00, 0x00, 0x00, 0x00, 0x79, 0xc0, 0x8c, 0xc2, 0x7f, 0x8a, 0x00, 0x73, 0xf0, 0xc0, 0x43, 0x03,
	0x1a, 0x68, 0x65, 0x50, 0x94, 0x22, 0x91, 0x8a, 0x7c, 0x00, 0x00, 0x00, 0x00, 0x00, 0x00, 0x00, 0x81, 0xe2, 0x02, 0x7f, 0x89, 0x12, 0x7f, 0xf8,
	0xd1, 0x23, 0x44, 0x8a, 0xfe, 0x69, 0x21, 0x88, 0x82, 0xff, 0x88, 0x08, 0x20, 0x20, 0x00, 0x00, 0x00, 0x00, 0x00, 0x01, 0xec, 0x82, 0x3f, 0x88,
	0x88, 0x7e, 0x20, 0xff, 0xe3, 0x22, 0x0a, 0x88, 0x6b, 0xf9, 0x88, 0x82, 0x22, 0x08, 0x88, 0x23, 0xd8, 0x00, 0x00, 0x00, 0x00, 0x00, 0x01, 0xc2,
	0x02, 0x3f, 0x08, 0x20, 0x77, 0xf8, 0x85, 0xa3, 0x67, 0x9c, 0x40, 0x6b, 0xfa, 0xbc, 0x42, 0x0e, 0x08, 0x78, 0x2e, 0x18, 0x00, 0x00, 0x00, 0x00,
	0x7f, 0xf8, 0x83, 0x02, 0xff, 0x9e, 0x30, 0x37, 0xf8, 0xd3, 0x22, 0xff, 0x9b, 0xfe, 0x60, 0xc0, 0x9f, 0xe2, 0x0c, 0x0b, 0xfe, 0x00, 0x00, 0x00,
	0x00, 0x00, 0x00, 0x7b, 0xf8, 0x90, 0x22, 0x48, 0x9e, 0x94, 0x22, 0x10, 0xd7, 0xe7, 0x50, 0x9b, 0x42, 0xe5, 0xf8, 0x94, 0x22, 0x50, 0x89, 0x7e,
	0x00, 0x00, 0x00, 0x00, 0x00, 0x00, 0x00, 0x41, 0xe1, 0x02, 0x7b, 0x89, 0xfe, 0x7c, 0xc0, 0x8e, 0x83, 0x4a, 0x8c, 0x7c, 0x6a, 0x51, 0x93, 0x42,
	0x14, 0x89, 0x93, 0x21, 0xc0, 0x00, 0x00, 0x00, 0x00, 0x00, 0x01, 0xe2, 0x42, 0x3f, 0x88, 0x52, 0x7a, 0x30, 0xdf, 0xc3, 0x20, 0x8a, 0xfe, 0x6b,
	0xf9, 0x90, 0x22, 0x7f, 0x89, 0x02, 0x27, 0xf8, 0x00, 0x00, 0x00, 0x00, 0x78, 0xc0, 0x9f, 0xe2, 0x3f, 0x1e, 0x84, 0x33, 0xf0, 0xc0, 0x02, 0xff,
	0x9b, 0x02, 0x65, 0xe8, 0x94, 0xa2, 0x5e, 0x89, 0x0e, 0x00, 0x00, 0x00, 0x00, 0x00, 0x00, 0x10, 0xf1, 0xfa, 0x41, 0x09, 0x5b, 0x25, 0x7f, 0x19,
	0x1b, 0xe3, 0x80, 0x84, 0x24, 0x7c, 0xf0, 0xd1, 0x85, 0x2d, 0x04, 0x42, 0x00, 0x00, 0x00, 0x00, 0x00, 0x00, 0x00, 0x01, 0xe3, 0x02, 0x7f, 0x88,
	0xfc, 0x24, 0xc9, 0xdf, 0xe3, 0x4c, 0x8d, 0xfe, 0x68, 0x01, 0x97, 0x42, 0x54, 0x8a, 0x46, 0x29, 0xf0, 0x00, 0x00, 0x00, 0x00, 0x00, 0x41, 0xef,
	0xc2, 0x20, 0x88, 0xfe, 0x7a, 0x08, 0xcf, 0xe3, 0x15, 0x0b, 0x96, 0x6f, 0xe1, 0x80, 0xc2, 0x7c, 0x08, 0x0e, 0x27, 0xc0, 0x00, 0x00, 0x00, 0x00,
	0x7f, 0xf8, 0x81, 0x02, 0x7f, 0x9f, 0xfe, 0x30, 0x00, 0xdf, 0xe6, 0xff, 0x9b, 0x02, 0x67, 0xf8, 0x9f, 0xe2, 0x13, 0x0b, 0x82, 0x00, 0x00, 0x00,
	0x00, 0x00, 0x00, 0x45, 0xf9, 0xe1, 0x04, 0x7f, 0x9f, 0x42, 0x01, 0xf9, 0xf4, 0x21, 0x1f, 0x9f, 0xc2, 0x19, 0x08, 0xd3, 0xc5, 0x09, 0x04, 0xc2,
	0x00, 0x00, 0x00, 0x00, 0x00, 0x00, 0x79, 0xf8, 0x9a, 0x22, 0x49, 0x1e, 0x04, 0x37, 0xe8, 0xdf, 0xe6, 0x80, 0x99, 0xfe, 0xe0, 0x00, 0x9b, 0x62,
	0xa1, 0x88, 0xf9, 0x00, 0x00, 0x00, 0x00, 0x00, 0x00, 0x01, 0x01, 0xef, 0x82, 0x66, 0x0b, 0x76, 0x7f, 0xf8, 0x93, 0x23, 0x3f, 0x0d, 0xfe, 0x6c,
	0xc9, 0x9f, 0xe2, 0x4c, 0xc9, 0xfd, 0x20, 0xfc, 0x00, 0x00, 0x00, 0x00, 0x00, 0x01, 0xff, 0xe2, 0x00, 0x09, 0x86, 0x71, 0x20, 0x9f, 0xe3, 0x7f,
	0x9c, 0x48, 0x6f, 0xfa, 0x8d, 0x22, 0xe7, 0x08, 0x9c, 0x2f, 0x8c, 0x00, 0x00, 0x00, 0x00, 0x00, 0x01, 0xff, 0xe2, 0x02, 0x09, 0xfe, 0x74, 0x40,
	0xbf, 0xc3, 0x7f, 0x9d, 0x10, 0x63, 0xba, 0x9f, 0xe2, 0x33, 0x08, 0x78, 0x2e, 0x18, 0x00, 0x00, 0x00, 0x00, 0x03, 0x00, 0x0c, 0x07, 0xff, 0x90,
	0x02, 0x40, 0x08, 0x33, 0x00, 0x84, 0x06, 0x10, 0x10, 0x20, 0xc0, 0xc6, 0x01, 0x90, 0x02, 0x00, 0x00, 0x00, 0x00, 0x00, 0x00, 0x00, 0x00, 0x0c,
	0x07, 0xff, 0x91, 0x22, 0x4c, 0x80, 0x62, 0x26, 0x4f, 0x01, 0x00, 0x3f, 0xc0, 0x11, 0x00, 0x84, 0x44, 0x12, 0x60, 0x78, 0x00, 0x00, 0x00, 0x00,
	0x00, 0x00, 0x0c, 0x07, 0xff, 0x91, 0x22, 0x44, 0x80, 0x22, 0x27, 0x0f, 0x00, 0x00, 0x3f, 0xf0, 0x0c, 0x00, 0x30, 0x00, 0xc0, 0x7f, 0xf8, 0x00,
	0x00, 0x00, 0x00, 0x00, 0x00, 0x0c, 0x07, 0xdf, 0x91, 0x66, 0x09, 0x90, 0xc1, 0x81, 0xff, 0x84, 0x10, 0x7f, 0xf8, 0x07, 0x00, 0x64, 0x0e, 0x10,
	0x43, 0xc0, 0x00, 0x00, 0x00, 0x00, 0x00, 0x00, 0x0c, 0x07, 0xff, 0x91, 0x22, 0x4c, 0x80, 0x62, 0x26, 0x3f, 0x00, 0xc0, 0x7f, 0xf8, 0x0c, 0x00,
	0x48, 0x06, 0x18, 0x60, 0x18, 0x00, 0x00, 0x00, 0x00, 0x00, 0x00, 0x0c, 0x07, 0xff, 0x91, 0x66, 0x49, 0x90, 0xc3, 0x82, 0x1f, 0x0b, 0x12, 0x70,
	0x88, 0x92, 0x22, 0x48, 0x89, 0x44, 0x1b, 0x70, 0x00, 0x00, 0x00, 0x00, 0x00, 0x00, 0x0c, 0x07, 0xff, 0x91, 0x66, 0x49, 0x90, 0xf3, 0x80, 0xff,
	0x84, 0x80, 0x32, 0x01, 0x8f, 0xc0, 0x20, 0x00, 0xfc, 0x02, 0x00, 0x00, 0x00, 0x00, 0x00, 0x00, 0x00, 0xff, 0xc4, 0x58, 0x93, 0x66, 0x38, 0xf1,
	0xff, 0xe0, 0x86, 0x02, 0x1c, 0x3f, 0x98, 0x0c, 0x03, 0xff, 0x00, 0xc0, 0x7f, 0xf8, 0x00, 0x00, 0x00, 0x00, 0x00, 0x00, 0x0c, 0x07, 0xdf, 0x91,
	0x66, 0x09, 0x90, 0xd1, 0x80, 0xc6, 0x02, 0xfc, 0x34, 0x08, 0xac, 0x42, 0x89, 0x92, 0x0a, 0x4f, 0xe0, 0x00, 0x00, 0x00, 0x00, 0x00, 0x00, 0xff,
	0xc4, 0x58, 0x93, 0x66, 0x38, 0xf0, 0xff, 0xc2, 0x00, 0x8f, 0xfe, 0x29, 0x90, 0xbf, 0xc6, 0x18, 0x14, 0x62, 0x5f, 0xf8, 0x00, 0x00, 0x00, 0x00,
	0x00, 0x00, 0xff, 0xc4, 0x58, 0x93, 0x66, 0x38, 0xf0, 0x02, 0x03, 0x7f, 0x00, 0x20, 0x6f, 0xf8, 0x02, 0x01, 0x7f, 0x0c, 0x20, 0x6f, 0xf8, 0x00,
	0x00, 0x00, 0x00, 0x03, 0x00, 0xff, 0xc4, 0x58, 0x93, 0x66, 0x38, 0xf0, 0x67, 0xc6, 0x60, 0x9f, 0xbe, 0x7e, 0x81, 0x1b, 0xcf, 0xf0, 0x8d, 0x82,
	0x4c, 0xf0, 0x00, 0x00, 0x00, 0x00, 0x00, 0x00, 0xff, 0xc4, 0x58, 0x93, 0x66, 0x38, 0xf0, 0x21, 0x07, 0xff, 0x8f, 0xfc, 0x03, 0x01, 0xff, 0xe0,
	0x49, 0x09, 0x24, 0x44, 0xc8, 0x00, 0x00, 0x00, 0x00, 0x00, 0x00, 0xff, 0xc4, 0x58, 0x93, 0x66, 0x18, 0xf0, 0xcf, 0xc7, 0xe0, 0x84, 0xfe, 0x7f,
	0xf8, 0x48, 0x22, 0x9f, 0x09, 0x4a, 0x46, 0x38, 0x00, 0x00, 0x00, 0x00, 0x03, 0x01, 0xff, 0xe4, 0xd9, 0x8c, 0xd8, 0x0f, 0xf1, 0xf3, 0xe3, 0xff,
	0x0f, 0xfc, 0x3f, 0xf0, 0xff, 0xc7, 0xff, 0x9f, 0xfe, 0x03, 0xf8, 0x00, 0x00, 0x00, 0x00, 0x03, 0x01, 0xff, 0xe0, 0x00, 0x04, 0x08, 0x10, 0x20,
	0x20, 0x80, 0x84, 0x02, 0x10, 0x08, 0x40, 0x02, 0x00, 0x08, 0x1f, 0xfe, 0x00, 0x00, 0x00, 0x00, 0x00, 0x00, 0x00, 0x00, 0x0c, 0x03, 0xcf, 0x02,
	0x10, 0x7f, 0xf8, 0x00, 0x03, 0xff, 0x08, 0xc4, 0x3f, 0xf0, 0x8c, 0x43, 0xff, 0x88, 0xc2, 0x01, 0xf8, 0x00, 0x00, 0x00, 0x00, 0x00, 0x00, 0x0c,
	0x03, 0xcf, 0x02, 0x10, 0x7f, 0xf8, 0x00, 0x03, 0xff, 0x0f, 0xfc, 0x20, 0x10, 0xff, 0xc0, 0x30, 0x1f, 0xfe, 0x03, 0x00, 0x00, 0x00, 0x00, 0x00,
	0x00, 0x00, 0x86, 0x42, 0x11, 0x9f, 0xfe, 0x01, 0x21, 0x24, 0xa4, 0xe3, 0x94, 0x40, 0x53, 0xf9, 0x54, 0x41, 0x8e, 0x1c, 0x6c, 0x06, 0x0c, 0x00,
	0x00, 0x00, 0x00, 0x00, 0x00, 0x0c, 0x03, 0xff, 0x02, 0x10, 0x7f, 0xf8, 0x7f, 0x82, 0x31, 0x0f, 0xfc, 0x23, 0x10, 0x7f, 0x83, 0xff, 0x00, 0xc0,
	0x7f, 0xf8, 0x00, 0x00, 0x00, 0x00, 0x00, 0x01, 0xff, 0xe4, 0x80, 0x9f, 0xa4, 0x42, 0x71, 0xf1, 0x87, 0xe9, 0x90, 0x00, 0x3f, 0xf0, 0x21, 0x00,
	0x84, 0x01, 0x20, 0x7f, 0xf8, 0x00, 0x00, 0x00, 0x00, 0x22, 0x48, 0x89, 0x27, 0xbf, 0x80, 0x00, 0x4f, 0xf9, 0x21, 0x05, 0x3f, 0x95, 0x2a, 0x54,
	0xa8, 0x72, 0xa7, 0x4a, 0x81, 0x0e, 0x00, 0x00, 0x00, 0x00, 0x00, 0x00, 0x10, 0x00, 0x41, 0x87, 0xdf, 0x89, 0x24, 0x7f, 0xf8, 0x00, 0x07, 0xdf,
	0x91, 0x42, 0x7d, 0xf8, 0xa2, 0x82, 0xaa, 0x8f, 0x4a, 0x42, 0x38, 0x00, 0x00, 0x00, 0x00, 0x10, 0x80, 0x42, 0x03, 0xff, 0x9c, 0x44, 0x52, 0x10,
	0x40, 0x41, 0x01, 0x04, 0x04, 0x10, 0x10, 0x40, 0x41, 0x01, 0x04, 0x3c, 0x00, 0x00, 0x00, 0x00, 0x00, 0x00, 0x10, 0xc0, 0xfb, 0xe2, 0x9a, 0x12,
	0x48, 0x48, 0x20, 0x00, 0x03, 0xff, 0x00, 0x00, 0x00, 0x00, 0x00, 0x00, 0x00, 0x1f, 0xfe, 0x00, 0x00, 0x00, 0x00, 0x00, 0x00, 0x00, 0x00, 0x82,
	0x03, 0xff, 0x92, 0xc8, 0x08, 0x20, 0xff, 0xc0, 0x30, 0x00, 0xc0, 0x03, 0x01, 0xff, 0xe0, 0x30, 0x00, 0xc0, 0x03, 0x00, 0x00, 0x00, 0x00, 0x00,
	0x00, 0x00, 0x43, 0x03, 0xef, 0x92, 0x48, 0x00, 0x00, 0xff, 0x00, 0x84, 0x05, 0x3e, 0x16, 0x10, 0x4c, 0x82, 0x1c, 0x18, 0xf8, 0x5c, 0x18, 0x00,
	0x00, 0x00, 0x00, 0x30, 0xc0, 0xfb, 0xe4, 0x92, 0x02, 0x00, 0x07, 0xf0, 0x6c, 0x00, 0x20, 0x1f, 0xfe, 0x03, 0x00, 0x12, 0x01, 0x86, 0x18, 0x06,
	0x00, 0x00, 0x00, 0x00, 0x00, 0x00, 0x00, 0x00, 0x82, 0x03, 0xff, 0x92, 0x48, 0x0b, 0x20, 0xff, 0xc2, 0x31, 0x08, 0xc4, 0x3f, 0xf0, 0x8c, 0x42,
	0x31, 0x08, 0xc4, 0x3c, 0xf0, 0x00, 0x00, 0x00, 0x00, 0x00, 0x00, 0xc3, 0x03, 0xef, 0x9a, 0x48, 0x48, 0x20, 0x0c, 0x00, 0x30, 0x0f, 0xfc, 0x18,
	0x60, 0x21, 0x00, 0x84, 0x00, 0x20, 0x7f, 0xf8, 0x00, 0x00, 0x00, 0x00, 0x00, 0x00, 0xfb, 0xe6, 0x9a, 0x12, 0xc8, 0x7f, 0xf0, 0x00, 0x63, 0xfd,
	0x80, 0x06, 0x1f, 0x98, 0x42, 0x61, 0x09, 0x87, 0xc6, 0x00, 0x70, 0x00, 0x00, 0x00, 0x00, 0x30, 0x40, 0xfb, 0xe4, 0x92, 0x04, 0x04, 0x10, 0x10,
	0xff, 0xe2, 0x01, 0x18, 0x84, 0x21, 0x10, 0x84, 0x42, 0x01, 0x08, 0x3c, 0x00, 0x00, 0x00, 0x00, 0x00, 0x00, 0x00, 0x00, 0xf3, 0xe6, 0xb6, 0x12,
	0x88, 0x7f, 0xf0, 0x0c, 0x43, 0xff, 0x08, 0xc0, 0x3f, 0xf9, 0x0c, 0x20, 0xf0, 0x8c, 0xde, 0x43, 0x00, 0x00, 0x00, 0x00, 0x00, 0x00, 0x00, 0x82,
	0x03, 0xff, 0x92, 0xc8, 0x08, 0x00, 0x88, 0x87, 0xff, 0x88, 0x88, 0x22, 0x20, 0x8f, 0x82, 0x00, 0x08, 0x00, 0x3f, 0xf0, 0x00, 0x00, 0x00, 0x00,
	0x00, 0x40, 0xfb, 0xe6, 0x9a, 0x12, 0x08, 0x3f, 0xf0, 0x0c, 0x47, 0xff, 0x8f, 0xfc, 0x03, 0x00, 0xff, 0xc0, 0x30, 0x1f, 0xfe, 0x03, 0x00, 0x00,
	0x00, 0x00, 0x00, 0x00, 0x00, 0xf3, 0xe6, 0xb6, 0x12, 0x88, 0x03, 0xf0, 0xfc, 0x00, 0x30, 0x1f, 0xfe, 0x03, 0x00, 0xff, 0xc2, 0x01, 0x08, 0x04,
	0x3f, 0xf0, 0x00, 0x00, 0x00, 0x00, 0x00, 0x00, 0x82, 0x07, 0xf7, 0x92, 0x08, 0x03, 0x00, 0xff, 0xc0, 0x30, 0x1f, 0xfe, 0x00, 0x21, 0xff, 0xe1,
	0x82, 0x01, 0x08, 0x03, 0xe0, 0x00, 0x00, 0x00, 0x00, 0x30, 0x80, 0xff, 0xe4, 0x92, 0x10, 0x10, 0x7c, 0x41, 0x17, 0xe7, 0xcc, 0x91, 0x22, 0x7c,
	0x89, 0x12, 0x24, 0x50, 0x97, 0xdc, 0x00, 0x00, 0x00, 0x00, 0x00, 0x00, 0x00, 0x00, 0xc2, 0x03, 0xef, 0x92, 0x48, 0x51, 0x00, 0x44, 0x62, 0x17,
	0x9b, 0xe0, 0x60, 0x90, 0x82, 0x82, 0x0c, 0x08, 0xda, 0x2c, 0x38, 0x00, 0x00, 0x00, 0x00, 0x00, 0x00, 0x82, 0x03, 0xff, 0x92, 0x48, 0x00, 0x01,
	0xf7, 0xc1, 0x11, 0x04, 0x64, 0x11, 0x50, 0x49, 0x51, 0xe1, 0x59, 0x85, 0x04, 0x18, 0x00, 0x00, 0x00, 0x00, 0x00, 0x00, 0xfb, 0xe6, 0x9a, 0x12,
	0xc8, 0x3f, 0xf1, 0x00, 0x25, 0xfe, 0x90, 0x02, 0x4f, 0xc9, 0x21, 0x24, 0x84, 0x93, 0xe2, 0x40, 0x78, 0x00, 0x00, 0x00, 0x00, 0x00, 0x00, 0x82,
	0x03, 0xff, 0x92, 0xc8, 0x0b, 0x20, 0x33, 0x03, 0x87, 0x1b, 0xf6, 0x1f, 0xe0, 0x80, 0x42, 0x01, 0x08, 0x04, 0x3f, 0xf0, 0x00, 0x00, 0x00, 0x00,
	0x00, 0x00, 0x82, 0x03, 0xf7, 0x92, 0x88, 0x03, 0x01, 0xff, 0xe3, 0xff, 0x08, 0xc4, 0x23, 0x10, 0x8d, 0xc0, 0xfc, 0x0c, 0xcc, 0x43, 0x08, 0x00,
	0x00, 0x00, 0x00, 0x00, 0x00, 0xf3, 0xe6, 0xb6, 0x12, 0x88, 0x3f, 0xf0, 0x8c, 0x42, 0xcd, 0x0c, 0x0c, 0x20, 0x98, 0xfb, 0x82, 0x08, 0x88, 0xa2,
	0x7c, 0xf8, 0x00, 0x00, 0x00, 0x00, 0x00, 0x00, 0xf3, 0xe6, 0xb6, 0x12, 0x88, 0x7f, 0xf9, 0x0c, 0x25, 0xfe, 0x90, 0xc2, 0x4f, 0xc9, 0x21, 0x24,
	0xfc, 0x90, 0x02, 0x7f, 0xf8, 0x00, 0x00, 0x00, 0x00, 0x30, 0x80, 0xff, 0xe4, 0x92, 0x18, 0x20, 0x1f, 0xf8, 0x10, 0x26, 0x40, 0x85, 0xfe, 0x0c,
	0x08, 0x70, 0x23, 0x40, 0x99, 0xfe, 0x00, 0x00, 0x00, 0x00, 0x00, 0x00, 0x00, 0x00, 0xfb, 0xe6, 0x92, 0x14, 0x08, 0x7f, 0xf8, 0x40, 0x81, 0xfe,
	0x04, 0x08, 0x1f, 0xe0, 0x40, 0x87, 0xff, 0x86, 0x18, 0x60, 0x18, 0x00, 0x00, 0x00, 0x00, 0x00, 0x00, 0xfb, 0xe6, 0x96, 0x12, 0x08, 0x3f, 0xf0,
	0xff, 0xc2, 0x01, 0x0f, 0xfc, 0x20, 0x10, 0x7f, 0x87, 0xff, 0x86, 0x10, 0x30, 0x40, 0x00, 0x00, 0x00, 0x00, 0x10, 0x40, 0xfb, 0xe6, 0x9a, 0x12,
	0x08, 0x7f, 0xf9, 0x00, 0x25, 0xfe, 0x84, 0x08, 0x1f, 0xe0, 0x40, 0x01, 0xff, 0x04, 0x04, 0x1f, 0xf0, 0x00, 0x00, 0x00, 0x00, 0x00, 0x00, 0xf3,
	0xe6, 0xb4, 0x12, 0x8c, 0x13, 0x20, 0xff, 0xc2, 0x31, 0x0f, 0xfc, 0x23, 0x10, 0xff, 0xc0, 0x30, 0x1f, 0xfe, 0x03, 0x00, 0x00, 0x00, 0x00, 0x00,
	0x00, 0x00, 0xf3, 0xe6, 0xb2, 0x12, 0x88, 0x08, 0x41, 0xff, 0xe0, 0x00, 0x1f, 0xa2, 0x7e, 0x89, 0x8a, 0x27, 0xe8, 0x98, 0x82, 0x6e, 0x70, 0x00,
	0x00, 0x00, 0x00, 0x30, 0x80, 0xff, 0xe4, 0x92, 0x14, 0x00, 0x11, 0xf9, 0xf4, 0x21, 0x9f, 0x8d, 0x42, 0x75, 0xf9, 0x44, 0x21, 0x10, 0x84, 0x7e,
	0x00, 0x00, 0x00, 0x00, 0x00, 0x00, 0x00, 0x00, 0xfb, 0xe6, 0x92, 0x12, 0x08, 0x3f, 0xf0, 0x09, 0x87, 0xff, 0x81, 0xc0, 0x3f, 0xf1, 0x40, 0x41,
	0xff, 0x04, 0x04, 0x1f, 0xf0, 0x00, 0x00, 0x00, 0x00, 0x00, 0x00, 0xf3, 0xe6, 0xb6, 0x12, 0x88, 0x7e, 0xf9, 0x0a, 0x27, 0xe8, 0x90, 0xa2, 0x7e,
	0x89, 0x12, 0x24, 0x48, 0x97, 0xae, 0xe2, 0x80, 0x00, 0x00, 0x00, 0x00, 0x00, 0x00, 0xc2, 0x03, 0xff, 0x92, 0x48, 0x58, 0x01, 0xfb, 0xe3, 0xc8,
	0x94, 0xa2, 0x7e, 0x89, 0x4a, 0xc3, 0xc8, 0x9f, 0xa2, 0x18, 0xf8, 0x00, 0x00, 0x00, 0x00, 0x00, 0x00, 0xfb, 0xe6, 0x96, 0x12, 0x08, 0x7f, 0xf8,
	0xff, 0xc2, 0x01, 0x0f, 0xfc, 0x2f, 0xf0, 0xc9, 0x27, 0xff, 0x94, 0x92, 0x52, 0x58, 0x00, 0x00, 0x00, 0x00, 0x00, 0x00, 0xfb, 0xe6, 0x96, 0x12,
	0x08, 0x7d, 0xd0, 0x46, 0x41, 0x65, 0x5e, 0x87, 0x03, 0x01, 0xff, 0xe0, 0x78, 0x0e, 0xdc, 0x43, 0x08, 0x00, 0x00, 0x00, 0x00, 0x00, 0x80, 0xf7,
	0xe6, 0xb6, 0x12, 0xc8, 0x23, 0xf8, 0xaa, 0xc6, 0x84, 0x1a, 0xee, 0xa8, 0x40, 0xaf, 0xe2, 0x9e, 0x0a, 0x96, 0x24, 0x40, 0x00, 0x00, 0x00, 0x00,
	0x00, 0x00, 0xf3, 0xe6, 0xb6, 0x12, 0x88, 0x3f, 0xf0, 0x84, 0x03, 0xfe, 0x0f, 0xfc, 0x21, 0x00, 0xff, 0xe0, 0x84, 0x92, 0x52, 0x49, 0x70, 0x00,
	0x00, 0x00, 0x00, 0x00, 0x40, 0xfb, 0xe6, 0x9a, 0x12, 0x08, 0x7f, 0xf8, 0x21, 0x07, 0xff, 0x8f, 0xf8, 0x23, 0x10, 0xff, 0xc2, 0x31, 0x8f, 0xfe,
	0x03, 0xf8, 0x00, 0x00, 0x00, 0x00, 0x00, 0x00, 0xfb, 0xe6, 0x96, 0x12, 0x08, 0x7d, 0xf9, 0xf7, 0xe4, 0x50, 0x9f, 0x3e, 0x4f, 0xc9, 0x21, 0x24,
	0xfc, 0x93, 0xf2, 0x48, 0x78, 0x00, 0x00, 0x00, 0x00, 0x00, 0x00, 0xfb, 0xe6, 0x92, 0x12, 0xc8, 0x24, 0xf9, 0xf4, 0xa3, 0xd2, 0x89, 0x7e, 0x3d,
	0x48, 0x95, 0x47, 0xf3, 0x09, 0x5c, 0x40, 0x88, 0x00, 0x00, 0x00, 0x00, 0x10, 0x00, 0xfb, 0xe4, 0x92, 0x0f, 0xfe, 0x44, 0x61, 0x7f, 0xe4, 0x24,
	0x17, 0xfc, 0x7f, 0xf9, 0x09, 0x45, 0xff, 0x13, 0x98, 0x72, 0x58, 0x00, 0x00, 0x00, 0x00, 0x00, 0x00, 0xfb, 0xe6, 0x96, 0x12, 0x24, 0x6f, 0xf8,
	0xdf, 0xc4, 0x48, 0x99, 0xfe, 0x07, 0xf8, 0x40, 0xc3, 0xff, 0x89, 0x8c, 0x41, 0xe0, 0x00, 0x00, 0x00, 0x00, 0x00, 0x00, 0xfb, 0xe6, 0x92, 0x12,
	0xac, 0x11, 0xf9, 0xf2, 0x47, 0xc9, 0x04, 0x7e, 0x7f, 0xf8, 0x64, 0x23, 0x5f, 0x94, 0xc2, 0x11, 0xf8, 0x00, 0x00, 0x00, 0x00, 0x03, 0x00, 0x8c,
	0x41, 0x32, 0x06, 0xc8, 0x03, 0x01, 0xff, 0xe0, 0x30, 0x01, 0xe0, 0x0b, 0x40, 0xcc, 0xc6, 0x31, 0x80, 0xc0, 0x00, 0x00, 0x00, 0x00, 0x00, 0x00,
	0x17, 0xf9, 0x62, 0x25, 0x88, 0x96, 0xa2, 0x79, 0x88, 0xc2, 0x23, 0x8c, 0x96, 0x2a, 0x55, 0x0b, 0x44, 0x21, 0x20, 0x85, 0x1c, 0x00, 0x00, 0x00,
	0x00, 0x00, 0x00, 0x14, 0x19, 0x5f, 0x85, 0x84, 0x16, 0x10, 0x7c, 0x40, 0xc1, 0x03, 0xbf, 0x96, 0x10, 0x54, 0x43, 0x41, 0x01, 0x04, 0x04, 0x10,
	0x00, 0x00, 0x00, 0x00, 0x00, 0x00, 0x00, 0x00, 0x30, 0x01, 0xbe, 0x0c, 0x30, 0x43, 0x40, 0x70, 0x86, 0x31, 0x84, 0xc8, 0x7f, 0xf8, 0x1e, 0x00,
	0xfc, 0x0c, 0xcc, 0x43, 0x08, 0x00, 0x00, 0x00, 0x00, 0x15, 0x21, 0x64, 0x45, 0x91, 0x16, 0x82, 0x7f, 0xf8, 0xd2, 0x33, 0x08, 0x96, 0x22, 0x59,
	0x8b, 0x44, 0x61, 0x21, 0x05, 0x3c, 0x00, 0x00, 0x00, 0x00, 0x00, 0x00, 0x14, 0x81, 0x5f, 0xc5, 0x89, 0x16, 0x25, 0x7d, 0x94, 0xcc, 0x63, 0x84,
	0x16, 0xff, 0x54, 0x43, 0x41, 0x01, 0x04, 0x04, 0x10, 0x00, 0x00, 0x00, 0x00, 0x00, 0x00, 0x14, 0x19, 0x5f, 0x85, 0x88, 0x16, 0x26, 0x7f, 0xe0,
	0xc2, 0x03, 0x88, 0x96, 0xfc, 0x54, 0x8b, 0x42, 0x21, 0x08, 0x84, 0x3e, 0x00, 0x00, 0x00, 0x00, 0x00, 0x00, 0x00, 0x00, 0x52, 0x05, 0x7f, 0x96,
	0x00, 0x5a, 0x01, 0xf8, 0x43, 0x21, 0x0e, 0x84, 0x59, 0x11, 0x54, 0x8d, 0x12, 0x04, 0x18, 0x1f, 0xf8, 0x00, 0x00, 0x00, 0x00, 0x14, 0x41, 0x51,
	0x05, 0xbf, 0x96, 0x82, 0x7a, 0x08, 0xc8, 0x23, 0xbf, 0x96, 0x82, 0x56, 0x0b, 0x48, 0x21, 0x3f, 0x84, 0x82, 0x00, 0x00, 0x00, 0x00, 0x00, 0x00,
	0x17, 0xf9, 0x58, 0x25, 0xa0, 0x96, 0x82, 0x7f, 0xf8, 0xc8, 0x23, 0xa0, 0x96, 0xfe, 0x56, 0x0b, 0x48, 0x21, 0x20, 0x85, 0xff, 0x00, 0x00, 0x00,
	0x00, 0x00, 0x00, 0x14, 0x41, 0x51, 0xe5, 0x84, 0x16, 0x10, 0x7c, 0x40, 0xcf, 0xe3, 0xa0, 0x96, 0x82, 0x56, 0x0b, 0x48, 0x21, 0x3f, 0x84, 0x82,
	0x00, 0x00, 0x00, 0x00, 0x00, 0x00, 0x00, 0x00, 0xff, 0x80, 0x31, 0x1f, 0xfe, 0x03, 0x10, 0xff, 0xc0, 0x30, 0x1a, 0xd6, 0x63, 0x19, 0x7f, 0xe4,
	0x7d, 0x96, 0xde, 0x43, 0x38, 0x00, 0x00, 0x00, 0x00, 0x00, 0x01, 0xff, 0xe0, 0x48, 0x0f, 0xfc, 0x24, 0x90, 0x92, 0x43, 0xff, 0x04, 0xc8, 0x0b,
	0x41, 0xde, 0xe0, 0xfc, 0x0c, 0xcc, 0x43, 0x08, 0x00, 0x00, 0x00, 0x00, 0x71, 0x38, 0x55, 0x21, 0x58, 0x9d, 0x6e, 0x41, 0x21, 0x1e, 0x84, 0x32,
	0x1d, 0x6e, 0x15, 0x88, 0x65, 0x21, 0x90, 0x9c, 0x4e, 0x00, 0x00, 0x00, 0x00, 0x00, 0x00, 0x00, 0x00, 0x81, 0x06, 0xbf, 0x9a, 0x80, 0x6a, 0x21,
	0xe8, 0x83, 0x3f, 0x8c, 0x88, 0x6a, 0x21, 0xa8, 0x8a, 0x42, 0x09, 0x08, 0x25, 0xfc, 0x00, 0x00, 0x00, 0x00, 0x33, 0xf9, 0xe1, 0x07, 0xbf, 0x9e,
	0x10, 0x7f, 0xf8, 0xc0, 0x03, 0x3f, 0x9e, 0xfe, 0x7a, 0x0a, 0xcf, 0xe3, 0x20, 0x8c, 0x8e, 0x00, 0x00, 0x00, 0x00, 0x00, 0x00, 0x2a, 0x39, 0xa9,
	0x26, 0xfc, 0x9c, 0x9e, 0x7a, 0x48, 0xcd, 0x23, 0x4c, 0x9d, 0x3e, 0x6c, 0xca, 0x93, 0x22, 0x74, 0x89, 0x26, 0x00, 0x00, 0x00, 0x00, 0x00, 0x00,
	0x23, 0xf9, 0xb0, 0x06, 0xdf, 0x99, 0x4a, 0x7d, 0xf8, 0xd4, 0xa3, 0x52, 0x9b, 0x3c, 0x6c, 0x22, 0x97, 0xe2, 0x42, 0x08, 0xfe, 0x00, 0x00, 0x00,
	0x00, 0x00, 0x00, 0x00, 0x40, 0x81, 0x06, 0xff, 0x9b, 0x7e, 0x64, 0x49, 0xff, 0xe3, 0x44, 0x8d, 0x7e, 0x6c, 0x01, 0xb7, 0xea, 0x50, 0x89, 0x42,
	0x21, 0xf8, 0x00, 0x00, 0x00, 0x00, 0x00, 0x00, 0x4c, 0x87, 0xff, 0x81, 0xe0, 0x18, 0x61, 0xff, 0xe3, 0xff, 0x0f, 0xfc, 0x08, 0x40, 0xff, 0xc7,
	0xff, 0x83, 0x30, 0x70, 0x38, 0x00, 0x00, 0x00, 0x00, 0x00, 0x20, 0x9f, 0xe6, 0x92, 0x1b, 0xfe, 0x6d, 0x29, 0xff, 0xe3, 0x52, 0x8c, 0xb4, 0x6b,
	0xf9, 0xb8, 0x2a, 0x7f, 0x89, 0x82, 0x27, 0xf8, 0x00, 0x00, 0x00, 0x00, 0x00, 0x40, 0xa1, 0x06, 0xff, 0x9b, 0x7e, 0x6c, 0x49, 0xff, 0xf3, 0x44,
	0x8d, 0x7e, 0x6c, 0x69, 0xb5, 0xaa, 0x4d, 0x09, 0xd2, 0x28, 0xc0, 0x00, 0x00, 0x00, 0x00, 0x2f, 0xf9, 0xbf, 0xe6, 0xc0, 0x9c, 0xfc, 0x7f, 0xf8,
	0xcf, 0xe3, 0x44, 0x9d, 0xfe, 0x6b, 0xfa, 0x9f, 0xe2, 0x04, 0x0b, 0xff, 0x00, 0x00, 0x00, 0x00, 0x00, 0x00, 0x02, 0x00, 0x90, 0x83, 0x8c, 0x02,
	0x60, 0x06, 0x10, 0x30, 0x47, 0xff, 0x80, 0xc0, 0x0b, 0x40, 0x4c, 0xc6, 0x31, 0x80, 0xc0, 0x00, 0x00, 0x00, 0x00, 0x00, 0x00, 0x03, 0xf0, 0xfc,
	0x00, 0x42, 0x0e, 0x30, 0x19, 0x80, 0x38, 0x40, 0xc3, 0x9f, 0xf2, 0x0b, 0x40, 0x4c, 0x82, 0x31, 0x80, 0xc2, 0x00, 0x00, 0x00, 0x00, 0x00, 0x00,
	0x10, 0x10, 0x94, 0x46, 0x91, 0x0e, 0x44, 0x35, 0x10, 0x94, 0x47, 0xd1, 0x15, 0x47, 0x55, 0x71, 0x5e, 0x45, 0x41, 0x04, 0x04, 0x00, 0x00, 0x00,
	0x00, 0x00, 0x00, 0x11, 0xf8, 0x90, 0x26, 0x80, 0x8e, 0x02, 0x34, 0x08, 0x97, 0xe7, 0xd0, 0x95, 0x40, 0x55, 0x09, 0x54, 0x25, 0x50, 0x84, 0x7e,
	0x00, 0x00, 0x00, 0x00, 0x00, 0x00, 0x10, 0x80, 0x97, 0xe6, 0x90, 0x8e, 0x82, 0x36, 0x88, 0x92, 0x27, 0xc4, 0x95, 0x12, 0x54, 0x09, 0x50, 0x25,
	0x40, 0x84, 0x1c, 0x00, 0x00, 0x00, 0x00, 0x00, 0x00, 0x13, 0xf8, 0x81, 0x06, 0x84, 0x1c, 0x10, 0x34, 0x40, 0x91, 0x07, 0xc4, 0x15, 0x10, 0x54,
	0x41, 0x51, 0x05, 0x04, 0x04, 0xfe, 0x00, 0x00, 0x00, 0x00, 0x00, 0x00, 0x00, 0x40, 0x41, 0x02, 0x3f, 0x9a, 0x02, 0x71, 0x08, 0xd4, 0x42, 0x51,
	0x1f, 0x24, 0x54, 0xa1, 0x51, 0x85, 0x4e, 0x14, 0x66, 0x12, 0x08, 0x00, 0x00, 0x00, 0x00, 0x10, 0x40, 0x8f, 0xe6, 0xa4, 0x9c, 0x92, 0x36, 0x48,
	0x9a, 0xa7, 0xeb, 0x94, 0xc6, 0x56, 0x09, 0x58, 0x25, 0x60, 0x84, 0x8e, 0x00, 0x00, 0x00, 0x00, 0x00, 0x00, 0x13, 0xf0, 0xa6, 0x26, 0x91, 0x9c,
	0x44, 0x35, 0x10, 0x9f, 0xf7, 0xd1, 0x16, 0x44, 0x59, 0x11, 0x64, 0x45, 0x11, 0x05, 0xfe, 0x00, 0x00, 0x00, 0x00, 0x00, 0x00, 0x10, 0x40, 0x83,
	0xe6, 0xb4, 0x1c, 0x12, 0x35, 0x48, 0x95, 0x27, 0xd4, 0x94, 0x7e, 0x55, 0x41, 0x51, 0x35, 0x44, 0x84, 0x1e, 0x00, 0x00, 0x00, 0x00, 0x00, 0x00,
	0x20, 0x40, 0xa5, 0x44, 0x94, 0x94, 0x52, 0x2a, 0x48, 0xa9, 0x17, 0x44, 0x9e, 0x34, 0x78, 0x11, 0xe1, 0x87, 0x8c, 0x0c, 0xc0, 0x00, 0x00, 0x00,
	0x00, 0x00, 0x00, 0x00, 0x80, 0x42, 0x02, 0x08, 0x1a, 0xfe, 0x70, 0x80, 0xd6, 0x82, 0x56, 0x1f, 0x50, 0x51, 0x51, 0x55, 0x25, 0x64, 0x94, 0xae,
	0x13, 0xcc, 0x00, 0x00, 0x00, 0x00, 0x10, 0xf8, 0x84, 0x86, 0x92, 0x1c, 0x48, 0x35, 0x20, 0x97, 0xe7, 0xd2, 0x15, 0x48, 0x55, 0x25, 0x54, 0x55,
	0x1d, 0x85, 0x86, 0x00, 0x00, 0x00, 0x00, 0x00, 0x00, 0x13, 0xf0, 0x84, 0x46, 0x99, 0x1c, 0x68, 0x35, 0xb8, 0x96, 0x27, 0xd4, 0x95, 0x54, 0x55,
	0x31, 0x58, 0xc5, 0x2d, 0x85, 0x63, 0x00, 0x00, 0x00, 0x00, 0x00, 0x00, 0x10, 0x90, 0xa2, 0x46, 0x91, 0x1c, 0x42, 0x37, 0xf8, 0x9a, 0x37, 0xc8,
	0x94, 0x22, 0x58, 0x89, 0x64, 0x65, 0x31, 0x05, 0x9c, 0x00, 0x00, 0x00, 0x00, 0x00, 0x00, 0x3f, 0xf0, 0x0c, 0x03, 0xff, 0x00, 0xc0, 0x7f, 0xf8,
	0x19, 0x81, 0x88, 0x03, 0xc4, 0x7f, 0xf8, 0x2d, 0x03, 0x33, 0x10, 0xc2, 0x00, 0x00, 0x00, 0x00, 0x00, 0x00, 0x00, 0x00, 0x42, 0x02, 0xbf, 0x9a,
	0x40, 0x71, 0x00, 0xd4, 0x02, 0x5f, 0x9f, 0x42, 0x59, 0x09, 0x64, 0x25, 0xa0, 0x94, 0x84, 0x14, 0xf0, 0x00, 0x00, 0x00, 0x00, 0x00, 0x00, 0x0c,
	0x07, 0xff, 0x80, 0xc0, 0x7f, 0xf9, 0x19, 0xa5, 0xcc, 0x83, 0xcc, 0x04, 0x11, 0xff, 0xa0, 0xb4, 0x0c, 0xcc, 0x43, 0x08, 0x00, 0x00, 0x00, 0x00,
	0x08, 0x88, 0xbb, 0xc2, 0x88, 0x0a, 0x22, 0x7e, 0xf8, 0x19, 0x81, 0x88, 0x03, 0xc4, 0x7f, 0xf8, 0x2d, 0x03, 0x33, 0x10, 0xc2, 0x00, 0x00, 0x00,
	0x00, 0x00, 0x00, 0x30, 0x40, 0xa1, 0x04, 0xbf, 0x9c, 0x92, 0x36, 0x48, 0x99, 0x27, 0xff, 0x96, 0x92, 0x5a, 0x49, 0x69, 0x25, 0x3f, 0x84, 0x82,
	0x00, 0x00, 0x00, 0x00, 0x00, 0x00, 0x3f, 0xf0, 0x8c, 0x43, 0xff, 0x08, 0xc4, 0x3f, 0xf0, 0x19, 0x81, 0x88, 0x03, 0xc4, 0x7f, 0xf8, 0x2d, 0x03,
	0x33, 0x10, 0xc2, 0x00, 0x00, 0x00, 0x00, 0x00, 0x00, 0x11, 0xf8, 0x95, 0x26, 0x94, 0x8e, 0x52, 0x35, 0x48, 0x97, 0xe7, 0xd4, 0x94, 0x52, 0x55,
	0x49, 0x55, 0x25, 0x5f, 0x84, 0x42, 0x00, 0x00, 0x00, 0x00, 0x00, 0x00, 0x30, 0x40, 0xaf, 0xe4, 0xa4, 0x9c, 0x92, 0x36, 0x48, 0x9f, 0xe7, 0xe4,
	0x96, 0x92, 0x5b, 0xf9, 0x69, 0x25, 0x04, 0x04, 0x10, 0x00, 0x00, 0x00, 0x00, 0x00, 0x00, 0x33, 0xf8, 0xa1, 0x26, 0x8c, 0x94, 0x22, 0x39, 0x38,
	0x98, 0x07, 0xdf, 0x16, 0x82, 0x5a, 0x09, 0x68, 0x25, 0x20, 0x84, 0xfe, 0x00, 0x00, 0x00, 0x00, 0x00, 0x00, 0x32, 0x08, 0xa8, 0x26, 0xff, 0xd4,
	0x82, 0x3a, 0x08, 0x98, 0x27, 0xff, 0x96, 0x82, 0x5a, 0x09, 0x68, 0x25, 0x3f, 0x84, 0x82, 0x00, 0x00, 0x00, 0x00, 0x00, 0x00, 0x00, 0x00, 0x86,
	0x02, 0x9f, 0x92, 0xc4, 0x51, 0xb0, 0xa1, 0x82, 0x4b, 0x1f, 0xc2, 0x58, 0xc1, 0x60, 0xc5, 0x80, 0x15, 0xf0, 0x10, 0x38, 0x00, 0x00, 0x00, 0x00,
	0x00, 0x40, 0x41, 0x02, 0x3f, 0x9a, 0x30, 0x70, 0x80, 0xdc, 0x42, 0x73, 0x1f, 0x68, 0x50, 0xd1, 0x52, 0x45, 0x58, 0x94, 0x5e, 0x17, 0x88, 0x00,
	0x00, 0x00, 0x00, 0x11, 0xf8, 0x84, 0x26, 0x90, 0x9c, 0x42, 0x35, 0xf8, 0x94, 0x27, 0xd0, 0x95, 0x7e, 0x55, 0x09, 0x54, 0x25, 0x10, 0x85, 0xff,
	0x00, 0x00, 0x00, 0x00, 0x00, 0x00, 0x13, 0xf8, 0x80, 0x26, 0x99, 0x1c, 0x3c, 0x34, 0x60, 0x96, 0x67, 0xc4, 0x15, 0x7e, 0x54, 0x41, 0x51, 0x05,
	0x04, 0x04, 0xfe, 0x00, 0x00, 0x00, 0x00, 0x00, 0x00, 0x30, 0x40, 0xaf, 0xe6, 0x84, 0x14, 0x10, 0x3b, 0xf8, 0x90, 0x07, 0xdf, 0x16, 0x82, 0x5a,
	0x09, 0x68, 0x25, 0x3f, 0x84, 0x82, 0x00, 0x00, 0x00, 0x00, 0x00, 0x00, 0x00, 0x40, 0x41, 0x02, 0x3f, 0x9a, 0x00, 0x71, 0x10, 0xdc, 0x22, 0x71,
	0x9f, 0x44, 0x50, 0xa1, 0x53, 0x85, 0x4e, 0x14, 0x6c, 0x16, 0x0c, 0x00, 0x00, 0x00, 0x00, 0x10, 0x80, 0x97, 0xe6, 0xb9, 0x0e, 0xac, 0x34, 0x60,
	0x96, 0xc7, 0xf0, 0xd5, 0x7e, 0x55, 0x09, 0x54, 0x25, 0x5f, 0x84, 0x42, 0x00, 0x00, 0x00, 0x00, 0x00, 0x00, 0x00, 0x00, 0xc4, 0x02, 0xbf, 0x9a,
	0x82, 0x57, 0xe8, 0xe8, 0xa2, 0xa2, 0x9d, 0xfa, 0x5a, 0x29, 0x6f, 0xa5, 0xa0, 0x95, 0x02, 0x10, 0x78, 0x00, 0x00, 0x00, 0x00, 0x20, 0xe0, 0xa6,
	0x84, 0xb1, 0x15, 0x82, 0x29, 0xf0, 0x90, 0x07, 0xff, 0x96, 0x82, 0x5a, 0x09, 0x68, 0x25, 0xbf, 0x84, 0x82, 0x00, 0x00, 0x00, 0x00, 0x00, 0x00,
	0x00, 0x40, 0x41, 0x02, 0xbf, 0x9a, 0x24, 0x70, 0x90, 0xd4, 0xe2, 0x7c, 0x9f, 0x48, 0x59, 0x21, 0x64, 0x85, 0x92, 0x94, 0x8a, 0x16, 0x38, 0x00,
	0x00, 0x00, 0x00, 0x20, 0xe0, 0xa6, 0x84, 0xb1, 0x15, 0x82, 0x29, 0xf0, 0x90, 0x07, 0xff, 0x96, 0x20, 0x58, 0x91, 0x64, 0x65, 0x97, 0x85, 0xe2,
	0x00, 0x00, 0x00, 0x00, 0x00, 0x00, 0x00, 0x00, 0x87, 0x82, 0x92, 0x12, 0x88, 0x53, 0xf8, 0xa9, 0x22, 0xa4, 0x9d, 0xfe, 0x5a, 0x09, 0x68, 0x05,
	0xa0, 0xd5, 0x82, 0x13, 0xf8, 0x00, 0x00, 0x00, 0x00, 0x31, 0xf8, 0xac, 0x24, 0xb0, 0x9c, 0x3c, 0x37, 0xf8, 0x98, 0x27, 0xff, 0x96, 0x82, 0x5a,
	0x09, 0x6f, 0xe5, 0x20, 0x84, 0x8e, 0x00, 0x00, 0x00, 0x00, 0x00, 0x00, 0x22, 0x28, 0xaa, 0xa4, 0xaa, 0x94, 0x8c, 0x3b, 0xf8, 0x99, 0x87, 0xe7,
	0x16, 0xaa, 0x5b, 0xa9, 0x68, 0x89, 0x20, 0x04, 0xfe, 0x00, 0x00, 0x00, 0x00, 0x00, 0x00, 0x30, 0x40, 0xaf, 0xe6, 0x84, 0x14, 0xfe, 0x38, 0x00,
	0x9f, 0xe7, 0xe0, 0x96, 0xaa, 0x58, 0xa1, 0x64, 0xa5, 0x12, 0x85, 0x8e, 0x00, 0x00, 0x00, 0x00, 0x00, 0x00, 0x00, 0x40, 0x81, 0x02, 0xff, 0x97,
	0x82, 0x51, 0xf8, 0xa0, 0x02, 0x80, 0x1e, 0xfe, 0x68, 0x41, 0xa5, 0x46, 0xa4, 0xab, 0x92, 0x21, 0xc0, 0x00, 0x00, 0x00, 0x00, 0x20, 0xf8, 0xac,
	0x24, 0xa4, 0x94, 0x94, 0x2b, 0xf8, 0xa8, 0x27, 0x5f, 0x96, 0x44, 0x59, 0xa1, 0x63, 0x05, 0x9b, 0x05, 0x82, 0x00, 0x00, 0x00, 0x00, 0x00, 0x00,
	0x01, 0x00, 0xc4, 0x82, 0xbf, 0x9a, 0x88, 0x56, 0x20, 0xff, 0xe2, 0xa2, 0x1d, 0x88, 0x5b, 0xf9, 0x68, 0x85, 0xa2, 0x15, 0x88, 0x13, 0xd8, 0x00,
	0x00, 0x00, 0x00, 0x23, 0xf8, 0xa8, 0x25, 0xaa, 0x94, 0xaa, 0x2b, 0xf8, 0xa9, 0x27, 0x75, 0x9a, 0xd6, 0x6b, 0x59, 0xae, 0xea, 0xb0, 0x88, 0x8e,
	0x00, 0x00, 0x00, 0x00, 0x00, 0x00, 0x23, 0xf8, 0xa8, 0x25, 0xaa, 0x94, 0xaa, 0x2b, 0xf8, 0xa9, 0x27, 0x7f, 0x9a, 0xa2, 0x6a, 0x89, 0xab, 0xea,
	0xa0, 0x88, 0x8e, 0x00, 0x00, 0x00, 0x00, 0x00, 0x00, 0x27, 0xf8, 0x83, 0x25, 0x32, 0x94, 0xcc, 0x36, 0xf9, 0x20, 0x0f, 0xff, 0x99, 0x32, 0x6b,
	0x2a, 0xae, 0xca, 0xab, 0x89, 0x33, 0x00, 0x00, 0x00, 0x00, 0x00, 0x00, 0x00, 0x40, 0xc1, 0x02, 0xbf, 0x92, 0x82, 0x53, 0xf8, 0xe1, 0x02, 0x44,
	0x1f, 0x50, 0x59, 0x79, 0x6d, 0x05, 0xb4, 0x14, 0xb0, 0x14, 0x7c, 0x00, 0x00, 0x00, 0x00, 0x20, 0x40, 0xaf, 0xe4, 0x84, 0x17, 0xfe, 0x29, 0xa0,
	0xa4, 0xe7, 0x68, 0x16, 0x7e, 0x5b, 0x11, 0x63, 0x85, 0x8f, 0x05, 0xc3, 0x00, 0x00, 0x00, 0x00, 0x00, 0x00, 0x00, 0x40, 0x41, 0x02, 0xbf, 0x9a,
	0x82, 0x73, 0xf8, 0xd8, 0x22, 0x5f, 0x9f, 0x10, 0x5b, 0xf9, 0x69, 0x25, 0xa4, 0x95, 0x96, 0x12, 0x40, 0x00, 0x00, 0x00, 0x00, 0x7f, 0xf9, 0x22,
	0x27, 0x6d, 0x1f, 0x18, 0x49, 0xf1, 0xd8, 0x23, 0x8c, 0x02, 0xcc, 0x0f, 0xf9, 0xcc, 0x21, 0xb6, 0x18, 0xc6, 0x00, 0x00, 0x00, 0x00, 0x00, 0x00,
	0x20, 0xa0, 0xa2, 0x85, 0x7b, 0x94, 0x28, 0x28, 0xa0, 0xae, 0xe7, 0x4a, 0x1a, 0x28, 0x6f, 0x3d, 0xa4, 0x8a, 0xb2, 0x09, 0x88, 0x00, 0x00, 0x00,
	0x00, 0x00, 0x00, 0x31, 0xa0, 0xa4, 0x46, 0xa8, 0x94, 0x24, 0x38, 0x90, 0x9f, 0xe7, 0xcc, 0x96, 0x38, 0x5a, 0x89, 0x6a, 0x65, 0x49, 0x84, 0x3c,
	0x00, 0x00, 0x00, 0x00, 0x00, 0x00, 0x13, 0xf0, 0xa0, 0x46, 0x9f, 0x1c, 0x04, 0x34, 0x10, 0x97, 0xe7, 0xe4, 0x96, 0x5e, 0x58, 0xf1, 0x65, 0x45,
	0x64, 0x84, 0x70, 0x00, 0x00, 0x00, 0x00, 0x00, 0x00, 0x00, 0x00, 0xc3, 0x22, 0xbf, 0x92, 0x34, 0x70, 0xe0, 0xdf, 0xe2, 0x48, 0x1f, 0xfe, 0x59,
	0x09, 0x67, 0xe5, 0x90, 0x94, 0x42, 0x11, 0xf8, 0x00, 0x00, 0x00, 0x00, 0x00, 0x40, 0x41, 0x02, 0xbf, 0x9a, 0x82, 0x73, 0xf8, 0xd8, 0x22, 0x7f,
	0x9f, 0x10, 0x5b, 0xe9, 0x67, 0xc5, 0x95, 0x14, 0x92, 0x15, 0xc0, 0x00, 0x00, 0x00, 0x00, 0x00, 0x40, 0x81, 0x02, 0xff, 0x96, 0xc4, 0x51, 0x20,
	0xbf, 0xe2, 0xc0, 0xdd, 0x13, 0x7b, 0xf9, 0xe9, 0x27, 0xa4, 0x9c, 0x9e, 0x30, 0x40, 0x00, 0x00, 0x00, 0x00, 0x27, 0xf8, 0xa0, 0x04, 0xbf, 0x94,
	0x82, 0x2b, 0xf8, 0xa8, 0x07, 0x7f, 0x9a, 0xaa, 0x6f, 0xf9, 0xba, 0xa6, 0x6a, 0x88, 0xae, 0x00, 0x00, 0x00, 0x00, 0x00, 0x00, 0x21, 0xf8, 0xa8,
	0x25, 0xad, 0x15, 0xfe, 0x29, 0x00, 0xbf, 0xe7, 0x60, 0x1e, 0xfe, 0x7b, 0x11, 0xf3, 0x87, 0x9f, 0x0e, 0x82, 0x00, 0x00, 0x00, 0x00, 0x00, 0x00,
	0x27, 0xf8, 0xa1, 0x05, 0x08, 0x15, 0xfe, 0x2d, 0x29, 0x37, 0xa7, 0xd2, 0x99, 0x4a, 0x6d, 0xe9, 0xb4, 0xaa, 0xd2, 0x89, 0xfe, 0x00, 0x00, 0x00,
	0x00, 0x00, 0x00, 0x30, 0x80, 0xaf, 0xe6, 0x88, 0x94, 0xdc, 0x3b, 0xf8, 0x98, 0x27, 0xff, 0x96, 0x08, 0x5b, 0xf9, 0x64, 0x85, 0xff, 0x84, 0x08,
	0x00, 0x00, 0x00, 0x00, 0x00, 0x00, 0x20, 0x40, 0xbf, 0xe4, 0x84, 0x14, 0xfe, 0x2a, 0x48, 0xaf, 0xe7, 0x64, 0x96, 0xfe, 0x58, 0xe1, 0x65, 0x45,
	0x64, 0x85, 0x10, 0x00, 0x00, 0x00, 0x00, 0x00, 0x00, 0x13, 0xf0, 0xa0, 0x46, 0x9f, 0x1c, 0x04, 0x37, 0xf8, 0x92, 0x87, 0xf6, 0x96, 0x34, 0x5b,
	0x71, 0x62, 0xe5, 0x32, 0x84, 0x30, 0x00, 0x00, 0x00, 0x00, 0x00, 0x00, 0x23, 0xf8, 0xa9, 0x24, 0xbf, 0x94, 0x92, 0x2b, 0xf0, 0xaf, 0xe7, 0x64,
	0x9a, 0xfe, 0x6a, 0x49, 0xaf, 0xf6, 0xa4, 0x48, 0x1e, 0x00, 0x00, 0x00, 0x00, 0x00, 0x00, 0x00, 0x10, 0x81, 0x62, 0xff, 0x94, 0xfe, 0x52, 0x48,
	0xaf, 0xe2, 0xa4, 0xbd, 0xfe, 0x68, 0x11, 0xaf, 0xf6, 0xb1, 0x2a, 0x64, 0x20, 0x70, 0x00, 0x00, 0x00, 0x00, 0x20, 0x40, 0xaf, 0xe5, 0x9f, 0x14,
	0x84, 0x2b, 0xf0, 0xa0, 0x07, 0x7f, 0x9f, 0x02, 0x7d, 0xe9, 0xf4, 0xa7, 0xde, 0x8d, 0x06, 0x00, 0x00, 0x00, 0x00, 0x00, 0x00, 0x22, 0x88, 0xa9,
	0x45, 0x5f, 0xd4, 0x88, 0x2a, 0x21, 0x3a, 0x87, 0xab, 0x98, 0xc8, 0x6b, 0xa1, 0xae, 0x8a, 0xb6, 0x08, 0xcf, 0x00, 0x00, 0x00, 0x00, 0x00, 0x00,
	0x00, 0x00, 0x93, 0xe2, 0x58, 0x94, 0xdc, 0x50, 0x70, 0xa6, 0xb4, 0xff, 0xbe, 0x88, 0x62, 0xf9, 0xa8, 0x8a, 0xbf, 0xab, 0x48, 0x24, 0xf8, 0x00,
	0x00, 0x00, 0x00, 0x00, 0x40, 0x81, 0x02, 0xfb, 0x93, 0x42, 0x55, 0xf8, 0xa8, 0x82, 0x6f, 0x9f, 0xa2, 0x6e, 0x89, 0xab, 0xe6, 0xa8, 0x9a, 0xa2,
	0x22, 0xf8, 0x00, 0x00, 0x00, 0x00, 0x23, 0xf8, 0xa1, 0x05, 0xbf, 0x95, 0xfe, 0x28, 0x00, 0xaf, 0xe7, 0xbf, 0x9e, 0x82, 0x7b, 0xf9, 0xef, 0xe7,
	0x93, 0x0d, 0x82, 0x00, 0x00, 0x00, 0x00, 0x00, 0x00, 0x00, 0x00, 0xfb, 0xe7, 0xc8, 0x9a, 0xe4, 0x7e, 0x51, 0x51, 0x87, 0xf9, 0x83, 0x10, 0x19,
	0x80, 0x38, 0x47, 0xfe, 0x86, 0xd8, 0x63, 0x18, 0x00, 0x00, 0x00, 0x00, 0x01, 0x00, 0x84, 0xc2, 0xfe, 0x94, 0x4a, 0x57, 0xf8, 0xaa, 0x84, 0xae,
	0x9f, 0xba, 0x66, 0xf9, 0xdb, 0x46, 0xaf, 0x6a, 0xf6, 0x2c, 0x88, 0x00, 0x00, 0x00, 0x00, 0x7e, 0xf0, 0x42, 0x57, 0xf0, 0x9f, 0xfe, 0x3c, 0xd1,
	0xff, 0xc0, 0x64, 0x86, 0x60, 0x0e, 0x11, 0xff, 0xa1, 0xb6, 0x18, 0xc6, 0x00, 0x00, 0x00, 0x00, 0x00, 0x00, 0x00, 0x40, 0x8f, 0xc2, 0x84, 0x97,
	0xff, 0x50, 0x48, 0xaf, 0xe2, 0x95, 0x1e, 0xd6, 0x7a, 0x49, 0xef, 0xe7, 0xae, 0x9d, 0x56, 0x36, 0x48, 0x00, 0x00, 0x00, 0x00, 0x00, 0x00, 0x84,
	0xc2, 0xfe, 0x95, 0x2a, 0x52, 0xa0, 0xbf, 0xe4, 0x82, 0x9f, 0xea, 0x64, 0xa9, 0xbe, 0x46, 0xcb, 0x6b, 0xf6, 0x24, 0x88, 0x00, 0x00, 0x00, 0x00,
	0x01, 0x10, 0x84, 0xc2, 0xff, 0x94, 0xfe, 0x50, 0x40, 0xbf, 0xe2, 0x84, 0x3d, 0x54, 0x6f, 0xf9, 0xaf, 0xe6, 0xa0, 0xaa, 0x82, 0x23, 0xf8, 0x00,
	0x00, 0x00, 0x00, 0x08, 0x41, 0xff, 0xe0, 0x84, 0x00, 0x00, 0x7f, 0xf9, 0x29, 0x25, 0x6e, 0x96, 0xba, 0x56, 0xe9, 0x2b, 0x25, 0xe5, 0x9b, 0xbe,
	0x4a, 0x38, 0x00, 0x00, 0x00, 0x00, 0x23, 0xf8, 0xa8, 0x25, 0xbf, 0x94, 0xce, 0x2c, 0xa8, 0xb2, 0xa7, 0xbf, 0x9f, 0xfe, 0x78, 0xc1, 0xe5, 0x87,
	0x25, 0x8d, 0x10, 0x00, 0x00, 0x00, 0x00, 0x00, 0x00, 0x10, 0x80, 0xff, 0xe4, 0xb2, 0x0d, 0x34, 0x3f, 0xf0, 0xff, 0xc3, 0xff, 0x1f, 0xfe, 0x1a,
	0x61, 0xb6, 0xe0, 0x67, 0x0e, 0xf2, 0x73, 0x38, 0x00, 0x00, 0x00, 0x00, 0x00, 0x40, 0x9f, 0xe2, 0xc0, 0x15, 0xfe, 0x55, 0xf8, 0xb7, 0xe4, 0xc4,
	0x1f, 0x7e, 0x67, 0xf9, 0xb7, 0xe6, 0xc4, 0x2b, 0x7e, 0x2b, 0xf8, 0x00, 0x00, 0x00, 0x00, 0x00, 0x00, 0x40, 0x01, 0xff, 0x08, 0xc0, 0x63, 0x00,
	0x0c, 0x07, 0xff, 0x80, 0xc0, 0x23, 0x10, 0x8c, 0x42, 0x31, 0x0f, 0xfc, 0x20, 0x10, 0x00, 0x00, 0x00, 0x00, 0x00, 0x00, 0xff, 0xc2, 0x49, 0x0f,
	0xfc, 0x00, 0x00, 0x12, 0x07, 0xcf, 0x81, 0x20, 0x7c, 0xf8, 0x12, 0x07, 0xcf, 0x82, 0x20, 0x30, 0x80, 0x00, 0x00, 0x00, 0x00, 0x7f, 0xf9, 0x12,
	0x27, 0xff, 0x82, 0x10, 0x7f, 0x40, 0x21, 0x07, 0xfe, 0x02, 0x1e, 0x08, 0x4c, 0xfd, 0x00, 0x84, 0x1f, 0xd0, 0x00, 0x00, 0x00, 0x00, 0x00, 0x00,
	0x3f, 0xf0, 0x92, 0x43, 0xff, 0x1f, 0xfe, 0x03, 0x00, 0xb3, 0xc2, 0xff, 0x0a, 0x04, 0x2f, 0xf0, 0xbf, 0xc2, 0x00, 0x0f, 0xfe, 0x00, 0x00, 0x00,
	0x00, 0x00, 0x00, 0x7f, 0xf9, 0x12, 0x27, 0xff, 0x80, 0x00, 0x3e, 0x89, 0xfe, 0x23, 0xe8, 0x80, 0x22, 0x3e, 0x89, 0xfa, 0x24, 0x20, 0x9f, 0x9c,
	0x00, 0x00, 0x00, 0x00, 0x00, 0x00, 0x3f, 0xf0, 0x92, 0x43, 0xff, 0x00, 0x84, 0x3f, 0xf0, 0x0b, 0x07, 0xf3, 0x87, 0xfc, 0x70, 0x10, 0x7f, 0xc1,
	0x01, 0x07, 0xfc, 0x00, 0x00, 0x00, 0x00, 0x00, 0x00, 0x7f, 0xf9, 0x12, 0x27, 0xff, 0x8f, 0xfc, 0x21, 0x00, 0xff, 0xc2, 0x30, 0x0f, 0x78, 0x3f,
	0xf8, 0x01, 0x24, 0x94, 0x92, 0x5c, 0x00, 0x00, 0x00, 0x00, 0x00, 0x00, 0x7f, 0xf9, 0x12, 0x27, 0xff, 0x84, 0x20, 0x24, 0xf9, 0xfa, 0x23, 0xc8,
	0x90, 0x9c, 0x7e, 0x99, 0x0b, 0x87, 0xe8, 0x93, 0xbe, 0x00, 0x00, 0x00, 0x00, 0x00, 0x00, 0x7f, 0xf9, 0x12, 0x23, 0xff, 0x04, 0x44, 0x65, 0xf9,
	0xac, 0x83, 0x7f, 0x9f, 0x48, 0x15, 0x21, 0x57, 0xc5, 0x52, 0x14, 0x7e, 0x00, 0x00, 0x00, 0x00, 0x00, 0x00, 0x00, 0x00, 0x21, 0x00, 0x4c, 0x0f,
	0xfc, 0x03, 0x00, 0x0c, 0x03, 0xff, 0x00, 0xc0, 0x03, 0x01, 0xff, 0xe0, 0x30, 0x00, 0xc0, 0x03, 0x00, 0x00, 0x00, 0x00, 0x00, 0x00, 0x00, 0x21,
	0x07, 0xff, 0x80, 0xc0, 0x3f, 0xf0, 0x0c, 0x07, 0xff, 0x80, 0xc0, 0x7f, 0xf8, 0x0c, 0x00, 0x68, 0x06, 0x18, 0x60, 0x18, 0x00, 0x00, 0x00, 0x00,
	0x7c, 0x98, 0x59, 0x47, 0xff, 0x85, 0x88, 0x26, 0x21, 0xf7, 0xe2, 0x02, 0x1f, 0x88, 0x63, 0xfe, 0x88, 0x82, 0x22, 0x0f, 0x88, 0x00, 0x00, 0x00,
	0x00, 0x00, 0x00, 0x08, 0x40, 0x21, 0x03, 0x7b, 0x00, 0xc0, 0x3f, 0xf1, 0xff, 0xe0, 0x00, 0x0c, 0xfe, 0x44, 0x88, 0xf2, 0x40, 0x98, 0x04, 0xd8,
	0x6c, 0x18, 0x00, 0x00, 0x00, 0x00, 0x08, 0x40, 0xff, 0xc0, 0x30, 0x0f, 0xfc, 0x03, 0x01, 0xff, 0xe0, 0x6a, 0x1e, 0x24, 0x7f, 0xf8, 0x62, 0x47,
	0xe7, 0x06, 0x3a, 0x3b, 0x38, 0x00, 0x00, 0x00, 0x00, 0x00, 0x01, 0xf7, 0xe0, 0x40, 0x91, 0x22, 0x24, 0xc8, 0x51, 0x20, 0x40, 0x83, 0x0a, 0x14,
	0x49, 0x96, 0x24, 0x40, 0x81, 0x02, 0x1c, 0x78, 0x00, 0x00, 0x00, 0x00, 0x08, 0x40, 0xc8, 0xc4, 0x4c, 0x82, 0x18, 0x3f, 0x90, 0x00, 0x07, 0xef,
	0x89, 0xb2, 0x06, 0x08, 0xf9, 0xa4, 0x78, 0x87, 0x0e, 0x00, 0x00, 0x00, 0x00, 0x00, 0x00, 0x00, 0x01, 0xf7, 0xe2, 0x28, 0x84, 0x92, 0x0a, 0x29,
	0xcf, 0x21, 0xc7, 0x80, 0xc0, 0x3f, 0xf0, 0x21, 0x00, 0x84, 0x01, 0x20, 0x7f, 0xf8, 0x00, 0x00, 0x00, 0x00, 0x00, 0x01, 0xf7, 0xe2, 0x48, 0x85,
	0x12, 0x1c, 0x69, 0x96, 0x20, 0xa3, 0x0f, 0xfc, 0x20, 0x10, 0xff, 0xc2, 0x01, 0x08, 0x04, 0x3f, 0xf0, 0x00, 0x00, 0x00, 0x00, 0x00, 0x01, 0xf7,
	0xe2, 0x28, 0x84, 0x92, 0x3a, 0xe9, 0x79, 0xe0, 0x30, 0x1f, 0xfe, 0x18, 0x40, 0xf2, 0xc4, 0x30, 0x9f, 0xfe, 0x03, 0x00, 0x00, 0x00, 0x00, 0x00,
	0x00, 0x01, 0xfb, 0xe5, 0xa0, 0x15, 0x80, 0x76, 0x00, 0x6f, 0xe3, 0x05, 0x1f, 0xa4, 0x42, 0x91, 0xfa, 0x54, 0x29, 0x50, 0xe6, 0x7d, 0x18, 0x00,
	0x00, 0x00, 0x00, 0x10, 0xe3, 0xf6, 0x41, 0x30, 0x9e, 0xef, 0x48, 0x89, 0xea, 0xa4, 0x9b, 0x9e, 0x22, 0x11, 0x99, 0xfa, 0xa1, 0x08, 0x84, 0x66,
	0x00, 0x00, 0x00, 0x00, 0x00, 0x00, 0x7f, 0xf8, 0x51, 0x25, 0x66, 0x9f, 0x5a, 0x39, 0x59, 0xf1, 0x2f, 0xcc, 0x95, 0x56, 0x57, 0x69, 0xf1, 0x25,
	0x44, 0x9f, 0x7e, 0x00, 0x00, 0x00, 0x00, 0x00, 0x00, 0x7d, 0xf8, 0xdb, 0x21, 0xe6, 0x9f, 0xfe, 0x3f, 0xf0, 0xff, 0xc3, 0xff, 0x02, 0x10, 0x3f,
	0xf1, 0xff, 0xe0, 0xcc, 0x1c, 0x0e, 0x00, 0x00, 0x00, 0x00, 0x00, 0x00, 0x2b, 0xb9, 0xa2, 0x26, 0xbb, 0x9a, 0x22, 0x23, 0x39, 0xef, 0xe3, 0x62,
	0x17, 0xfe, 0x52, 0x21, 0x6f, 0xe7, 0x22, 0x10, 0xfe, 0x00, 0x00, 0x00, 0x00, 0x00, 0x00, 0x02, 0x00, 0x08, 0x23, 0xfd, 0x00, 0x88, 0x02, 0xc1,
	0xff, 0xe0, 0x60, 0x07, 0x0c, 0x71, 0xc0, 0x78, 0x01, 0x01, 0x84, 0x06, 0x0f, 0xf0, 0x00, 0x00, 0x00, 0x00, 0x02, 0x00, 0x08, 0x63, 0xff, 0x00,
	0x98, 0x7f, 0xf8, 0x0c, 0x01, 0xc3, 0x9f, 0xf0, 0x10, 0x00, 0x7f, 0xc3, 0x01, 0x00, 0x0c, 0x01, 0xe0, 0x00, 0x00, 0x00, 0x00, 0x02, 0x00, 0x08,
	0x63, 0xff, 0x00, 0x98, 0x02, 0xc1, 0xf4, 0xe0, 0x60, 0x0f, 0xfc, 0x50, 0x10, 0x7f, 0xc1, 0x01, 0x04, 0x04, 0x1f, 0xf0, 0x00, 0x00, 0x00, 0x00,
	0x00, 0x01, 0xff, 0xe0, 0x20, 0x00, 0x80, 0x3f, 0xf0, 0x92, 0x42, 0x49, 0x09, 0x24, 0x24, 0x90, 0x92, 0x42, 0x49, 0x09, 0x24, 0x20, 0x30, 0x00,
	0x00, 0x00, 0x00, 0x7f, 0x18, 0x40, 0x61, 0x0f, 0xdf, 0x86, 0x5a, 0x99, 0x6a, 0x65, 0xa5, 0x96, 0x96, 0x5a, 0x19, 0x68, 0x65, 0xa1, 0x91, 0x9c,
	0x00, 0x00, 0x00, 0x00, 0x00, 0x00, 0x10, 0x91, 0xf2, 0x41, 0x3f, 0x9f, 0x24, 0x10, 0x90, 0x42, 0x47, 0xc9, 0x0e, 0xfe, 0x34, 0x91, 0x54, 0x45,
	0x11, 0x04, 0x84, 0x00, 0x00, 0x00, 0x00, 0x00, 0x00, 0x10, 0x19, 0xf7, 0x81, 0x08, 0x1f, 0x26, 0x13, 0xe0, 0x42, 0x07, 0xc8, 0x8e, 0xfc, 0x34,
	0x81, 0x52, 0x29, 0x08, 0x84, 0x1e, 0x00, 0x00, 0x00, 0x00, 0x00, 0x00, 0x00, 0x01, 0xff, 0xe1, 0x02, 0x04, 0x08, 0x1f, 0xe0, 0x40, 0x81, 0x02,
	0x07, 0xf8, 0x10, 0x20, 0x40, 0xa1, 0xff, 0x18, 0x08, 0x00, 0x20, 0x00, 0x00, 0x00, 0x00, 0x00, 0x01, 0xfb, 0xe4, 0x48, 0x91, 0x22, 0x7c, 0x91,
	0x12, 0x44, 0x49, 0x1f, 0x22, 0x44, 0x89, 0x12, 0x27, 0xc8, 0x81, 0x2c, 0x04, 0x80, 0x00, 0x00, 0x00, 0x00, 0xfc, 0x41, 0x2f, 0xe4, 0xa4, 0x9e,
	0x92, 0x4a, 0x49, 0x23, 0x07, 0x8c, 0x12, 0x32, 0x49, 0x49, 0xe5, 0x20, 0xa4, 0x83, 0x1e, 0x00, 0x00, 0x00, 0x00, 0x00, 0x00, 0x00, 0x01, 0xff,
	0xe2, 0x28, 0x8f, 0xa2, 0x22, 0x88, 0xfa, 0x27, 0xef, 0x80, 0x80, 0x3f, 0xf0, 0x0c, 0x03, 0xff, 0x00, 0xc0, 0x7f, 0xf8, 0x00, 0x00, 0x00, 0x00,
	0x00, 0x01, 0xf7, 0xe4, 0x50, 0x9f, 0x7e, 0x45, 0x09, 0xf7, 0xe4, 0x00, 0x93, 0xf2, 0x4f, 0xc9, 0x21, 0x24, 0xfc, 0x97, 0xf2, 0x40, 0x78, 0x00,
	0x00, 0x00, 0x00, 0xf9, 0x21, 0x48, 0x45, 0x48, 0x9c, 0x64, 0x51, 0x11, 0x5f, 0xe7, 0x08, 0x94, 0x50, 0x55, 0x09, 0xd4, 0x61, 0xd1, 0xc4, 0x7c,
	0x00, 0x00, 0x00, 0x00, 0x00, 0x00, 0xfa, 0x21, 0x55, 0xa5, 0x57, 0x1c, 0xce, 0x54, 0xa9, 0x7f, 0xf7, 0x08, 0x15, 0x2a, 0x54, 0xa9, 0xdc, 0xe1,
	0x12, 0x85, 0x88, 0x00, 0x00, 0x00, 0x00, 0x00, 0x00, 0x00, 0x03, 0xe3, 0x05, 0x7f, 0x94, 0x30, 0x77, 0xf9, 0x54, 0xa5, 0x52, 0x9d, 0xfe, 0x50,
	0x81, 0x55, 0xa7, 0x50, 0x85, 0x46, 0x11, 0xf0, 0x00, 0x00, 0x00, 0x00, 0x00, 0x03, 0xe4, 0xc5, 0x7e, 0x95, 0x2a, 0x72, 0xa1, 0x5f, 0xe5, 0x02,
	0x9d, 0xea, 0x54, 0xa9, 0x5e, 0x47, 0x4b, 0x45, 0xf6, 0x14, 0x88, 0x00, 0x00, 0x00, 0x00, 0x7f, 0xf8, 0x93, 0xe5, 0x9f, 0x9f, 0x7e, 0x7d, 0xf9,
	0xf7, 0xf4, 0xcf, 0x9f, 0xfe, 0x3f, 0xf0, 0x80, 0xc3, 0xff, 0x9f, 0xfc, 0x00, 0x00, 0x00, 0x00, 0x00, 0x00, 0x00, 0x01, 0xfb, 0xe0, 0x11, 0x1f,
	0xb8, 0x7f, 0xe1, 0x0c, 0x65, 0xff, 0x1f, 0xfe, 0x03, 0x10, 0xff, 0x83, 0xff, 0x1f, 0xfe, 0x03, 0x00, 0x00, 0x00, 0x00, 0x00, 0x00, 0x00, 0x08,
	0x07, 0xff, 0x90, 0x82, 0x47, 0x89, 0x31, 0x25, 0x22, 0x90, 0xc2, 0x44, 0x89, 0x61, 0xa5, 0x02, 0x90, 0x02, 0x40, 0x78, 0x00, 0x00, 0x00, 0x00,
	0x78, 0x81, 0x12, 0x04, 0x48, 0x1f, 0x7e, 0x44, 0x89, 0x12, 0x24, 0x48, 0x9f, 0x22, 0x45, 0x89, 0x14, 0x24, 0x70, 0x97, 0x9c, 0x00, 0x00, 0x00,
	0x00, 0x00, 0x00, 0x00, 0x01, 0xe7, 0xc4, 0x91, 0x12, 0x44, 0x79, 0x11, 0x24, 0x44, 0x91, 0x12, 0x44, 0x7b, 0x15, 0x28, 0x54, 0xa1, 0x52, 0x85,
	0x5c, 0x18, 0x00, 0x00, 0x00, 0x00, 0x23, 0x10, 0xcc, 0xc1, 0x32, 0x00, 0xc0, 0x3c, 0xf0, 0x80, 0x43, 0xff, 0x08, 0x04, 0x3f, 0xf0, 0x80, 0x42,
	0x01, 0x08, 0x3c, 0x00, 0x00, 0x00, 0x00, 0x00, 0x00, 0x3c, 0x11, 0x10, 0x44, 0x7f, 0x9f, 0x04, 0x45, 0x11, 0x16, 0x44, 0x49, 0x1f, 0x24, 0x44,
	0x11, 0x10, 0x44, 0x41, 0x17, 0x3c, 0x00, 0x00, 0x00, 0x00, 0x00, 0x00, 0x00, 0x01, 0xf7, 0xe4, 0x42, 0x11, 0x08, 0x7c, 0x21, 0x10, 0x84, 0x7f,
	0x91, 0x08, 0x7c, 0x21, 0x10, 0x84, 0x42, 0x11, 0x08, 0x5c, 0x20, 0x00, 0x00, 0x00, 0x00, 0x00, 0x01, 0xe7, 0x84, 0x92, 0x12, 0x49, 0x7b, 0x25,
	0x28, 0xe4, 0xbf, 0x92, 0x02, 0x79, 0x11, 0x26, 0x84, 0x84, 0x12, 0x6c, 0x5a, 0x08, 0x00, 0x00, 0x00, 0x00, 0x78, 0x41, 0x3f, 0xe4, 0x84, 0x1e,
	0x10, 0x4b, 0xf9, 0x20, 0x24, 0xb1, 0x9e, 0x44, 0x48, 0xa1, 0x21, 0x84, 0x9b, 0x1f, 0x82, 0x00, 0x00, 0x00, 0x00, 0x00, 0x00, 0x00, 0x01, 0xef,
	0xe4, 0xa4, 0x92, 0x92, 0x7a, 0x49, 0x29, 0x24, 0xbf, 0x92, 0x82, 0x7a, 0x01, 0x28, 0x34, 0xa0, 0x92, 0x82, 0x3b, 0xf8, 0x00, 0x00, 0x00, 0x00,
	0x00, 0x01, 0xff, 0xe0, 0x00, 0x0f, 0xfc, 0x20, 0x10, 0xff, 0xc2, 0x00, 0x0b, 0xfe, 0x28, 0x18, 0xbf, 0xe6, 0xff, 0x92, 0x06, 0x48, 0x70, 0x00,
	0x00, 0x00, 0x00, 0x00, 0x01, 0xe2, 0x04, 0xbf, 0x92, 0x20, 0x78, 0x81, 0x26, 0x04, 0x9f, 0x92, 0x42, 0x79, 0x09, 0x24, 0x24, 0x90, 0x92, 0x84,
	0x5a, 0xf0, 0x00, 0x00, 0x00, 0x00, 0x00, 0x00, 0x47, 0xc1, 0x10, 0x04, 0x40, 0x7f, 0xf8, 0x00, 0x03, 0xff, 0x08, 0x04, 0x3f, 0xf0, 0x80, 0x43,
	0xff, 0x08, 0x04, 0x20, 0xf0, 0x00, 0x00, 0x00, 0x00, 0x00, 0x01, 0xe2, 0x04, 0x98, 0x12, 0xfe, 0x79, 0x01, 0x25, 0x04, 0x94, 0x12, 0x50, 0x79,
	0x51, 0x29, 0x24, 0xa8, 0x93, 0xae, 0x7d, 0xc8, 0x00, 0x00, 0x00, 0x00, 0x00, 0x00, 0x0c, 0x07, 0xff, 0x82, 0x08, 0x7f, 0xf0, 0x00, 0x23, 0xff,
	0x08, 0x04, 0x3f, 0xf0, 0x80, 0x43, 0xff, 0x08, 0x04, 0x20, 0xf0, 0x00, 0x00, 0x00, 0x00, 0x00, 0x00, 0x7b, 0x80, 0x3c, 0x0f, 0x0c, 0x04, 0x01,
	0xef, 0xe1, 0x80, 0x0d, 0xfc, 0x7f, 0xf1, 0x40, 0x41, 0xff, 0x04, 0x04, 0x10, 0xf0, 0x00, 0x00, 0x00, 0x00, 0x78, 0x41, 0x3f, 0xe4, 0x84, 0x1e,
	0x10, 0x4b, 0xf9, 0x29, 0x24, 0xa4, 0x9e, 0x92, 0x4a, 0x49, 0x29, 0x24, 0xa7, 0x8e, 0x10, 0x00, 0x00, 0x00, 0x00, 0x00, 0x00, 0x7f, 0xf9, 0x0c,
	0x27, 0xff, 0x90, 0xc2, 0x3f, 0xf0, 0xff, 0xc2, 0x01, 0x0f, 0xfc, 0x20, 0x10, 0xff, 0xc2, 0x01, 0x08, 0x3c, 0x00, 0x00, 0x00, 0x00, 0x00, 0x00,
	0x00, 0x01, 0xef, 0xe4, 0xa0, 0x92, 0x82, 0x7a, 0x09, 0x2f, 0xe4, 0xa0, 0x92, 0x82, 0x7a, 0x09, 0x2f, 0xc4, 0x80, 0x12, 0x00, 0x3f, 0xf8, 0x00,
	0x00, 0x00, 0x00, 0x04, 0x99, 0xf3, 0x80, 0x48, 0x9f, 0x3e, 0x00, 0x00, 0xff, 0xc2, 0x01, 0x0f, 0xfc, 0x20, 0x10, 0xff, 0xc2, 0x01, 0x08, 0x3c,
	0x00, 0x00, 0x00, 0x00, 0x00, 0x00, 0x78, 0x81, 0x22, 0x44, 0x91, 0x1e, 0x42, 0x4b, 0xf9, 0x20, 0x04, 0xbf, 0x9e, 0x82, 0x4a, 0x09, 0x28, 0x24,
	0xa0, 0x96, 0xfe, 0x00, 0x00, 0x00, 0x00, 0x00, 0x00, 0x00, 0x01, 0xe8, 0x04, 0xbf, 0x92, 0x82, 0x7d, 0xe9, 0x20, 0xa4, 0x82, 0x92, 0xfa, 0x7a,
	0x39, 0x28, 0x04, 0xa0, 0xd2, 0x82, 0x7b, 0xf8, 0x00, 0x00, 0x00, 0x00, 0x10, 0xf8, 0x42, 0x27, 0xe8, 0x84, 0x3e, 0x10, 0x89, 0xf2, 0x24, 0x48,
	0x91, 0x7e, 0x45, 0x09, 0x14, 0x27, 0xd0, 0x90, 0x8e, 0x00, 0x00, 0x00, 0x00, 0x00, 0x00, 0x26, 0x10, 0xf2, 0x42, 0xd1, 0x09, 0x94, 0x27, 0xd0,
	0xa0, 0x42, 0xf9, 0x16, 0x15, 0x5f, 0xd5, 0x7f, 0x55, 0x85, 0x56, 0x66, 0x00, 0x00, 0x00, 0x00, 0x00, 0x00, 0x00, 0x01, 0xef, 0xe4, 0xc0, 0x93,
	0x7a, 0x7c, 0x09, 0x30, 0x24, 0xde, 0x93, 0x4a, 0x7d, 0x29, 0x34, 0xa4, 0xdc, 0x93, 0x02, 0x3c, 0x38, 0x00, 0x00, 0x00, 0x00, 0x00, 0x01, 0xe8,
	0x04, 0xbf, 0x93, 0x82, 0x7c, 0x49, 0x3d, 0xa4, 0xca, 0x93, 0x3a, 0x7d, 0x69, 0x30, 0xa4, 0xfc, 0x92, 0x02, 0x78, 0x70, 0x00, 0x00, 0x00, 0x00,
	0x30, 0x88, 0x92, 0xc6, 0x6c, 0x1e, 0xa2, 0x7c, 0x89, 0x09, 0xc4, 0x68, 0x9e, 0xac, 0x42, 0xc1, 0xfa, 0x24, 0x28, 0x93, 0x3e, 0x00, 0x00, 0x00,
	0x00, 0x00, 0x00, 0x7a, 0x19, 0x2f, 0x84, 0xa0, 0x9e, 0x82, 0x4b, 0xf1, 0x20, 0x04, 0xbf, 0x9e, 0x82, 0x4b, 0xf9, 0x28, 0x24, 0xa0, 0x8e, 0xfe,
	0x00, 0x00, 0x00, 0x00, 0x00, 0x00, 0x01, 0x00, 0xff, 0xc0, 0xc1, 0x0c, 0x38, 0x7f, 0xf8, 0x8b, 0x24, 0xd3, 0x0f, 0xfc, 0x20, 0x10, 0xff, 0xc3,
	0xff, 0x08, 0x04, 0x20, 0xf0, 0x00, 0x00, 0x00, 0x00, 0x01, 0x01, 0xc7, 0x85, 0x22, 0x14, 0x98, 0x77, 0x99, 0x58, 0x05, 0x6f, 0x15, 0xa4, 0x74,
	0x91, 0x52, 0xc5, 0x48, 0xd5, 0x22, 0x34, 0xf8, 0x00, 0x00, 0x00, 0x00, 0x00, 0x01, 0xc2, 0x05, 0x3f, 0x94, 0x62, 0x73, 0x09, 0x50, 0xc5, 0x22,
	0x15, 0xfe, 0x72, 0xa9, 0x4a, 0xa5, 0x4a, 0x95, 0x2a, 0xb7, 0x58, 0x00, 0x00, 0x00, 0x00, 0x78, 0x79, 0x2e, 0x04, 0xa0, 0x9e, 0xfc, 0x4a, 0xa1,
	0x2a, 0xa4, 0xab, 0x1e, 0xa4, 0x4c, 0x91, 0x32, 0x44, 0xc8, 0x9f, 0x22, 0x00, 0x00, 0x00, 0x00, 0x00, 0x00, 0x7b, 0x78, 0x0c, 0x07, 0x4b, 0x83,
	0x30, 0x10, 0x61, 0xff, 0xe3, 0x03, 0x0f, 0xfc, 0x30, 0x30, 0xff, 0xc3, 0x03, 0x08, 0x3c, 0x00, 0x00, 0x00, 0x00, 0x00, 0x00, 0x71, 0x39, 0x5e,
	0xa5, 0x12, 0x9c, 0x4a, 0x51, 0x29, 0x5f, 0xa5, 0x22, 0x9c, 0xaa, 0x52, 0xa9, 0x4a, 0xa5, 0x76, 0x2c, 0x18, 0x00, 0x00, 0x00, 0x00, 0x00, 0x00,
	0x79, 0x11, 0x24, 0xc4, 0xbf, 0x9e, 0x82, 0x4a, 0x09, 0x28, 0x24, 0xbf, 0x1e, 0x28, 0x49, 0xa5, 0x24, 0x94, 0xb2, 0x97, 0x8e, 0x00, 0x00, 0x00,
	0x00, 0x00, 0x00, 0x7c, 0x89, 0x2a, 0x24, 0xa5, 0x1e, 0x84, 0x48, 0x01, 0x3c, 0xa4, 0xea, 0x9f, 0x92, 0x4e, 0xa9, 0x3c, 0x64, 0xe0, 0x9f, 0xfe,
	0x00, 0x00, 0x00, 0x00, 0x00, 0x00, 0x00, 0x01, 0xef, 0xe4, 0xa0, 0x12, 0xfe, 0x7a, 0x01, 0x2f, 0xe4, 0xa0, 0x13, 0xfe, 0x7a, 0x89, 0x29, 0x64,
	0xa7, 0x12, 0x9c, 0x7f, 0x88, 0x00, 0x00, 0x00, 0x00, 0x7f, 0xf9, 0xf2, 0x24, 0x25, 0x1f, 0x18, 0x7f, 0x99, 0x00, 0x03, 0xff, 0x0f, 0xfc, 0x20,
	0x10, 0xff, 0xc2, 0x01, 0x08, 0x3c, 0x00, 0x00, 0x00, 0x00, 0x00, 0x00, 0x01, 0x00, 0xff, 0xe4, 0x00, 0x13, 0xfe, 0x58, 0x11, 0x26, 0x44, 0x87,
	0x17, 0xfc, 0x51, 0x89, 0x59, 0xa5, 0x18, 0x95, 0x9a, 0x10, 0x78, 0x00, 0x00, 0x00, 0x00, 0x00, 0x01, 0xc1, 0x05, 0x7f, 0x95, 0x3a, 0x75, 0x61,
	0x45, 0xa5, 0x63, 0x94, 0x00, 0x77, 0xf9, 0x41, 0x05, 0x04, 0x14, 0x10, 0x37, 0xf8, 0x00, 0x00, 0x00, 0x00, 0x00, 0x01, 0xc3, 0x05, 0x7f, 0x95,
	0x02, 0x77, 0xf9, 0x4b, 0x25, 0x4c, 0x95, 0xb2, 0x71, 0xd9, 0x45, 0x05, 0x34, 0x55, 0x91, 0x34, 0x78, 0x00, 0x00, 0x00, 0x00, 0x77, 0xf9, 0x43,
	0x05, 0x7f, 0x9c, 0x30, 0x57, 0xf9, 0x53, 0x25, 0x7f, 0x9d, 0xfe, 0x50, 0xc1, 0x5f, 0xe5, 0x0c, 0x0d, 0xfe, 0x00, 0x00, 0x00, 0x00, 0x00, 0x00,
	0x00, 0x01, 0xdf, 0xe5, 0x12, 0x15, 0xfe, 0x75, 0x29, 0x54, 0xa5, 0x2d, 0x15, 0xfe, 0x71, 0x11, 0x48, 0xc5, 0x5e, 0x14, 0x6c, 0x36, 0x08, 0x00,
	0x00, 0x00, 0x00, 0x00, 0x01, 0xef, 0xe4, 0xa0, 0x92, 0xfe, 0x7a, 0x09, 0x2f, 0xc4, 0xff, 0x92, 0x40, 0x7b, 0xf9, 0x32, 0xa4, 0xb4, 0x93, 0xb2,
	0x79, 0xb0, 0x00, 0x00, 0x00, 0x00, 0x00, 0x01, 0xef, 0xe4, 0xa0, 0x13, 0xfe, 0x7e, 0x09, 0x2f, 0xe4, 0xa0, 0x92, 0xfc, 0x7b, 0xf9, 0x3c, 0x44,
	0x8a, 0x12, 0x38, 0x3f, 0x18, 0x00, 0x00, 0x00, 0x00, 0x00, 0x41, 0xe3, 0x04, 0xbf, 0x92, 0x82, 0x7b, 0xf9, 0x28, 0x24, 0xbf, 0x92, 0x10, 0x7f,
	0xe9, 0x25, 0xc4, 0x95, 0x13, 0x92, 0x3d, 0xc0, 0x00, 0x00, 0x00, 0x00, 0x00, 0x01, 0xd3, 0xe5, 0x48, 0x94, 0xbe, 0x70, 0x89, 0x42, 0x25, 0x4f,
	0x95, 0xaa, 0x76, 0xb1, 0x5a, 0x45, 0x7c, 0x95, 0x80, 0x39, 0xfc, 0x00, 0x00, 0x00, 0x00, 0x00, 0x01, 0xff, 0xe1, 0xfe, 0x08, 0x04, 0x1f, 0xe1,
	0xff, 0xe5, 0xfe, 0x87, 0xf8, 0x3f, 0xf0, 0x80, 0x43, 0xff, 0x0f, 0xfc, 0x20, 0xf0, 0x00, 0x00, 0x00, 0x00, 0x02, 0x00, 0x0f, 0xc3, 0xff, 0x89,
	0xf4, 0x3f, 0xf8, 0xbf, 0xe3, 0x08, 0x8f, 0xfe, 0x6f, 0x71, 0x3f, 0xe4, 0xff, 0x93, 0xfe, 0x08, 0x78, 0x00, 0x00, 0x00, 0x00, 0x71, 0x21, 0x5f,
	0xe5, 0x13, 0x1d, 0xb2, 0x57, 0xf9, 0x50, 0x25, 0x40, 0x9c, 0xfc, 0x57, 0xf9, 0x43, 0x05, 0x12, 0x0d, 0x86, 0x00, 0x00, 0x00, 0x00, 0x00, 0x00,
	0x00, 0x81, 0xc3, 0x05, 0x7f, 0x94, 0x7c, 0x76, 0xc9, 0x43, 0x05, 0x12, 0x15, 0xa6, 0x72, 0xd1, 0x4f, 0xc5, 0x1e, 0x15, 0xb6, 0x31, 0x80, 0x00,
	0x00, 0x00, 0x00, 0x71, 0x09, 0x5f, 0x65, 0x12, 0x1d, 0xe0, 0x50, 0x09, 0x5e, 0x45, 0x4a, 0x1d, 0xe0, 0x54, 0x89, 0x52, 0x65, 0x1f, 0x0d, 0xd8,
	0x00, 0x00, 0x00, 0x00, 0x00, 0x00, 0x01, 0x11, 0xc4, 0xc5, 0x7f, 0x94, 0xfe, 0x70, 0x41, 0x5f, 0xe5, 0x04, 0x14, 0x54, 0x77, 0xf9, 0x4f, 0xc5,
	0x40, 0x95, 0x02, 0x37, 0xf8, 0x00, 0x00, 0x00, 0x00, 0x77, 0xf9, 0x54, 0xa5, 0x7f, 0x9d, 0x4a, 0x52, 0xd1, 0x5f, 0xe5, 0x7f, 0x9d, 0x00, 0x57,
	0xf9, 0x55, 0x25, 0x93, 0x0f, 0xe6, 0x00, 0x00, 0x00, 0x00, 0x00, 0x00, 0x00, 0x01, 0xc2, 0x05, 0x7f, 0x94, 0x48, 0x77, 0xf9, 0x4f, 0xc5, 0x40,
	0x95, 0xfe, 0x74, 0x09, 0x4f, 0xc5, 0x5c, 0x95, 0x46, 0x39, 0xf4, 0x00, 0x00, 0x00, 0x00, 0x77, 0xf9, 0x44, 0x85, 0x02, 0x9d, 0xfe, 0x55, 0xe9,
	0x5a, 0xa5, 0x7e, 0x9d, 0x9c, 0x57, 0xd1, 0x5a, 0xd5, 0x7f, 0x4e, 0x12, 0x00, 0x00, 0x00, 0x00, 0x00, 0x00, 0x00, 0x00, 0xff, 0xe2, 0x10, 0x08,
	0x40, 0x21, 0x00, 0xfb, 0xc2, 0x01, 0x08, 0x04, 0x3f, 0xf0, 0x84, 0x02, 0x10, 0x08, 0x40, 0x3f, 0xf0, 0x00, 0x00, 0x00, 0x00, 0x7f, 0x21, 0x20,
	0x84, 0x82, 0x12, 0x08, 0x76, 0x21, 0x09, 0x84, 0x26, 0x1f, 0x98, 0x48, 0xd1, 0x22, 0x44, 0x98, 0x9f, 0xc0, 0x00, 0x00, 0x00, 0x00, 0x00, 0x00,
	0x01, 0x01, 0xf7, 0xe5, 0x20, 0x15, 0xfc, 0x51, 0x11, 0xa4, 0x44, 0x9f, 0x12, 0x66, 0x7a, 0xa9, 0x4a, 0xa5, 0x2a, 0x94, 0xaa, 0x7b, 0xb8, 0x00,
	0x00, 0x00, 0x00, 0x00, 0x00, 0x08, 0x03, 0xff, 0x08, 0x04, 0x20, 0x10, 0xff, 0xc2, 0x01, 0x08, 0x04, 0x3f, 0xf0, 0x80, 0x42, 0x01, 0x0f, 0xfc,
	0x20, 0x10, 0x00, 0x00, 0x00, 0x00, 0x02, 0x00, 0x08, 0x03, 0xff, 0x08, 0x04, 0x3f, 0xf0, 0x80, 0x43, 0xff, 0x0f, 0xfc, 0x03, 0x01, 0xff, 0xe0,
	0x30, 0x03, 0x30, 0x70, 0x38, 0x00, 0x00, 0x00, 0x00, 0x00, 0x01, 0xff, 0xe0, 0x40, 0x03, 0x18, 0x08, 0x20, 0x7f, 0xc2, 0x00, 0x80, 0xc0, 0x3f,
	0xf0, 0x0c, 0x00, 0x30, 0x00, 0xc0, 0x7f, 0xf8, 0x00, 0x00, 0x00, 0x00, 0x7e, 0x80, 0x42, 0x01, 0x5f, 0x89, 0xe6, 0x7f, 0x90, 0x0a, 0x40, 0x8d,
	0x1f, 0x98, 0x08, 0x60, 0x29, 0x81, 0xd9, 0x98, 0x82, 0x00, 0x00, 0x00, 0x00, 0x00, 0x00, 0x06, 0x00, 0xe3, 0xc2, 0x01, 0x08, 0x04, 0x20, 0x10,
	0x80, 0x43, 0xcf, 0x08, 0x04, 0x20, 0x10, 0x80, 0x43, 0xff, 0x08, 0x04, 0x00, 0x00, 0x00, 0x00, 0x00, 0x00, 0x00, 0x00, 0xff, 0xe4, 0x84, 0x93,
	0xf2, 0x78, 0x79, 0x2d, 0x24, 0xd4, 0x9f, 0x5e, 0x4b, 0x49, 0x21, 0x27, 0xff, 0x86, 0x18, 0x60, 0x18, 0x00, 0x00, 0x00, 0x00, 0x00, 0xf0, 0xfc,
	0x00, 0x30, 0x00, 0xc0, 0x7f, 0xf8, 0x0c, 0x03, 0xff, 0x08, 0x04, 0x20, 0x10, 0x80, 0x43, 0xff, 0x08, 0x04, 0x00, 0x00, 0x00, 0x00, 0x00, 0x00,
	0x07, 0x80, 0x21, 0x03, 0x33, 0x17, 0xfa, 0x03, 0x01, 0xff, 0xe0, 0x00, 0x07, 0xf8, 0x20, 0x10, 0x80, 0x42, 0x01, 0x0f, 0xfc, 0x00, 0x00, 0x00,
	0x00, 0x00, 0x00, 0x00, 0x10, 0xe1, 0x26, 0x5f, 0xb4, 0x10, 0x7d, 0xf8, 0x45, 0x21, 0x1f, 0x9b, 0x52, 0x01, 0x49, 0xf7, 0xe4, 0x54, 0x91, 0x52,
	0x7d, 0x58, 0x00, 0x00, 0x00, 0x00, 0x00, 0x40, 0xe1, 0x06, 0x5f, 0x91, 0x7e, 0x39, 0x18, 0x44, 0x67, 0xff, 0x04, 0x40, 0x7d, 0xf9, 0x14, 0x24,
	0x50, 0x91, 0x42, 0x7d, 0xf8, 0x00, 0x00, 0x00, 0x00, 0x00, 0x00, 0x40, 0x41, 0xe1, 0x08, 0xbe, 0x22, 0x11, 0xca, 0x45, 0xe9, 0x03, 0x64, 0x0d,
	0x10, 0x27, 0xe1, 0x11, 0x08, 0x04, 0x40, 0x10, 0x00, 0x00, 0x00, 0x00, 0x3f, 0xf0, 0x48, 0x81, 0x92, 0x1f, 0xfe, 0x50, 0x29, 0x78, 0x82, 0x3f,
	0x9d, 0xe8, 0x4d, 0xa0, 0x3f, 0xe1, 0x82, 0x18, 0x08, 0x00, 0x00, 0x00, 0x00, 0x00, 0x00, 0x10, 0x00, 0xff, 0xe7, 0x4b, 0x0d, 0x2c, 0x7f, 0xf8,
	0xd2, 0xc7, 0xff, 0x84, 0x08, 0x2f, 0xf9, 0x4a, 0x80, 0xca, 0x02, 0xfe, 0x70, 0x20, 0x00, 0x00, 0x00, 0x00, 0x00, 0x00, 0x08, 0x01, 0xff, 0x05,
	0x04, 0x13, 0x10, 0x42, 0x43, 0x01, 0x1f, 0xfe, 0x32, 0x10, 0x88, 0x42, 0x21, 0x18, 0x04, 0x40, 0xf0, 0x00, 0x00, 0x00, 0x00, 0x10, 0x00, 0x41,
	0x07, 0xdf, 0x95, 0x00, 0x54, 0xe1, 0x32, 0x44, 0xe9, 0x1d, 0x24, 0x54, 0x91, 0x56, 0x55, 0x51, 0x51, 0x45, 0x4d, 0x18, 0x00, 0x00, 0x00, 0x00,
	0x10, 0x00, 0x43, 0x87, 0xc9, 0x15, 0x65, 0x55, 0x15, 0x1c, 0x64, 0xff, 0xbd, 0x02, 0x55, 0x91, 0x52, 0xc5, 0x46, 0x11, 0x3c, 0x9f, 0x08, 0x00,
	0x00, 0x00, 0x00, 0x10, 0x00, 0x41, 0x07, 0xdf, 0x95, 0x42, 0x55, 0x89, 0x16, 0x64, 0xfb, 0x3d, 0x70, 0x55, 0x81, 0x56, 0x25, 0x58, 0x91, 0x62,
	0x9c, 0xf8, 0x00, 0x00, 0x00, 0x00, 0x10, 0x00, 0x41, 0x87, 0xc4, 0x15, 0x7e, 0x55, 0x09, 0x14, 0x24, 0xf0, 0xbd, 0x7e, 0x55, 0x09, 0x54, 0x25,
	0x50, 0x91, 0x7e, 0x9d, 0x08, 0x00, 0x00, 0x00, 0x00, 0x10, 0x00, 0x41, 0x07, 0xff, 0x91, 0x10, 0x54, 0x81, 0x5e, 0x44, 0xd3, 0x3d, 0x28, 0x54,
	0xd1, 0x53, 0x45, 0x48, 0x91, 0x5e, 0x9f, 0x88, 0x00, 0x00, 0x00, 0x00, 0x10, 0x00, 0x41, 0x47, 0xc9, 0x15, 0x24, 0x54, 0x89, 0x34, 0x24, 0xe0,
	0x1d, 0x7e, 0x55, 0x09, 0x54, 0x25, 0x50, 0x91, 0x7e, 0x4d, 0x08, 0x00, 0x00, 0x00, 0x00, 0x00, 0x00, 0x9c, 0x67, 0x9f, 0x1a, 0x8c, 0x6a, 0x31,
	0x39, 0xe5, 0x93, 0x1b, 0x4c, 0x6d, 0x31, 0xa8, 0xc6, 0xa7, 0xa3, 0xe0, 0x9c, 0x78, 0x00, 0x00, 0x00, 0x00, 0x00, 0x00, 0x9e, 0x87, 0xd3, 0x9b,
	0xe8, 0x6c, 0xc1, 0x3e, 0xe5, 0xd0, 0x1b, 0xa0, 0x68, 0x01, 0xaf, 0xe6, 0xaa, 0xa2, 0xaa, 0x9f, 0xfc, 0x00, 0x00, 0x00, 0x00, 0x00, 0x00, 0xff,
	0xc2, 0x01, 0x08, 0x04, 0x3f, 0xf0, 0x80, 0x43, 0xff, 0x08, 0x82, 0x23, 0x10, 0x85, 0x82, 0x0c, 0x09, 0xdc, 0x78, 0x18, 0x00, 0x00, 0x00, 0x00,
	0x00, 0x00, 0x0c, 0x03, 0xff, 0x08, 0x04, 0x3f, 0xf0, 0x80, 0x42, 0x01, 0x0f, 0xf8, 0x23, 0x18, 0x84, 0xc2, 0x0c, 0x09, 0xdc, 0x78, 0x18, 0x00,
	0x00, 0x00, 0x00, 0x08, 0x00, 0x3f, 0x01, 0x0c, 0x0c, 0x60, 0x7f, 0xf0, 0x84, 0x42, 0x11, 0x0f, 0xfc, 0x20, 0x10, 0x80, 0x02, 0x00, 0x88, 0x06,
	0x3f, 0xf0, 0x00, 0x00, 0x00, 0x00, 0x00, 0x41, 0xf9, 0xc5, 0xa9, 0x1f, 0xa4, 0x5b, 0xf9, 0xfa, 0xa7, 0xea, 0x80, 0x3e, 0x7e, 0x89, 0x0a, 0x03,
	0xc8, 0x49, 0x23, 0x7e, 0xf8, 0x00, 0x00, 0x00, 0x00, 0x00, 0x00, 0x21, 0x07, 0xff, 0x82, 0x10, 0x00, 0x00, 0xff, 0xc0, 0x10, 0x00, 0x40, 0x7f,
	0xf8, 0x04, 0x00, 0x10, 0x00, 0x40, 0x0f, 0x00, 0x00, 0x00, 0x00, 0x00, 0x08, 0x41, 0xff, 0xe0, 0x84, 0x00, 0xc0, 0x3f, 0xf0, 0x0c, 0x07, 0xff,
	0x80, 0xc0, 0x07, 0x80, 0x33, 0x01, 0x86, 0x18, 0x06, 0x00, 0x00, 0x00, 0x00, 0x00, 0x00, 0x00, 0x00, 0x21, 0x07, 0xff, 0x82, 0x10, 0x03, 0x00,
	0xff, 0xc0, 0x03, 0x00, 0x18, 0x00, 0xc0, 0xcc, 0x03, 0xc0, 0x19, 0x80, 0x41, 0xf8, 0x00, 0x00, 0x00, 0x00, 0x08, 0x41, 0xff, 0xe0, 0x84, 0x00,
	0xc0, 0x0c, 0xc0, 0x61, 0x86, 0x05, 0x92, 0x12, 0x08, 0x40, 0x21, 0x01, 0x04, 0x18, 0x10, 0x00, 0x00, 0x00, 0x00, 0x00, 0x00, 0x08, 0x41, 0xff,
	0xe0, 0x84, 0x1f, 0xfe, 0x00, 0x00, 0x7f, 0xc1, 0x01, 0x0c, 0x04, 0x3f, 0xf0, 0x80, 0x42, 0x00, 0x10, 0x00, 0x00, 0x00, 0x00, 0x00, 0x00, 0x00,
	0x00, 0x00, 0x21, 0x07, 0xff, 0x82, 0x10, 0x3f, 0xf0, 0x84, 0x42, 0x11, 0x08, 0x44, 0x3f, 0xf0, 0x80, 0x02, 0x00, 0x88, 0x02, 0x3f, 0xf8, 0x00,
	0x00, 0x00, 0x00, 0x08, 0x41, 0xff, 0xe0, 0x84, 0x02, 0x10, 0x02, 0x00, 0x26, 0x02, 0x89, 0x0a, 0x04, 0x28, 0x29, 0x20, 0xa4, 0x82, 0x83, 0xf0,
	0x00, 0x00, 0x00, 0x00, 0x00, 0x00, 0x00, 0x00, 0x21, 0x07, 0xff, 0x82, 0x10, 0x01, 0x00, 0x24, 0x21, 0x93, 0x0c, 0x78, 0x71, 0x01, 0x44, 0x21,
	0x10, 0x84, 0x42, 0x11, 0xf8, 0x00, 0x00, 0x00, 0x00, 0x00, 0x00, 0x21, 0x07, 0xff, 0x82, 0x10, 0x03, 0x01, 0xff, 0xe0, 0x40, 0x01, 0xf8, 0x0c,
	0x10, 0x20, 0x41, 0x81, 0x0c, 0x0c, 0x61, 0xe0, 0x00, 0x00, 0x00, 0x00, 0x00, 0x00, 0x21, 0x07, 0xff, 0x82, 0x10, 0x00, 0x00, 0xff, 0xc0, 0x00,
	0x1f, 0xfe, 0x04, 0x00, 0x30, 0x80, 0x81, 0x02, 0xfc, 0x3c, 0x08, 0x00, 0x00, 0x00, 0x00, 0x08, 0x40, 0x21, 0x07, 0xff, 0x82, 0x10, 0x1f, 0xf0,
	0x40, 0x01, 0x00, 0x0f, 0xfe, 0x20, 0x80, 0x82, 0x02, 0x08, 0x18, 0x20, 0x40, 0x80, 0x00, 0x00, 0x00, 0x00, 0x08, 0x40, 0x21, 0x07, 0xff, 0x82,
	0x10, 0x7f, 0xf8, 0x61, 0x01, 0x84, 0x1f, 0xfe, 0x00, 0xc0, 0x0d, 0x00, 0xc4, 0x0c, 0x10, 0x03, 0xc0, 0x00, 0x00, 0x00, 0x00, 0x08, 0x40, 0x21,
	0x07, 0xff, 0x80, 0x00, 0x04, 0x88, 0x12, 0x26, 0x48, 0x87, 0x22, 0x0c, 0x88, 0x7a, 0x23, 0x38, 0x88, 0x02, 0x40, 0x78, 0x00, 0x00, 0x00, 0x00,
	0x08, 0x40, 0x21, 0x07, 0xff, 0x82, 0x10, 0x10, 0xf0, 0x7a, 0x42, 0x29, 0x1d, 0xa4, 0x4c, 0x90, 0x32, 0x81, 0x88, 0x8c, 0x22, 0x60, 0xf8, 0x00,
	0x00, 0x00, 0x00, 0x08, 0x41, 0xff, 0xe0, 0x84, 0x01, 0xe0, 0x08, 0x40, 0xff, 0xc4, 0x00, 0x80, 0x00, 0x3f, 0xf0, 0x08, 0x40, 0x21, 0x00, 0x98,
	0x00, 0x00, 0x00, 0x00, 0x00, 0x00, 0x00, 0x00, 0x21, 0x07, 0xff, 0x81, 0x00, 0x0c, 0x40, 0x20, 0x87, 0xff, 0x00, 0x02, 0x3f, 0xf0, 0x80, 0x42,
	0x01, 0x08, 0x04, 0x3f, 0xf0, 0x00, 0x00, 0x00, 0x00, 0x00, 0x00, 0x21, 0x07, 0xff, 0x82, 0x10, 0x00, 0x00, 0xff, 0xc2, 0x31, 0x08, 0xc4, 0x3f,
	0xf0, 0x8c, 0x42, 0x31, 0x08, 0xc4, 0x3c, 0xf0, 0x00, 0x00, 0x00, 0x00, 0x00, 0x00, 0x21, 0x07, 0xff, 0x82, 0x10, 0x00, 0x01, 0xff, 0xe0, 0x01,
	0x0f, 0xe4, 0x21, 0x90, 0x86, 0x43, 0xf1, 0x08, 0x04, 0x00, 0xf0, 0x00, 0x00, 0x00, 0x00, 0x08, 0x41, 0xff, 0xe0, 0x84, 0x01, 0x00, 0x7f, 0xf8,
	0x30, 0x00, 0x80, 0x07, 0xfc, 0x28, 0x11, 0x20, 0x40, 0x81, 0x03, 0xfc, 0x00, 0x00, 0x00, 0x00, 0x00, 0x00, 0x00, 0x00, 0x21, 0x07, 0xff, 0x82,
	0x10, 0x03, 0x01, 0xff, 0xe0, 0x30, 0x00, 0xc0, 0x3c, 0xf0, 0x80, 0x42, 0x01, 0x08, 0x04, 0x3f, 0xf0, 0x00, 0x00, 0x00, 0x00, 0x00, 0x00, 0x21,
	0x07, 0xff, 0x82, 0x10, 0x03, 0x01, 0xf3, 0xe4, 0x00, 0x80, 0x00, 0x7f, 0xf8, 0x04, 0x00, 0x10, 0x00, 0x40, 0x0f, 0x00, 0x00, 0x00, 0x00, 0x00,
	0x00, 0x00, 0x21, 0x07, 0xff, 0x82, 0x90, 0x02, 0x00, 0x0f, 0xe0, 0x20, 0x0f, 0xfc, 0x20, 0x10, 0x80, 0x42, 0x01, 0x08, 0x04, 0x3f, 0xf0, 0x00,
	0x00, 0x00, 0x00, 0x00, 0x00, 0x21, 0x07, 0xff, 0x82, 0x10, 0x1f, 0xe0, 0x8c, 0x42, 0x31, 0x08, 0xc4, 0x7f, 0xf8, 0x0c, 0x00, 0x48, 0x06, 0x18,
	0x60, 0x18, 0x00, 0x00, 0x00, 0x00, 0x08, 0x40, 0x21, 0x07, 0xff, 0x82, 0x50, 0x01, 0x10, 0xff, 0xe2, 0x11, 0x08, 0x44, 0x20, 0xa0, 0x83, 0x04,
	0x0c, 0x91, 0xda, 0x4c, 0x38, 0x00, 0x00, 0x00, 0x00, 0x08, 0x41, 0xff, 0xe0, 0x84, 0x04, 0x00, 0x7e, 0xf8, 0x4a, 0x21, 0x28, 0x84, 0xa2, 0x22,
	0x88, 0x8a, 0x26, 0x68, 0x97, 0x3e, 0x00, 0x00, 0x00, 0x00, 0x00, 0x00, 0x08, 0x40, 0x21, 0x07, 0xff, 0x82, 0x10, 0x3f, 0xf0, 0x21, 0x80, 0x78,
	0x1f, 0xfe, 0x03, 0x08, 0x34, 0x41, 0x12, 0x18, 0x40, 0x0f, 0x00, 0x00, 0x00, 0x00, 0x00, 0x08, 0x40, 0x21, 0x07, 0xff, 0x80, 0x00, 0x3f, 0xf0,
	0x61, 0x80, 0x78, 0x07, 0xf8, 0x63, 0x18, 0xff, 0xc0, 0x30, 0x00, 0xc0, 0x7f, 0xf8, 0x00, 0x00, 0x00, 0x00, 0x08, 0x40, 0x21, 0x07, 0xff, 0x80,
	0x00, 0x7f, 0xf8, 0x12, 0x03, 0xff, 0x19, 0x26, 0x64, 0x99, 0xe3, 0xe6, 0x01, 0x98, 0x06, 0x7f, 0xf8, 0x00, 0x00, 0x00, 0x00, 0x00, 0x00, 0x21,
	0x07, 0xff, 0x82, 0x10, 0x42, 0x00, 0xcf, 0xe0, 0x49, 0x83, 0x24, 0x00, 0x80, 0x47, 0x02, 0x34, 0x11, 0x8c, 0x08, 0x18, 0x00, 0x00, 0x00, 0x00,
	0x08, 0x40, 0x21, 0x07, 0xff, 0x82, 0x10, 0x07, 0x80, 0x21, 0x03, 0x33, 0x10, 0xc2, 0x3f, 0xf0, 0x2d, 0x01, 0x32, 0x08, 0xc4, 0x03, 0x00, 0x00,
	0x00, 0x00, 0x00, 0x08, 0x40, 0x21, 0x07, 0xff, 0x80, 0x00, 0x7f, 0xf8, 0x40, 0x81, 0xfe, 0x04, 0x08, 0x10, 0x20, 0x7f, 0x81, 0x07, 0x9f, 0xe8,
	0x00, 0x20, 0x00, 0x00, 0x00, 0x00, 0x08, 0x40, 0x21, 0x07, 0xff, 0x82, 0x10, 0x3f, 0xf0, 0x80, 0x43, 0xff, 0x08, 0x04, 0x3f, 0xf0, 0x0c, 0x00,
	0x30, 0x1f, 0xfe, 0x03, 0x00, 0x00, 0x00, 0x00, 0x00, 0x08, 0x40, 0x21, 0x07, 0xff, 0x80, 0x00, 0x7f, 0x48, 0x49, 0x21, 0x24, 0x9f, 0xd2, 0x32,
	0x48, 0x89, 0x22, 0x24, 0x88, 0x82, 0x42, 0x78, 0x00, 0x00, 0x00, 0x00, 0x08, 0x41, 0xff, 0xe0, 0x84, 0x04, 0x06, 0x17, 0xe0, 0x82, 0x06, 0x08,
	0x1b, 0xfe, 0x20, 0x80, 0x82, 0x02, 0x08, 0x09, 0xfe, 0x00, 0x00, 0x00, 0x00, 0x00, 0x00, 0x08, 0x40, 0x21, 0x07, 0xff, 0x80, 0xc0, 0x7f, 0xf8,
	0x40, 0x01, 0x00, 0x07, 0xfc, 0x08, 0x00, 0x2d, 0x81, 0x36, 0x84, 0xda, 0x63, 0x38, 0x00, 0x00, 0x00, 0x00, 0x08, 0x41, 0xff, 0xe0, 0x84, 0x04,
	0x10, 0x50, 0x40, 0xdf, 0xe3, 0x04, 0x04, 0x10, 0x10, 0x41, 0xc1, 0x01, 0x04, 0x05, 0xfe, 0x00, 0x00, 0x00, 0x00, 0x00, 0x00, 0x00, 0x00, 0x21,
	0x07, 0xff, 0x82, 0x10, 0x10, 0x00, 0xdf, 0xe2, 0x01, 0x19, 0xe4, 0x64, 0x90, 0x92, 0x42, 0x79, 0x08, 0x04, 0x20, 0xf0, 0x00, 0x00, 0x00, 0x00,
	0x08, 0x40, 0x21, 0x07, 0xff, 0x80, 0x00, 0x28, 0x40, 0xc9, 0x25, 0x24, 0x83, 0xb4, 0x3c, 0xd1, 0x23, 0x00, 0x92, 0x02, 0x84, 0x74, 0x08, 0x00,
	0x00, 0x00, 0x00, 0x08, 0x40, 0x21, 0x07, 0xff, 0x82, 0xd0, 0x7f, 0xf9, 0x00, 0x25, 0xfe, 0x80, 0x00, 0x7f, 0xf8, 0x32, 0x00, 0x88, 0x86, 0x22,
	0x60, 0xf8, 0x00, 0x00, 0x00, 0x00, 0x08, 0x40, 0x21, 0x07, 0xff, 0x87, 0xf8, 0x20, 0x10, 0xff, 0xc2, 0x01, 0x0f, 0xfc, 0x03, 0x01, 0xff, 0xe0,
	0x30, 0x03, 0x30, 0x70, 0x38, 0x00, 0x00, 0x00, 0x00, 0x08, 0x40, 0x21, 0x07, 0xff, 0x82, 0xd0, 0x7f, 0xf8, 0x0c, 0x81, 0x32, 0x02, 0xd0, 0x7f,
	0xf8, 0x1e, 0x00, 0xb4, 0x0c, 0xcc, 0x43, 0x08, 0x00, 0x00, 0x00, 0x00, 0x08, 0x41, 0xff, 0xe0, 0x30, 0x1f, 0xfe, 0x40, 0x09, 0x7f, 0xa1, 0x02,
	0x07, 0xf8, 0x1f, 0xe0, 0x40, 0x41, 0x01, 0x07, 0xfc, 0x00, 0x00, 0x00, 0x00, 0x00, 0x00, 0x00, 0x00, 0x21, 0x07, 0xff, 0x86, 0x10, 0x3f, 0xf8,
	0x88, 0x27, 0xac, 0xb2, 0xa2, 0x3f, 0xe8, 0x1c, 0x20, 0xa9, 0x0c, 0x94, 0x02, 0xf0, 0x00, 0x00, 0x00, 0x00, 0x08, 0x41, 0xff, 0xe0, 0x00, 0x1f,
	0xfe, 0x41, 0xe9, 0x3c, 0x25, 0xfe, 0x90, 0xe2, 0x4f, 0x49, 0x6c, 0xa4, 0x00, 0x9f, 0xfe, 0x00, 0x00, 0x00, 0x00, 0x00, 0x00, 0x7f, 0xf8, 0x21,
	0x03, 0xff, 0x08, 0xc4, 0x3f, 0xf0, 0x8c, 0x43, 0xff, 0x00, 0xc0, 0x7f, 0xf8, 0x3f, 0x01, 0x36, 0x18, 0xc6, 0x00, 0x00, 0x00, 0x00, 0x00, 0x00,
	0x08, 0x41, 0xff, 0xe0, 0x84, 0x0f, 0xfc, 0x20, 0x10, 0xff, 0xc2, 0x01, 0x07, 0xf8, 0x7f, 0xf9, 0x00, 0x27, 0xff, 0x90, 0x02, 0x7f, 0xf8, 0x00,
	0x00, 0x00, 0x00, 0x08, 0x40, 0x21, 0x07, 0xff, 0x82, 0x04, 0x3f, 0xe0, 0x08, 0x41, 0x32, 0x04, 0x08, 0x7f, 0xf8, 0x1e, 0x00, 0xb4, 0x0c, 0xcc,
	0x43, 0x08, 0x00, 0x00, 0x00, 0x00, 0x00, 0x00, 0x21, 0x07, 0xff, 0x82, 0x00, 0x1f, 0xc0, 0xc2, 0x07, 0xff, 0x08, 0x44, 0x3f, 0xf0, 0x92, 0x00,
	0x4a, 0x86, 0x22, 0x60, 0xf8, 0x00, 0x00, 0x00, 0x00, 0x08, 0x41, 0xff, 0xe0, 0x30, 0x1f, 0xfe, 0x08, 0x40, 0x21, 0x07, 0xff, 0x80, 0x00, 0x3f,
	0xf0, 0xc0, 0xc3, 0x03, 0x0f, 0xfc, 0x00, 0x00, 0x00, 0x00, 0x00, 0x00, 0x08, 0x40, 0x21, 0x07, 0xff, 0x82, 0x10, 0x7f, 0xf8, 0x4c, 0x87, 0xff,
	0x84, 0xc8, 0x13, 0x20, 0xff, 0xc0, 0x30, 0x1f, 0xfe, 0x03, 0x00, 0x00, 0x00, 0x00, 0x00, 0x08, 0x40, 0x21, 0x07, 0xff, 0x80, 0x02, 0x7f, 0xf0,
	0x29, 0x41, 0x25, 0x04, 0x94, 0x7a, 0x50, 0x49, 0xa1, 0x26, 0x85, 0x1e, 0x77, 0x90, 0x00, 0x00, 0x00, 0x00, 0x7f, 0xf8, 0x21, 0x00, 0x30, 0x0f,
	0xfc, 0x7f, 0xf8, 0x32, 0x23, 0xaf, 0x91, 0x00, 0x3b, 0xe1, 0x33, 0x00, 0x78, 0x1e, 0x1e, 0x00, 0x00, 0x00, 0x00, 0x00, 0x00, 0x00, 0x00, 0x21,
	0x07, 0xff, 0x86, 0x10, 0x3f, 0xf8, 0xa0, 0x26, 0xfc, 0xb4, 0x82, 0x3f, 0xe8, 0x49, 0x21, 0x25, 0x07, 0xe4, 0x00, 0xf0, 0x00, 0x00, 0x00, 0x00,
	0x00, 0x00, 0x21, 0x07, 0xff, 0x82, 0x10, 0x7d, 0xf9, 0x14, 0x24, 0x50, 0x9f, 0x7e, 0x45, 0x09, 0x17, 0xe7, 0xf0, 0x90, 0x82, 0x04, 0x78, 0x00,
	0x00, 0x00, 0x00, 0x7f, 0xf8, 0x21, 0x03, 0xff, 0x00, 0xc0, 0x7f, 0xf8, 0x3f, 0x07, 0x43, 0x9f, 0xfe, 0x18, 0x60, 0xfa, 0x00, 0x7c, 0x1e, 0x0e,
	0x00, 0x00, 0x00, 0x00, 0x00, 0x00, 0x08, 0x40, 0x21, 0x07, 0xff, 0x80, 0x00, 0x78, 0x40, 0x45, 0x21, 0x14, 0x9f, 0x96, 0x3a, 0x50, 0xe2, 0x85,
	0x4a, 0x04, 0xc4, 0x16, 0x08, 0x00, 0x00, 0x00, 0x00, 0x08, 0x41, 0xff, 0xe0, 0x84, 0x00, 0xc0, 0x7f, 0xf9, 0x00, 0x25, 0xfe, 0x87, 0xf8, 0x10,
	0x20, 0x7f, 0x81, 0xfe, 0x00, 0x00, 0x7f, 0xf8, 0x00, 0x00, 0x00, 0x00, 0x08, 0x41, 0xff, 0xe0, 0x84, 0x08, 0x40, 0x33, 0xf8, 0x18, 0xc6, 0x1e,
	0x0c, 0x78, 0x0e, 0x18, 0x5f, 0xc1, 0x41, 0x09, 0x04, 0x47, 0xf0, 0x00, 0x00, 0x00, 0x00, 0x08, 0x41, 0xff, 0xe1, 0x22, 0x1f, 0xfe, 0x12, 0x20,
	0x4f, 0x81, 0xff, 0x00, 0xc0, 0x7f, 0xf8, 0x1e, 0x03, 0xb7, 0x10, 0xc2, 0x00, 0x00, 0x00, 0x00, 0x00, 0x00, 0x08, 0x41, 0xff, 0xe0, 0x84, 0x04,
	0x20, 0x27, 0xf9, 0x02, 0x21, 0xff, 0x88, 0x22, 0x67, 0xf0, 0xbf, 0xe2, 0x08, 0x0b, 0xfe, 0x20, 0x80, 0x00, 0x00, 0x00, 0x00, 0x08, 0x41, 0xff,
	0xe0, 0x21, 0x0f, 0xfc, 0x02, 0x41, 0xff, 0xe0, 0x60, 0x0f, 0xfc, 0x50, 0x10, 0x7f, 0xc1, 0x01, 0x07, 0xfc, 0x00, 0x00, 0x00, 0x00, 0x00, 0x00,
	0x08, 0x41, 0xff, 0xe0, 0x84, 0x0f, 0xfc, 0x20, 0x10, 0xff, 0xc3, 0xff, 0x06, 0x00, 0x3f, 0xfb, 0x5f, 0x21, 0x84, 0x87, 0xf2, 0x00, 0xf0, 0x00,
	0x00, 0x00, 0x00, 0x08, 0x41, 0xff, 0xe0, 0x84, 0x04, 0x00, 0x3f, 0xf8, 0xff, 0x24, 0x20, 0xaf, 0xf2, 0x22, 0x48, 0xff, 0x23, 0xfd, 0x88, 0x94,
	0x22, 0xf0, 0x00, 0x00, 0x00, 0x00, 0x08, 0x41, 0xff, 0xe0, 0x84, 0x0f, 0xfc, 0x3f, 0xf0, 0x0c, 0x03, 0xff, 0x08, 0xc4, 0x3f, 0xf0, 0xff, 0xc3,
	0xff, 0x00, 0xc0, 0x7f, 0xf8, 0x00, 0x00, 0x00, 0x00, 0x7f, 0xf8, 0x21, 0x03, 0xfe, 0x01, 0x88, 0x7f, 0xf8, 0x7f, 0x83, 0x03, 0x07, 0xf8, 0x01,
	0x00, 0xff, 0xc7, 0xff, 0x80, 0x40, 0x00, 0x00, 0x00, 0x00, 0x00, 0x00, 0x7f, 0xf8, 0x21, 0x07, 0xff, 0x84, 0x20, 0x3e, 0xb9, 0x5b, 0x00, 0xc8,
	0x8c, 0x3e, 0x08, 0x61, 0xff, 0xe1, 0x86, 0x0c, 0x18, 0x00, 0x00, 0x00, 0x00, 0x00, 0x00, 0x08, 0x41, 0xff, 0xe0, 0x84, 0x07, 0xfe, 0x22, 0x49,
	0x39, 0x20, 0x9c, 0x84, 0x46, 0x02, 0x70, 0x2c, 0x42, 0x89, 0x92, 0x0a, 0x4f, 0xe0, 0x00, 0x00, 0x00, 0x00, 0x00, 0x00, 0x21, 0x07, 0xff, 0x8f,
	0xc8, 0x23, 0x40, 0xf3, 0x61, 0x87, 0x1f, 0xfe, 0x03, 0x01, 0xff, 0xe0, 0x70, 0x03, 0x38, 0x70, 0x18, 0x00, 0x00, 0x00, 0x00, 0x08, 0x41, 0xff,
	0xe0, 0x84, 0x0f, 0xfc, 0x20, 0x10, 0x7f, 0x87, 0xff, 0x84, 0x08, 0x1f, 0xe0, 0x40, 0x81, 0xfe, 0x07, 0xfe, 0x60, 0x20, 0x00, 0x00, 0x00, 0x00,
	0x7f, 0xf8, 0x21, 0x01, 0x03, 0x85, 0xf0, 0x54, 0x88, 0xd2, 0x43, 0x21, 0x05, 0xfe, 0x30, 0x11, 0x4c, 0x41, 0x19, 0x04, 0x1c, 0x00, 0x00, 0x00,
	0x00, 0x00, 0x00, 0x08, 0x41, 0xff, 0xe0, 0x84, 0x0f, 0xfc, 0x23, 0x10, 0x8c, 0x43, 0xff, 0x08, 0xc4, 0x1f, 0xe0, 0x35, 0x40, 0x97, 0x84, 0x42,
	0x61, 0xf8, 0x00, 0x00, 0x00, 0x00, 0x7f, 0xf8, 0x21, 0x00, 0x04, 0x1e, 0xfe, 0x48, 0x41, 0x3f, 0xe7, 0x81, 0x12, 0x04, 0x4b, 0xf9, 0x2c, 0x47,
	0x99, 0x10, 0x1c, 0x00, 0x00, 0x00, 0x00, 0x00, 0x00, 0x08, 0x41, 0xff, 0xe0, 0x84, 0x1f, 0xfe, 0x40, 0x08, 0x3f, 0x07, 0xff, 0x83, 0xa0, 0x73,
	0x90, 0x75, 0x86, 0x3a, 0x07, 0x64, 0x67, 0x08, 0x00, 0x00, 0x00, 0x00, 0x00, 0x00, 0x21, 0x07, 0xff, 0x82, 0x10, 0x7c, 0xf8, 0x00, 0x00, 0x00,
	0x1f, 0x3c, 0x2c, 0xb0, 0xb2, 0xa4, 0xb2, 0x92, 0x4a, 0x38, 0xe0, 0x00, 0x00, 0x00, 0x00, 0x08, 0x41, 0xff, 0xe0, 0x84, 0x10, 0x24, 0x2f, 0xf8,
	0x02, 0x04, 0xff, 0x8a, 0x22, 0x0f, 0xf8, 0x62, 0x22, 0xff, 0x8a, 0x22, 0x48, 0xb8, 0x00, 0x00, 0x00, 0x00, 0x08, 0x40, 0x21, 0x07, 0xff, 0x8f,
	0xfc, 0x00, 0x61, 0xf6, 0x20, 0x97, 0x04, 0xc8, 0x6e, 0x18, 0xff, 0xc0, 0x49, 0x09, 0x24, 0x44, 0xc8, 0x00, 0x00, 0x00, 0x00, 0x00, 0x01, 0xff,
	0xe0, 0x84, 0x01, 0xe0, 0x1f, 0xe1, 0x80, 0x63, 0xff, 0x0f, 0xfc, 0x20, 0x30, 0xff, 0x03, 0xff, 0x1c, 0x04, 0x5f, 0xf0, 0x00, 0x00, 0x00, 0x00,
	0x7f, 0xf8, 0x21, 0x07, 0xff, 0x81, 0x90, 0x18, 0x80, 0x3c, 0x47, 0xff, 0x8f, 0xfc, 0x23, 0x10, 0xff, 0xc2, 0x31, 0x0f, 0xfc, 0x00, 0x00, 0x00,
	0x00, 0x00, 0x00, 0x08, 0x41, 0xff, 0xe0, 0x30, 0x1f, 0xfe, 0x4c, 0xc8, 0x6c, 0xc6, 0x49, 0x06, 0x18, 0x7f, 0xf8, 0x40, 0x81, 0x02, 0x07, 0xf8,
	0x00, 0x00, 0x00, 0x00, 0x00, 0x00, 0x08, 0x41, 0xff, 0xe0, 0x84, 0x00, 0xc0, 0x3f, 0xf0, 0x0c, 0x07, 0xcf, 0x82, 0x0c, 0x7f, 0xd8, 0xff, 0xc2,
	0x49, 0x09, 0x24, 0x7f, 0xf8, 0x00, 0x00, 0x00, 0x00, 0x08, 0x41, 0xff, 0xe0, 0x84, 0x1f, 0xfe, 0x00, 0x00, 0xff, 0xc6, 0x01, 0x8f, 0xfc, 0x3f,
	0xf0, 0x36, 0x47, 0x8e, 0x02, 0x78, 0x3e, 0x18, 0x00, 0x00, 0x00, 0x00, 0x08, 0x41, 0xff, 0xe0, 0x84, 0x10, 0xfe, 0x2f, 0x30, 0x43, 0x00, 0xf3,
	0x9d, 0xfe, 0x10, 0x80, 0x5f, 0xc1, 0xff, 0x8c, 0x20, 0x4f, 0xf8, 0x00, 0x00, 0x00, 0x00, 0x08, 0x41, 0xff, 0xe0, 0x84, 0x13, 0xfe, 0x20, 0x80,
	0x5f, 0xc0, 0x48, 0x9d, 0xfe, 0x14, 0x88, 0x4f, 0xc1, 0xff, 0x8c, 0x20, 0x4f, 0xf8, 0x00, 0x00, 0x00, 0x00, 0x7f, 0xf8, 0x21, 0x00, 0x87, 0x9f,
	0xe2, 0x22, 0x88, 0x92, 0x47, 0xf9, 0x00, 0x22, 0x3e, 0x88, 0x8a, 0x22, 0x2b, 0x8f, 0xa0, 0x00, 0x00, 0x00, 0x00, 0x00, 0x00, 0x7f, 0xf8, 0x21,
	0x03, 0xff, 0x09, 0x24, 0x3f, 0xf0, 0x04, 0x83, 0xff, 0x88, 0x64, 0x6c, 0xa1, 0x13, 0x24, 0x3e, 0x93, 0x0e, 0x00, 0x00, 0x00, 0x00, 0x00, 0x00,
	0x08, 0x41, 0xff, 0xe0, 0x84, 0x0d, 0xec, 0x3f, 0xf0, 0xff, 0xc7, 0xff, 0x91, 0x22, 0x7f, 0xf9, 0xff, 0xc1, 0x86, 0x01, 0xe0, 0x78, 0x78, 0x00,
	0x00, 0x00, 0x00, 0x7f, 0xf8, 0x21, 0x03, 0xe1, 0x10, 0x84, 0x7e, 0xf9, 0x00, 0x45, 0xe9, 0x10, 0x14, 0x7e, 0x51, 0x58, 0x46, 0x51, 0x0b, 0x5c,
	0x00, 0x00, 0x00, 0x00, 0x00, 0x00, 0x08, 0x41, 0xff, 0xe0, 0x84, 0x00, 0x80, 0x3d, 0xe0, 0xff, 0x82, 0x02, 0x0f, 0xf0, 0x3f, 0xf8, 0xff, 0xc0,
	0x04, 0x92, 0x52, 0x49, 0x70, 0x00, 0x00, 0x00, 0x00, 0x08, 0x41, 0xff, 0xe0, 0x84, 0x0e, 0x30, 0x4b, 0x31, 0x77, 0xe5, 0x7f, 0x14, 0x04, 0x4f,
	0xf9, 0x20, 0x05, 0xff, 0x90, 0x84, 0x4f, 0xf8, 0x00, 0x00, 0x00, 0x00, 0x7f, 0xf8, 0x21, 0x00, 0x05, 0x0f, 0xfe, 0x7f, 0x41, 0xc9, 0x47, 0xf5,
	0x14, 0x5c, 0x5f, 0x61, 0x49, 0xa5, 0xfa, 0x90, 0x46, 0x00, 0x00, 0x00, 0x00, 0x00, 0x00, 0x7f, 0xf8, 0x21, 0x00, 0x84, 0x0a, 0x90, 0x2a, 0x79,
	0xfb, 0x24, 0x9d, 0x17, 0x54, 0x6d, 0x31, 0xa4, 0x84, 0xa7, 0x13, 0xa2, 0x00, 0x00, 0x00, 0x00, 0x00, 0x00, 0x7f, 0xf8, 0x21, 0x03, 0xff, 0x04,
	0xc8, 0x0b, 0x41, 0xff, 0xe1, 0xb6, 0x1f, 0xfe, 0x23, 0x10, 0xff, 0xc2, 0x31, 0x0f, 0xfc, 0x00, 0x00, 0x00, 0x00, 0x00, 0x00, 0x08, 0x41, 0xff,
	0xe0, 0x84, 0x04, 0x40, 0x3f, 0xf1, 0x84, 0x07, 0xff, 0x0f, 0xfc, 0x21, 0x00, 0xff, 0xe0, 0x49, 0x09, 0x24, 0x44, 0xc8, 0x00, 0x00, 0x00, 0x00,
	0x08, 0x41, 0xff, 0xe0, 0x84, 0x02, 0xc4, 0x29, 0x91, 0xa1, 0xa4, 0xfc, 0x84, 0x10, 0x28, 0x21, 0x9f, 0x26, 0x3c, 0x99, 0x76, 0x3c, 0x70, 0x00,
	0x00, 0x00, 0x00, 0x08, 0x41, 0xff, 0xe0, 0x84, 0x0f, 0xfc, 0x06, 0x01, 0xf7, 0xe1, 0xfe, 0x1b, 0xf6, 0x00, 0x00, 0xff, 0xc2, 0xfd, 0x0b, 0xf4,
	0x28, 0x70, 0x00, 0x00, 0x00, 0x00, 0x7f, 0xf8, 0x21, 0x03, 0xc8, 0x11, 0x7e, 0x47, 0x91, 0xf3, 0x81, 0x0e, 0x17, 0xc6, 0x51, 0xf9, 0x44, 0x25,
	0xd0, 0x9c, 0x7e, 0x00, 0x00, 0x00, 0x00, 0x00, 0x00, 0x08, 0x41, 0xff, 0xe0, 0x84, 0x0f, 0xfe, 0x40, 0x41, 0x69, 0xe7, 0xf8, 0x95, 0x6a, 0x55,
	0xa9, 0x55, 0x85, 0xf6, 0x12, 0x24, 0x99, 0x08, 0x00, 0x00, 0x00, 0x00, 0x08, 0x41, 0xff, 0xe0, 0x84, 0x19, 0xfc, 0x37, 0xf0, 0x10, 0x44, 0x7f,
	0x0b, 0xfe, 0x06, 0x00, 0xb7, 0xe3, 0x34, 0x89, 0x32, 0x41, 0xb8, 0x00, 0x00, 0x00, 0x00, 0x08, 0x41, 0xff, 0xe0, 0x84, 0x0c, 0x00, 0x3f, 0xf1,
	0xd2, 0xc7, 0xff, 0x8d, 0x2c, 0x34, 0xb1, 0xff, 0xe0, 0x49, 0x09, 0x24, 0x44, 0xc8, 0x00, 0x00, 0x00, 0x00, 0x08, 0x41, 0xff, 0xe0, 0x84, 0x19,
	0xfe, 0x30, 0x80, 0x1f, 0xe6, 0x48, 0x8d, 0xfe, 0x07, 0xf8, 0x40, 0xc3, 0x7f, 0x89, 0x8c, 0x41, 0xe0, 0x00, 0x00, 0x00, 0x00, 0x08, 0x41, 0xff,
	0xe0, 0x84, 0x0f, 0xfc, 0x43, 0x09, 0x3f, 0x25, 0xfe, 0x93, 0xf2, 0x48, 0x49, 0x1e, 0xa4, 0xfc, 0x94, 0xca, 0x7f, 0xf8, 0x00, 0x00, 0x00, 0x00,
	0x08, 0x41, 0xff, 0xe0, 0x84, 0x08, 0x44, 0x3d, 0x21, 0x4f, 0xe5, 0x32, 0x1f, 0x7e, 0x11, 0x20, 0x67, 0xe3, 0x52, 0x09, 0x48, 0x41, 0xf8, 0x00,
	0x00, 0x00, 0x00, 0x08, 0x41, 0xff, 0xe0, 0x84, 0x0f, 0xfe, 0x44, 0x81, 0xff, 0xe7, 0xff, 0x92, 0x00, 0x5f, 0xf9, 0x7f, 0xe5, 0x00, 0x95, 0x2a,
	0x64, 0x70, 0x00, 0x00, 0x00, 0x00, 0x08, 0x41, 0xff, 0xe0, 0x84, 0x0e, 0x10, 0x4b, 0xf9, 0x24, 0xc5, 0x3f, 0x95, 0x00, 0x4d, 0xf9, 0x35, 0x85,
	0xff, 0x91, 0x18, 0x47, 0xf8, 0x00, 0x00, 0x00, 0x00, 0x08, 0x41, 0xff, 0xe0, 0x84, 0x04, 0x06, 0x7e, 0xe0, 0x92, 0x02, 0x48, 0x1f, 0xbe, 0x10,
	0x91, 0xfa, 0x43, 0x51, 0x14, 0xc4, 0x11, 0x10, 0x00, 0x00, 0x00, 0x00, 0x08, 0x41, 0xff, 0xe0, 0x85, 0x0d, 0xe8, 0x7f, 0xf8, 0xff, 0xc3, 0xff,
	0x08, 0xc4, 0x1f, 0xe0, 0xff, 0xc7, 0xff, 0x89, 0x24, 0x64, 0x88, 0x00, 0x00, 0x00, 0x00, 0x7f, 0xf8, 0x21, 0x04, 0x20, 0x8f, 0xfc, 0x08, 0x40,
	0x7f, 0x86, 0xfd, 0x80, 0xc0, 0x7f, 0xf8, 0x1e, 0x01, 0xb6, 0x18, 0xc6, 0x00, 0x00, 0x00, 0x00, 0x00, 0x00, 0x08, 0x41, 0xff, 0xe0, 0x84, 0x12,
	0xa0, 0x2c, 0xf9, 0xfa, 0x23, 0xd9, 0x12, 0x64, 0x10, 0x51, 0xf9, 0x82, 0x42, 0x07, 0xb4, 0x61, 0x88, 0x00, 0x00, 0x00, 0x00, 0x08, 0x41, 0xff,
	0xe0, 0x84, 0x0d, 0xec, 0x24, 0x90, 0x6d, 0xc3, 0xff, 0x1f, 0xfe, 0x07, 0x01, 0xff, 0xc1, 0x01, 0x07, 0xfc, 0x1f, 0xf0, 0x00, 0x00, 0x00, 0x00,
	0x08, 0x41, 0xff, 0xe0, 0x84, 0x1f, 0xfe, 0x1f, 0xe0, 0x7f, 0x87, 0xff, 0x93, 0xf2, 0x4f, 0xc9, 0x20, 0xe7, 0xff, 0x83, 0xf0, 0x73, 0x38, 0x00,
	0x00, 0x00, 0x00, 0x08, 0x41, 0xff, 0xe0, 0x84, 0x0f, 0x80, 0x48, 0xf9, 0xfe, 0x07, 0xf0, 0x12, 0x3e, 0x7e, 0x00, 0xff, 0xc2, 0x49, 0x09, 0x24,
	0x7f, 0xf8, 0x00, 0x00, 0x00, 0x00, 0x7f, 0xf8, 0x21, 0x00, 0x25, 0x1e, 0x64, 0x4b, 0xf9, 0xe2, 0x84, 0xff, 0x92, 0x94, 0x7d, 0x69, 0x25, 0x84,
	0xb5, 0x9f, 0x72, 0x00, 0x00, 0x00, 0x00, 0x00, 0x00, 0x08, 0x41, 0xff, 0xe0, 0x84, 0x19, 0xfe, 0x34, 0x90, 0x0a, 0x44, 0xff, 0x88, 0xac, 0x0f,
	0xf8, 0x52, 0x23, 0x7f, 0x89, 0x22, 0x47, 0xf8, 0x00, 0x00, 0x00, 0x00, 0x08, 0x40, 0x21, 0x07, 0xff, 0x9e, 0x22, 0x03, 0xf9, 0xe2, 0x40, 0x7f,
	0xce, 0x30, 0x7b, 0xf8, 0x14, 0x27, 0x9f, 0x92, 0x42, 0x79, 0xf8, 0x00, 0x00, 0x00, 0x00, 0x08, 0x41, 0xff, 0xe0, 0x84, 0x19, 0xfc, 0x34, 0x10,
	0x0f, 0xc4, 0xf7, 0x8e, 0x52, 0x07, 0xf8, 0x7f, 0xe3, 0x1c, 0x09, 0xac, 0x48, 0x88, 0x00, 0x00, 0x00, 0x00, 0x08, 0x41, 0xff, 0xe0, 0x84, 0x0e,
	0x0e, 0x29, 0xe1, 0xf0, 0x85, 0x2f, 0x9f, 0x98, 0x52, 0x61, 0xfa, 0xc0, 0x0a, 0x9a, 0xca, 0x5a, 0x20, 0x00, 0x00, 0x00, 0x00, 0x08, 0x41, 0xff,
	0xe0, 0x84, 0x1f, 0xfe, 0x7f, 0xf9, 0x1e, 0x27, 0x87, 0x97, 0xfa, 0x4f, 0xc9, 0x3f, 0x24, 0xfc, 0x91, 0xe2, 0x5b, 0x78, 0x00, 0x00, 0x00, 0x00,
	0x02, 0x00, 0x0f, 0xc0, 0x20, 0x0f, 0xfe, 0x26, 0x18, 0xff, 0x62, 0x60, 0x88, 0xfc, 0x60, 0x01, 0x19, 0x04, 0x44, 0x93, 0x12, 0x30, 0x78, 0x00,
	0x00, 0x00, 0x00, 0x02, 0x00, 0x0f, 0xc0, 0x20, 0x0f, 0xfe, 0x26, 0x58, 0xfe, 0x22, 0x7f, 0x88, 0x00, 0x7f, 0xf1, 0x60, 0x05, 0xff, 0x16, 0x00,
	0x1f, 0xf8, 0x00, 0x00, 0x00, 0x00, 0x02, 0x00, 0x0f, 0xc0, 0x20, 0x0f, 0xfe, 0x26, 0x58, 0xfe, 0x22, 0x61, 0x88, 0x78, 0x72, 0x51, 0x29, 0x44,
	0xa7, 0x10, 0x90, 0x1f, 0xf8, 0x00, 0x00, 0x00, 0x00, 0x02, 0x00, 0x0f, 0xc3, 0xff, 0x89, 0x96, 0x3f, 0x98, 0x8f, 0xc2, 0xff, 0x0f, 0xfe, 0x78,
	0x99, 0x1d, 0x85, 0xff, 0x90, 0x82, 0x1c, 0xf8, 0x00, 0x00, 0x00, 0x00, 0x02, 0x00, 0x0f, 0xc3, 0xff, 0x89, 0x96, 0x3f, 0x98, 0x8f, 0xc2, 0x3f,
	0x0a, 0x84, 0x6b, 0xf1, 0x3f, 0xc5, 0xff, 0x91, 0x98, 0x18, 0x18, 0x00, 0x00, 0x00, 0x00, 0x02, 0x00, 0x0c, 0x03, 0xef, 0x08, 0x84, 0x22, 0x10,
	0x88, 0x43, 0xff, 0x08, 0x80, 0x02, 0x20, 0x08, 0x40, 0x3f, 0x9f, 0x02, 0x00, 0x00, 0x00, 0x00, 0x00, 0x00, 0x11, 0xf9, 0xf0, 0x85, 0x22, 0x14,
	0x88, 0x52, 0x21, 0x48, 0x87, 0xc2, 0x15, 0x08, 0x14, 0x20, 0x58, 0x83, 0xa2, 0x10, 0x7e, 0x00, 0x00, 0x00, 0x00, 0x00, 0x00, 0x10, 0x61, 0xf1,
	0x85, 0x5f, 0x95, 0x40, 0x55, 0x01, 0x54, 0x07, 0xd0, 0x05, 0x40, 0x15, 0x00, 0x54, 0x03, 0xb0, 0x30, 0x7e, 0x00, 0x00, 0x00, 0x00, 0x00, 0x00,
	0x00, 0x00, 0x40, 0x87, 0xdf, 0x95, 0x02, 0x55, 0x09, 0x52, 0x65, 0x49, 0x1f, 0x24, 0x14, 0x70, 0x51, 0x81, 0x46, 0x0e, 0xa6, 0xc1, 0x08, 0x00,
	0x00, 0x00, 0x00, 0x00, 0x01, 0xff, 0xe0, 0x20, 0x00, 0x80, 0x3f, 0xf0, 0x21, 0x03, 0x33, 0x17, 0xfa, 0x13, 0x20, 0x7f, 0x81, 0x31, 0x00, 0xde,
	0x7f, 0x88, 0x00, 0x00, 0x00, 0x00, 0x00, 0x01, 0xff, 0xe0, 0xb1, 0x0f, 0x18, 0x23, 0x80, 0x73, 0x86, 0x31, 0x8f, 0xfc, 0x23, 0x10, 0xff, 0xc2,
	0x31, 0x00, 0xdc, 0x7f, 0x88, 0x00, 0x00, 0x00, 0x00, 0x00, 0x40, 0x41, 0x01, 0x3f, 0x9f, 0x82, 0x57, 0x09, 0x54, 0x65, 0x53, 0x1e, 0x70, 0x55,
	0x00, 0x54, 0x21, 0x50, 0x8e, 0xc2, 0x40, 0xf8, 0x00, 0x00, 0x00, 0x00, 0x00, 0x01, 0xff, 0xe0, 0x21, 0x84, 0xfc, 0x32, 0x00, 0xbf, 0x04, 0x03,
	0x8f, 0xfc, 0x23, 0x10, 0xff, 0xc2, 0x31, 0x00, 0xfc, 0x7f, 0x08, 0x00, 0x00, 0x00, 0x00, 0x12, 0x20, 0xff, 0xc4, 0x00, 0x90, 0x82, 0x7f, 0xf8,
	0x88, 0x42, 0x21, 0x0f, 0xfc, 0x22, 0x00, 0x08, 0x40, 0x27, 0x9f, 0xe2, 0x00, 0x00, 0x00, 0x00, 0x00, 0x00, 0x23, 0xf8, 0x88, 0x0f, 0xa0, 0x2a,
	0xfe, 0xaa, 0x42, 0xa9, 0xe7, 0xa4, 0x8a, 0xb2, 0x2a, 0x88, 0xb2, 0x23, 0xd8, 0xb1, 0x5c, 0x00, 0x00, 0x00, 0x00, 0x00, 0x00, 0x10, 0x40, 0x4f,
	0xe7, 0xc4, 0x15, 0x10, 0x57, 0xf9, 0x50, 0x07, 0x84, 0x14, 0xfe, 0x14, 0x40, 0x51, 0x03, 0xc4, 0x10, 0xfe, 0x00, 0x00, 0x00, 0x00, 0x00, 0x00,
	0x10, 0xe0, 0x42, 0xc7, 0xd1, 0x95, 0x82, 0x55, 0xf1, 0x50, 0x07, 0x9f, 0x94, 0x82, 0x16, 0x08, 0x58, 0x23, 0xff, 0x90, 0x82, 0x00, 0x00, 0x00,
	0x00, 0x00, 0x00, 0x13, 0xf8, 0x42, 0x07, 0xc9, 0x15, 0x44, 0x55, 0xf9, 0x58, 0x27, 0x84, 0x14, 0xfe, 0x14, 0x40, 0x51, 0x03, 0xc4, 0x10, 0xfe,
	0x00, 0x00, 0x00, 0x00, 0x00, 0x00, 0x00, 0x00, 0x0c, 0x03, 0xcf, 0x05, 0x28, 0x24, 0x91, 0xa6, 0x20, 0x30, 0x0f, 0xfc, 0x23, 0x10, 0xff, 0xc2,
	0x31, 0x00, 0xfc, 0x7f, 0x08, 0x00, 0x00, 0x00, 0x00, 0x12, 0x48, 0x4d, 0x27, 0xd5, 0x15, 0x7e, 0x56, 0x09, 0x58, 0x27, 0xbf, 0x94, 0x82, 0x17,
	0xf8, 0x58, 0x23, 0xe0, 0x90, 0x8e, 0x00, 0x00, 0x00, 0x00, 0x00, 0x00, 0x21, 0xb0, 0xdc, 0xae, 0x92, 0xaa, 0x48, 0xab, 0xfa, 0xa4, 0xa7, 0x92,
	0x8a, 0xec, 0x29, 0x30, 0xa4, 0xe3, 0xd5, 0xb1, 0xe2, 0x00, 0x00, 0x00, 0x00, 0x00, 0x00, 0x00, 0x00, 0xc3, 0xe3, 0x10, 0x9a, 0xa4, 0x68, 0x61,
	0xae, 0x66, 0x84, 0x1e, 0xfe, 0x38, 0x40, 0xef, 0xe3, 0x44, 0x0f, 0xfe, 0xc4, 0x40, 0x00, 0x00, 0x00, 0x00, 0x02, 0x00, 0x88, 0x02, 0x7b, 0xbf,
	0x4a, 0xad, 0x2a, 0xa4, 0xaa, 0xfa, 0x9e, 0x4a, 0x2b, 0x28, 0xaa, 0xa2, 0xaa, 0x9d, 0x1e, 0x84, 0x28, 0x00, 0x00, 0x00, 0x00, 0x00, 0x01, 0xff,
	0xe4, 0x62, 0x92, 0x52, 0x29, 0x91, 0x38, 0xa3, 0xfe, 0x10, 0xc0, 0x3f, 0xf0, 0x8c, 0x43, 0xff, 0x00, 0xc4, 0x7f, 0xe8, 0x00, 0x00, 0x00, 0x00,
	0x32, 0x48, 0xc5, 0x46, 0xbf, 0x9a, 0x92, 0x6b, 0xf9, 0xa9, 0x27, 0xa4, 0x8e, 0xfe, 0x38, 0x40, 0xdf, 0xf3, 0xc4, 0x31, 0x10, 0x00, 0x00, 0x00,
	0x00, 0x00, 0x00, 0x00, 0x00, 0x8b, 0x22, 0x25, 0x3e, 0xfe, 0xaa, 0x4a, 0xa9, 0x2a, 0xbf, 0x9e, 0x92, 0x2a, 0x48, 0xaf, 0xe2, 0xc4, 0xcf, 0x13,
	0xcc, 0x4c, 0x00, 0x00, 0x00, 0x00, 0x1c, 0x20, 0x98, 0x8f, 0xdf, 0x91, 0x4a, 0x45, 0x29, 0xf4, 0xa4, 0x5f, 0x9f, 0x48, 0x48, 0x29, 0x10, 0xa5,
	0xe3, 0x98, 0x71, 0x00, 0x00, 0x00, 0x00, 0x00, 0x00, 0x33, 0xb8, 0xca, 0x26, 0xa8, 0x9a, 0xa2, 0x6b, 0x11, 0xa9, 0xe7, 0xb8, 0x8e, 0x92, 0x3a,
	0x30, 0xde, 0xc3, 0xe7, 0xb1, 0xa3, 0x00, 0x00, 0x00, 0x00, 0x00, 0x00, 0x32, 0x91, 0xff, 0xe6, 0xa9, 0x1a, 0xbc, 0x6a, 0x01, 0xaf, 0xe7, 0x84,
	0x0f, 0xfe, 0x38, 0xe0, 0xd7, 0xc3, 0xf5, 0xb1, 0x11, 0x00, 0x00, 0x00, 0x00, 0x00, 0x00, 0x33, 0xf8, 0xc9, 0x26, 0xbf, 0x9a, 0x92, 0x6b, 0xf1,
	0xaf, 0xe7, 0xa4, 0x8e, 0xfe, 0x3a, 0x48, 0xdf, 0xf3, 0xe4, 0x71, 0x1e, 0x00, 0x00, 0x00, 0x00, 0x00, 0x00, 0x7e, 0x20, 0x00, 0x87, 0xff, 0x91,
	0xca, 0x7d, 0x28, 0x04, 0xa7, 0xff, 0x9a, 0xc8, 0x46, 0x29, 0xe8, 0xa5, 0x23, 0x95, 0xf1, 0x00, 0x00, 0x00, 0x00, 0x00, 0x00, 0x23, 0xf8, 0xc9,
	0x26, 0xbf, 0x9a, 0x92, 0x6b, 0xf9, 0xa2, 0x47, 0xb2, 0x0a, 0x72, 0x2b, 0xf8, 0xa1, 0x47, 0xd5, 0xa0, 0x92, 0x00, 0x00, 0x00, 0x00, 0x00, 0x00,
	0x00, 0x00, 0xf7, 0xe7, 0xcc, 0x94, 0xcc, 0x7f, 0xf9, 0xfc, 0x84, 0x3f, 0x93, 0x08, 0x3f, 0xf0, 0x8c, 0x43, 0xff, 0x00, 0xc4, 0x7f, 0xe8, 0x00,
	0x00, 0x00, 0x00, 0x01, 0x00, 0x84, 0x82, 0x2d, 0xbe, 0xfe, 0xa8, 0x42, 0xbf, 0xea, 0x8b, 0x1e, 0xca, 0x2f, 0xf8, 0xa4, 0xa2, 0xbb, 0x8f, 0x4e,
	0xc3, 0x58, 0x00, 0x00, 0x00, 0x00, 0x02, 0x00, 0x18, 0x03, 0xff, 0x09, 0x24, 0x24, 0x90, 0x92, 0x42, 0x49, 0x09, 0x24, 0x24, 0x90, 0x92, 0x42,
	0x49, 0x1f, 0xfe, 0x00, 0x00, 0x00, 0x00, 0x00, 0x00, 0x02, 0x00, 0x08, 0x03, 0xdf, 0x09, 0x24, 0x24, 0x91, 0xff, 0xe1, 0x88, 0x0c, 0xe4, 0x6f,
	0xa0, 0x2d, 0x01, 0xb2, 0x0c, 0xc4, 0x43, 0x08, 0x00, 0x00, 0x00, 0x00, 0x13, 0xf8, 0x80, 0x04, 0x00, 0x04, 0x00, 0x17, 0xf8, 0x80, 0x86, 0x02,
	0x08, 0x08, 0x20, 0x20, 0x80, 0x82, 0x02, 0x08, 0x78, 0x00, 0x00, 0x00, 0x00, 0x00, 0x00, 0x12, 0xb8, 0x89, 0x04, 0x20, 0x07, 0xee, 0x22, 0x09,
	0xaa, 0x2e, 0xa4, 0x8a, 0x92, 0x2a, 0x48, 0xa9, 0x22, 0x20, 0x88, 0x9c, 0x00, 0x00, 0x00, 0x00, 0x00, 0x00, 0x13, 0x38, 0x9e, 0x04, 0x30, 0x04,
	0xce, 0x3f, 0xc9, 0x80, 0x2e, 0x30, 0x8b, 0xe2, 0x23, 0x08, 0x8f, 0x22, 0xf0, 0x88, 0x1c, 0x00, 0x00, 0x00, 0x00, 0x00, 0x00, 0x12, 0x38, 0x9e,
	0x04, 0x48, 0x06, 0xde, 0x2f, 0xc9, 0xa1, 0x2e, 0xfc, 0x88, 0x42, 0x2f, 0xc8, 0xa4, 0x23, 0xfc, 0x88, 0x4e, 0x00, 0x00, 0x00, 0x00, 0x00, 0x00,
	0x1f, 0xf8, 0x84, 0x04, 0xfc, 0x04, 0x4f, 0x2f, 0xc9, 0xa5, 0x2e, 0xfc, 0x8b, 0xf2, 0x21, 0x08, 0xbf, 0x22, 0x14, 0x8b, 0xee, 0x00, 0x00, 0x00,
	0x00, 0x00, 0x00, 0x00, 0x00, 0x5e, 0xe2, 0xd8, 0x13, 0xf0, 0x1a, 0x78, 0xbf, 0x26, 0xa4, 0xbb, 0xf2, 0x23, 0x08, 0xbf, 0x22, 0x30, 0x89, 0xb2,
	0x28, 0x38, 0x00, 0x00, 0x00, 0x00, 0x00, 0x00, 0x0c, 0x07, 0xff, 0x80, 0xc0, 0x05, 0x00, 0x24, 0x61, 0x8b, 0x1a, 0x38, 0x08, 0x40, 0x21, 0x80,
	0x82, 0x03, 0xc6, 0x70, 0x08, 0x00, 0x00, 0x00, 0x00, 0x00, 0x00, 0x0c, 0x07, 0xff, 0x80, 0xc0, 0x3f, 0xf0, 0x0c, 0x07, 0xff, 0x81, 0x40, 0x19,
	0x91, 0xa3, 0x80, 0x84, 0x02, 0xec, 0x7c, 0x08, 0x00, 0x00, 0x00, 0x00, 0x00, 0x00, 0x0c, 0x07, 0xff, 0x87, 0xf8, 0x20, 0x11, 0xff, 0xe2, 0x01,
	0x0f, 0xfc, 0x05, 0x10, 0xe2, 0xc4, 0x84, 0x02, 0xec, 0x3c, 0x18, 0x00, 0x00, 0x00, 0x00, 0x03, 0x01, 0xff, 0xe1, 0xfe, 0x08, 0xc4, 0x23, 0x10,
	0x8c, 0x41, 0xfe, 0x03, 0x44, 0x78, 0xa0, 0x21, 0x00, 0xbb, 0x0f, 0x02, 0x00, 0x00, 0x00, 0x00, 0x00, 0x00, 0x20, 0xc0, 0x84, 0x87, 0xb1, 0x03,
	0xfe, 0x18, 0x00, 0x50, 0x03, 0xbf, 0x9a, 0x06, 0x20, 0x10, 0x80, 0x82, 0x06, 0x08, 0x30, 0x00, 0x00, 0x00, 0x00, 0x00, 0x00, 0x10, 0xf1, 0xfa,
	0x21, 0x28, 0x88, 0xa2, 0x66, 0x89, 0x31, 0xc7, 0xff, 0x81, 0x40, 0x18, 0x91, 0xa3, 0x80, 0xbb, 0x0f, 0x06, 0x00, 0x00, 0x00, 0x00, 0x00, 0x00,
	0x09, 0x30, 0x44, 0xe7, 0xfc, 0x14, 0x30, 0x10, 0x68, 0x04, 0x47, 0xff, 0x81, 0x44, 0x38, 0xb1, 0x21, 0x00, 0xbb, 0x0f, 0x06, 0x00, 0x00, 0x00,
	0x00, 0x00, 0x00, 0x20, 0x40, 0x81, 0x0f, 0xff, 0x87, 0x12, 0x14, 0x48, 0xb1, 0x27, 0xff, 0xbb, 0x12, 0x24, 0x48, 0x91, 0x22, 0x7f, 0x89, 0x02,
	0x00, 0x00, 0x00, 0x00, 0x00, 0x00, 0x20, 0x40, 0x8f, 0xf7, 0xa4, 0x82, 0x92, 0x13, 0xf8, 0xe8, 0x23, 0xb1, 0x3b, 0x24, 0x24, 0xe0, 0x91, 0x82,
	0xdb, 0x0a, 0x83, 0x00, 0x00, 0x00, 0x00, 0x00, 0x00, 0x20, 0x80, 0x9f, 0xef, 0x92, 0x06, 0xc4, 0x17, 0xe8, 0xa0, 0x07, 0xff, 0xba, 0x80, 0x23,
	0xf8, 0x88, 0x62, 0x01, 0x08, 0x3c, 0x00, 0x00, 0x00, 0x00, 0x00, 0x00, 0x20, 0xc0, 0x84, 0x8f, 0xa1, 0x07, 0x02, 0x13, 0xf0, 0xa0, 0x07, 0xbf,
	0xbf, 0x02, 0x2c, 0x08, 0x90, 0x22, 0x7f, 0x89, 0x02, 0x00, 0x00, 0x00, 0x00, 0x00, 0x00, 0x08, 0xd1, 0xfd, 0x40, 0x84, 0x82, 0x10, 0x7f, 0xf8,
	0x21, 0x27, 0xf5, 0x06, 0x54, 0x66, 0x20, 0x8d, 0xa2, 0xcb, 0x9c, 0xc6, 0x00, 0x00, 0x00, 0x00, 0x00, 0x00, 0x7f, 0x88, 0x42, 0x23, 0xe8, 0x94,
	0xa2, 0x0c, 0x08, 0xe5, 0xc7, 0xff, 0x81, 0x40, 0x18, 0x91, 0xa3, 0x80, 0xbb, 0x0f, 0x06, 0x00, 0x00, 0x00, 0x00, 0x00, 0x00, 0x48, 0x41, 0xbf,
	0xe0, 0x84, 0x06, 0x10, 0x6b, 0xf8, 0x20, 0x07, 0xff, 0x81, 0x40, 0x18, 0x91, 0xa3, 0x80, 0xbb, 0x0f, 0x06, 0x00, 0x00, 0x00, 0x00, 0x00, 0x00,
	0x00, 0x01, 0xff, 0xe0, 0x00, 0x0f, 0xfc, 0x3f, 0xf0, 0x8c, 0x41, 0xfe, 0x0f, 0xfc, 0x7f, 0xf8, 0x14, 0x47, 0x8b, 0x02, 0x18, 0x3f, 0x18, 0x00,
	0x00, 0x00, 0x00, 0x21, 0x20, 0x84, 0x4f, 0xa0, 0x87, 0x32, 0x11, 0x20, 0xa8, 0x47, 0xff, 0xbe, 0x84, 0x2a, 0x10, 0x88, 0x42, 0x3f, 0x08, 0x84,
	0x00, 0x00, 0x00, 0x00, 0x00, 0x00, 0x00, 0x10, 0x81, 0x62, 0x7f, 0xbe, 0x10, 0x1f, 0xf8, 0x51, 0x22, 0xff, 0x9f, 0x12, 0xfc, 0x48, 0x9f, 0xe2,
	0x44, 0x89, 0x12, 0x24, 0x78, 0x00, 0x00, 0x00, 0x00, 0x62, 0x50, 0x49, 0x46, 0x5c, 0x81, 0x0e, 0x13, 0xc1, 0x90, 0x07, 0xff, 0x81, 0x40, 0x18,
	0x91, 0xa3, 0x80, 0xbb, 0x0f, 0x06, 0x00, 0x00, 0x00, 0x00, 0x00, 0x00, 0x27, 0xf8, 0x93, 0x2f, 0xcc, 0x87, 0xfe, 0x14, 0xc8, 0xb3, 0x27, 0xbf,
	0x3e, 0x30, 0x27, 0xf8, 0x83, 0x02, 0x0c, 0x0b, 0xfe, 0x00, 0x00, 0x00, 0x00, 0x00, 0x00, 0x00, 0x00, 0x4c, 0x87, 0xff, 0x93, 0xf2, 0x50, 0x28,
	0x40, 0x81, 0xfe, 0x00, 0xc0, 0x7f, 0xf8, 0x62, 0x46, 0x8e, 0x02, 0xe8, 0x7c, 0x18, 0x00, 0x00, 0x00, 0x00, 0x27, 0xf8, 0x91, 0x2f, 0xff, 0x87,
	0x12, 0x14, 0x48, 0xaf, 0xc7, 0x84, 0x3e, 0xfe, 0x29, 0x60, 0x8d, 0x42, 0x64, 0x88, 0x10, 0x00, 0x00, 0x00, 0x00, 0x00, 0x00, 0x28, 0x49, 0x79,
	0x27, 0xf4, 0x82, 0x12, 0x7f, 0x49, 0x2c, 0x60, 0x93, 0x1f, 0xfe, 0x0d, 0x91, 0xe3, 0x80, 0x9e, 0x0f, 0x86, 0x00, 0x00, 0x00, 0x00, 0x00, 0x00,
	0x27, 0xf8, 0x90, 0x2f, 0xff, 0x87, 0x10, 0x14, 0x40, 0xbf, 0xe7, 0xc4, 0x3b, 0x7e, 0x25, 0x08, 0x94, 0x22, 0xd0, 0x8a, 0x7e, 0x00, 0x00, 0x00,
	0x00, 0x00, 0x00, 0x00, 0x00, 0x8f, 0xe2, 0x20, 0x1f, 0xfe, 0x0e, 0x08, 0x4f, 0xe3, 0xa0, 0x8e, 0xfc, 0xeb, 0xf8, 0x9c, 0x42, 0x1a, 0x08, 0x78,
	0x2e, 0x18, 0x00, 0x00, 0x00, 0x00, 0x23, 0xf8, 0x88, 0x2f, 0xbf, 0x86, 0x82, 0x13, 0xf8, 0xac, 0x07, 0xbf, 0xbb, 0x9a, 0x2b, 0x88, 0x88, 0xa2,
	0x3e, 0x88, 0x0e, 0x00, 0x00, 0x00, 0x00, 0x00, 0x00, 0x00, 0x01, 0xff, 0xe0, 0x00, 0x05, 0xfe, 0x24, 0x19, 0x8f, 0x8a, 0xff, 0x89, 0xac, 0x28,
	0x88, 0x3c, 0x47, 0x8e, 0x02, 0x58, 0x3e, 0x18, 0x00, 0x00, 0x00, 0x00, 0x00, 0x00, 0x82, 0x02, 0x77, 0xbf, 0x5a, 0x1d, 0x68, 0x57, 0xe2, 0xde,
	0x9f, 0xd6, 0xfc, 0x08, 0x9f, 0xe2, 0x0c, 0x08, 0x68, 0x26, 0x18, 0x00, 0x00, 0x00, 0x00, 0x22, 0x10, 0xbd, 0xef, 0x73, 0x05, 0xb6, 0x2a, 0x10,
	0xa0, 0x07, 0x3f, 0x2d, 0xfe, 0x20, 0xc0, 0x8b, 0x42, 0x4c, 0x8a, 0x70, 0x00, 0x00, 0x00, 0x00, 0x00, 0x00, 0x7f, 0xf8, 0x93, 0xe5, 0x8f, 0x9f,
	0x7e, 0x7d, 0xf9, 0xf7, 0xf4, 0xdf, 0x80, 0x40, 0x7f, 0xf9, 0xe2, 0xc0, 0x86, 0x0f, 0xc6, 0x00, 0x00, 0x00, 0x00, 0x00, 0x00, 0x00, 0x01, 0xff,
	0xe0, 0x48, 0x01, 0x20, 0x3f, 0xf1, 0x92, 0x66, 0x49, 0x99, 0x26, 0x68, 0xf9, 0xc0, 0x66, 0x01, 0x9f, 0xfe, 0x20, 0x10, 0x00, 0x00, 0x00, 0x00,
	0x00, 0x01, 0xff, 0xe0, 0x48, 0x0f, 0xfc, 0x24, 0x90, 0x92, 0x43, 0xff, 0x01, 0x00, 0x7f, 0xf8, 0x41, 0x02, 0xf8, 0x01, 0xf8, 0x78, 0x18, 0x00,
	0x00, 0x00, 0x00, 0x00, 0x01, 0xff, 0xe0, 0x48, 0x0f, 0xfc, 0x3f, 0xf0, 0x4f, 0xe6, 0x40, 0x07, 0xfc, 0x37, 0xf1, 0x8f, 0x82, 0xef, 0x08, 0x78,
	0x2f, 0x38, 0x00, 0x00, 0x00, 0x00, 0x00, 0x01, 0xff, 0xe0, 0x48, 0x0f, 0xfc, 0x3f, 0xf0, 0x00, 0x07, 0xef, 0x8f, 0xa2, 0x3c, 0xf9, 0x2a, 0x27,
	0xef, 0x9f, 0xe2, 0x09, 0x38, 0x00, 0x00, 0x00, 0x00, 0x00, 0x00, 0xff, 0xc2, 0x01, 0x0f, 0xfc, 0x20, 0x10, 0x80, 0x43, 0xff, 0x08, 0x04, 0x3f,
	0xf0, 0x12, 0x00, 0xc8, 0x86, 0x22, 0x60, 0xf0, 0x00, 0x00, 0x00, 0x00, 0x13, 0xf8, 0x48, 0x27, 0xbf, 0x84, 0x82, 0x12, 0x09, 0xff, 0xe1, 0x20,
	0x8c, 0xfe, 0x28, 0xe0, 0x95, 0xa4, 0x36, 0x93, 0x0e, 0x00, 0x00, 0x00, 0x00, 0x00, 0x00, 0x23, 0xf8, 0x88, 0x27, 0xbf, 0x82, 0x82, 0x1a, 0x08,
	0x4f, 0xe3, 0xa0, 0xba, 0xfe, 0x20, 0xa0, 0x84, 0xa2, 0x32, 0x8b, 0x0e, 0x00, 0x00, 0x00, 0x00, 0x00, 0x00, 0x00, 0x01, 0xf7, 0xe0, 0x50, 0x81,
	0x7e, 0x75, 0x08, 0x14, 0x27, 0x5f, 0x95, 0x42, 0x55, 0xf9, 0x52, 0x87, 0x4a, 0x51, 0x69, 0x1f, 0x38, 0x00, 0x00, 0x00, 0x00, 0x02, 0x00, 0x48,
	0x87, 0xff, 0x90, 0x02, 0x5f, 0xe8, 0x40, 0x81, 0xfe, 0x07, 0xf8, 0x10, 0x20, 0x7f, 0x80, 0x48, 0x82, 0x22, 0x70, 0xf8, 0x00, 0x00, 0x00, 0x00,
	0x00, 0x01, 0xfb, 0xe7, 0xc8, 0x1f, 0xc0, 0x48, 0xf9, 0xd8, 0x03, 0xff, 0x0f, 0xfc, 0x20, 0x10, 0xff, 0xc3, 0xff, 0x83, 0x22, 0x78, 0xf8, 0x00,
	0x00, 0x00, 0x00, 0x00, 0x00, 0x47, 0xe7, 0xf0, 0x89, 0x7e, 0x25, 0x09, 0xfc, 0x21, 0x1f, 0x9f, 0xc2, 0x19, 0xf8, 0xf2, 0x85, 0x4a, 0x54, 0x49,
	0x12, 0x38, 0x00, 0x00, 0x00, 0x00, 0x20, 0x00, 0x87, 0xe5, 0xd0, 0x94, 0x7e, 0x7f, 0x08, 0x94, 0x27, 0xff, 0xb2, 0x42, 0x7f, 0xf9, 0x22, 0x87,
	0xca, 0x52, 0x69, 0x77, 0x38, 0x00, 0x00, 0x00, 0x00, 0x08, 0x00, 0x3f, 0x01, 0x08, 0x0f, 0xfc, 0x61, 0x19, 0x84, 0x63, 0xff, 0x88, 0x46, 0x21,
	0x18, 0xff, 0xe2, 0x01, 0x98, 0x04, 0x40, 0x70, 0x00, 0x00, 0x00, 0x00, 0x20, 0x00, 0xf7, 0xe2, 0x84, 0x9f, 0x12, 0x52, 0xb9, 0x4c, 0x07, 0xea,
	0x14, 0xfe, 0x53, 0x21, 0xff, 0xe4, 0x22, 0x10, 0x88, 0x4c, 0x20, 0x00, 0x00, 0x00, 0x00, 0x20, 0x00, 0xe1, 0x82, 0x86, 0x1f, 0x7e, 0x55, 0x69,
	0x55, 0xa7, 0xd6, 0x95, 0x7e, 0x55, 0x61, 0xf1, 0xa4, 0x46, 0x91, 0x1e, 0x4d, 0xc4, 0x00, 0x00, 0x00, 0x00, 0x00, 0x00, 0xff, 0xc0, 0x00, 0x1f,
	0xfe, 0x00, 0x00, 0xff, 0xc0, 0x00, 0x0f, 0xfc, 0x00, 0x00, 0xff, 0xc2, 0x01, 0x08, 0x04, 0x3f, 0xf0, 0x00, 0x00, 0x00, 0x00, 0x00, 0x01, 0xf7,
	0xe0, 0x01, 0x1f, 0x04, 0x00, 0x11, 0xf0, 0x40, 0x01, 0x1f, 0x04, 0x00, 0x11, 0xf0, 0x44, 0x41, 0x11, 0x04, 0x78, 0xf0, 0x00, 0x00, 0x00, 0x00,
	0x7c, 0x20, 0x00, 0x87, 0xe2, 0x00, 0x08, 0x7d, 0xfc, 0x00, 0x87, 0xc2, 0x00, 0x08, 0x7c, 0x21, 0x10, 0x84, 0x42, 0x1f, 0x08, 0x00, 0x00, 0x00,
	0x00, 0x00, 0x00, 0x00, 0x01, 0xef, 0xc0, 0x11, 0x1e, 0x44, 0x01, 0x11, 0xe4, 0x40, 0x1d, 0x1e, 0xc4, 0x01, 0x11, 0xe4, 0x44, 0xb1, 0x52, 0x87,
	0x7a, 0x08, 0x00, 0x00, 0x00, 0x00, 0x7c, 0x10, 0x00, 0x47, 0xdf, 0xc0, 0x04, 0x7d, 0x10, 0x06, 0x47, 0xc9, 0x00, 0x34, 0x7c, 0x11, 0x10, 0x44,
	0x41, 0x1f, 0x3c, 0x00, 0x00, 0x00, 0x00, 0x00, 0x00, 0x00, 0x01, 0xe9, 0x20, 0x24, 0x9f, 0x92, 0x02, 0x49, 0xe9, 0x20, 0x24, 0x9e, 0x92, 0x02,
	0x49, 0xe9, 0x24, 0xa4, 0x92, 0x92, 0x7a, 0x08, 0x00, 0x00, 0x00, 0x00, 0x78, 0x38, 0x0f, 0x07, 0xc8, 0x00, 0x20, 0x78, 0x80, 0x03, 0xe7, 0xb8,
	0x00, 0x20, 0x78, 0x89, 0x22, 0x24, 0x88, 0x9e, 0x3e, 0x00, 0x00, 0x00, 0x00, 0x00, 0x00, 0x00, 0x01, 0xf7, 0xc0, 0x00, 0x9f, 0x02, 0x00, 0x09,
	0xf0, 0x20, 0x1f, 0x9f, 0x40, 0x01, 0x01, 0xf4, 0x24, 0x50, 0x91, 0x42, 0x79, 0xf8, 0x00, 0x00, 0x00, 0x00, 0x00, 0x01, 0xe4, 0x80, 0x11, 0x1e,
	0x44, 0x02, 0x19, 0xea, 0x20, 0x48, 0x1e, 0x20, 0x00, 0x91, 0xe6, 0x64, 0x90, 0x92, 0x5e, 0x7b, 0x8c, 0x00, 0x00, 0x00, 0x00, 0x78, 0x40, 0x0f,
	0xc7, 0x84, 0x80, 0x12, 0x78, 0x48, 0x01, 0x27, 0xbf, 0x80, 0x30, 0x78, 0xe1, 0x26, 0x84, 0xb1, 0x1f, 0x02, 0x00, 0x00, 0x00, 0x00, 0x00, 0x00,
	0x00, 0x01, 0xe2, 0x00, 0x3f, 0x9e, 0x60, 0x01, 0x01, 0xe4, 0x00, 0x1f, 0x9e, 0x42, 0x01, 0x09, 0xe4, 0x24, 0xb0, 0x92, 0x84, 0x7a, 0xf0, 0x00,
	0x00, 0x00, 0x00, 0x00, 0x01, 0xf3, 0x80, 0x12, 0x1f, 0x49, 0x01, 0x25, 0xf8, 0xe0, 0x3f, 0x9f, 0x02, 0x01, 0x11, 0xf2, 0x84, 0x46, 0x11, 0x6c,
	0x7b, 0x08, 0x00, 0x00, 0x00, 0x00, 0x7d, 0x80, 0x07, 0xe7, 0xd2, 0x00, 0xc8, 0x7e, 0x20, 0x00, 0x87, 0xff, 0x80, 0x08, 0x7c, 0x21, 0x10, 0x84,
	0x42, 0x1e, 0x08, 0x00, 0x00, 0x00, 0x00, 0x00, 0x00, 0x00, 0x01, 0xe7, 0xe0, 0x10, 0x9e, 0x42, 0x01, 0x09, 0xe4, 0x20, 0x1f, 0x9e, 0xc8, 0x02,
	0x21, 0xe8, 0x84, 0xa1, 0x12, 0x86, 0x7c, 0x08, 0x00, 0x00, 0x00, 0x00, 0x7c, 0x78, 0x06, 0x07, 0xd0, 0x00, 0x40, 0x7d, 0xf8, 0x04, 0x87, 0xde,
	0x00, 0x88, 0x7e, 0x39, 0x18, 0xa4, 0x62, 0x1e, 0x88, 0x00, 0x00, 0x00, 0x00, 0x00, 0x00, 0x78, 0xe0, 0x04, 0xc7, 0xa1, 0x80, 0x11, 0x79, 0x80,
	0x08, 0x47, 0x86, 0x00, 0x70, 0x7b, 0x19, 0x20, 0xc4, 0x8c, 0x1e, 0xc0, 0x00, 0x00, 0x00, 0x00, 0x00, 0x00, 0x78, 0xe0, 0x00, 0x47, 0xbf, 0x80,
	0x10, 0x78, 0x40, 0x01, 0x07, 0xbf, 0x80, 0x10, 0x78, 0x41, 0x21, 0x04, 0x84, 0x1e, 0xfe, 0x00, 0x00, 0x00, 0x00, 0x00, 0x00, 0x00, 0x01, 0xef,
	0xe0, 0x06, 0x1e, 0x18, 0x00, 0x61, 0xe5, 0x80, 0x17, 0x9e, 0x58, 0x01, 0x61, 0xe5, 0x84, 0x96, 0x12, 0x58, 0x7b, 0xf8, 0x00, 0x00, 0x00, 0x00,
	0x7d, 0x00, 0x07, 0xf7, 0xe4, 0x00, 0x90, 0x7e, 0x78, 0x01, 0x07, 0xc4, 0x00, 0x10, 0x7c, 0x79, 0x11, 0x04, 0x44, 0x1f, 0x10, 0x00, 0x00, 0x00,
	0x00, 0x00, 0x00, 0x00, 0x41, 0xe1, 0x00, 0x3f, 0x9e, 0x82, 0x03, 0x09, 0xe4, 0x60, 0x16, 0x1e, 0x70, 0x01, 0x01, 0xe4, 0x24, 0x90, 0x92, 0x42,
	0x79, 0xf8, 0x00, 0x00, 0x00, 0x00, 0x00, 0x01, 0xef, 0xe0, 0x04, 0x9f, 0x32, 0x00, 0x89, 0xe4, 0xe0, 0x20, 0x1e, 0x7c, 0x02, 0x09, 0xe8, 0x24,
	0x60, 0x91, 0x82, 0x7b, 0xf8, 0x00, 0x00, 0x00, 0x00, 0x00, 0x01, 0xef, 0xe0, 0x04, 0x1e, 0x92, 0x02, 0x49, 0xe5, 0x40, 0x15, 0x1e, 0x10, 0x03,
	0xf9, 0xe1, 0x04, 0x84, 0x12, 0x10, 0x78, 0x40, 0x00, 0x00, 0x00, 0x00, 0x00, 0x01, 0xef, 0xe0, 0x00, 0x9e, 0x02, 0x01, 0xe9, 0xe0, 0x20, 0x1e,
	0x9e, 0x8a, 0x02, 0x29, 0xe8, 0xa4, 0x9c, 0x92, 0x02, 0x78, 0x38, 0x00, 0x00, 0x00, 0x00, 0x79, 0xe0, 0x00, 0x07, 0xbc, 0x00, 0x12, 0x78, 0x70,
	0x1d, 0xc7, 0x96, 0x00, 0x54, 0x72, 0x59, 0x39, 0x24, 0xc4, 0x5c, 0x70, 0x00, 0x00, 0x00, 0x00, 0x00, 0x00, 0x7e, 0x18, 0x0f, 0x87, 0xe0, 0x80,
	0xc2, 0x7d, 0xf0, 0x00, 0x07, 0xdf, 0x80, 0x42, 0x7d, 0xf9, 0x14, 0x24, 0x50, 0x9e, 0x7e, 0x00, 0x00, 0x00, 0x00, 0x00, 0x00, 0x78, 0x38, 0x00,
	0xa7, 0xbf, 0x80, 0x08, 0x7b, 0xe0, 0x04, 0x87, 0x92, 0x00, 0x48, 0x79, 0x31, 0x25, 0x54, 0xb9, 0x9e, 0x02, 0x00, 0x00, 0x00, 0x00, 0x00, 0x00,
	0x00, 0x41, 0xe1, 0x00, 0x3f, 0x9e, 0x10, 0x00, 0x41, 0xef, 0xe0, 0x01, 0x1e, 0xfe, 0x00, 0x11, 0xec, 0x44, 0x99, 0x12, 0x04, 0x78, 0x70, 0x00,
	0x00, 0x00, 0x00, 0x00, 0x01, 0xe1, 0x00, 0x3f, 0x9f, 0x82, 0x00, 0x69, 0xee, 0x00, 0x08, 0x1e, 0x26, 0x07, 0xe1, 0xe2, 0x24, 0x88, 0x92, 0x22,
	0x78, 0xf8, 0x00, 0x00, 0x00, 0x00, 0x78, 0xe0, 0x04, 0x87, 0xb1, 0x01, 0x02, 0x7b, 0xf0, 0x01, 0x07, 0x84, 0x00, 0xfe, 0x78, 0x41, 0x21, 0x04,
	0x84, 0x1f, 0xfe, 0x00, 0x00, 0x00, 0x00, 0x00, 0x00, 0x78, 0x40, 0x0f, 0xe7, 0x84, 0x00, 0x10, 0x7b, 0xf8, 0x00, 0x07, 0x9f, 0x00, 0x82, 0x7a,
	0x09, 0x28, 0x24, 0xbf, 0x9e, 0x82, 0x00, 0x00, 0x00, 0x00, 0x00, 0x00, 0x7c, 0x38, 0x0f, 0x07, 0xc4, 0x00, 0x10, 0x7f, 0xf8, 0x01, 0x07, 0xdf,
	0x00, 0x42, 0x7d, 0x09, 0x14, 0x24, 0x5f, 0x9e, 0x42, 0x00, 0x00, 0x00, 0x00, 0x00, 0x00, 0x00, 0x41, 0xe1, 0x00, 0x3f, 0x9e, 0x30, 0x02, 0x91,
	0xec, 0x40, 0x0a, 0x1e, 0x32, 0x01, 0x91, 0xe8, 0xc4, 0x87, 0x12, 0x62, 0x7a, 0x08, 0x00, 0x00, 0x00, 0x00, 0x00, 0x01, 0xe4, 0x40, 0x09, 0x1f,
	0xfe, 0x00, 0x41, 0xe1, 0x00, 0x3f, 0x9e, 0x10, 0x00, 0x41, 0xff, 0xf4, 0x84, 0x12, 0x10, 0x78, 0x40, 0x00, 0x00, 0x00, 0x00, 0x78, 0xc0, 0x0f,
	0xe7, 0x9a, 0x00, 0x44, 0x7e, 0xe8, 0x00, 0x07, 0xff, 0x80, 0xc0, 0x7b, 0xf9, 0x28, 0x64, 0x81, 0x9e, 0x1c, 0x00, 0x00, 0x00, 0x00, 0x00, 0x00,
	0x02, 0x00, 0x48, 0x87, 0xff, 0x82, 0x10, 0x17, 0xa0, 0xc0, 0xc4, 0xfc, 0x8f, 0xfc, 0x00, 0x00, 0x7f, 0x83, 0xff, 0x08, 0x04, 0x3f, 0xf0, 0x00,
	0x00, 0x00, 0x00, 0x78, 0x40, 0x0f, 0xe7, 0x84, 0x00, 0x10, 0x78, 0x40, 0x0f, 0xe7, 0x84, 0x00, 0xa8, 0x7a, 0x89, 0x2a, 0x64, 0xc9, 0xde, 0x3c,
	0x00, 0x00, 0x00, 0x00, 0x00, 0x00, 0x00, 0x01, 0xef, 0xe0, 0x04, 0x9f, 0x62, 0x00, 0xc9, 0xe4, 0x20, 0x23, 0x1e, 0x10, 0x02, 0xa1, 0xea, 0x24,
	0xa9, 0x93, 0x25, 0x78, 0xf0, 0x00, 0x00, 0x00, 0x00, 0x7d, 0xf0, 0x44, 0x07, 0xdf, 0x84, 0x84, 0x76, 0x10, 0x7f, 0x87, 0xff, 0x87, 0xf8, 0x00,
	0x00, 0x7f, 0x83, 0xff, 0x0f, 0xfc, 0x00, 0x00, 0x00, 0x00, 0x00, 0x00, 0x00, 0x01, 0xd8, 0x60, 0x2e, 0x1e, 0x88, 0x04, 0xa1, 0xda, 0xe0, 0x1a,
	0x1c, 0xa8, 0x06, 0xa1, 0xda, 0x85, 0x7f, 0x95, 0x40, 0x78, 0xf8, 0x00, 0x00, 0x00, 0x00, 0x7b, 0xf8, 0x01, 0x07, 0x84, 0x01, 0xfe, 0x79, 0x70,
	0x09, 0x67, 0xbe, 0x00, 0x28, 0x78, 0xb9, 0x24, 0x24, 0xb0, 0x9f, 0x9c, 0x00, 0x00, 0x00, 0x00, 0x00, 0x00, 0x00, 0x01, 0xff, 0xe0, 0x0c, 0x1f,
	0x20, 0x01, 0xf1, 0xf2, 0x40, 0x3f, 0x9f, 0x00, 0x01, 0xf9, 0xf4, 0x24, 0x50, 0x91, 0x42, 0x79, 0xf8, 0x00, 0x00, 0x00, 0x00, 0x00, 0x01, 0xe0,
	0xe0, 0x3f, 0x9e, 0x88, 0x02, 0x21, 0xee, 0xa0, 0x2a, 0x9f, 0xac, 0x04, 0xb1, 0xf6, 0x84, 0xc7, 0x53, 0x36, 0x75, 0x18, 0x00, 0x00, 0x00, 0x00,
	0x00, 0x01, 0xe3, 0xe0, 0x28, 0x9e, 0xa2, 0x02, 0xf9, 0xe8, 0x00, 0x3f, 0x1e, 0x04, 0x00, 0x11, 0xef, 0xa4, 0x8a, 0x12, 0xc6, 0x7e, 0x08, 0x00,
	0x00, 0x00, 0x00, 0x7d, 0x10, 0x02, 0x47, 0xff, 0x80, 0x82, 0x7a, 0x08, 0x08, 0x27, 0x9f, 0x80, 0x28, 0x78, 0xa5, 0x14, 0x94, 0x72, 0x9f, 0x8e,
	0x00, 0x00, 0x00, 0x00, 0x00, 0x00, 0x78, 0x40, 0x0f, 0xe7, 0x84, 0x00, 0xfe, 0x78, 0x00, 0x0f, 0xe7, 0xa0, 0x80, 0xaa, 0x78, 0xa1, 0x26, 0xa4,
	0x92, 0x9e, 0x8e, 0x00, 0x00, 0x00, 0x00, 0x00, 0x00, 0x00, 0x01, 0xf4, 0x80, 0x3f, 0x9f, 0x88, 0x06, 0x21, 0xff, 0xe0, 0x22, 0x1f, 0x88, 0x03,
	0xf9, 0xe8, 0x84, 0x62, 0x11, 0x88, 0x7b, 0xd8, 0x00, 0x00, 0x00, 0x00, 0x00, 0x01, 0xef, 0xe0, 0x24, 0x9e, 0xfe, 0x02, 0x49, 0xe9, 0x20, 0x3f,
	0x1e, 0x10, 0x03, 0xf9, 0xe3, 0x84, 0x95, 0x12, 0x92, 0x78, 0x40, 0x00, 0x00, 0x00, 0x00, 0x78, 0xa0, 0x02, 0x87, 0xfb, 0x80, 0x28, 0x78, 0xa0,
	0x1e, 0xe7, 0x8a, 0x00, 0x68, 0x7f, 0x3d, 0x24, 0x84, 0xb2, 0x1f, 0x88, 0x00, 0x00, 0x00, 0x00, 0x00, 0x00, 0x00, 0x41, 0xe1, 0x00, 0x3f, 0xde,
	0x81, 0x03, 0xf9, 0xe4, 0x20, 0x10, 0x9e, 0x7e, 0x01, 0x09, 0xe7, 0xe4, 0x90, 0x92, 0x42, 0x7b, 0xfc, 0x00, 0x00, 0x00, 0x00, 0x00, 0x01, 0xef,
	0xe0, 0x24, 0x9e, 0xfa, 0x02, 0x49, 0xe9, 0x20, 0x2a, 0x9e, 0xba, 0x03, 0x29, 0xec, 0xa4, 0xfe, 0x93, 0x42, 0x7c, 0x38, 0x00, 0x00, 0x00, 0x00,
	0x78, 0x48, 0x05, 0x27, 0xe5, 0x00, 0x28, 0x79, 0xb0, 0x09, 0x27, 0x84, 0x80, 0x92, 0x7a, 0x51, 0x22, 0x84, 0x99, 0x1e, 0x82, 0x00, 0x00, 0x00,
	0x00, 0x00, 0x00, 0x7b, 0xf8, 0x01, 0x07, 0xbf, 0x80, 0x10, 0x7f, 0xf8, 0x00, 0x07, 0xbf, 0x80, 0xfe, 0x7a, 0x09, 0x2f, 0xe4, 0xa0, 0x9e, 0x9e,
	0x00, 0x00, 0x00, 0x00, 0x00, 0x00, 0x78, 0x40, 0x1f, 0xe7, 0x84, 0x00, 0xfe, 0x7a, 0x48, 0x0f, 0xe7, 0xa4, 0x80, 0xfe, 0x78, 0xe1, 0x25, 0x44,
	0xa4, 0x9f, 0x10, 0x00, 0x00, 0x00, 0x00, 0x00, 0x00, 0x00, 0x01, 0xdf, 0xf0, 0x48, 0x1f, 0x3e, 0x07, 0x89, 0xd2, 0xa0, 0x4a, 0x9d, 0xea, 0x04,
	0xb1, 0xd2, 0x45, 0x59, 0x15, 0xaa, 0x70, 0xc8, 0x00, 0x00, 0x00, 0x00, 0x78, 0x40, 0x1f, 0xe7, 0x80, 0x00, 0xfe, 0x7a, 0x08, 0x08, 0x27, 0xbf,
	0x80, 0x10, 0x79, 0x51, 0x29, 0x24, 0xe4, 0x9e, 0x70, 0x00, 0x00, 0x00, 0x00, 0x00, 0x00, 0x78, 0xe0, 0x04, 0xc7, 0xa1, 0x81, 0x79, 0x78, 0x00,
	0x1f, 0xe7, 0xca, 0x81, 0x2a, 0x7f, 0xf9, 0x32, 0xa4, 0xca, 0x9d, 0x2e, 0x00, 0x00, 0x00, 0x00, 0x00, 0x00, 0x7a, 0x90, 0x1f, 0xe7, 0xa9, 0x00,
	0xbc, 0x7a, 0x00, 0x0f, 0xe7, 0x84, 0x01, 0xfe, 0x78, 0xe1, 0x25, 0x84, 0xa5, 0x9d, 0x11, 0x00, 0x00, 0x00, 0x00, 0x00, 0x00, 0x00, 0x41, 0xe1,
	0x00, 0x7f, 0x9e, 0x44, 0x01, 0x11, 0xff, 0xe0, 0x44, 0xdf, 0x13, 0x03, 0xf9, 0xe9, 0x24, 0xa4, 0x92, 0x9e, 0x70, 0x40, 0x00, 0x00, 0x00, 0x00,
	0x78, 0xe0, 0x04, 0xc7, 0xbf, 0x81, 0x01, 0x7f, 0xa8, 0x12, 0xa7, 0xfa, 0x81, 0x2a, 0x7c, 0xa9, 0x3e, 0xa4, 0xc8, 0x9d, 0x6e, 0x00, 0x00, 0x00,
	0x00, 0x00, 0x00, 0x7c, 0x80, 0x0b, 0xf7, 0x94, 0x80, 0x10, 0x7e, 0x60, 0x06, 0xc7, 0xf1, 0x80, 0xfe, 0x7a, 0x09, 0x28, 0x24, 0xa0, 0x9c, 0xfe,
	0x00, 0x00, 0x00, 0x00, 0x00, 0x00, 0x00, 0x01, 0xe3, 0x20, 0x3f, 0x9e, 0x34, 0x00, 0xe1, 0xef, 0xe0, 0x08, 0x1e, 0xfe, 0x07, 0x09, 0xe7, 0xe4,
	0x90, 0x92, 0x42, 0x79, 0xf8, 0x00, 0x00, 0x00, 0x00, 0x00, 0x41, 0xef, 0xe0, 0x11, 0x1e, 0x44, 0x01, 0xb1, 0xe9, 0x40, 0x27, 0x1e, 0xa0, 0x02,
	0x19, 0xeb, 0x84, 0xa0, 0x93, 0x0c, 0x7d, 0xc0, 0x00, 0x00, 0x00, 0x00, 0x79, 0x10, 0x0f, 0xe7, 0x91, 0x00, 0x10, 0x7b, 0xfc, 0x02, 0x07, 0x90,
	0x00, 0xfe, 0x7f, 0x09, 0x24, 0x24, 0x90, 0x9e, 0x7e, 0x00, 0x00, 0x00, 0x00, 0x00, 0x00, 0x7a, 0x10, 0x1f, 0xe7, 0xa1, 0x00, 0xfc, 0x7a, 0x10,
	0x0f, 0xc7, 0x84, 0x01, 0xfe, 0x78, 0xe1, 0x25, 0x84, 0xa5, 0x9d, 0x11, 0x00, 0x00, 0x00, 0x00, 0x00, 0x00, 0x7b, 0xf8, 0x08, 0x27, 0xbf, 0x80,
	0x82, 0x7b, 0xf8, 0x04, 0x07, 0xbf, 0x81, 0x9a, 0x7b, 0x89, 0x28, 0xa4, 0xbe, 0x9e, 0x0e, 0x00, 0x00, 0x00, 0x00, 0x00, 0x00, 0x7b, 0xf8, 0x09,
	0x27, 0xbf, 0x80, 0x92, 0x7b, 0xf8, 0x0f, 0xc7, 0xa0, 0x80, 0xfe, 0x7a, 0x09, 0x2f, 0xe4, 0xa0, 0x9e, 0x8e, 0x00, 0x00, 0x00, 0x00, 0x00, 0x00,
	0x00, 0x01, 0xca, 0x64, 0xff, 0x92, 0x28, 0x7f, 0xfd, 0x2f, 0xc4, 0xc0, 0xd2, 0xfc, 0x7b, 0xf9, 0x2f, 0xe4, 0xbf, 0x93, 0x02, 0x3f, 0xf8, 0x00,
	0x00, 0x00, 0x00, 0x75, 0x28, 0x14, 0xa7, 0x2b, 0x00, 0x08, 0x71, 0xf8, 0x39, 0x87, 0x2b, 0x00, 0xae, 0x73, 0x29, 0x48, 0x85, 0x70, 0x1d, 0x7e,
	0x00, 0x00, 0x00, 0x00, 0x00, 0x00, 0x02, 0x21, 0xe4, 0x80, 0x7f, 0x9e, 0x50, 0x07, 0xf9, 0xe5, 0x20, 0x7f, 0x9e, 0x52, 0x07, 0xf9, 0xcd, 0x84,
	0xb5, 0x13, 0x52, 0x79, 0x44, 0x00, 0x00, 0x00, 0x00, 0x7f, 0xf8, 0x04, 0x87, 0xff, 0x80, 0x48, 0x7f, 0xf8, 0x0f, 0xe7, 0xc4, 0x81, 0xfe, 0x7c,
	0x49, 0x3f, 0xf4, 0xc0, 0x9d, 0x0e, 0x00, 0x00, 0x00, 0x00, 0x00, 0x00, 0x00, 0x01, 0xc8, 0x20, 0x78, 0x9d, 0x3f, 0x07, 0x89, 0xd2, 0x20, 0x7e,
	0x9d, 0x3a, 0x07, 0xa9, 0xc6, 0x25, 0x28, 0x95, 0x22, 0x73, 0xb8, 0x00, 0x00, 0x00, 0x00, 0x78, 0xf8, 0x0c, 0x27, 0xa8, 0x80, 0x94, 0x7f, 0xf8,
	0x01, 0x07, 0x84, 0x01, 0xfe, 0x78, 0x49, 0x39, 0x24, 0xe4, 0x9d, 0xee, 0x00, 0x00, 0x00, 0x00, 0x00, 0x00, 0x00, 0x01, 0xff, 0xe0, 0x4a, 0x9e,
	0xa2, 0x02, 0xb9, 0xf3, 0x20, 0x1b, 0x1f, 0x9e, 0x03, 0x81, 0xe1, 0xc4, 0xb8, 0x92, 0x0c, 0x73, 0xc0, 0x00, 0x00, 0x00, 0x00, 0x79, 0x10, 0x1f,
	0xe7, 0x91, 0x01, 0xfe, 0x7c, 0x48, 0x1f, 0xe7, 0x84, 0x01, 0xfe, 0x78, 0x41, 0x2f, 0xe4, 0x84, 0x1d, 0xff, 0x00, 0x00, 0x00, 0x00, 0x00, 0x00,
	0x00, 0x01, 0xc4, 0xc0, 0x7e, 0x9d, 0x2a, 0x02, 0xa1, 0xdf, 0xe0, 0x02, 0x9d, 0xea, 0x04, 0xa9, 0xde, 0x45, 0x4b, 0x55, 0xf6, 0x74, 0x88, 0x00,
	0x00, 0x00, 0x00, 0x01, 0x11, 0xe4, 0xc0, 0x3f, 0x9e, 0xaa, 0x02, 0xb1, 0xe2, 0x80, 0x7f, 0x9e, 0x00, 0x03, 0xf9, 0xe8, 0x24, 0xbf, 0x92, 0x82,
	0x7b, 0xf8, 0x00, 0x00, 0x00, 0x00, 0x00, 0x01, 0xfa, 0x02, 0x57, 0x96, 0xfc, 0x7a, 0x60, 0xfe, 0x63, 0xff, 0x1f, 0xfe, 0x00, 0x00, 0x7f, 0x81,
	0xfe, 0x0f, 0xfc, 0x3f, 0xf0, 0x00, 0x00, 0x00, 0x00, 0x00, 0x01, 0xe4, 0x80, 0x2d, 0x9e, 0xfe, 0x00, 0x41, 0xff, 0xe0, 0x19, 0x1f, 0xca, 0x07,
	0xf9, 0xe4, 0xa4, 0xfb, 0x12, 0x4e, 0x77, 0xd8, 0x00, 0x00, 0x00, 0x00, 0x00, 0x01, 0xff, 0xe0, 0x02, 0x1e, 0xc6, 0x01, 0x21, 0xdf, 0xe0, 0x7f,
	0x9c, 0x48, 0x07, 0xf9, 0xc5, 0x24, 0xf3, 0x12, 0x54, 0x77, 0x8c, 0x00, 0x00, 0x00, 0x00, 0x01, 0x01, 0xff, 0xe0, 0x11, 0x1e, 0xfe, 0x06, 0x41,
	0xff, 0xc0, 0x3f, 0x9e, 0x90, 0x01, 0xb9, 0xff, 0xe4, 0x93, 0x12, 0x38, 0x77, 0x18, 0x00, 0x00, 0x00, 0x00, 0x7f, 0xb8, 0x08, 0x47, 0xff, 0xc0,
	0xcc, 0x7c, 0xc8, 0x3c, 0xf7, 0xff, 0x81, 0x02, 0x7f, 0xf9, 0x2f, 0xc4, 0xb3, 0x1d, 0x82, 0x00, 0x00, 0x00, 0x00, 0x00, 0x00, 0x00, 0x00, 0xfb,
	0xe6, 0x9a, 0x1f, 0x7c, 0x3e, 0xf8, 0xfb, 0xe0, 0x00, 0x07, 0xf8, 0x7f, 0xf0, 0x7f, 0x81, 0xfe, 0x0f, 0xfc, 0x3f, 0xf0, 0x00, 0x00, 0x00, 0x00,
	0x08, 0xc0, 0x61, 0x83, 0x01, 0x11, 0xe2, 0x0c, 0xc0, 0x61, 0x87, 0xff, 0x84, 0x08, 0x10, 0x20, 0x40, 0x81, 0x02, 0x07, 0xf8, 0x00, 0x00, 0x00,
	0x00, 0x00, 0x00, 0x00, 0x01, 0xff, 0xe0, 0x00, 0x00, 0x00, 0x3f, 0xf0, 0x80, 0x42, 0x01, 0x0f, 0xfc, 0x00, 0x00, 0x21, 0x00, 0x84, 0x00, 0x20,
	0x7f, 0xf8, 0x00, 0x00, 0x00, 0x00, 0x04, 0x80, 0x12, 0x03, 0xff, 0x0f, 0xfc, 0x24, 0x90, 0xff, 0xc7, 0xff, 0x80, 0x00, 0x3f, 0xf0, 0xc0, 0xc1,
	0xfe, 0x02, 0x10, 0x7f, 0xf8, 0x00, 0x00, 0x00, 0x00, 0x00, 0x01, 0xff, 0xe4, 0x8a, 0x12, 0x48, 0x7e, 0xa9, 0x22, 0xa4, 0x97, 0x12, 0x94, 0x7c,
	0x51, 0x27, 0x64, 0xb4, 0x93, 0x13, 0x79, 0xc0, 0x00, 0x00, 0x00, 0x00, 0x08, 0x00, 0x3f, 0x01, 0x0c, 0x0f, 0xfe, 0x61, 0x08, 0xff, 0xe0, 0xe8,
	0x1c, 0xe6, 0x05, 0x70, 0xc7, 0x84, 0x6b, 0x0e, 0x26, 0x47, 0x08, 0x00, 0x00, 0x00, 0x00, 0x00, 0x01, 0xff, 0xe0, 0x00, 0x07, 0xf8, 0x1f, 0xe0,
	0x00, 0x07, 0xff, 0x97, 0xfa, 0x3a, 0x90, 0x35, 0xc7, 0x3e, 0x07, 0x2c, 0x67, 0x08, 0x00, 0x00, 0x00, 0x00, 0x00, 0x00, 0x32, 0x07, 0x1f, 0x83,
	0xc2, 0x2d, 0x08, 0xea, 0x26, 0x4c, 0x87, 0x12, 0x24, 0x49, 0x28, 0x21, 0x20, 0x98, 0x82, 0x1c, 0x70, 0x00, 0x00, 0x00, 0x00, 0x00, 0x40, 0x31,
	0x07, 0x3f, 0x83, 0x82, 0x4b, 0xf8, 0xe8, 0x26, 0xbf, 0x85, 0x28, 0x24, 0xa1, 0x36, 0x81, 0x52, 0x59, 0x4a, 0x1e, 0x38, 0x00, 0x00, 0x00, 0x00,
	0x00, 0x00, 0xff, 0xc2, 0x01, 0x08, 0x04, 0x3f, 0xf0, 0x80, 0x43, 0xff, 0x08, 0x04, 0x20, 0x10, 0xff, 0xc0, 0x48, 0x06, 0x18, 0x60, 0x18, 0x00,
	0x00, 0x00, 0x00, 0x02, 0x00, 0x0f, 0xe0, 0x20, 0x00, 0x80, 0x3f, 0xf0, 0x80, 0x43, 0xff, 0x08, 0x04, 0x3f, 0xf0, 0x80, 0x43, 0xff, 0x06, 0x38,
	0x70, 0x18, 0x00, 0x00, 0x00, 0x00, 0x08, 0x00, 0x3f, 0x01, 0x04, 0x0f, 0xfc, 0x60, 0x10, 0xff, 0xc2, 0x01, 0x08, 0x04, 0x3f, 0xf0, 0x80, 0x43,
	0xff, 0x03, 0x18, 0x70, 0x18, 0x00, 0x00, 0x00, 0x00, 0x7c, 0x11, 0x10, 0x44, 0x5f, 0xdf, 0x04, 0x44, 0x31, 0xf1, 0x44, 0x4d, 0x11, 0x64, 0x3b,
	0x10, 0xa8, 0x46, 0x41, 0x11, 0x3c, 0x00, 0x00, 0x00, 0x00, 0x00, 0x00, 0x00, 0x00, 0xff, 0xc0, 0x30, 0x1f, 0xfe, 0x00, 0x00, 0xff, 0xc2, 0x01,
	0x0f, 0xfc, 0x3f, 0xf0, 0x80, 0x43, 0xff, 0x07, 0x38, 0x60, 0x18, 0x00, 0x00, 0x00, 0x00, 0x18, 0x61, 0xff, 0xe0, 0x42, 0x0e, 0x38, 0x7f, 0xf0,
	0x80, 0x43, 0xff, 0x0f, 0xfc, 0x20, 0x10, 0xff, 0xc1, 0x86, 0x18, 0x06, 0x00, 0x00, 0x00, 0x00, 0x00, 0x00, 0x0b, 0x78, 0xce, 0x25, 0x31, 0x84,
	0x38, 0x3f, 0xf0, 0x80, 0x43, 0xff, 0x0f, 0xfc, 0x20, 0x10, 0xff, 0xc1, 0xce, 0x18, 0x06, 0x00, 0x00, 0x00, 0x00, 0x00, 0x00, 0x00, 0x01, 0xef,
	0xe4, 0xa0, 0x12, 0x80, 0x7b, 0xf9, 0x28, 0x27, 0xa9, 0x92, 0xa4, 0x4a, 0xf0, 0xe9, 0x83, 0x66, 0x13, 0x66, 0x47, 0x08, 0x00, 0x00, 0x00, 0x00,
	0x00, 0x00, 0xff, 0xc7, 0xff, 0x88, 0x84, 0x3f, 0xf0, 0xff, 0xc2, 0x01, 0x0f, 0xfc, 0x3f, 0xf0, 0x80, 0x43, 0xff, 0x06, 0x18, 0x60, 0x18, 0x00,
	0x00, 0x00, 0x00, 0x7f, 0xf8, 0x0c, 0x03, 0xff, 0x1f, 0xfe, 0x00, 0x00, 0xff, 0xc3, 0xff, 0x08, 0x04, 0x3f, 0xf0, 0xff, 0xc0, 0x86, 0x1c, 0x06,
	0x00, 0x00, 0x00, 0x00, 0x00, 0x00, 0x78, 0x41, 0x1f, 0xe4, 0x60, 0x9f, 0x82, 0x44, 0x01, 0xf7, 0xe4, 0x42, 0x11, 0x08, 0x38, 0x20, 0xa0, 0x84,
	0xc2, 0x11, 0x78, 0x00, 0x00, 0x00, 0x00, 0x00, 0x00, 0x32, 0x21, 0xff, 0xe3, 0x3e, 0x0f, 0xfe, 0x00, 0x00, 0xff, 0xc3, 0xff, 0x08, 0x04, 0x3f,
	0xf0, 0xff, 0xc0, 0x86, 0x1c, 0x06, 0x00, 0x00, 0x00, 0x00, 0x00, 0x00, 0x3f, 0xf0, 0x8c, 0x43, 0xff, 0x1f, 0xfe, 0x00, 0x00, 0xff, 0xc3, 0xff,
	0x08, 0x04, 0x3f, 0xf0, 0xff, 0xc0, 0x86, 0x1c, 0x06, 0x00, 0x00, 0x00, 0x00, 0x00, 0x00, 0x00, 0x01, 0xff, 0xe4, 0x48, 0x9f, 0xfe, 0x00, 0x00,
	0xff, 0xc3, 0xff, 0x08, 0x04, 0x3f, 0xf0, 0x80, 0x43, 0xff, 0x07, 0x38, 0x60, 0x18, 0x00, 0x00, 0x00, 0x00, 0x09, 0x30, 0xdf, 0xe5, 0x0c, 0x84,
	0x1e, 0x3f, 0xf0, 0x80, 0x43, 0xff, 0x0f, 0xfc, 0x20, 0x10, 0xff, 0xc1, 0xce, 0x18, 0x06, 0x00, 0x00, 0x00, 0x00, 0x00, 0x00, 0x7f, 0xf0, 0x12,
	0x23, 0xff, 0x1f, 0xfe, 0x18, 0xb9, 0xff, 0xc3, 0xff, 0x08, 0x04, 0x3f, 0xf0, 0xff, 0xc0, 0xc6, 0x1c, 0x06, 0x00, 0x00, 0x00, 0x00, 0x00, 0x00,
	0x7c, 0x41, 0x11, 0xe4, 0x44, 0x1f, 0x10, 0x44, 0x41, 0xf7, 0xe4, 0x50, 0x91, 0x42, 0x39, 0x08, 0xa4, 0x24, 0x5f, 0x91, 0x42, 0x00, 0x00, 0x00,
	0x00, 0x00, 0x00, 0x3d, 0xf9, 0x81, 0x22, 0x48, 0x9e, 0xcc, 0x1f, 0xe0, 0x80, 0x43, 0xff, 0x08, 0x04, 0x3f, 0xf0, 0xff, 0xc0, 0x86, 0x1c, 0x06,
	0x00, 0x00, 0x00, 0x00, 0x00, 0x00, 0x7c, 0xf8, 0x4a, 0x22, 0x28, 0x9b, 0x3c, 0x3f, 0xf0, 0x80, 0x43, 0xff, 0x0f, 0xfc, 0x20, 0x10, 0xff, 0xc1,
	0x86, 0x18, 0x06, 0x00, 0x00, 0x00, 0x00, 0x00, 0x00, 0x00, 0x01, 0xe2, 0x04, 0x5f, 0x91, 0xc4, 0x7e, 0xb1, 0x11, 0x87, 0xdb, 0x11, 0xc3, 0x45,
	0xf8, 0xe4, 0x22, 0x90, 0x93, 0x7e, 0x45, 0x08, 0x00, 0x00, 0x00, 0x00, 0x1f, 0xf8, 0xc2, 0x06, 0xff, 0x89, 0xfe, 0x00, 0x00, 0xff, 0xc3, 0xff,
	0x08, 0x04, 0x3f, 0xf0, 0xff, 0xc0, 0x86, 0x1c, 0x06, 0x00, 0x00, 0x00, 0x00, 0x00, 0x00, 0x78, 0x81, 0x2f, 0xf4, 0x98, 0x1e, 0x7e, 0x4b, 0x09,
	0xfc, 0x24, 0xdf, 0x92, 0x42, 0x39, 0x08, 0xa7, 0xe4, 0x90, 0x91, 0x4e, 0x00, 0x00, 0x00, 0x00, 0x00, 0x00, 0x00, 0x01, 0xcf, 0xe0, 0xc9, 0x84,
	0x70, 0x6e, 0x70, 0x7f, 0xa2, 0x01, 0x0f, 0xfc, 0x20, 0x10, 0xff, 0xc3, 0xff, 0x02, 0x18, 0x70, 0x18, 0x00, 0x00, 0x00, 0x00, 0x00, 0x01, 0xe0,
	0xe4, 0xff, 0x92, 0x08, 0x79, 0x21, 0x24, 0xa7, 0xfa, 0x92, 0x4c, 0x49, 0x31, 0xc4, 0x81, 0x05, 0x52, 0x66, 0x4a, 0x08, 0x00, 0x00, 0x00, 0x00,
	0x78, 0x91, 0x2f, 0xe4, 0x8c, 0x1e, 0x3e, 0x4b, 0xc1, 0xe1, 0x04, 0xbf, 0x92, 0x12, 0x38, 0x50, 0xa1, 0x84, 0x8e, 0x91, 0xc6, 0x00, 0x00, 0x00,
	0x00, 0x00, 0x00, 0x00, 0x01, 0xcf, 0xe4, 0xc0, 0x13, 0x7c, 0x7c, 0x01, 0x30, 0x07, 0xff, 0x93, 0x5a, 0x4d, 0x29, 0xd4, 0xc5, 0x51, 0x15, 0x5e,
	0x4b, 0x88, 0x00, 0x00, 0x00, 0x00, 0x03, 0x01, 0xff, 0xe4, 0x00, 0x97, 0xfa, 0x33, 0xb1, 0x1c, 0x27, 0xff, 0x0f, 0xfc, 0x20, 0x10, 0xff, 0xc3,
	0xff, 0x02, 0x18, 0x70, 0x18, 0x00, 0x00, 0x00, 0x00, 0x7c, 0xf8, 0x41, 0x07, 0xff, 0x8f, 0x38, 0x65, 0x19, 0xeb, 0xe3, 0xff, 0x08, 0x04, 0x3f,
	0xf0, 0xff, 0xc0, 0x86, 0x1c, 0x06, 0x00, 0x00, 0x00, 0x00, 0x00, 0x00, 0x00, 0x01, 0xef, 0xe4, 0xa0, 0x92, 0xfe, 0x7a, 0x09, 0x2f, 0xe7, 0x90,
	0x12, 0x7e, 0x4a, 0xd8, 0xf2, 0xa2, 0x92, 0x92, 0x92, 0x44, 0xb8, 0x00, 0x00, 0x00, 0x00, 0x00, 0x00, 0x4c, 0x87, 0xff, 0x97, 0xfa, 0x50, 0x28,
	0x3f, 0x03, 0xff, 0x0f, 0xfc, 0x20, 0x10, 0xff, 0xc3, 0xff, 0x03, 0x38, 0x70, 0x18, 0x00, 0x00, 0x00, 0x00, 0x00, 0x41, 0xe1, 0x04, 0xbf, 0x92,
	0x44, 0x79, 0x11, 0x22, 0xc7, 0xb4, 0x92, 0x00, 0x4b, 0xf8, 0xe8, 0x22, 0xa0, 0x92, 0x82, 0x47, 0xf8, 0x00, 0x00, 0x00, 0x00, 0x7f, 0xf9, 0xf2,
	0x67, 0xe7, 0x12, 0x3c, 0x74, 0x08, 0xff, 0xc3, 0xff, 0x08, 0x04, 0x3f, 0xf0, 0xff, 0xc0, 0xc6, 0x1c, 0x06, 0x00, 0x00, 0x00, 0x00, 0x00, 0x00,
	0x73, 0xa9, 0x20, 0xa4, 0xff, 0x9e, 0x08, 0x48, 0xa1, 0xea, 0xc4, 0xad, 0x12, 0xa4, 0x72, 0x95, 0x4a, 0x54, 0xbf, 0xd1, 0x82, 0x00, 0x00, 0x00,
	0x00, 0x00, 0x00, 0x3e, 0xf8, 0x82, 0x03, 0xdf, 0x11, 0x40, 0x7f, 0xf0, 0x80, 0x43, 0xff, 0x0f, 0xfc, 0x20, 0x10, 0xff, 0xc1, 0x86, 0x18, 0x06,
	0x00, 0x00, 0x00, 0x00, 0x00, 0x00, 0x00, 0x01, 0xe3, 0x24, 0xbf, 0x92, 0x34, 0x78, 0xe1, 0x2f, 0xe7, 0x88, 0x12, 0xfe, 0x4b, 0x08, 0xe7, 0xe2,
	0x90, 0x92, 0x42, 0x45, 0xf8, 0x00, 0x00, 0x00, 0x00, 0x77, 0xf9, 0x24, 0x84, 0xff, 0x9e, 0x48, 0x4f, 0xf9, 0xef, 0xe4, 0xc4, 0x93, 0xfe, 0x74,
	0x49, 0x5f, 0xf5, 0x40, 0x93, 0x0e, 0x00, 0x00, 0x00, 0x00, 0x00, 0x00, 0x71, 0x11, 0x3f, 0xe4, 0xc4, 0x9f, 0xfe, 0x4c, 0x49, 0xff, 0xe4, 0x80,
	0x12, 0xfe, 0x72, 0x08, 0x4f, 0xe5, 0x20, 0x92, 0xfe, 0x00, 0x00, 0x00, 0x00, 0x00, 0x00, 0x00, 0x01, 0xff, 0xe4, 0xb2, 0x16, 0xbe, 0x7f, 0xf1,
	0x2f, 0xc4, 0x1d, 0x97, 0xfe, 0x5f, 0xf9, 0x7f, 0xe5, 0x01, 0x93, 0xf8, 0x3c, 0x18, 0x00, 0x00, 0x00, 0x00, 0x00, 0x00, 0x0c, 0x03, 0xff, 0x00,
	0xc0, 0x03, 0x01, 0xff, 0xe0, 0x48, 0x09, 0x24, 0x24, 0x91, 0x12, 0x24, 0x88, 0x84, 0x20, 0x23, 0x80, 0x00, 0x00, 0x00, 0x00, 0x00, 0x00, 0x21,
	0x07, 0xe8, 0x02, 0x3e, 0x08, 0x89, 0xdf, 0x41, 0x55, 0x15, 0x94, 0x56, 0x51, 0x54, 0x82, 0x57, 0x09, 0x36, 0x5d, 0x08, 0x00, 0x00, 0x00, 0x00,
	0x00, 0x20, 0x40, 0x87, 0xff, 0x84, 0x08, 0x10, 0x21, 0xf3, 0x61, 0x45, 0x15, 0xd6, 0x57, 0x59, 0x95, 0x52, 0x49, 0x49, 0x24, 0x59, 0x70, 0x00,
	0x00, 0x00, 0x00, 0x00, 0x00, 0x04, 0x03, 0xff, 0x00, 0x40, 0x01, 0x01, 0xff, 0xe0, 0x10, 0x04, 0x40, 0x11, 0xf0, 0xc4, 0x02, 0x90, 0x19, 0xc0,
	0x41, 0xf8, 0x00, 0x00, 0x00, 0x00, 0x00, 0x00, 0x21, 0x07, 0xe4, 0x02, 0x10, 0x08, 0x41, 0xfd, 0xc0, 0x85, 0x8a, 0x10, 0x2e, 0x41, 0xa1, 0x06,
	0x84, 0x16, 0x00, 0x47, 0xf8, 0x00, 0x00, 0x00, 0x00, 0x00, 0x00, 0x27, 0xc7, 0xe0, 0x82, 0x02, 0x08, 0x09, 0xfb, 0xe0, 0x88, 0x0a, 0x20, 0x2e,
	0x89, 0xa2, 0x26, 0x8f, 0x96, 0x00, 0x47, 0xf8, 0x00, 0x00, 0x00, 0x00, 0x00, 0x00, 0x27, 0xe7, 0xe4, 0x82, 0x12, 0x08, 0x89, 0xfe, 0xc0, 0x8f,
	0x0a, 0x42, 0x2f, 0x09, 0xa4, 0x26, 0x9f, 0x96, 0x00, 0x47, 0xf8, 0x00, 0x00, 0x00, 0x00, 0x00, 0x10, 0x41, 0x67, 0xdf, 0x84, 0x50, 0x11, 0x29,
	0xfc, 0xc0, 0x93, 0x0a, 0x4c, 0x2d, 0xa1, 0xad, 0x66, 0x8d, 0x96, 0x00, 0x47, 0xf8, 0x00, 0x00, 0x00, 0x00, 0x00, 0x00, 0x5f, 0xe7, 0xa8, 0x04,
	0xbe, 0x13, 0x89, 0xea, 0xa1, 0x2a, 0x94, 0xec, 0x5a, 0x91, 0x4e, 0xc7, 0x4e, 0x94, 0x20, 0x4f, 0xf8, 0x00, 0x00, 0x00, 0x00, 0x10, 0x00, 0x47,
	0xe7, 0xe0, 0x84, 0x9a, 0x11, 0xe9, 0xf6, 0xe1, 0x10, 0x14, 0xfe, 0x5e, 0x49, 0x47, 0xa7, 0x18, 0x94, 0x8c, 0x4f, 0xf8, 0x00, 0x00, 0x00, 0x00,
	0x00, 0x00, 0xff, 0xc2, 0x01, 0x08, 0x04, 0x20, 0x10, 0xff, 0xc0, 0x10, 0x04, 0x40, 0x11, 0xf0, 0xc4, 0x02, 0x90, 0x11, 0xc0, 0x41, 0xf8, 0x00,
	0x00, 0x00, 0x00, 0x00, 0x01, 0xf7, 0xe4, 0x50, 0x11, 0x40, 0x45, 0xf0, 0xe4, 0x25, 0x10, 0x97, 0x42, 0x51, 0xf9, 0x44, 0x05, 0x10, 0x17, 0x40,
	0x61, 0xf8, 0x00, 0x00, 0x00, 0x00, 0x00, 0x41, 0xe1, 0x04, 0xbf, 0x92, 0x28, 0x48, 0xa0, 0xca, 0xe5, 0x2a, 0x96, 0xaa, 0x54, 0xa9, 0x54, 0x95,
	0x12, 0x16, 0x88, 0x66, 0x60, 0x00, 0x00, 0x00, 0x00, 0x78, 0xc1, 0x2f, 0xe4, 0x9a, 0x12, 0x44, 0x36, 0xe9, 0x40, 0x05, 0xff, 0x94, 0xc0, 0x53,
	0xf9, 0x48, 0x65, 0x81, 0x98, 0x1c, 0x00, 0x00, 0x00, 0x00, 0x00, 0x00, 0x00, 0x01, 0xf2, 0x04, 0x5f, 0x91, 0xc4, 0x46, 0xb0, 0xe1, 0x85, 0x1b,
	0x17, 0xc3, 0x51, 0xf9, 0x44, 0x25, 0x10, 0x97, 0x7e, 0x61, 0x08, 0x00, 0x00, 0x00, 0x00, 0x79, 0x61, 0x35, 0xa4, 0xf7, 0x92, 0xdc, 0x31, 0x61,
	0x45, 0x85, 0xb7, 0x15, 0xda, 0x51, 0x61, 0x45, 0x97, 0xa6, 0x51, 0x0e, 0x00, 0x00, 0x00, 0x00, 0x00, 0x00, 0x78, 0xb9, 0x2f, 0xe4, 0x88, 0x12,
	0x3e, 0x33, 0xc1, 0x41, 0x05, 0xbf, 0x94, 0x12, 0x50, 0x71, 0x41, 0x87, 0xba, 0x93, 0x06, 0x00, 0x00, 0x00, 0x00, 0x00, 0x00, 0x00, 0x01, 0xef,
	0xe4, 0x91, 0x92, 0x38, 0x4b, 0xf8, 0xc9, 0x25, 0x3f, 0x96, 0x92, 0x52, 0x49, 0x4f, 0xe5, 0x24, 0x96, 0x92, 0x62, 0x58, 0x00, 0x00, 0x00, 0x00,
	0x78, 0x41, 0x2f, 0xa4, 0x97, 0x12, 0x54, 0x32, 0x49, 0x43, 0x05, 0xbf, 0x94, 0x82, 0x53, 0xf9, 0x48, 0x25, 0xa0, 0x98, 0xfe, 0x00, 0x00, 0x00,
	0x00, 0x00, 0x00, 0x00, 0x41, 0xe1, 0x04, 0xbf, 0x92, 0x44, 0x49, 0x10, 0xdf, 0xe5, 0x44, 0xd7, 0x13, 0x53, 0xf9, 0x49, 0x25, 0x24, 0x96, 0x9e,
	0x60, 0x40, 0x00, 0x00, 0x00, 0x00, 0x7b, 0xf9, 0x21, 0x04, 0xbf, 0x93, 0xfe, 0x30, 0x01, 0x4f, 0xe5, 0xbf, 0x94, 0x82, 0x53, 0xf9, 0x4f, 0xe5,
	0x93, 0x19, 0x82, 0x00, 0x00, 0x00, 0x00, 0x00, 0x00, 0x00, 0x01, 0xc4, 0xa4, 0xfa, 0x12, 0x1e, 0x5f, 0xa0, 0xd2, 0xc5, 0x4b, 0x16, 0xec, 0x51,
	0xb5, 0x56, 0xd5, 0x55, 0x5d, 0x55, 0x43, 0x98, 0x00, 0x00, 0x00, 0x00, 0x00, 0x01, 0xff, 0xe4, 0x88, 0x92, 0xee, 0x48, 0x88, 0xcc, 0xc5, 0x3f,
	0x97, 0x98, 0x5f, 0xf9, 0x49, 0x85, 0x3f, 0x96, 0x98, 0x63, 0xf8, 0x00, 0x00, 0x00, 0x00, 0x00, 0x00, 0x08, 0x03, 0xff, 0x0c, 0x04, 0x3f, 0xf0,
	0xc0, 0x43, 0xff, 0x0c, 0x06, 0x7f, 0xf0, 0x03, 0x40, 0x31, 0x07, 0x04, 0x61, 0xf0, 0x00, 0x00, 0x00, 0x00, 0x00, 0x00, 0x47, 0xe7, 0xd0, 0x11,
	0x42, 0x7d, 0x51, 0x15, 0xc7, 0xd3, 0x11, 0xcc, 0x7d, 0x38, 0x35, 0x21, 0x54, 0x19, 0x7e, 0x1d, 0x00, 0x00, 0x00, 0x00, 0x00, 0x03, 0x01, 0xff,
	0xe0, 0x30, 0x0f, 0xfc, 0x23, 0x10, 0xff, 0xc2, 0x31, 0x08, 0xc4, 0x1f, 0xe0, 0x0c, 0x07, 0xff, 0x80, 0xc0, 0x00, 0x00, 0x00, 0x00, 0x00, 0x00,
	0x00, 0x00, 0x42, 0x07, 0xe8, 0x04, 0xfc, 0x7e, 0x91, 0x4a, 0x47, 0xe9, 0x14, 0xa4, 0x52, 0x94, 0xf6, 0x51, 0x11, 0x5f, 0x45, 0x12, 0x18, 0x00,
	0x00, 0x00, 0x00, 0x00, 0x01, 0xff, 0xe4, 0x30, 0x97, 0xfa, 0x03, 0x00, 0xff, 0xc2, 0x31, 0x0f, 0xfc, 0x23, 0x10, 0x7f, 0x80, 0x30, 0x1f, 0xfe,
	0x03, 0x00, 0x00, 0x00, 0x00, 0x00, 0x11, 0xf9, 0xf8, 0x81, 0x02, 0x1f, 0x88, 0x52, 0x21, 0xff, 0xf5, 0x22, 0x14, 0x88, 0x3c, 0x20, 0x40, 0x87,
	0xc2, 0x04, 0x08, 0x00, 0x00, 0x00, 0x00, 0x00, 0x00, 0x10, 0x81, 0xfb, 0xe1, 0x08, 0x9f, 0xd2, 0x53, 0x49, 0xf9, 0x25, 0x26, 0x14, 0x98, 0x3c,
	0xa0, 0x42, 0x47, 0xd0, 0x84, 0x80, 0x00, 0x00, 0x00, 0x00, 0x00, 0x00, 0x08, 0xf9, 0xf8, 0x00, 0x80, 0x1f, 0x80, 0x4b, 0xf9, 0xf9, 0x04, 0xa4,
	0x12, 0xa4, 0x3c, 0x90, 0x22, 0x27, 0xef, 0x82, 0x42, 0x00, 0x00, 0x00, 0x00, 0x00, 0x00, 0x10, 0x23, 0xf0, 0x81, 0x1f, 0x9f, 0x4a, 0x55, 0x29,
	0xf4, 0xa5, 0x5f, 0x95, 0x4a, 0x39, 0x28, 0x44, 0xa7, 0xdf, 0x84, 0x42, 0x00, 0x00, 0x00, 0x00, 0x00, 0x00, 0x11, 0xf9, 0xf8, 0x21, 0x09, 0x1f,
	0x1c, 0x54, 0x71, 0xf6, 0x65, 0x42, 0x15, 0x7e, 0x38, 0x20, 0x40, 0x87, 0xc2, 0x04, 0xfe, 0x00, 0x00, 0x00, 0x00, 0x00, 0x00, 0x00, 0x00, 0x40,
	0x87, 0xff, 0x84, 0x04, 0x7c, 0x91, 0x54, 0x27, 0xd9, 0x95, 0x24, 0x54, 0xd0, 0xe1, 0x81, 0x06, 0x1f, 0x64, 0x13, 0x0c, 0x00, 0x00, 0x00, 0x00,
	0x08, 0xd1, 0xf9, 0x67, 0xff, 0x82, 0x10, 0x7f, 0x48, 0x21, 0x47, 0xf5, 0x1f, 0xdc, 0x49, 0x20, 0xf9, 0xa7, 0xfb, 0x82, 0x46, 0x00, 0x00, 0x00,
	0x00, 0x00, 0x00, 0x00, 0x10, 0x41, 0x2f, 0xff, 0x84, 0x10, 0x7f, 0xf9, 0x59, 0x27, 0xff, 0x95, 0x92, 0x56, 0x48, 0xef, 0xe1, 0x24, 0x9f, 0x92,
	0x12, 0x58, 0x00, 0x00, 0x00, 0x00, 0x2f, 0xf9, 0xb1, 0x26, 0xbf, 0x9a, 0x10, 0x23, 0xf9, 0xe9, 0x23, 0x3f, 0x94, 0x92, 0x53, 0xf9, 0x61, 0x07,
	0x7f, 0x90, 0x10, 0x00, 0x00, 0x00, 0x00, 0x00, 0x00, 0x7c, 0xf8, 0x12, 0x07, 0xcf, 0x87, 0x3e, 0x6c, 0x81, 0xff, 0xe0, 0x30, 0x0f, 0xfc, 0x3f,
	0xf0, 0xff, 0xc0, 0x30, 0x1f, 0xfe, 0x00, 0x00, 0x00, 0x00, 0x00, 0x00, 0x10, 0xe3, 0xf6, 0x41, 0x31, 0x9e, 0xbd, 0x58, 0x01, 0xef, 0xe5, 0xaa,
	0x96, 0xaa, 0x33, 0xf8, 0x4a, 0xa7, 0xaa, 0x84, 0xae, 0x00, 0x00, 0x00, 0x00, 0x00, 0x00, 0x13, 0xfb, 0xf8, 0x21, 0x3f, 0x9f, 0x00, 0x57, 0xf9,
	0xf4, 0x25, 0x5f, 0x95, 0x42, 0x39, 0xf8, 0x44, 0x37, 0xff, 0x84, 0x02, 0x00, 0x00, 0x00, 0x00, 0x00, 0x00, 0x10, 0xe3, 0xf6, 0x41, 0x3f, 0x9e,
	0x01, 0x5b, 0xa9, 0xea, 0xa5, 0xba, 0x96, 0xaa, 0x32, 0xa8, 0x4e, 0xa7, 0xa8, 0x84, 0xe6, 0x00, 0x00, 0x00, 0x00, 0x00, 0x00, 0x33, 0x39, 0x1e,
	0x24, 0xfc, 0x9e, 0x9e, 0x4f, 0xc9, 0x3f, 0x27, 0x33, 0x93, 0xf2, 0x43, 0x09, 0xff, 0xe1, 0x86, 0x18, 0x06, 0x00, 0x00, 0x00, 0x00, 0x00, 0x00,
	0x00, 0x00, 0x41, 0x0f, 0xff, 0x84, 0xfe, 0x7c, 0x41, 0x57, 0xe7, 0xc4, 0x15, 0xfe, 0x54, 0x00, 0xe7, 0xe1, 0x10, 0x9f, 0x42, 0x11, 0xf8, 0x00,
	0x00, 0x00, 0x00, 0x01, 0x00, 0x84, 0x8f, 0xfa, 0x08, 0xae, 0x7b, 0xe9, 0xa1, 0xa7, 0xfa, 0x9b, 0x2a, 0x6f, 0x98, 0xd2, 0x42, 0x79, 0x1d, 0x2a,
	0x25, 0xc4, 0x00, 0x00, 0x00, 0x00, 0x00, 0x01, 0xff, 0xe3, 0xff, 0x0f, 0xfc, 0x23, 0x10, 0x7f, 0x87, 0xff, 0x9f, 0xfe, 0x3c, 0xf1, 0x4c, 0xa7,
	0xff, 0x8f, 0x3c, 0x7f, 0xf8, 0x00, 0x00, 0x00, 0x00, 0x00, 0x00, 0x9e, 0x85, 0x36, 0x99, 0xae, 0x2f, 0xa9, 0xff, 0xe7, 0x35, 0x9b, 0xf6, 0x00,
	0x08, 0xff, 0xc2, 0x01, 0x08, 0x04, 0x3f, 0xf0, 0x00, 0x00, 0x00, 0x00, 0x00, 0x00, 0x0c, 0x07, 0xff, 0x86, 0x08, 0x08, 0x40, 0x21, 0x07, 0xff,
	0x80, 0xc0, 0x03, 0x01, 0xff, 0xe0, 0x30, 0x00, 0xc0, 0x03, 0x00, 0x00, 0x00, 0x00, 0x00, 0x00, 0x00, 0x31, 0x07, 0x3f, 0x84, 0x24, 0x7c, 0x90,
	0x42, 0x41, 0x3f, 0xdf, 0x10, 0x44, 0x41, 0x1f, 0xe4, 0x44, 0x1f, 0x10, 0x44, 0x40, 0x00, 0x00, 0x00, 0x00, 0x00, 0x00, 0xff, 0xe2, 0x00, 0x08,
	0x00, 0x2f, 0xf0, 0x80, 0x03, 0xff, 0x8a, 0x40, 0x28, 0x91, 0xa2, 0x84, 0x84, 0x12, 0xec, 0x7c, 0x18, 0x00, 0x00, 0x00, 0x00, 0x00, 0x00, 0xff,
	0xe2, 0x00, 0x0b, 0xfc, 0x7f, 0xf9, 0x24, 0x44, 0x8e, 0x17, 0xcc, 0x00, 0x21, 0xff, 0xe1, 0x02, 0x06, 0x08, 0x01, 0xe0, 0x00, 0x00, 0x00, 0x00,
	0x3f, 0xf0, 0x92, 0x43, 0xff, 0x09, 0x24, 0x1b, 0x60, 0xff, 0xe3, 0xff, 0x08, 0x00, 0x7f, 0xf9, 0x26, 0xc4, 0x84, 0x1f, 0xce, 0x00, 0x00, 0x00,
	0x00, 0x00, 0x00, 0x00, 0x01, 0x1f, 0xc2, 0x08, 0x84, 0x22, 0x01, 0x08, 0x04, 0x27, 0x10, 0x84, 0x46, 0x12, 0x10, 0x58, 0x41, 0x46, 0x0e, 0x00,
	0x47, 0xf8, 0x00, 0x00, 0x00, 0x00, 0x40, 0x40, 0x81, 0x01, 0x04, 0x00, 0x10, 0x07, 0xf9, 0xc1, 0x01, 0x04, 0x04, 0x10, 0x10, 0x40, 0x41, 0x03,
	0x80, 0x11, 0xfe, 0x00, 0x00, 0x00, 0x00, 0x00, 0x00, 0x00, 0x01, 0x0f, 0x02, 0x04, 0x04, 0x10, 0x00, 0xc0, 0x03, 0x07, 0x0e, 0x04, 0x48, 0x13,
	0x30, 0x58, 0x41, 0x40, 0x8e, 0x00, 0x47, 0xf8, 0x00, 0x00, 0x00, 0x00, 0x40, 0x80, 0x92, 0x21, 0x48, 0x81, 0x22, 0x04, 0x89, 0xd2, 0x21, 0x48,
	0x85, 0x22, 0x17, 0xf8, 0x40, 0x03, 0x80, 0x11, 0xfe, 0x00, 0x00, 0x00, 0x00, 0x00, 0x00, 0x00, 0x01, 0x1f, 0xe2, 0x04, 0x04, 0x10, 0x00, 0x40,
	0x3f, 0xe7, 0x04, 0x04, 0x10, 0x10, 0x40, 0x41, 0x01, 0x1c, 0x0e, 0x00, 0x47, 0xf8, 0x00, 0x00, 0x00, 0x00, 0x02, 0x01, 0x08, 0x02, 0x7f, 0x05,
	0x00, 0x0b, 0xf0, 0x01, 0x87, 0x18, 0x04, 0xc2, 0x16, 0x08, 0x58, 0x61, 0x3f, 0x0e, 0x00, 0x47, 0xf8, 0x00, 0x00, 0x00, 0x00, 0x00, 0x01, 0x3f,
	0xc2, 0x01, 0x04, 0x44, 0x01, 0x10, 0x3f, 0x47, 0x11, 0x04, 0x44, 0x11, 0x18, 0x44, 0x61, 0x10, 0x8e, 0x00, 0x47, 0xf8, 0x00, 0x00, 0x00, 0x00,
	0x43, 0xf0, 0x92, 0x21, 0x48, 0x81, 0x22, 0x04, 0x89, 0xd2, 0x21, 0x48, 0x85, 0xe2, 0x1c, 0xb8, 0x42, 0x03, 0x80, 0x11, 0xfe, 0x00, 0x00, 0x00,
	0x00, 0x00, 0x00, 0x40, 0xf0, 0x8c, 0x01, 0x20, 0x00, 0xfe, 0x06, 0x21, 0xd0, 0x81, 0x42, 0x05, 0x08, 0x1c, 0x20, 0x40, 0x83, 0x80, 0x11, 0xfe,
	0x00, 0x00, 0x00, 0x00, 0x00, 0x00, 0x00, 0x01, 0x1f, 0xe2, 0x40, 0x05, 0x00, 0x07, 0xf0, 0x14, 0x47, 0x52, 0x05, 0x28, 0x14, 0xc0, 0x66, 0x81,
	0x21, 0x8e, 0x00, 0x47, 0xf8, 0x00, 0x00, 0x00, 0x00, 0x44, 0x39, 0xbd, 0x23, 0x4c, 0x81, 0x32, 0x04, 0xc9, 0x93, 0x22, 0x4c, 0x8b, 0x52, 0x29,
	0x48, 0xec, 0xe3, 0x80, 0x11, 0xfe, 0x00, 0x00, 0x00, 0x00, 0x00, 0x00, 0x00, 0x01, 0x10, 0x02, 0x7f, 0x85, 0x20, 0x08, 0x80, 0x2a, 0x87, 0x29,
	0x05, 0x24, 0x14, 0x88, 0x62, 0x21, 0x38, 0x0e, 0x00, 0x47, 0xf8, 0x00, 0x00, 0x00, 0x00, 0x00, 0x01, 0x02, 0x02, 0x7f, 0x05, 0x04, 0x04, 0x10,
	0x10, 0x47, 0x7f, 0x05, 0x04, 0x14, 0x10, 0x5f, 0xc1, 0x00, 0x0e, 0x00, 0x47, 0xf8, 0x00, 0x00, 0x00, 0x00, 0x42, 0x80, 0x9f, 0xc1, 0x48, 0x03,
	0x20, 0x00, 0x81, 0xdf, 0xe1, 0x0c, 0x04, 0x58, 0x13, 0x30, 0x50, 0x63, 0x80, 0x11, 0xfe, 0x00, 0x00, 0x00, 0x00, 0x00, 0x00, 0x40, 0xa0, 0x82,
	0x41, 0xff, 0x80, 0x20, 0x02, 0xa1, 0xca, 0x41, 0x49, 0x05, 0x22, 0x1c, 0x88, 0x42, 0x03, 0x80, 0x11, 0xfe, 0x00, 0x00, 0x00, 0x00, 0x00, 0x00,
	0x44, 0x80, 0x92, 0x41, 0x29, 0x00, 0x20, 0x0f, 0xf9, 0xc7, 0x01, 0x1a, 0x04, 0xac, 0x1c, 0x98, 0x42, 0x03, 0x80, 0x11, 0xfe, 0x00, 0x00, 0x00,
	0x00, 0x00, 0x00, 0x00, 0x01, 0x02, 0x02, 0x7f, 0x05, 0x04, 0x04, 0x10, 0x1f, 0xc7, 0x40, 0x05, 0xfe, 0x14, 0x18, 0x50, 0x61, 0x3f, 0x0e, 0x00,
	0x47, 0xf8, 0x00, 0x00, 0x00, 0x00, 0x00, 0x01, 0x1f, 0xc2, 0x41, 0x05, 0xfc, 0x04, 0x10, 0x10, 0x47, 0x7e, 0x05, 0x24, 0x14, 0x60, 0x52, 0x81,
	0xf1, 0x8e, 0x00, 0x47, 0xf8, 0x00, 0x00, 0x00, 0x00, 0x42, 0x20, 0x84, 0x81, 0x7f, 0x80, 0x20, 0x00, 0x81, 0xdf, 0xe1, 0x0c, 0x04, 0x68, 0x13,
	0x30, 0x58, 0x43, 0x80, 0x11, 0xfe, 0x00, 0x00, 0x00, 0x00, 0x00, 0x00, 0x41, 0x40, 0xa5, 0x61, 0x55, 0x00, 0x50, 0x01, 0x41, 0xdd, 0xc1, 0x94,
	0x84, 0x92, 0x12, 0x48, 0x51, 0xe3, 0x80, 0x11, 0xfe, 0x00, 0x00, 0x00, 0x00, 0x00, 0x00, 0x42, 0x20, 0x84, 0x81, 0xff, 0x81, 0x20, 0x04, 0x91,
	0xd2, 0x41, 0x49, 0x04, 0xfc, 0x10, 0x80, 0x4c, 0x03, 0x80, 0x11, 0xfe, 0x00, 0x00, 0x00, 0x00, 0x00, 0x00, 0x47, 0xf8, 0x82, 0x01, 0xff, 0x80,
	0x70, 0x02, 0xa1, 0xf2, 0x61, 0x36, 0x04, 0x4e, 0x12, 0x08, 0x59, 0xc3, 0x80, 0x11, 0xfe, 0x00, 0x00, 0x00, 0x00, 0x00, 0x00, 0x00, 0x01, 0x3f,
	0xe2, 0x08, 0x84, 0xe4, 0x0c, 0xe0, 0x05, 0x07, 0x66, 0x04, 0x34, 0x13, 0x58, 0x71, 0x21, 0x1c, 0x0e, 0x00, 0x47, 0xf8, 0x00, 0x00, 0x00, 0x00,
	0x47, 0xf8, 0x91, 0x01, 0x7f, 0x81, 0x10, 0x07, 0xf9, 0xd1, 0x01, 0xbf, 0x86, 0x92, 0x1a, 0x48, 0x49, 0x63, 0x80, 0x11, 0xfe, 0x00, 0x00, 0x00,
	0x00, 0x00, 0x00, 0x41, 0xc0, 0x8c, 0xc1, 0xff, 0x80, 0x30, 0x00, 0xc1, 0xff, 0xe1, 0x2c, 0x04, 0xb4, 0x14, 0xc8, 0x46, 0x23, 0x80, 0x11, 0xfe,
	0x00, 0x00, 0x00, 0x00, 0x00, 0x00, 0x00, 0x01, 0x3f, 0xe2, 0x00, 0x05, 0xfc, 0x04, 0x18, 0x10, 0x67, 0x7f, 0x04, 0x84, 0x12, 0x20, 0x44, 0x81,
	0xff, 0x8e, 0x00, 0x47, 0xf8, 0x00, 0x00, 0x00, 0x00, 0x00, 0x01, 0x1f, 0xc2, 0x00, 0x07, 0xfe, 0x00, 0x00, 0x1f, 0xc7, 0x7f, 0x04, 0x00, 0x17,
	0xf8, 0x50, 0x21, 0x7f, 0x8e, 0x00, 0x47, 0xf8, 0x00, 0x00, 0x00, 0x00, 0x00, 0x01, 0x1f, 0xe2, 0x33, 0x05, 0xfc, 0x04, 0x88, 0x12, 0x27, 0x7f,
	0x85, 0x22, 0x17, 0xf8, 0x52, 0x21, 0x4b, 0x8e, 0x00, 0x47, 0xf8, 0x00, 0x00, 0x00, 0x00, 0x42, 0x79, 0x89, 0x03, 0xf4, 0x00, 0x9e, 0x02, 0x91,
	0x9e, 0x42, 0xa9, 0x08, 0xa4, 0x22, 0x90, 0xf4, 0x43, 0x80, 0x11, 0xfe, 0x00, 0x00, 0x00, 0x00, 0x00, 0x00, 0x40, 0x80, 0xbf, 0xe1, 0x08, 0x01,
	0xfe, 0x04, 0x89, 0xd2, 0x21, 0x3f, 0x04, 0x68, 0x16, 0x90, 0x52, 0x23, 0x80, 0x11, 0xfe, 0x00, 0x00, 0x00, 0x00, 0x00, 0x00, 0x42, 0x80, 0x9f,
	0xe1, 0x48, 0x00, 0x20, 0x0f, 0xf9, 0xc0, 0x01, 0x7f, 0x05, 0x04, 0x14, 0x10, 0x4f, 0xc3, 0x80, 0x11, 0xfe, 0x00, 0x00, 0x00, 0x00, 0x00, 0x00,
	0x00, 0x01, 0x0f, 0xe2, 0x61, 0x06, 0x78, 0x01, 0xe0, 0x3a, 0x67, 0x7f, 0x84, 0x20, 0x17, 0xf0, 0x42, 0x01, 0xff, 0x8e, 0x20, 0x47, 0xf8, 0x00,
	0x00, 0x00, 0x00, 0x40, 0x80, 0x9f, 0xe1, 0x7f, 0x01, 0x22, 0x07, 0xf9, 0xd2, 0x21, 0x49, 0x84, 0xf8, 0x1f, 0xf8, 0x42, 0x03, 0x88, 0x11, 0xfe,
	0x00, 0x00, 0x00, 0x00, 0x00, 0x00, 0x00, 0x01, 0x1f, 0xc2, 0x08, 0x87, 0xfe, 0x00, 0x88, 0x1f, 0xe7, 0x08, 0x05, 0x34, 0x13, 0xa0, 0x5a, 0xc1,
	0xb8, 0x8e, 0x00, 0x47, 0xf8, 0x00, 0x00, 0x00, 0x00, 0x00, 0x01, 0x1f, 0xe2, 0x88, 0x8e, 0xfa, 0x08, 0x88, 0x2f, 0xa7, 0x9e, 0x8e, 0x8a, 0x3a,
	0x28, 0xef, 0xa3, 0x83, 0x8e, 0x00, 0x47, 0xf8, 0x00, 0x00, 0x00, 0x00, 0x42, 0x40, 0x9f, 0xe1, 0x44, 0x03, 0x10, 0x0f, 0xf1, 0xd1, 0x01, 0x7f,
	0x85, 0x10, 0x14, 0x40, 0x4f, 0xe3, 0x80, 0x11, 0xfe, 0x00, 0x00, 0x00, 0x00, 0x00, 0x00, 0x00, 0x01, 0x0f, 0x82, 0x66, 0x07, 0xfc, 0x0c, 0x88,
	0x12, 0x27, 0x48, 0x85, 0xdc, 0x11, 0x48, 0x49, 0x21, 0x47, 0x8e, 0x00, 0x47, 0xf8, 0x00, 0x00, 0x00, 0x00, 0x00, 0x01, 0x1f, 0xe2, 0x00, 0x05,
	0xfc, 0x04, 0x10, 0x0f, 0xc7, 0x7f, 0x85, 0x22, 0x17, 0xf8, 0x52, 0x21, 0x7f, 0x8e, 0x00, 0x47, 0xf8, 0x00, 0x00, 0x00, 0x00, 0x47, 0xf0, 0x91,
	0x01, 0x7f, 0x81, 0x10, 0x07, 0xf9, 0xd8, 0x21, 0x7f, 0x86, 0xfe, 0x1a, 0x08, 0x4f, 0xe3, 0x80, 0x11, 0xfe, 0x00, 0x00, 0x00, 0x00, 0x00, 0x00,
	0x00, 0x01, 0x08, 0x82, 0xff, 0x84, 0x62, 0x06, 0x90, 0x23, 0x87, 0x34, 0x07, 0x38, 0x11, 0xd0, 0x59, 0x21, 0x9c, 0x8e, 0x00, 0x47, 0xf8, 0x00,
	0x00, 0x00, 0x00, 0x00, 0x01, 0x1f, 0xe2, 0x80, 0x8f, 0xfe, 0x09, 0x10, 0x2f, 0xe7, 0x84, 0x0e, 0xfe, 0x38, 0x40, 0xef, 0xe3, 0x84, 0x0e, 0x10,
	0x47, 0xf8, 0x00, 0x00, 0x00, 0x00, 0x00, 0x01, 0x1f, 0xc2, 0x49, 0x8d, 0xfe, 0x04, 0x98, 0x1f, 0xc7, 0x7f, 0x8e, 0x22, 0x38, 0xa8, 0xef, 0x63,
	0x83, 0x8e, 0x00, 0x47, 0xf8, 0x00, 0x00, 0x00, 0x00, 0x00, 0x01, 0x19, 0x06, 0xf7, 0x8d, 0x20, 0x07, 0x78, 0x14, 0x66, 0x51, 0x0b, 0x5e, 0x29,
	0x10, 0xa4, 0x43, 0xf7, 0x1e, 0x00, 0x47, 0xf8, 0x00, 0x00, 0x00, 0x00, 0x00, 0x01, 0x3f, 0xe2, 0x88, 0x8d, 0xfc, 0x07, 0xf0, 0x12, 0x47, 0x7f,
	0x0d, 0x24, 0x37, 0xf0, 0xc2, 0x03, 0xff, 0x8e, 0x20, 0x47, 0xf8, 0x00, 0x00, 0x00, 0x00, 0x00, 0x01, 0x3f, 0xe2, 0x00, 0x0d, 0xfe, 0x04, 0x08,
	0x1f, 0xc7, 0x7f, 0x8f, 0x2a, 0x3f, 0xf8, 0xf2, 0xa3, 0x4a, 0x8e, 0x04, 0x47, 0xf8, 0x00, 0x00, 0x00, 0x00, 0x47, 0xf0, 0x90, 0x43, 0x4f, 0x01,
	0x24, 0x0f, 0xf9, 0xe0, 0x23, 0xbe, 0x8e, 0x8a, 0x3b, 0xe8, 0xe0, 0xe3, 0x80, 0x11, 0xfe, 0x00, 0x00, 0x00, 0x00, 0x00, 0x00, 0x00, 0x01, 0x08,
	0x82, 0xff, 0x84, 0x20, 0x07, 0xf0, 0x10, 0x47, 0x7f, 0x05, 0x04, 0x17, 0xf0, 0x50, 0x41, 0x7f, 0x0e, 0x00, 0x47, 0xf8, 0x00, 0x00, 0x00, 0x00,
	0x47, 0xf8, 0x82, 0x01, 0xff, 0x80, 0x88, 0x02, 0x21, 0xdf, 0xe1, 0x08, 0x05, 0xfe, 0x10, 0x80, 0x7f, 0xe3, 0x88, 0x11, 0xfe, 0x00, 0x00, 0x00,
	0x00, 0x00, 0x00, 0x00, 0x01, 0x1f, 0xc6, 0x11, 0x0f, 0xfe, 0x00, 0x00, 0x1f, 0xe6, 0x40, 0x88, 0xfc, 0x2f, 0xf8, 0x91, 0x03, 0xff, 0x9e, 0x10,
	0x47, 0xf8, 0x00, 0x00, 0x00, 0x00, 0x4f, 0xf9, 0x8d, 0x82, 0x25, 0x01, 0x2c, 0x07, 0xe9, 0xb1, 0x62, 0x5a, 0x89, 0x2c, 0x24, 0xa8, 0xf4, 0xa3,
	0x80, 0x11, 0xfe, 0x00, 0x00, 0x00, 0x00, 0x00, 0x00, 0x00, 0x01, 0x1f, 0xc2, 0x08, 0x05, 0xfe, 0x00, 0x00, 0x1f, 0xc7, 0x41, 0x05, 0xfc, 0x10,
	0x88, 0x4f, 0xc1, 0xc9, 0x8e, 0x20, 0x47, 0xf8, 0x00, 0x00, 0x00, 0x00, 0x45, 0x79, 0x95, 0x22, 0xfc, 0x82, 0xbe, 0x0a, 0xc9, 0xab, 0x22, 0xff,
	0x8a, 0xb2, 0x26, 0x48, 0xd2, 0x63, 0x80, 0x11, 0xfe, 0x00, 0x00, 0x00, 0x00, 0x00, 0x00, 0x47, 0xf1, 0xa2, 0x63, 0xff, 0x03, 0xfe, 0x00, 0x01,
	0x9f, 0xc2, 0x7f, 0x09, 0x00, 0x27, 0xf8, 0xdf, 0xe3, 0x80, 0x11, 0xfe, 0x00, 0x00, 0x00, 0x00, 0x00, 0x00, 0x4f, 0xf8, 0x82, 0x41, 0x49, 0x00,
	0x04, 0x0f, 0xf9, 0xc2, 0x01, 0xff, 0x85, 0x22, 0x14, 0x88, 0x5f, 0xe3, 0x80, 0x11, 0xfe, 0x00, 0x00, 0x00, 0x00, 0x00, 0x00, 0x00, 0x81, 0x3f,
	0xe6, 0x22, 0x0c, 0x88, 0x0f, 0xf8, 0x22, 0x26, 0xbe, 0x8a, 0x72, 0x2a, 0x28, 0xa8, 0xa3, 0xbf, 0x8e, 0x00, 0x47, 0xf8, 0x00, 0x00, 0x00, 0x00,
	0x00, 0x01, 0x3f, 0xe6, 0x14, 0x0f, 0xfe, 0x0f, 0xf8, 0x25, 0x26, 0x7f, 0x09, 0xfc, 0x24, 0x10, 0x9f, 0xc3, 0x7f, 0x0e, 0x00, 0x47, 0xf8, 0x00,
	0x00, 0x00, 0x00, 0x00, 0x01, 0x1f, 0xe2, 0x51, 0x0d, 0x44, 0x07, 0xf8, 0x14, 0x46, 0xd1, 0x0e, 0x78, 0x3a, 0x10, 0xea, 0xa3, 0xea, 0x8e, 0x00,
	0x47, 0xf8, 0x00, 0x00, 0x00, 0x00, 0x02, 0x21, 0x0c, 0x82, 0xdd, 0x8f, 0xfe, 0x09, 0x48, 0x28, 0xe7, 0xff, 0x87, 0xfe, 0x10, 0x10, 0x7f, 0xe1,
	0x31, 0x0e, 0x18, 0x47, 0xf8, 0x00, 0x00, 0x00, 0x00, 0x00, 0x01, 0x3f, 0xe2, 0x14, 0x0f, 0xfe, 0x0f, 0xf8, 0x04, 0x07, 0xff, 0x8d, 0xfc, 0x38,
	0x28, 0xdf, 0x83, 0x63, 0x0e, 0x70, 0x47, 0xf8, 0x00, 0x00, 0x00, 0x00, 0x00, 0x01, 0x3d, 0xe6, 0x10, 0x8f, 0xdc, 0x09, 0x48, 0x1d, 0xc6, 0x7f,
	0x88, 0x88, 0x22, 0x20, 0xbf, 0xe3, 0x23, 0x0f, 0x02, 0x47, 0xf8, 0x00, 0x00, 0x00, 0x00, 0x00, 0x81, 0x1f, 0xc6, 0x88, 0x8d, 0xfc, 0x0f, 0xf8,
	0x1f, 0xc6, 0x41, 0x09, 0xfc, 0x27, 0xf0, 0x9f, 0xc3, 0x26, 0x0f, 0x06, 0x47, 0xf8, 0x00, 0x00, 0x00, 0x00, 0x00, 0x01, 0x02, 0x06, 0xf7, 0x8f,
	0x56, 0x03, 0xf0, 0x30, 0x66, 0xff, 0x09, 0x04, 0x23, 0xe0, 0x9a, 0x43, 0xc8, 0x9e, 0x40, 0x47, 0xf8, 0x00, 0x00, 0x00, 0x00, 0x47, 0x21, 0xa5,
	0xe3, 0x95, 0x03, 0xd4, 0x08, 0xf9, 0xb8, 0x82, 0xd2, 0x0b, 0x5e, 0x2d, 0x20, 0xdc, 0x83, 0x80, 0x11, 0xfe, 0x00, 0x00, 0x00, 0x00, 0x00, 0x00,
	0x00, 0x01, 0x1f, 0xe2, 0x94, 0x85, 0xfe, 0x0f, 0xf8, 0x00, 0x07, 0x7f, 0x05, 0x04, 0x13, 0xe8, 0x4f, 0xc1, 0xc9, 0x8e, 0x20, 0x47, 0xf8, 0x00,
	0x00, 0x00, 0x00, 0x00, 0x00, 0xff, 0xc2, 0x01, 0x08, 0x04, 0x1f, 0xe0, 0xff, 0xc2, 0x11, 0x08, 0x44, 0x3f, 0xf0, 0x80, 0x42, 0x00, 0x88, 0x02,
	0x3f, 0xf8, 0x00, 0x00, 0x00, 0x00, 0x00, 0x01, 0xf9, 0xe1, 0x28, 0x84, 0xa2, 0x7e, 0x90, 0x4a, 0x41, 0x29, 0x1f, 0xa2, 0x12, 0x88, 0x8a, 0x22,
	0x28, 0x98, 0xac, 0x4c, 0x80, 0x00, 0x00, 0x00, 0x00, 0x08, 0xf9, 0xfe, 0x20, 0x88, 0x82, 0x24, 0x7e, 0x90, 0x22, 0x40, 0x88, 0x9f, 0xe2, 0x10,
	0x88, 0x42, 0x23, 0x0b, 0x18, 0x20, 0x00, 0x00, 0x00, 0x00, 0x00, 0x00, 0x00, 0x01, 0xfb, 0xe2, 0x48, 0x89, 0x22, 0x24, 0x90, 0x92, 0x47, 0xe9,
	0x03, 0x22, 0x14, 0x88, 0xd2, 0x26, 0x48, 0x81, 0x2c, 0x1c, 0x80, 0x00, 0x00, 0x00, 0x00, 0x0e, 0x7d, 0xd1, 0x24, 0x44, 0x91, 0x14, 0x7f, 0x51,
	0x11, 0x64, 0x44, 0x91, 0x53, 0x5b, 0x47, 0x8d, 0x20, 0x05, 0x1f, 0xd0, 0x00, 0x00, 0x00, 0x00, 0x00, 0x00, 0x00, 0x00, 0x43, 0xe7, 0xf8, 0x8c,
	0x22, 0x3e, 0x91, 0x8a, 0x4e, 0x29, 0x0f, 0xa2, 0x22, 0x88, 0xfa, 0x32, 0x28, 0x88, 0xac, 0x2e, 0x80, 0x00, 0x00, 0x00, 0x00, 0x08, 0x79, 0xfd,
	0x20, 0x04, 0x88, 0x94, 0x63, 0x51, 0x15, 0x43, 0x44, 0x87, 0x12, 0x0c, 0x4c, 0x51, 0x22, 0x25, 0x10, 0x10, 0x00, 0x00, 0x00, 0x00, 0x00, 0x00,
	0x08, 0xf9, 0xfa, 0x24, 0x28, 0x90, 0xa4, 0x7e, 0x91, 0x0a, 0x47, 0xe8, 0x90, 0x22, 0x44, 0x89, 0x12, 0x27, 0xeb, 0x10, 0xa0, 0x00, 0x00, 0x00,
	0x00, 0x00, 0x00, 0x00, 0x01, 0xf9, 0xe1, 0x24, 0x9f, 0xd2, 0x12, 0x50, 0x49, 0x47, 0xe5, 0x08, 0x12, 0x3e, 0x49, 0x89, 0x3e, 0x24, 0x88, 0x94,
	0x3e, 0x40, 0x00, 0x00, 0x00, 0x00, 0x08, 0x00, 0x21, 0xe7, 0xf4, 0x88, 0x92, 0x22, 0x50, 0xd1, 0x44, 0xb5, 0x00, 0x12, 0x7e, 0x49, 0x89, 0x36,
	0x24, 0x98, 0x94, 0x7e, 0x40, 0x00, 0x00, 0x00, 0x00, 0x08, 0x00, 0x21, 0xe7, 0x74, 0x8f, 0x92, 0x42, 0x51, 0xf9, 0x40, 0x05, 0x1f, 0xd2, 0x06,
	0x48, 0x3d, 0x37, 0x84, 0x82, 0x14, 0x38, 0x40, 0x00, 0x00, 0x00, 0x00, 0x0f, 0x7d, 0xe1, 0x20, 0x84, 0x9f, 0xd4, 0x6a, 0x51, 0xfd, 0x66, 0xa4,
	0x9a, 0x93, 0x7f, 0x44, 0x21, 0x20, 0xf5, 0x1c, 0x10, 0x00, 0x00, 0x00, 0x00, 0x00, 0x00, 0x27, 0xbc, 0x92, 0xa4, 0xca, 0x97, 0xea, 0x34, 0xb0,
	0x92, 0xa6, 0xfa, 0xbf, 0x49, 0x15, 0xa4, 0xd6, 0xa2, 0xeb, 0x90, 0x08, 0x00, 0x00, 0x00, 0x00, 0x00, 0x00, 0x00, 0x00, 0x23, 0xe7, 0xf4, 0x82,
	0x92, 0x0e, 0x51, 0xf5, 0x41, 0x85, 0x1f, 0xd2, 0xe1, 0x48, 0xfd, 0x32, 0x14, 0x88, 0x54, 0x3f, 0x40, 0x00, 0x00, 0x00, 0x00, 0x02, 0x00, 0x49,
	0xf7, 0xd4, 0x9f, 0xd2, 0x55, 0x59, 0x9d, 0x47, 0xf5, 0x90, 0x52, 0x7f, 0x4d, 0xfd, 0x10, 0xc4, 0x85, 0x94, 0x63, 0xc0, 0x00, 0x00, 0x00, 0x00,
	0x00, 0x01, 0xff, 0xe0, 0x48, 0x01, 0x20, 0x3f, 0xf0, 0x92, 0x42, 0x49, 0x0a, 0x3c, 0x30, 0x10, 0xff, 0xc2, 0x01, 0x0f, 0xfc, 0x20, 0x10, 0x00,
	0x00, 0x00, 0x00, 0x08, 0x40, 0x21, 0x07, 0xff, 0x81, 0x20, 0x3f, 0xf0, 0x92, 0x42, 0x49, 0x0a, 0x3c, 0x30, 0x10, 0xff, 0xc2, 0x01, 0x08, 0x04,
	0x3f, 0xf0, 0x00, 0x00, 0x00, 0x00, 0x7e, 0x80, 0x63, 0xe1, 0x88, 0x9f, 0xc2, 0x5b, 0x89, 0xa9, 0x26, 0xe6, 0x98, 0x8a, 0x7e, 0x09, 0x08, 0x27,
	0xe0, 0x90, 0x9c, 0x00, 0x00, 0x00, 0x00, 0x00, 0x00, 0x00, 0x01, 0xfb, 0xe1, 0x80, 0x86, 0x02, 0x7e, 0x09, 0x68, 0x25, 0xaf, 0x9b, 0xa0, 0x62,
	0x81, 0xfa, 0x24, 0x28, 0x9f, 0xa2, 0x42, 0xf8, 0x00, 0x00, 0x00, 0x00, 0x7e, 0x10, 0x60, 0x41, 0x9f, 0xdf, 0x84, 0x5a, 0x11, 0xaa, 0x46, 0xe9,
	0x18, 0x94, 0x7e, 0x11, 0x08, 0x47, 0xe1, 0x10, 0xbc, 0x00, 0x00, 0x00, 0x00, 0x00, 0x00, 0x00, 0x01, 0x3f, 0xe2, 0x14, 0x00, 0x50, 0x4f, 0xf9,
	0xa5, 0x22, 0x94, 0x82, 0x9e, 0x0c, 0x08, 0xbf, 0xe2, 0x80, 0x9b, 0xfe, 0x48, 0x08, 0x00, 0x00, 0x00, 0x00, 0x7c, 0x40, 0xa7, 0xc2, 0x85, 0x1f,
	0x15, 0x6c, 0x95, 0xb4, 0x66, 0xc2, 0x11, 0x7f, 0x7c, 0x21, 0x10, 0x87, 0xc2, 0x11, 0x08, 0x00, 0x00, 0x00, 0x00, 0x00, 0x00, 0x7c, 0x80, 0xa7,
	0xf2, 0x94, 0x1f, 0x50, 0x6e, 0x79, 0xb9, 0x06, 0xc4, 0x11, 0x10, 0x7c, 0x79, 0x11, 0x07, 0xc4, 0x11, 0x10, 0x00, 0x00, 0x00, 0x00, 0x00, 0x00,
	0x7c, 0x80, 0xa7, 0xe2, 0xb1, 0x1d, 0x2c, 0x74, 0x61, 0xd6, 0xc6, 0xf0, 0xd1, 0x7e, 0x7d, 0x09, 0x14, 0x27, 0xdf, 0x91, 0x42, 0x00, 0x00, 0x00,
	0x00, 0x00, 0x00, 0x00, 0x01, 0xf4, 0xa2, 0x92, 0x8a, 0x4a, 0x77, 0xb9, 0xde, 0xe7, 0x77, 0x9b, 0xde, 0x45, 0x29, 0xf4, 0xa4, 0x52, 0x9f, 0x4a,
	0x46, 0x08, 0x00, 0x00, 0x00, 0x00, 0x00, 0x41, 0xf1, 0x22, 0x9e, 0x8a, 0x14, 0x7d, 0xf9, 0xb0, 0x86, 0xc4, 0x1b, 0x6e, 0x45, 0x31, 0xf7, 0xe4,
	0x42, 0x1f, 0x08, 0x40, 0xe0, 0x00, 0x00, 0x00, 0x00, 0x7c, 0xa0, 0xa7, 0xe2, 0x92, 0x1f, 0x48, 0x6c, 0x21, 0xb7, 0xe6, 0xc0, 0x11, 0x7e, 0x7d,
	0x09, 0x14, 0x27, 0xdf, 0x90, 0x42, 0x00, 0x00, 0x00, 0x00, 0x00, 0x00, 0x7c, 0x90, 0xa2, 0x22, 0xbf, 0x9f, 0x28, 0x6c, 0xa9, 0xbc, 0xe6, 0xc8,
	0x11, 0x7e, 0x7f, 0x91, 0x11, 0x87, 0xcf, 0x10, 0xc3, 0x00, 0x00, 0x00, 0x00, 0x00, 0x00, 0x00, 0x01, 0xf0, 0x82, 0x9d, 0x8a, 0x7e, 0x7d, 0x09,
	0xb7, 0xe6, 0xc0, 0x1b, 0x7e, 0x44, 0x11, 0xf0, 0x84, 0x5f, 0x9f, 0x08, 0x40, 0xe0, 0x00, 0x00, 0x00, 0x00, 0x00, 0x01, 0xf7, 0xe2, 0x90, 0x8a,
	0x7e, 0x7d, 0x09, 0xb7, 0xe6, 0xc0, 0x1b, 0x7e, 0x44, 0x21, 0xf4, 0xe4, 0x52, 0x1f, 0x78, 0x41, 0x38, 0x00, 0x00, 0x00, 0x00, 0x79, 0x38, 0xc4,
	0xa3, 0x7a, 0x9e, 0x4e, 0x79, 0x29, 0xec, 0xa7, 0xaa, 0x92, 0xae, 0x7a, 0xa9, 0x2b, 0x27, 0xbc, 0x90, 0x96, 0x00, 0x00, 0x00, 0x00, 0x00, 0x00,
	0x00, 0x01, 0xf7, 0xe2, 0x90, 0x8a, 0x7e, 0x7d, 0x09, 0xb4, 0x26, 0xcf, 0x1b, 0x48, 0x45, 0xf9, 0xfc, 0x84, 0x4f, 0x9f, 0x08, 0x41, 0xf8, 0x00,
	0x00, 0x00, 0x00, 0x00, 0x01, 0xff, 0x43, 0x07, 0x0c, 0xea, 0x79, 0x19, 0xec, 0x67, 0xbf, 0xde, 0x28, 0x4b, 0xf9, 0xe2, 0x84, 0x9a, 0x92, 0x4a,
	0x72, 0x38, 0x00, 0x00, 0x00, 0x00, 0x00, 0x01, 0xf2, 0x03, 0x3f, 0x8c, 0x92, 0x7b, 0xf9, 0xe9, 0x27, 0xa4, 0x9e, 0xfe, 0x49, 0x51, 0xe5, 0xa4,
	0x97, 0x92, 0x91, 0x74, 0x78, 0x00, 0x00, 0x00, 0x00, 0x57, 0xf9, 0x52, 0x41, 0x41, 0x0c, 0xfe, 0x53, 0x10, 0x41, 0x87, 0xff, 0x8f, 0xfc, 0x64,
	0x99, 0xe1, 0xe6, 0xff, 0x9f, 0xfe, 0x00, 0x00, 0x00, 0x00, 0x00, 0x00, 0x00, 0x41, 0xff, 0xe3, 0x02, 0x0c, 0xc6, 0x79, 0x11, 0xef, 0xe7, 0xbf,
	0x9e, 0x64, 0x4b, 0xf9, 0xe6, 0xa4, 0xb3, 0x12, 0x44, 0x73, 0xcc, 0x00, 0x00, 0x00, 0x00, 0x01, 0xf0, 0xfc, 0x01, 0x32, 0x04, 0xc8, 0x0b, 0x41,
	0xff, 0xe0, 0x30, 0x01, 0xe0, 0x0b, 0x40, 0xcc, 0xc6, 0x31, 0x80, 0xc0, 0x00, 0x00, 0x00, 0x00, 0x00, 0x00, 0x01, 0xf0, 0xf8, 0x02, 0x21, 0x04,
	0xc8, 0x10, 0x20, 0x0c, 0x07, 0xff, 0x81, 0xe0, 0x0f, 0xc0, 0x6d, 0x86, 0x31, 0x90, 0xc2, 0x00, 0x00, 0x00, 0x00, 0x00, 0x00, 0x3d, 0xf9, 0x44,
	0x25, 0x50, 0x95, 0x42, 0x11, 0x09, 0xf7, 0xe3, 0x92, 0x0d, 0x48, 0x55, 0x11, 0x48, 0x41, 0x20, 0x84, 0x82, 0x00, 0x00, 0x00, 0x00, 0x00, 0x00,
	0x00, 0x00, 0xff, 0xc2, 0x31, 0x08, 0xc4, 0x3f, 0xf0, 0x8c, 0x42, 0x31, 0x07, 0xf8, 0x03, 0x00, 0xff, 0xc0, 0x30, 0x00, 0xc0, 0x7f, 0xf8, 0x00,
	0x00, 0x00, 0x00, 0x3f, 0xf0, 0x0c, 0x07, 0xff, 0x80, 0xc0, 0x3f, 0xf0, 0x8c, 0x43, 0xff, 0x0f, 0xfc, 0x03, 0x00, 0xff, 0xc0, 0x30, 0x1f, 0xfe,
	0x00, 0x00, 0x00, 0x00, 0x00, 0x00, 0x00, 0x01, 0xfb, 0xe4, 0xa0, 0x92, 0xa4, 0x7e, 0x61, 0x28, 0x87, 0xff, 0xc2, 0x0a, 0x08, 0x28, 0xf8, 0x80,
	0x82, 0x07, 0x88, 0x60, 0xe0, 0x00, 0x00, 0x00, 0x00, 0x3f, 0xf0, 0xff, 0xc2, 0x01, 0x07, 0xf8, 0x7f, 0xf8, 0xff, 0xc2, 0x31, 0x0f, 0xfc, 0x3f,
	0xf0, 0xff, 0xc0, 0x30, 0x1f, 0xfe, 0x00, 0x00, 0x00, 0x00, 0x00, 0x00, 0x07, 0x80, 0x33, 0x03, 0x03, 0x17, 0xfa, 0x03, 0x00, 0x0c, 0x03, 0xff,
	0x04, 0xc8, 0x1b, 0x60, 0x2d, 0x00, 0x30, 0x1f, 0xfe, 0x00, 0x00, 0x00, 0x00, 0x00, 0x00, 0x19, 0xf8, 0x98, 0x44, 0x21, 0x0f, 0x04, 0x18, 0x11,
	0xf8, 0x41, 0x81, 0x16, 0x84, 0x3c, 0x10, 0xe0, 0x41, 0xe1, 0x18, 0x3c, 0x00, 0x00, 0x00, 0x00, 0x00, 0x00, 0x0c, 0xc0, 0xc0, 0xe4, 0xcc, 0x80,
	0xc0, 0x1c, 0xe1, 0xff, 0xe0, 0x30, 0x00, 0xc0, 0x7f, 0xf8, 0x4c, 0x80, 0xb6, 0x1f, 0xfe, 0x00, 0x00, 0x00, 0x00, 0x00, 0x00, 0x18, 0x20, 0x98,
	0x84, 0x22, 0x0f, 0x08, 0x19, 0xfd, 0xf8, 0x81, 0x82, 0x16, 0x88, 0x3c, 0x20, 0xe0, 0x81, 0xe2, 0x18, 0x08, 0x00, 0x00, 0x00, 0x00, 0x00, 0x00,
	0x18, 0x80, 0x93, 0xe4, 0x30, 0x8f, 0x42, 0x12, 0x89, 0xf1, 0x21, 0x04, 0x95, 0x0a, 0x54, 0x08, 0x40, 0x21, 0xc0, 0x98, 0x1c, 0x00, 0x00, 0x00,
	0x00, 0x00, 0x00, 0x18, 0x00, 0x9f, 0xe4, 0x30, 0x8f, 0x42, 0x19, 0x09, 0xfc, 0x21, 0x90, 0x96, 0xc2, 0x3d, 0x08, 0xe4, 0x21, 0xff, 0x98, 0x42,
	0x00, 0x00, 0x00, 0x00, 0x00, 0x00, 0x19, 0x08, 0x95, 0x24, 0x54, 0x8e, 0x52, 0x11, 0x49, 0xf5, 0x21, 0x14, 0x95, 0x52, 0x59, 0x48, 0x4d, 0x23,
	0xe4, 0x90, 0x82, 0x00, 0x00, 0x00, 0x00, 0x00, 0x00, 0x18, 0x40, 0x97, 0xe4, 0x04, 0x0e, 0x12, 0x12, 0x49, 0xf9, 0x21, 0x24, 0x95, 0xfe, 0x5a,
	0x40, 0x41, 0x33, 0xc4, 0x90, 0x1e, 0x00, 0x00, 0x00, 0x00, 0x00, 0x00, 0x18, 0x80, 0x97, 0xe4, 0x30, 0x8f, 0x62, 0x10, 0x89, 0xf2, 0xa1, 0x0a,
	0x95, 0x4a, 0x57, 0xd8, 0x40, 0x21, 0xc0, 0x98, 0x1c, 0x00, 0x00, 0x00, 0x00, 0x00, 0x00, 0x18, 0xe0, 0x92, 0xc4, 0x11, 0x8e, 0xff, 0x10, 0x01,
	0xf0, 0x01, 0x1f, 0x95, 0x12, 0x54, 0x48, 0x41, 0x21, 0xc7, 0x98, 0x10, 0x00, 0x00, 0x00, 0x00, 0x00, 0x00, 0x30, 0x41, 0xb1, 0x0c, 0x7f, 0x8e,
	0x10, 0x10, 0x41, 0xf7, 0xc1, 0x20, 0x96, 0x82, 0x5a, 0x08, 0x48, 0x23, 0xbf, 0x90, 0x82, 0x00, 0x00, 0x00, 0x00, 0x00, 0x00, 0x18, 0xe0, 0x97,
	0xe4, 0x56, 0x0e, 0x58, 0x10, 0x61, 0xf7, 0xe1, 0x06, 0x15, 0x18, 0x54, 0x60, 0x42, 0x41, 0xd1, 0x98, 0x80, 0x00, 0x00, 0x00, 0x00, 0x00, 0x00,
	0x18, 0x50, 0x92, 0x44, 0x29, 0x0f, 0x42, 0x11, 0x09, 0xf0, 0x01, 0x1f, 0x95, 0x42, 0x55, 0x08, 0x44, 0x21, 0xdf, 0x98, 0x42, 0x00, 0x00, 0x00,
	0x00, 0x00, 0x00, 0x18, 0x60, 0xb1, 0x84, 0x3f, 0xce, 0x18, 0x10, 0x61, 0xf3, 0xc1, 0x0f, 0x15, 0x5a, 0x5b, 0x68, 0x4b, 0xd1, 0xc6, 0x18, 0x18,
	0x00, 0x00, 0x00, 0x00, 0x00, 0x00, 0x1b, 0xf8, 0x91, 0x84, 0x06, 0x0e, 0x18, 0x11, 0x61, 0xf5, 0xe1, 0x16, 0x15, 0x58, 0x59, 0x60, 0x55, 0x83,
	0x96, 0x11, 0xfe, 0x00, 0x00, 0x00, 0x00, 0x00, 0x00, 0x00, 0x00, 0x61, 0x82, 0x7f, 0x90, 0x80, 0x3a, 0x40, 0x49, 0x07, 0xe4, 0x04, 0x90, 0x56,
	0x51, 0x6a, 0x21, 0x28, 0x8f, 0xbe, 0x45, 0x84, 0x00, 0x00, 0x00, 0x00, 0x18, 0x80, 0x92, 0x44, 0x19, 0x8e, 0xfb, 0x11, 0x21, 0xf4, 0x81, 0x1f,
	0x95, 0x88, 0x58, 0x20, 0x57, 0xe3, 0x82, 0x10, 0x08, 0x00, 0x00, 0x00, 0x00, 0x00, 0x00, 0x19, 0xf8, 0x94, 0x24, 0x50, 0x8e, 0x7e, 0x11, 0x09,
	0xf7, 0xe1, 0x14, 0x15, 0x5a, 0x55, 0x30, 0x44, 0x43, 0xd7, 0x90, 0xe2, 0x00, 0x00, 0x00, 0x00, 0x00, 0x00, 0x00, 0x40, 0x61, 0x02, 0x7f, 0x90,
	0x24, 0x38, 0x90, 0x44, 0xe7, 0xfc, 0x84, 0x68, 0x55, 0x21, 0x64, 0x81, 0x12, 0x8f, 0xca, 0x46, 0x38, 0x00, 0x00, 0x00, 0x00, 0x33, 0xf9, 0xa8,
	0x2c, 0x6f, 0x8e, 0x82, 0x12, 0x09, 0xeb, 0xa1, 0x2a, 0x96, 0xaa, 0x5a, 0xa8, 0x4b, 0x23, 0xa0, 0x90, 0x8e, 0x00, 0x00, 0x00, 0x00, 0x00, 0x00,
	0x19, 0x60, 0x97, 0xe4, 0x16, 0x0e, 0x98, 0x10, 0x61, 0xff, 0xe1, 0x0a, 0x15, 0x28, 0x59, 0xa0, 0x54, 0x93, 0xb2, 0x91, 0x8e, 0x00, 0x00, 0x00,
	0x00, 0x00, 0x00, 0x00, 0x00, 0x61, 0x02, 0x4f, 0x90, 0xc2, 0x3c, 0xd0, 0x41, 0xc7, 0xc6, 0x04, 0x3e, 0x55, 0x89, 0x52, 0x21, 0x08, 0x87, 0x3e,
	0x60, 0x88, 0x00, 0x00, 0x00, 0x00, 0x30, 0xa1, 0xaa, 0xac, 0x6a, 0x8e, 0x6c, 0x10, 0xa1, 0xe2, 0x81, 0x1b, 0x17, 0xaa, 0x59, 0x20, 0x44, 0x93,
	0xb2, 0x51, 0x8e, 0x00, 0x00, 0x00, 0x00, 0x00, 0x00, 0x18, 0xb8, 0x9f, 0xe4, 0x0c, 0x0e, 0x16, 0x13, 0xe1, 0xf1, 0x01, 0x3f, 0x95, 0x12, 0x58,
	0x50, 0x51, 0x83, 0x9a, 0x91, 0x86, 0x00, 0x00, 0x00, 0x00, 0x00, 0x00, 0x00, 0x00, 0xc3, 0xe6, 0x90, 0xb2, 0xa4, 0x30, 0x60, 0x4e, 0x67, 0x84,
	0x04, 0xfe, 0x58, 0x41, 0x6f, 0xe1, 0x04, 0x0e, 0xfe, 0x40, 0x40, 0x00, 0x00, 0x00, 0x00, 0x33, 0x21, 0x32, 0x8c, 0xca, 0x0d, 0x2e, 0x27, 0xa9,
	0xf2, 0xa2, 0x4a, 0x9b, 0xea, 0x6c, 0xc9, 0x93, 0x23, 0xfc, 0x91, 0x26, 0x00, 0x00, 0x00, 0x00, 0x00, 0x00, 0x00, 0x10, 0xc1, 0x66, 0xbf, 0xb1,
	0x10, 0x3b, 0xf8, 0x49, 0x27, 0xbf, 0x84, 0x92, 0x5a, 0x49, 0x6f, 0xe1, 0x24, 0x8e, 0x92, 0x42, 0x58, 0x00, 0x00, 0x00, 0x00, 0x39, 0x11, 0xb2,
	0xc4, 0x3f, 0x8e, 0x82, 0x12, 0x09, 0xf8, 0x21, 0x1f, 0x95, 0x28, 0x58, 0xa4, 0x44, 0x93, 0xf2, 0x91, 0x8e, 0x00, 0x00, 0x00, 0x00, 0x00, 0x00,
	0x38, 0x38, 0xb7, 0x04, 0x50, 0x0e, 0x7e, 0x11, 0x11, 0xf4, 0x41, 0x11, 0x16, 0x44, 0x5b, 0xf8, 0x46, 0x81, 0xf1, 0x99, 0x82, 0x00, 0x00, 0x00,
	0x00, 0x00, 0x00, 0x00, 0x00, 0xcf, 0xe6, 0x88, 0x31, 0x20, 0x3b, 0xf8, 0x42, 0x07, 0xbf, 0x84, 0x46, 0x5b, 0xf9, 0x64, 0x61, 0x2d, 0x8f, 0x96,
	0x40, 0x70, 0x00, 0x00, 0x00, 0x00, 0x33, 0xf9, 0xa8, 0x2c, 0x7f, 0x8e, 0x88, 0x12, 0x21, 0xff, 0xf1, 0x22, 0x16, 0xfe, 0x5b, 0x08, 0x5c, 0x23,
	0xd0, 0x91, 0x7e, 0x00, 0x00, 0x00, 0x00, 0x00, 0x00, 0x33, 0xf9, 0xa8, 0x2c, 0x6a, 0x8e, 0xaa, 0x13, 0xf9, 0xe9, 0x21, 0x35, 0x96, 0xd6, 0x5b,
	0x58, 0x4e, 0xe3, 0xb0, 0xb0, 0x86, 0x00, 0x00, 0x00, 0x00, 0x00, 0x00, 0x3b, 0xf8, 0xb1, 0x04, 0x3f, 0x8e, 0x10, 0x17, 0xf9, 0xf0, 0x01, 0x3f,
	0x95, 0xfe, 0x5a, 0x08, 0x4f, 0xe3, 0xe0, 0x90, 0x8e, 0x00, 0x00, 0x00, 0x00, 0x00, 0x00, 0x00, 0x00, 0x64, 0x42, 0xdf, 0x90, 0xc8, 0x3b, 0x20,
	0x57, 0xe7, 0xd2, 0x04, 0x48, 0x55, 0xf9, 0x64, 0x81, 0x12, 0x0f, 0x48, 0x41, 0xd8, 0x00, 0x00, 0x00, 0x00, 0x30, 0xf9, 0xad, 0x0c, 0x04, 0x0d,
	0xfe, 0x12, 0x51, 0xff, 0xe1, 0x25, 0x16, 0x94, 0x5f, 0xf8, 0x41, 0x03, 0x84, 0x33, 0xfe, 0x00, 0x00, 0x00, 0x00, 0x00, 0x00, 0x00, 0x00, 0x61,
	0x02, 0xff, 0x90, 0x82, 0x3a, 0xf8, 0x41, 0x87, 0xc6, 0x04, 0x58, 0x55, 0x79, 0x65, 0x81, 0x3e, 0x0f, 0xb8, 0x42, 0x3c, 0x00, 0x00, 0x00, 0x00,
	0x00, 0x40, 0xe1, 0x02, 0xff, 0x91, 0x82, 0x3b, 0xf8, 0x48, 0x27, 0xdf, 0x84, 0x10, 0x5b, 0xf9, 0x69, 0x21, 0x24, 0x87, 0x96, 0x62, 0x40, 0x00,
	0x00, 0x00, 0x00, 0x00, 0x10, 0xc4, 0x46, 0xff, 0xb0, 0x44, 0x38, 0x00, 0x4f, 0xe7, 0xa4, 0x84, 0x92, 0x5b, 0xf9, 0x69, 0x21, 0x24, 0x8e, 0x92,
	0x43, 0xb8, 0x00, 0x00, 0x00, 0x00, 0x3b, 0xf8, 0xb8, 0x24, 0x7f, 0x8e, 0x82, 0x13, 0xf9, 0xf2, 0x01, 0x1f, 0x96, 0x96, 0x5a, 0xa8, 0x44, 0xa1,
	0xe4, 0x98, 0x2e, 0x00, 0x00, 0x00, 0x00, 0x00, 0x00, 0x30, 0x41, 0xbf, 0xec, 0x44, 0x0e, 0xfe, 0x12, 0x49, 0xef, 0xe1, 0x24, 0x96, 0xfe, 0x58,
	0xe0, 0x45, 0x43, 0xa4, 0x90, 0x10, 0x00, 0x00, 0x00, 0x00, 0x00, 0x00, 0x39, 0x10, 0xbf, 0xe4, 0x11, 0x0e, 0x44, 0x17, 0xfd, 0xf0, 0x01, 0x3f,
	0x95, 0x82, 0x5b, 0xf8, 0x48, 0x23, 0xe0, 0x90, 0xfe, 0x00, 0x00, 0x00, 0x00, 0x00, 0x00, 0x1b, 0xf0, 0xb0, 0x44, 0x1f, 0x0e, 0x04, 0x10, 0x11,
	0xf7, 0xe1, 0x24, 0x95, 0x5e, 0x58, 0xf0, 0x45, 0x43, 0xe4, 0x91, 0x70, 0x00, 0x00, 0x00, 0x00, 0x00, 0x00, 0x31, 0xf9, 0xa4, 0x2c, 0x57, 0x8e,
	0x52, 0x11, 0x49, 0xef, 0xe1, 0x2e, 0x96, 0xaa, 0x5a, 0xa8, 0x4b, 0xa3, 0xa8, 0x90, 0x8e, 0x00, 0x00, 0x00, 0x00, 0x00, 0x00, 0x00, 0x40, 0xc1,
	0x06, 0xbb, 0xb1, 0xa4, 0x3b, 0xf8, 0x4a, 0x47, 0xaf, 0x04, 0x80, 0x5a, 0xf9, 0x6a, 0x41, 0x4f, 0x0f, 0x3c, 0x45, 0x0c, 0x00, 0x00, 0x00, 0x00,
	0x33, 0xb9, 0xaa, 0xac, 0x6a, 0x8e, 0x44, 0x13, 0xf9, 0xe0, 0x01, 0x3f, 0x96, 0x40, 0x59, 0xf8, 0x4c, 0x23, 0xa0, 0x90, 0x1c, 0x00, 0x00, 0x00,
	0x00, 0x00, 0x00, 0x31, 0xb1, 0xa8, 0xcc, 0x65, 0x4e, 0xf5, 0x12, 0x4d, 0xe8, 0xe1, 0x38, 0x96, 0x92, 0x5b, 0xb0, 0x58, 0xc3, 0xa7, 0x90, 0xa1,
	0x00, 0x00, 0x00, 0x00, 0x00, 0x00, 0x33, 0x91, 0x28, 0x4c, 0xa5, 0x8d, 0xf6, 0x23, 0x59, 0xed, 0x62, 0x2b, 0x1b, 0xac, 0x6e, 0x31, 0x89, 0x23,
	0xa4, 0x90, 0xa1, 0x00, 0x00, 0x00, 0x00, 0x00, 0x00, 0x36, 0xf9, 0x28, 0xac, 0xaf, 0xcd, 0x8a, 0x26, 0xf9, 0xe4, 0x82, 0x6f, 0x9b, 0x88, 0x6e,
	0x21, 0x8b, 0xe3, 0xd2, 0x11, 0x3e, 0x00, 0x00, 0x00, 0x00, 0x00, 0x00, 0x33, 0xf9, 0xa1, 0x0c, 0xbf, 0x8c, 0x10, 0x13, 0xf9, 0xe9, 0x21, 0x3f,
	0x96, 0xfe, 0x58, 0x40, 0x4f, 0xe3, 0x84, 0x11, 0xff, 0x00, 0x00, 0x00, 0x00, 0x00, 0x00, 0x02, 0x20, 0xc4, 0x84, 0xff, 0xb2, 0x50, 0x33, 0xf8,
	0x85, 0x27, 0xff, 0x88, 0x52, 0x6f, 0xf9, 0xad, 0x86, 0xb5, 0x0d, 0x52, 0x49, 0x44, 0x00, 0x00, 0x00, 0x00, 0x3a, 0x49, 0xb5, 0x24, 0x14, 0x0e,
	0xfe, 0x12, 0x09, 0xff, 0xe1, 0x20, 0x95, 0xfe, 0x5a, 0x08, 0x47, 0xe3, 0xdb, 0x10, 0x82, 0x00, 0x00, 0x00, 0x00, 0x00, 0x00, 0x30, 0xe1, 0xa7,
	0xec, 0x60, 0xce, 0xfe, 0x12, 0x09, 0xef, 0xe1, 0x20, 0x96, 0xfc, 0x5b, 0xf8, 0x4c, 0x23, 0xd0, 0x91, 0x7e, 0x00, 0x00, 0x00, 0x00, 0x00, 0x00,
	0x00, 0x20, 0xd0, 0x84, 0xaf, 0xb2, 0xa2, 0x30, 0x88, 0x83, 0xc7, 0xe8, 0x08, 0xbe, 0x6a, 0x89, 0xaa, 0x26, 0x2f, 0x0f, 0xc0, 0x44, 0xf8, 0x00,
	0x00, 0x00, 0x00, 0x32, 0x49, 0xa9, 0x2c, 0xbf, 0x8c, 0x00, 0x13, 0xf9, 0xe0, 0x01, 0x3f, 0x96, 0x82, 0x5b, 0xf8, 0x44, 0x43, 0x99, 0x11, 0xff,
	0x00, 0x00, 0x00, 0x00, 0x00, 0x00, 0x38, 0x40, 0xbf, 0xe4, 0x1f, 0x8e, 0xc2, 0x13, 0xf9, 0xff, 0xe1, 0x30, 0x95, 0x7e, 0x58, 0x00, 0x5f, 0xe3,
	0x9b, 0x11, 0x82, 0x00, 0x00, 0x00, 0x00, 0x00, 0x00, 0x00, 0x40, 0xc1, 0x06, 0xbb, 0xb1, 0x64, 0x3b, 0xf8, 0x49, 0x27, 0xbf, 0x84, 0x92, 0x5a,
	0xe9, 0x6c, 0xa1, 0x32, 0x8e, 0xf2, 0x42, 0x18, 0x00, 0x00, 0x00, 0x00, 0x00, 0x40, 0xe1, 0x02, 0xdf, 0x90, 0x24, 0x3b, 0xfc, 0x40, 0x07, 0xff,
	0x84, 0xfe, 0x57, 0x09, 0x67, 0xe1, 0x0a, 0x0f, 0x4a, 0x46, 0x38, 0x00, 0x00, 0x00, 0x00, 0x00, 0x40, 0xc1, 0x06, 0xbf, 0xb1, 0x44, 0x3f, 0xfc,
	0x47, 0xc7, 0xa4, 0x84, 0xfe, 0x5a, 0x49, 0x67, 0xc1, 0x3f, 0x8e, 0x10, 0x47, 0xfc, 0x00, 0x00, 0x00, 0x00, 0x33, 0xd1, 0xa3, 0xcc, 0x6a, 0x8e,
	0x46, 0x12, 0xf9, 0xf0, 0x31, 0x3f, 0x16, 0x84, 0x5b, 0xf0, 0x44, 0x83, 0x9a, 0x11, 0xfe, 0x00, 0x00, 0x00, 0x00, 0x00, 0x00, 0x33, 0xf9, 0xaa,
	0xac, 0x7f, 0x8e, 0x10, 0x13, 0xf9, 0xe1, 0x01, 0x3b, 0x96, 0x44, 0x5b, 0xfc, 0x41, 0x03, 0xbf, 0x90, 0x10, 0x00, 0x00, 0x00, 0x00, 0x00, 0x00,
	0x37, 0xa1, 0x34, 0xec, 0xfa, 0x0d, 0x30, 0x27, 0xb9, 0xf4, 0x02, 0x68, 0x1a, 0x00, 0x6b, 0xf9, 0x8a, 0xa3, 0xaa, 0x91, 0xff, 0x00, 0x00, 0x00,
	0x00, 0x00, 0x00, 0x34, 0xf9, 0x34, 0xac, 0xbf, 0x8c, 0x7e, 0x20, 0x01, 0xfb, 0xe2, 0x2f, 0x9a, 0xa0, 0x6a, 0xf9, 0x8b, 0xe3, 0xf0, 0x11, 0x3e,
	0x00, 0x00, 0x00, 0x00, 0x00, 0x00, 0x00, 0x00, 0x7f, 0xc1, 0x00, 0x07, 0xfc, 0x10, 0x00, 0x7f, 0xc1, 0x00, 0x1f, 0xfe, 0x12, 0x10, 0x44, 0xc1,
	0x0e, 0x04, 0xdc, 0x7c, 0x18, 0x00, 0x00, 0x00, 0x00, 0x00, 0x01, 0xf7, 0xe4, 0x50, 0x91, 0x42, 0x7d, 0xf9, 0x14, 0x27, 0xdf, 0x90, 0x02, 0x40,
	0x09, 0x00, 0x24, 0x00, 0x90, 0x02, 0x40, 0x78, 0x00, 0x00, 0x00, 0x00, 0x00, 0x01, 0xf7, 0xe4, 0x50, 0x9f, 0x7e, 0x45, 0x09, 0xf7, 0xe4, 0x00,
	0x90, 0xc2, 0x43, 0x09, 0x0c, 0x24, 0x4c, 0x96, 0x12, 0x40, 0x38, 0x00, 0x00, 0x00, 0x00, 0x00, 0x01, 0xf7, 0xe4, 0x50, 0x9f, 0x7e, 0x45, 0x09,
	0xf7, 0xe4, 0x00, 0x93, 0xf2, 0x41, 0x89, 0x0a, 0x24, 0xc8, 0x94, 0x22, 0x43, 0x38, 0x00, 0x00, 0x00, 0x00, 0x00, 0x01, 0xf7, 0xe4, 0x50, 0x9f,
	0x7e, 0x45, 0x09, 0xf7, 0xe4, 0x00, 0x97, 0xf2, 0x44, 0x89, 0x7f, 0xa4, 0x48, 0x92, 0x22, 0x40, 0xb8, 0x00, 0x00, 0x00, 0x00, 0x00, 0x01, 0xf7,
	0xe4, 0x50, 0x9f, 0x7e, 0x45, 0x09, 0xf7, 0xe4, 0x00, 0x93, 0xf2, 0x43, 0x09, 0x3f, 0x24, 0x30, 0x93, 0x32, 0x40, 0x78, 0x00, 0x00, 0x00, 0x00,
	0x00, 0x01, 0xf7, 0xe4, 0x50, 0x9f, 0x7e, 0x45, 0x09, 0xf7, 0xe4, 0x00, 0x97, 0xfa, 0x43, 0x09, 0x1e, 0x24, 0xb4, 0x94, 0xc2, 0x40, 0x38, 0x00,
	0x00, 0x00, 0x00, 0x00, 0x01, 0xf7, 0xe4, 0x50, 0x9f, 0x7e, 0x45, 0x09, 0xf7, 0xe4, 0x00, 0x93, 0xf2, 0x48, 0x49, 0x3f, 0x24, 0x84, 0x93, 0xf2,
	0x48, 0x78, 0x00, 0x00, 0x00, 0x00, 0x00, 0x01, 0xf7, 0xe4, 0x50, 0x9f, 0x7e, 0x45, 0x09, 0xf7, 0xe4, 0x48, 0x91, 0x22, 0x4b, 0x49, 0x7f, 0xa4,
	0x30, 0x93, 0x22, 0x40, 0x78, 0x00, 0x00, 0x00, 0x00, 0x00, 0x01, 0xf7, 0xe4, 0x50, 0x9f, 0x7e, 0x45, 0x09, 0xf7, 0xe4, 0x7c, 0x93, 0x22, 0x43,
	0x09, 0x73, 0xa4, 0xbc, 0x92, 0x12, 0x4f, 0xb8, 0x00, 0x00, 0x00, 0x00, 0x00, 0x01, 0xf7, 0xe4, 0x50, 0x9f, 0x7e, 0x45, 0x09, 0xf7, 0xe4, 0x30,
	0x93, 0x32, 0x57, 0xa9, 0x3f, 0x24, 0x84, 0x93, 0xf2, 0x48, 0x38, 0x00, 0x00, 0x00, 0x00, 0x00, 0x01, 0xf7, 0xe4, 0x50, 0x9f, 0x7e, 0x45, 0x09,
	0xf3, 0xe4, 0x94, 0x92, 0x5a, 0x5f, 0x89, 0xa5, 0x24, 0x8a, 0x92, 0xfa, 0x48, 0x38, 0x00, 0x00, 0x00, 0x00, 0x00, 0x01, 0xf7, 0xe4, 0x50, 0x9f,
	0x7e, 0x45, 0x09, 0xf7, 0xe4, 0x48, 0x93, 0xf2, 0x48, 0x49, 0x3f, 0x24, 0x50, 0x93, 0x7a, 0x50, 0x38, 0x00, 0x00, 0x00, 0x00, 0x00, 0x01, 0xf7,
	0xe4, 0x50, 0x9f, 0x7e, 0x45, 0x09, 0xf3, 0xe5, 0xfe, 0x91, 0x22, 0x5f, 0xe9, 0x3f, 0x24, 0xfc, 0x92, 0x12, 0x4f, 0xb8, 0x00, 0x00, 0x00, 0x00,
	0x00, 0x01, 0xf7, 0xe4, 0x50, 0x9f, 0x7e, 0x45, 0x09, 0xf3, 0xe5, 0xe2, 0x90, 0x7a, 0x5f, 0x29, 0x7a, 0xa5, 0x22, 0x91, 0xba, 0x58, 0x38, 0x00,
	0x00, 0x00, 0x00, 0x02, 0x00, 0x08, 0x03, 0xdf, 0x08, 0x04, 0x3f, 0xf0, 0x80, 0x03, 0xff, 0x08, 0x04, 0x3f, 0xf0, 0x0c, 0x07, 0xff, 0x80, 0xc0,
	0x03, 0x00, 0x00, 0x00, 0x00, 0x00, 0x00, 0x01, 0xef, 0xe4, 0xa0, 0x12, 0x80, 0x53, 0xf9, 0x48, 0x24, 0xb1, 0x12, 0xa4, 0x4a, 0xb1, 0x79, 0x84,
	0x46, 0x11, 0x64, 0x42, 0x08, 0x00, 0x00, 0x00, 0x00, 0x00, 0x01, 0xe2, 0x04, 0xff, 0x92, 0x40, 0x51, 0x01, 0x44, 0x04, 0x9f, 0x92, 0x42, 0x49,
	0x09, 0x68, 0x64, 0x21, 0x11, 0x04, 0x48, 0xe0, 0x00, 0x00, 0x00, 0x00, 0x00, 0x01, 0xff, 0xe4, 0xa0, 0x92, 0x82, 0x52, 0x09, 0x4f, 0xe4, 0xa0,
	0x92, 0x82, 0x4b, 0xf9, 0x28, 0x25, 0x20, 0x90, 0x82, 0x47, 0xfc, 0x00, 0x00, 0x00, 0x00, 0x00, 0x01, 0xff, 0xf4, 0x80, 0x94, 0x02, 0x53, 0xc9,
	0x89, 0x25, 0x24, 0x94, 0x92, 0x4a, 0x49, 0x4f, 0x24, 0x00, 0x90, 0x02, 0x40, 0x78, 0x00, 0x00, 0x00, 0x00, 0x00, 0x01, 0xe3, 0x04, 0xff, 0x93,
	0x02, 0x56, 0x09, 0x48, 0x65, 0x26, 0x12, 0xe0, 0x4a, 0x01, 0x68, 0x24, 0x20, 0x90, 0x82, 0x43, 0xf0, 0x00, 0x00, 0x00, 0x00, 0x7a, 0x09, 0x28,
	0x25, 0x3f, 0xd5, 0x02, 0x54, 0x09, 0x52, 0x24, 0xc4, 0x93, 0x12, 0x5c, 0x09, 0x10, 0x24, 0x40, 0x91, 0x1e, 0x00, 0x00, 0x00, 0x00, 0x00, 0x00,
	0x00, 0x01, 0xe7, 0xe4, 0xb0, 0x93, 0x4c, 0x50, 0xe1, 0x46, 0xc5, 0x60, 0x92, 0xfe, 0x4a, 0x21, 0x68, 0x84, 0x7f, 0x90, 0x08, 0x40, 0x20, 0x00,
	0x00, 0x00, 0x00, 0x00, 0x01, 0xff, 0xe4, 0xa0, 0x92, 0x82, 0x53, 0xf9, 0x48, 0x24, 0xbf, 0x92, 0x90, 0x4a, 0x49, 0x69, 0xc4, 0x22, 0x10, 0xb4,
	0x4f, 0x08, 0x00, 0x00, 0x00, 0x00, 0x7c, 0x41, 0x31, 0x65, 0x7e, 0x15, 0x12, 0x54, 0xc9, 0x5d, 0xe4, 0x88, 0x12, 0x20, 0x5f, 0xf9, 0x02, 0x04,
	0x08, 0x13, 0xfe, 0x00, 0x00, 0x00, 0x00, 0x00, 0x00, 0x00, 0x01, 0xe2, 0x04, 0xff, 0x93, 0x02, 0x57, 0xf9, 0x40, 0x05, 0x00, 0x13, 0xfe, 0x49,
	0x41, 0x65, 0x04, 0x34, 0x91, 0x92, 0x4c, 0x78, 0x00, 0x00, 0x00, 0x00, 0x78, 0x81, 0x3f, 0xe5, 0x08, 0x15, 0xfe, 0x64, 0x89, 0x5f, 0xe5, 0x48,
	0x93, 0x22, 0x53, 0xf1, 0x02, 0x04, 0xff, 0x90, 0x20, 0x00, 0x00, 0x00, 0x00, 0x00, 0x00, 0x78, 0xc1, 0x24, 0x84, 0xe1, 0x97, 0xfe, 0x50, 0x81,
	0x42, 0x04, 0xff, 0x92, 0xa0, 0x5a, 0x91, 0x12, 0x24, 0xc8, 0x90, 0xe0, 0x00, 0x00, 0x00, 0x00, 0x00, 0x00, 0x00, 0x81, 0xe7, 0xe4, 0x90, 0x92,
	0x84, 0x54, 0x31, 0x53, 0xe5, 0x50, 0x93, 0x42, 0x4d, 0x09, 0x77, 0xe4, 0x50, 0x91, 0x42, 0x45, 0xf8, 0x00, 0x00, 0x00, 0x00, 0x00, 0x01, 0xe1,
	0x04, 0xff, 0x96, 0x84, 0x51, 0x11, 0x44, 0x85, 0x6d, 0x92, 0x00, 0x4f, 0xf9, 0x78, 0x24, 0x60, 0x91, 0x82, 0x47, 0xf8, 0x00, 0x00, 0x00, 0x00,
	0x79, 0xc1, 0x2c, 0x85, 0x7f, 0x94, 0x00, 0x57, 0xf1, 0x40, 0x44, 0xff, 0x92, 0x00, 0x5f, 0xf9, 0x04, 0x44, 0x21, 0x13, 0xfa, 0x00, 0x00, 0x00,
	0x00, 0x00, 0x00, 0x78, 0xc1, 0x3f, 0xe5, 0x0c, 0x15, 0xfe, 0x64, 0xc9, 0x5f, 0xe5, 0x4c, 0x93, 0xfe, 0x51, 0xe1, 0x0b, 0x44, 0xcc, 0x92, 0x30,
	0x00, 0x00, 0x00, 0x00, 0x00, 0x00, 0x00, 0x01, 0xe2, 0x04, 0xbf, 0x14, 0x20, 0x57, 0xf9, 0x45, 0xa5, 0x67, 0x92, 0x40, 0x4b, 0xf9, 0x7c, 0x44,
	0x0e, 0x10, 0x78, 0x4e, 0x18, 0x00, 0x00, 0x00, 0x00, 0x7a, 0x01, 0x3f, 0xe5, 0xe0, 0x96, 0xfa, 0x64, 0x89, 0x5f, 0xa5, 0x08, 0x95, 0x2a, 0x54,
	0xa9, 0x1f, 0xa4, 0x40, 0x90, 0x1c, 0x00, 0x00, 0x00, 0x00, 0x00, 0x00, 0x78, 0xc1, 0x2f, 0xe5, 0x0c, 0x15, 0xfe, 0x51, 0x21, 0x44, 0xa4, 0xe3,
	0x92, 0x30, 0x5f, 0xf9, 0x03, 0x04, 0x0c, 0x13, 0xfe, 0x00, 0x00, 0x00, 0x00, 0x00, 0x00, 0x79, 0xc1, 0x2c, 0xc4, 0xff, 0x94, 0x20, 0x57, 0xf9,
	0x52, 0x24, 0xc8, 0x93, 0xfe, 0x58, 0xc1, 0x07, 0x84, 0x33, 0x13, 0x02, 0x00, 0x00, 0x00, 0x00, 0x00, 0x00, 0x00, 0x01, 0xef, 0xc4, 0xa1, 0x92,
	0xfe, 0x52, 0x19, 0x4f, 0xc5, 0x7f, 0x92, 0x40, 0x4b, 0xf9, 0x76, 0xa4, 0x34, 0x91, 0x22, 0x41, 0x30, 0x00, 0x00, 0x00, 0x00, 0x00, 0x01, 0xff,
	0xe4, 0xc4, 0x95, 0xfe, 0x54, 0x49, 0x5f, 0xe5, 0x0c, 0x13, 0xfe, 0x4c, 0x89, 0xd2, 0xa4, 0x7f, 0x91, 0x02, 0x44, 0x38, 0x00, 0x00, 0x00, 0x00,
	0x00, 0x01, 0xe7, 0xe4, 0xb0, 0x93, 0x4c, 0x50, 0xe1, 0x46, 0xc5, 0x64, 0x92, 0xfe, 0x4e, 0x41, 0x7f, 0xc4, 0x04, 0x10, 0x10, 0x4f, 0xf8, 0x00,
	0x00, 0x00, 0x00, 0x00, 0x01, 0xef, 0xe4, 0xc4, 0x95, 0xfe, 0x54, 0x49, 0x5f, 0xe5, 0x00, 0x13, 0xfe, 0x4a, 0x41, 0xc9, 0x64, 0x23, 0x10, 0xb4,
	0x4f, 0x0c, 0x00, 0x00, 0x00, 0x00, 0x7a, 0x11, 0x24, 0x85, 0x7f, 0x94, 0xd0, 0x6c, 0xa9, 0x46, 0xc5, 0x36, 0x13, 0x34, 0x51, 0xd1, 0x0d, 0x24,
	0xc4, 0x90, 0x70, 0x00, 0x00, 0x00, 0x00, 0x00, 0x00, 0x7c, 0x41, 0x3f, 0xe5, 0x44, 0x15, 0x12, 0x57, 0xf9, 0x42, 0x04, 0xff, 0x93, 0x02, 0x5f,
	0xf9, 0x10, 0x24, 0x40, 0x91, 0xfe, 0x00, 0x00, 0x00, 0x00, 0x00, 0x00, 0x00, 0x41, 0xf1, 0x04, 0xdf, 0x94, 0xa0, 0x50, 0xf9, 0x86, 0x25, 0xef,
	0x95, 0x22, 0x54, 0xf9, 0x52, 0x24, 0x69, 0x93, 0x80, 0x49, 0xf8, 0x00, 0x00, 0x00, 0x00, 0x00, 0x01, 0xff, 0xe4, 0x80, 0x15, 0xfe, 0x54, 0x09,
	0x4f, 0xc5, 0x00, 0x13, 0xfe, 0x4d, 0x49, 0xd8, 0xe4, 0x5e, 0x91, 0x22, 0x44, 0x98, 0x00, 0x00, 0x00, 0x00, 0x78, 0xa1, 0x2a, 0x64, 0xc8, 0x95,
	0xfc, 0x54, 0x09, 0x5f, 0xe4, 0xc0, 0x93, 0xfe, 0x58, 0x81, 0x1a, 0x44, 0xc8, 0x90, 0xe0, 0x00, 0x00, 0x00, 0x00, 0x00, 0x00, 0x00, 0x01, 0xfe,
	0xe5, 0x4c, 0x96, 0xd2, 0x59, 0x31, 0x98, 0x45, 0x5f, 0x96, 0x01, 0x57, 0xf9, 0x4a, 0x04, 0x49, 0x13, 0x22, 0x49, 0x88, 0x00, 0x00, 0x00, 0x00,
	0x78, 0x81, 0x3f, 0xe5, 0x22, 0x17, 0xfe, 0x50, 0x01, 0x5f, 0xe4, 0xff, 0x93, 0x02, 0x5f, 0xf1, 0x02, 0x04, 0xff, 0x90, 0x20, 0x00, 0x00, 0x00,
	0x00, 0x00, 0x00, 0x79, 0xf9, 0x3a, 0x25, 0x49, 0x14, 0x04, 0x67, 0xe9, 0x5f, 0xe5, 0x00, 0x95, 0xfe, 0x51, 0x01, 0x2b, 0x65, 0xa2, 0x94, 0xf9,
	0x00, 0x00, 0x00, 0x00, 0x00, 0x00, 0x00, 0x01, 0xfb, 0x25, 0x2d, 0x15, 0xfe, 0x51, 0xe1, 0x99, 0x45, 0xe5, 0x95, 0xe4, 0x54, 0xf9, 0x6d, 0x44,
	0x15, 0x10, 0x8e, 0x4c, 0x10, 0x00, 0x00, 0x00, 0x00, 0x10, 0x41, 0xf7, 0xe1, 0x04, 0x9f, 0x7f, 0x00, 0x49, 0xf7, 0xe0, 0x14, 0x9f, 0x7a, 0x55,
	0x51, 0x57, 0x45, 0x34, 0x8c, 0x30, 0x00, 0x00, 0x00, 0x00, 0x00, 0x00, 0x21, 0x00, 0xff, 0xc6, 0x10, 0x1f, 0xfc, 0x3f, 0xf0, 0x84, 0x03, 0xff,
	0x0f, 0xfc, 0x10, 0x30, 0x33, 0x00, 0x78, 0x1e, 0x1e, 0x00, 0x00, 0x00, 0x00, 0x00, 0x00, 0x21, 0x00, 0xff, 0xc6, 0x10, 0x1f, 0xfc, 0x21, 0x00,
	0xff, 0xc2, 0x10, 0x07, 0xfc, 0x03, 0x01, 0xff, 0xe0, 0x30, 0x00, 0xc0, 0x00, 0x00, 0x00, 0x00, 0x00, 0x00, 0x11, 0x20, 0xc4, 0x46, 0x16, 0x93,
	0xe0, 0x06, 0x40, 0xff, 0xee, 0x10, 0x0f, 0xfc, 0x21, 0x00, 0xff, 0xc2, 0x10, 0x0f, 0xfe, 0x00, 0x00, 0x00, 0x00, 0x00, 0x00, 0x00, 0x01, 0xff,
	0xe4, 0x90, 0x12, 0x48, 0x4b, 0xf9, 0x78, 0x85, 0xe2, 0x1a, 0xfc, 0x4a, 0x21, 0x2f, 0xe4, 0xa2, 0x12, 0x88, 0x0b, 0xf8, 0x00, 0x00, 0x00, 0x00,
	0x00, 0x00, 0x84, 0xc7, 0xdf, 0x88, 0xc8, 0x23, 0x20, 0xa7, 0xe2, 0x92, 0x0c, 0x48, 0x35, 0xf9, 0x54, 0x85, 0x52, 0x1f, 0xc8, 0x01, 0xd8, 0x00,
	0x00, 0x00, 0x00, 0x00, 0x01, 0xf4, 0xc2, 0x9f, 0x8a, 0xc8, 0x2b, 0x20, 0xa7, 0xe7, 0xd2, 0x06, 0x48, 0x39, 0xf8, 0xa4, 0x84, 0x92, 0x02, 0x48,
	0x39, 0xd8, 0x00, 0x00, 0x00, 0x00, 0x21, 0x00, 0xff, 0xc6, 0x10, 0x1f, 0xf8, 0x3f, 0xf0, 0x84, 0x03, 0xff, 0x00, 0xc0, 0x7f, 0xf8, 0x3f, 0x03,
	0x33, 0x10, 0xc2, 0x00, 0x00, 0x00, 0x00, 0x00, 0x00, 0x00, 0x01, 0xff, 0xe0, 0x00, 0x0f, 0xfc, 0x20, 0x10, 0xff, 0xc2, 0xc4, 0x0a, 0xfc, 0x3f,
	0xf0, 0xe2, 0x06, 0xff, 0x92, 0x20, 0x4f, 0xf8, 0x00, 0x00, 0x00, 0x00, 0x00, 0x10, 0xa2, 0x42, 0x9f, 0x9a, 0xc8, 0x6d, 0x21, 0xef, 0xe6, 0xb2,
	0x1a, 0x48, 0x6b, 0xf9, 0xac, 0x86, 0xb2, 0x1e, 0xcc, 0xc5, 0xc8, 0x00, 0x00, 0x00, 0x00, 0x00, 0x10, 0x86, 0x47, 0x9f, 0x8a, 0x48, 0x2b, 0x21,
	0xbf, 0xe5, 0x12, 0x1f, 0x48, 0x19, 0xf8, 0xf4, 0x85, 0x52, 0x14, 0x48, 0x11, 0xd8, 0x00, 0x00, 0x00, 0x00, 0x20, 0x00, 0x82, 0x45, 0xef, 0xb4,
	0xe8, 0x7b, 0xa0, 0x8b, 0xe6, 0xca, 0x0f, 0x28, 0x42, 0xfb, 0x4a, 0x87, 0xaa, 0x08, 0xa8, 0x6c, 0xd8, 0x00, 0x00, 0x00, 0x00, 0x00, 0x00, 0x62,
	0x47, 0xef, 0x9e, 0xe4, 0x5b, 0x91, 0x9b, 0xe7, 0xe9, 0x1f, 0x24, 0x52, 0xf9, 0x6a, 0x47, 0xe9, 0x10, 0xa4, 0x4e, 0xe8, 0x00, 0x00, 0x00, 0x00,
	0x00, 0x00, 0x92, 0x47, 0xef, 0x9f, 0xe4, 0x5b, 0x91, 0x6b, 0xe3, 0xc9, 0x1f, 0xa4, 0x18, 0xf9, 0xfa, 0x41, 0x89, 0x0d, 0x24, 0x42, 0xe8, 0x00,
	0x00, 0x00, 0x00, 0x00, 0x01, 0xff, 0xe0, 0x30, 0x00, 0xc0, 0x7f, 0xf9, 0x4e, 0x24, 0xb6, 0x91, 0xca, 0x53, 0x89, 0x2d, 0xa4, 0x72, 0x90, 0xc2,
	0x40, 0x78, 0x00, 0x00, 0x00, 0x00, 0x00, 0x00, 0xff, 0xc0, 0x30, 0x1f, 0xfe, 0x5f, 0xe9, 0x0c, 0x21, 0xfe, 0x00, 0x00, 0x3f, 0xf0, 0x00, 0x41,
	0xff, 0x00, 0x04, 0x3f, 0xf0, 0x00, 0x00, 0x00, 0x00, 0x00, 0x00, 0xff, 0xc0, 0x30, 0x1f, 0xfe, 0x5f, 0xe9, 0x0c, 0x21, 0xfe, 0x1f, 0xfe, 0x02,
	0x00, 0x0e, 0x00, 0x26, 0x00, 0x84, 0x02, 0x00, 0x00, 0x00, 0x00, 0x00, 0x00, 0x00, 0xff, 0xc0, 0x30, 0x1f, 0xfe, 0x5f, 0xe9, 0x0c, 0x21, 0xfe,
	0x03, 0x30, 0x3f, 0xf1, 0x08, 0xa0, 0x42, 0x02, 0x08, 0x31, 0xe0, 0x00, 0x00, 0x00, 0x00, 0x00, 0x00, 0xff, 0xc0, 0x30, 0x1f, 0xfe, 0x5f, 0xe9,
	0x0c, 0x21, 0xce, 0x0f, 0xfc, 0x00, 0x01, 0xff, 0xe0, 0xc2, 0x02, 0x0c, 0x7f, 0xd0, 0x00, 0x00, 0x00, 0x00, 0x00, 0x00, 0xff, 0xc0, 0x30, 0x1f,
	0xfe, 0x5f, 0xe9, 0x0c, 0x21, 0xfe, 0x0e, 0x1c, 0x47, 0x89, 0xff, 0xc0, 0x21, 0x00, 0x84, 0x02, 0x70, 0x00, 0x00, 0x00, 0x00, 0x00, 0x00, 0xff,
	0xc0, 0x30, 0x1f, 0xfe, 0x5f, 0xe9, 0x0c, 0x21, 0xfe, 0x00, 0x00, 0x3f, 0xf0, 0x8c, 0x43, 0xff, 0x08, 0xc4, 0x3f, 0xf0, 0x00, 0x00, 0x00, 0x00,
	0x00, 0x00, 0xff, 0xc0, 0x30, 0x1f, 0xfe, 0x5f, 0xe9, 0x6d, 0xa0, 0x00, 0x0f, 0xfc, 0x23, 0x10, 0xff, 0xc3, 0xff, 0x88, 0xc2, 0x01, 0xf8, 0x00,
	0x00, 0x00, 0x00, 0x00, 0x00, 0xff, 0xc0, 0x30, 0x1f, 0xfe, 0x5f, 0xe9, 0x6d, 0xa0, 0x00, 0x1f, 0xfe, 0x02, 0x00, 0xf7, 0xc2, 0x49, 0x09, 0x24,
	0x24, 0xb0, 0x00, 0x00, 0x00, 0x00, 0x00, 0x00, 0xff, 0xc0, 0x30, 0x1f, 0xfe, 0x5f, 0xe9, 0x7f, 0xa0, 0x00, 0x0f, 0xfc, 0x3f, 0xf1, 0xff, 0xe4,
	0x99, 0x12, 0x38, 0x7f, 0x38, 0x00, 0x00, 0x00, 0x00, 0x00, 0x00, 0xff, 0xc0, 0x30, 0x1f, 0xfe, 0x5f, 0xe9, 0x6d, 0xa0, 0x00, 0x0f, 0xfc, 0x00,
	0x00, 0xff, 0xc2, 0x49, 0x05, 0x28, 0x7f, 0xf8, 0x00, 0x00, 0x00, 0x00, 0x00, 0x00, 0xff, 0xc0, 0x30, 0x1f, 0xfe, 0x5f, 0xe9, 0x7f, 0xa0, 0x00,
	0x04, 0x7e, 0x7d, 0x08, 0xf7, 0xe7, 0x5f, 0x94, 0x42, 0x11, 0xf8, 0x00, 0x00, 0x00, 0x00, 0x3f, 0xf0, 0x0c, 0x07, 0xff, 0x97, 0xfa, 0x1f, 0xe0,
	0xf3, 0xc4, 0x20, 0x9f, 0xfc, 0x41, 0xf9, 0xfa, 0x47, 0xe6, 0x10, 0xe6, 0x00, 0x00, 0x00, 0x00, 0x00, 0x00, 0x3f, 0xf0, 0x0c, 0x07, 0xff, 0x97,
	0xfa, 0x1f, 0xe1, 0xf3, 0xe2, 0x79, 0x06, 0x18, 0x7f, 0xd8, 0xdf, 0xe5, 0x08, 0x8d, 0xdc, 0x00, 0x00, 0x00, 0x00, 0x00, 0x00, 0x3f, 0xf0, 0x0c,
	0x07, 0xff, 0x97, 0xfa, 0x1f, 0xe0, 0xf3, 0xe4, 0x59, 0x9f, 0x18, 0x19, 0xd9, 0x77, 0xe5, 0xf0, 0x9c, 0x7e, 0x00, 0x00, 0x00, 0x00, 0x00, 0x00,
	0x3f, 0xf0, 0x0c, 0x03, 0xff, 0x00, 0xc0, 0x7f, 0xf8, 0x00, 0x03, 0xff, 0x0f, 0xfc, 0x20, 0x10, 0xff, 0xc2, 0x01, 0x08, 0x3c, 0x00, 0x00, 0x00,
	0x00, 0x00, 0x00, 0x23, 0xf8, 0x81, 0x07, 0xbf, 0x80, 0x10, 0x4f, 0xf9, 0x20, 0x05, 0x3f, 0x94, 0xfe, 0x52, 0x08, 0x6f, 0xe7, 0x20, 0x80, 0x8e,
	0x00, 0x00, 0x00, 0x00, 0x00, 0x00, 0x00, 0x01, 0xf3, 0xc1, 0x09, 0x1f, 0x48, 0x10, 0xf9, 0xf8, 0xa0, 0x1f, 0xdf, 0x0a, 0x7c, 0x29, 0x17, 0xe7,
	0xc2, 0x11, 0x08, 0x4c, 0xc0, 0x00, 0x00, 0x00, 0x00, 0x04, 0x80, 0x12, 0x07, 0xcf, 0x81, 0x20, 0x04, 0x81, 0xf3, 0xe0, 0x48, 0x03, 0xa0, 0x78,
	0xf8, 0x22, 0x01, 0x88, 0x0c, 0x20, 0x00, 0x00, 0x00, 0x00, 0x00, 0x00, 0x00, 0x01, 0xff, 0xe0, 0x20, 0x00, 0x80, 0x7f, 0xf9, 0x21, 0x24, 0xfc,
	0x92, 0x12, 0x48, 0x49, 0x3f, 0x24, 0x84, 0x92, 0x12, 0x7f, 0xf8, 0x00, 0x00, 0x00, 0x00, 0x00, 0x00, 0x21, 0x07, 0xff, 0x82, 0x10, 0x0f, 0xc0,
	0x0c, 0x03, 0xff, 0x08, 0xc4, 0x3f, 0xf0, 0x0c, 0x00, 0x30, 0x1f, 0xfe, 0x03, 0x00, 0x00, 0x00, 0x00, 0x00, 0x25, 0xf9, 0xf9, 0x22, 0x44, 0x8e,
	0x12, 0x11, 0xc9, 0xf3, 0x25, 0x4e, 0x9f, 0x2a, 0x10, 0x89, 0xfc, 0x21, 0x10, 0x84, 0x9c, 0x00, 0x00, 0x00, 0x00, 0x00, 0x00, 0x24, 0xa1, 0xfa,
	0x82, 0x5a, 0x8e, 0x6e, 0x13, 0xb1, 0xfe, 0x85, 0x5a, 0x1f, 0x68, 0x11, 0xa5, 0xfe, 0xa1, 0x1a, 0x84, 0x6e, 0x00, 0x00, 0x00, 0x00, 0x00, 0x00,
	0x00, 0x80, 0x92, 0x07, 0xff, 0x89, 0x42, 0x39, 0xe8, 0x40, 0xa7, 0xc2, 0x95, 0x7a, 0x7d, 0x38, 0x44, 0x07, 0xf0, 0x44, 0x42, 0x11, 0xf8, 0x00,
	0x00, 0x00, 0x00, 0x00, 0x01, 0x21, 0x0f, 0xff, 0x92, 0x92, 0x38, 0x40, 0x4f, 0xf7, 0xc9, 0x15, 0x64, 0x7d, 0x90, 0x43, 0x87, 0xc7, 0x04, 0x66,
	0x13, 0x08, 0x00, 0x00, 0x00, 0x00, 0x46, 0x49, 0xf5, 0x24, 0x55, 0x0e, 0x7e, 0x11, 0x09, 0xf4, 0x25, 0x5f, 0x9f, 0x42, 0x11, 0xf9, 0xf4, 0x21,
	0x10, 0x84, 0x4e, 0x00, 0x00, 0x00, 0x00, 0x00, 0x00, 0x00, 0x01, 0x24, 0x0f, 0xdf, 0x92, 0xd2, 0x3b, 0x58, 0x45, 0xa7, 0xc4, 0x95, 0xfe, 0x7c,
	0xe8, 0x45, 0xa7, 0xd5, 0x84, 0x92, 0x10, 0x78, 0x00, 0x00, 0x00, 0x00, 0x4a, 0xff, 0xe8, 0x84, 0xaf, 0x9d, 0xaa, 0x26, 0xf9, 0xfa, 0xa6, 0xaf,
	0x9e, 0x8a, 0x22, 0xa3, 0xe9, 0x02, 0x2f, 0x08, 0xe3, 0x00, 0x00, 0x00, 0x00, 0x00, 0x00, 0x10, 0x41, 0xf6, 0xe1, 0x08, 0x9f, 0xdc, 0x45, 0xf9,
	0xf4, 0x24, 0x5f, 0x9f, 0x08, 0x11, 0xf9, 0xf4, 0x81, 0x3f, 0x84, 0x08, 0x00, 0x00, 0x00, 0x00, 0x00, 0x00, 0x08, 0x41, 0xff, 0xe0, 0xcc, 0x01,
	0x20, 0x7c, 0xf8, 0x12, 0x07, 0xcf, 0x81, 0x20, 0x7c, 0xf8, 0x12, 0x00, 0x48, 0x1f, 0xfe, 0x00, 0x00, 0x00, 0x00, 0x00, 0x00, 0x00, 0x00, 0x0c,
	0x07, 0xff, 0x82, 0x10, 0x08, 0x41, 0xff, 0xe0, 0x00, 0x0f, 0xfc, 0x30, 0x30, 0xff, 0xc3, 0x03, 0x0c, 0x0c, 0x3f, 0xf0, 0x00, 0x00, 0x00, 0x00,
	0x10, 0x00, 0x47, 0xe7, 0xd0, 0x8a, 0x7e, 0x28, 0x01, 0xf7, 0xe0, 0x1f, 0x9f, 0x42, 0x45, 0xf9, 0xf4, 0x24, 0x5f, 0x91, 0x24, 0x7d, 0x0c, 0x00,
	0x00, 0x00, 0x00, 0x27, 0xb9, 0xde, 0xa2, 0xfb, 0xbd, 0x4b, 0x2f, 0xbd, 0x0c, 0x03, 0xcf, 0x1f, 0xfe, 0x00, 0x00, 0xff, 0xc3, 0xff, 0x0f, 0xfc,
	0x00, 0x00, 0x00, 0x00, 0x00, 0x00, 0x00, 0x01, 0xff, 0xe0, 0x20, 0x0f, 0xfc, 0x20, 0x10, 0xff, 0xc2, 0x01, 0x0f, 0xfc, 0x20, 0x10, 0x80, 0x41,
	0xfe, 0x03, 0x38, 0x70, 0x18, 0x00, 0x00, 0x00, 0x00, 0x00, 0x01, 0xff, 0xe2, 0x08, 0x08, 0xfe, 0x24, 0x08, 0x9f, 0xe2, 0x40, 0x89, 0xfe, 0x24,
	0x08, 0x90, 0x22, 0x3f, 0x08, 0xcc, 0x4c, 0x08, 0x00, 0x00, 0x00, 0x00, 0x00, 0x01, 0x1f, 0xe4, 0x08, 0x12, 0xfe, 0x54, 0x09, 0x9f, 0xe4, 0x40,
	0x93, 0xfe, 0x4c, 0x09, 0x30, 0x27, 0x3f, 0x00, 0xcc, 0x0c, 0x08, 0x00, 0x00, 0x00, 0x00, 0x00, 0x00, 0x1f, 0xef, 0x88, 0x08, 0xfe, 0x24, 0x08,
	0x9f, 0xe2, 0x40, 0x89, 0xfe, 0x24, 0x08, 0xf0, 0x2e, 0x3f, 0x00, 0xcc, 0x0c, 0x08, 0x00, 0x00, 0x00, 0x00, 0x00, 0x01, 0x57, 0xe5, 0x44, 0x15,
	0x7e, 0x55, 0x09, 0x57, 0xe5, 0x50, 0x95, 0x7e, 0x55, 0x09, 0x54, 0x25, 0x4f, 0x15, 0x24, 0x87, 0x08, 0x00, 0x00, 0x00, 0x00, 0x00, 0x00, 0x3f,
	0xe3, 0x08, 0x18, 0xfe, 0x04, 0x08, 0x7f, 0xe3, 0x40, 0x91, 0xfe, 0x0c, 0x08, 0x70, 0x23, 0x3f, 0x18, 0xcc, 0x0c, 0x08, 0x00, 0x00, 0x00, 0x00,
	0x00, 0x01, 0xff, 0xe0, 0x44, 0x1a, 0x7e, 0x31, 0x08, 0x47, 0xe7, 0xd0, 0x85, 0x7e, 0x19, 0x08, 0x44, 0x21, 0x0f, 0x04, 0x6c, 0x72, 0x08, 0x00,
	0x00, 0x00, 0x00, 0x00, 0x01, 0xef, 0xe0, 0x04, 0x00, 0x7e, 0x7d, 0x08, 0xa7, 0xe2, 0x90, 0x8a, 0x7e, 0x29, 0x09, 0xa4, 0x25, 0xcf, 0x10, 0x6c,
	0x42, 0x08, 0x00, 0x00, 0x00, 0x00, 0x00, 0x00, 0xaf, 0xe2, 0x44, 0x09, 0x7e, 0x45, 0x09, 0xff, 0xe2, 0x70, 0x89, 0x7e, 0x25, 0x08, 0x94, 0x22,
	0x4f, 0x11, 0x64, 0x5b, 0x08, 0x00, 0x00, 0x00, 0x00, 0x11, 0xf8, 0xf1, 0x05, 0x1f, 0x95, 0x42, 0x55, 0xf9, 0x54, 0x27, 0xdf, 0x94, 0x42, 0x53,
	0x08, 0x4b, 0xc1, 0xc9, 0x00, 0xc2, 0x00, 0x00, 0x00, 0x00, 0x00, 0x00, 0x11, 0xf9, 0xf9, 0x05, 0x3f, 0x94, 0xc2, 0x7d, 0xf9, 0x14, 0x26, 0x5f,
	0x95, 0x42, 0x59, 0x09, 0x33, 0xc9, 0x69, 0x88, 0x43, 0x00, 0x00, 0x00, 0x00, 0x00, 0x00, 0x33, 0xf8, 0xa1, 0x04, 0x5f, 0xbf, 0x42, 0x01, 0xf9,
	0xf4, 0x22, 0x5f, 0x89, 0x42, 0x25, 0x08, 0x93, 0xc2, 0xdb, 0x08, 0x82, 0x00, 0x00, 0x00, 0x00, 0x00, 0x00, 0x00, 0x01, 0xff, 0xe0, 0x44, 0x09,
	0x3e, 0x19, 0x08, 0xf7, 0xe4, 0x30, 0x84, 0x7e, 0x7f, 0x08, 0x44, 0x21, 0x0f, 0x07, 0xa6, 0x61, 0x0c, 0x00, 0x00, 0x00, 0x00, 0x13, 0xf9, 0xf1,
	0x01, 0x1f, 0x95, 0x42, 0x55, 0xf8, 0x44, 0x2f, 0xdf, 0x8e, 0x42, 0x29, 0x08, 0x93, 0xc4, 0x49, 0x00, 0xc3, 0x00, 0x00, 0x00, 0x00, 0x00, 0x00,
	0x00, 0x01, 0xf7, 0xe0, 0x04, 0x1f, 0x3e, 0x45, 0x09, 0x17, 0xe4, 0x50, 0x8f, 0x7e, 0x25, 0x08, 0x94, 0x22, 0x8f, 0x07, 0xa4, 0x63, 0x08, 0x00,
	0x00, 0x00, 0x00, 0x45, 0xf9, 0xe1, 0x04, 0x7f, 0x9f, 0x42, 0x01, 0xf9, 0xf4, 0x20, 0x1f, 0x9f, 0xc2, 0x11, 0x09, 0x53, 0xc5, 0x29, 0x0c, 0xc2,
	0x00, 0x00, 0x00, 0x00, 0x00, 0x00, 0x51, 0xf9, 0x79, 0x05, 0x0f, 0x9f, 0xc2, 0x11, 0xf8, 0xd4, 0x25, 0x3f, 0x94, 0xc2, 0x35, 0x08, 0x33, 0xc1,
	0x89, 0x98, 0x43, 0x00, 0x00, 0x00, 0x00, 0x00, 0x00, 0x11, 0xf9, 0xf9, 0x01, 0x1f, 0x9f, 0xc2, 0x53, 0xf9, 0x4c, 0x27, 0xff, 0x86, 0x42, 0x35,
	0x09, 0xcb, 0xcd, 0x09, 0x84, 0x43, 0x00, 0x00, 0x00, 0x00, 0x00, 0x00, 0x00, 0x01, 0xf7, 0xe4, 0x44, 0x1f, 0x7e, 0x45, 0x09, 0xf7, 0xe0, 0x10,
	0x9f, 0x7e, 0x19, 0x09, 0x7b, 0xc7, 0x8b, 0x1e, 0xc2, 0x47, 0xf8, 0x00, 0x00, 0x00, 0x00, 0x00, 0x00, 0x47, 0xe7, 0xe6, 0x1f, 0xbe, 0x25, 0x09,
	0x97, 0xe1, 0x90, 0x8e, 0x7e, 0x47, 0x09, 0xf4, 0x24, 0x4f, 0x11, 0x26, 0x7d, 0x0c, 0x00, 0x00, 0x00, 0x00, 0x00, 0x01, 0xfb, 0xe5, 0xa2, 0x16,
	0xbe, 0x24, 0x89, 0xfb, 0xe0, 0x08, 0xbf, 0xbe, 0x20, 0x89, 0xfa, 0x24, 0x27, 0x10, 0xb4, 0x1d, 0x88, 0x00, 0x00, 0x00, 0x00, 0x11, 0xfd, 0xf9,
	0x82, 0x4f, 0x89, 0x62, 0x7f, 0xf9, 0x36, 0x27, 0x1f, 0x91, 0xe2, 0x59, 0x89, 0x09, 0xc4, 0xc9, 0x8c, 0x43, 0x00, 0x00, 0x00, 0x00, 0x00, 0x00,
	0x00, 0x01, 0xf7, 0xe4, 0x24, 0x1f, 0xbe, 0x43, 0x09, 0x0f, 0xe3, 0xd0, 0x9a, 0xfe, 0x6b, 0x09, 0xb4, 0x22, 0x8f, 0x0b, 0xa6, 0x71, 0x0c, 0x00,
	0x00, 0x00, 0x00, 0x00, 0x01, 0xfb, 0xe4, 0x82, 0x17, 0xbe, 0x62, 0x89, 0x7b, 0xe6, 0x28, 0x98, 0xbe, 0x5c, 0x89, 0x6a, 0x26, 0xa7, 0x3a, 0x36,
	0x19, 0x8c, 0x00, 0x00, 0x00, 0x00, 0x7d, 0xfc, 0x41, 0x87, 0xcf, 0x90, 0xe2, 0x7f, 0xf9, 0xfe, 0x24, 0x3f, 0x9f, 0x62, 0x7f, 0x88, 0x01, 0xc2,
	0xcd, 0xb0, 0x43, 0x00, 0x00, 0x00, 0x00, 0x00, 0x00, 0x53, 0xf8, 0xd1, 0x01, 0x0f, 0x9f, 0x42, 0x35, 0xf9, 0x4c, 0x20, 0x1f, 0x86, 0x42, 0x75,
	0x08, 0x73, 0xc2, 0x69, 0x90, 0x43, 0x00, 0x00, 0x00, 0x00, 0x00, 0x00, 0x00, 0x01, 0xff, 0xe0, 0x02, 0x1f, 0xbe, 0x42, 0x89, 0xfb, 0xe5, 0x48,
	0x9b, 0xbe, 0x7e, 0x89, 0x92, 0x27, 0xe7, 0x29, 0x36, 0x3f, 0x8c, 0x00, 0x00, 0x00, 0x00, 0x00, 0x00, 0xff, 0xc2, 0x05, 0x0f, 0xe4, 0x22, 0x10,
	0xff, 0x43, 0x25, 0x0c, 0x94, 0x7f, 0xd1, 0x09, 0x44, 0x25, 0x51, 0xfd, 0x58, 0x28, 0x00, 0x00, 0x00, 0x00, 0x00, 0x01, 0xff, 0x20, 0x07, 0x0e,
	0x90, 0x72, 0x58, 0x48, 0xa7, 0xfd, 0x84, 0x92, 0x12, 0x50, 0x49, 0x42, 0x22, 0x88, 0x8a, 0x42, 0x18, 0x00, 0x00, 0x00, 0x00, 0x07, 0x80, 0x6d,
	0x87, 0xff, 0x84, 0x08, 0x1f, 0xe0, 0x40, 0x81, 0x02, 0x07, 0xf0, 0x11, 0x30, 0x43, 0x01, 0x36, 0x1f, 0x06, 0x00, 0x00, 0x00, 0x00, 0x00, 0x00,
	0x1d, 0xf0, 0xbc, 0x47, 0xd1, 0x19, 0xc4, 0x67, 0x11, 0xfc, 0x46, 0x71, 0x1f, 0x45, 0x6d, 0x15, 0x94, 0x57, 0xb1, 0x58, 0x86, 0x00, 0x00, 0x00,
	0x00, 0x00, 0x00, 0x1c, 0xf8, 0xbc, 0x07, 0xd0, 0x19, 0xfe, 0x67, 0x09, 0xff, 0x26, 0x75, 0x9f, 0x54, 0x6d, 0x31, 0x95, 0xc7, 0xad, 0x98, 0xe2,
	0x00, 0x00, 0x00, 0x00, 0x00, 0x00, 0x1c, 0x40, 0xbb, 0xe7, 0xc8, 0x98, 0xb2, 0x63, 0x49, 0xf9, 0x26, 0x26, 0x1f, 0x18, 0x6c, 0x61, 0x92, 0x47,
	0xb0, 0x98, 0x80, 0x00, 0x00, 0x00, 0x00, 0x00, 0x00, 0x18, 0x40, 0x9a, 0x4f, 0xc9, 0x11, 0x22, 0x45, 0xf9, 0xf0, 0x04, 0x5f, 0x9f, 0x42, 0x49,
	0x09, 0x14, 0x25, 0xf0, 0x98, 0x7e, 0x00, 0x00, 0x00, 0x00, 0x00, 0x00, 0x1d, 0xf8, 0xb8, 0x27, 0xe0, 0x91, 0x7a, 0x64, 0x09, 0x77, 0xa4, 0x52,
	0x9f, 0x4a, 0x4d, 0x29, 0x17, 0xa5, 0xf0, 0x98, 0x0e, 0x00, 0x00, 0x00, 0x00, 0x00, 0x00, 0x00, 0x80, 0x62, 0x02, 0x6f, 0xbf, 0x42, 0x45, 0xe9,
	0x10, 0xa7, 0xc2, 0x91, 0x7a, 0x7d, 0x39, 0x24, 0x04, 0x50, 0x57, 0xc2, 0x61, 0xf8, 0x00, 0x00, 0x00, 0x00, 0x1c, 0x80, 0xbf, 0xe7, 0xd2, 0x11,
	0x48, 0x45, 0xf9, 0xf4, 0xa4, 0x52, 0x9f, 0x4a, 0x49, 0x29, 0x14, 0xa5, 0xf3, 0x98, 0x08, 0x00, 0x00, 0x00, 0x00, 0x00, 0x00, 0x00, 0x00, 0x76,
	0x22, 0xe9, 0x1f, 0xff, 0x44, 0x99, 0xf2, 0x64, 0x49, 0x91, 0x7f, 0x7c, 0x99, 0x32, 0x64, 0x49, 0x97, 0xc6, 0x61, 0x18, 0x00, 0x00, 0x00, 0x00,
	0x08, 0x40, 0x21, 0x03, 0x7b, 0x0f, 0xfc, 0x03, 0x01, 0xff, 0xe1, 0x32, 0x1f, 0x3e, 0x5f, 0xe8, 0x40, 0x81, 0xff, 0x04, 0x70, 0x7e, 0x38, 0x00,
	0x00, 0x00, 0x00, 0x1d, 0xfc, 0xba, 0x27, 0xc8, 0x98, 0xbe, 0x62, 0x89, 0xfa, 0x26, 0x2f, 0x9f, 0x22, 0x6c, 0x89, 0x97, 0xe7, 0xa0, 0x98, 0x02,
	0x00, 0x00, 0x00, 0x00, 0x00, 0x00, 0x08, 0x00, 0x3f, 0xe3, 0xe9, 0x90, 0x98, 0x1d, 0xe1, 0xde, 0x61, 0xb6, 0x1f, 0xfe, 0x1f, 0xe0, 0x40, 0x81,
	0xfd, 0x84, 0x78, 0x7e, 0x78, 0x00, 0x00, 0x00, 0x00, 0x39, 0xb1, 0xfc, 0xaf, 0x92, 0x92, 0x48, 0x4b, 0xf9, 0xe4, 0xa4, 0x96, 0x9e, 0xec, 0x49,
	0x31, 0x24, 0xe5, 0xd5, 0x98, 0xc2, 0x00, 0x00, 0x00, 0x00, 0x00, 0x00, 0x00, 0x00, 0x71, 0x82, 0xff, 0x9f, 0xfe, 0x63, 0x99, 0x8a, 0x67, 0xef,
	0x18, 0xa0, 0x7c, 0xf9, 0x92, 0x26, 0x48, 0x9f, 0xa2, 0x60, 0xf8, 0x00, 0x00, 0x00, 0x00, 0x27, 0xb9, 0x5e, 0xa2, 0x7b, 0xbf, 0x4b, 0x37, 0xbd,
	0x0c, 0x03, 0xff, 0x15, 0x2a, 0x1f, 0xe0, 0x7f, 0xe1, 0x1a, 0x1f, 0x9e, 0x00, 0x00, 0x00, 0x00, 0x00, 0x00, 0x08, 0x40, 0x21, 0x07, 0xff, 0x80,
	0x80, 0x3f, 0xf0, 0x80, 0x42, 0x01, 0x0f, 0xfc, 0x20, 0x10, 0xff, 0xc2, 0x01, 0x08, 0x04, 0x3f, 0xf0, 0x00, 0x00, 0x00, 0x00, 0x3f, 0xf0, 0x0c,
	0x00, 0x30, 0x1f, 0xfe, 0x0f, 0xc0, 0xcc, 0xc7, 0xff, 0x88, 0x04, 0x20, 0x10, 0xff, 0xc2, 0x01, 0x0f, 0xfc, 0x00, 0x00, 0x00, 0x00, 0x00, 0x00,
	0x7e, 0xf1, 0xfe, 0x70, 0x1f, 0x9f, 0xa6, 0x7e, 0x61, 0x06, 0x65, 0xfe, 0x1f, 0xfe, 0x1b, 0x71, 0x92, 0x63, 0xff, 0x0f, 0xfc, 0x00, 0x00, 0x00,
	0x00, 0x00, 0x00, 0x00, 0x00, 0xff, 0xc2, 0x10, 0x0f, 0xfc, 0x21, 0x00, 0x84, 0x03, 0xfe, 0x08, 0x40, 0x3f, 0xf8, 0x01, 0x26, 0x94, 0x92, 0x46,
	0x48, 0x70, 0x00, 0x00, 0x00, 0x00, 0x7c, 0x21, 0x24, 0x87, 0xd3, 0x92, 0x7a, 0x7d, 0x29, 0x24, 0xa7, 0xd2, 0x80, 0xce, 0x7b, 0x21, 0xdc, 0x26,
	0x30, 0x83, 0x3e, 0x00, 0x00, 0x00, 0x00, 0x00, 0x00, 0x00, 0x01, 0xfc, 0xa4, 0x92, 0x9f, 0x4a, 0x49, 0x29, 0xf4, 0xa4, 0x92, 0x9f, 0x4a, 0x03,
	0x29, 0xec, 0xa7, 0x32, 0xa9, 0x4a, 0x0d, 0x08, 0x00, 0x00, 0x00, 0x00, 0x7f, 0x09, 0x23, 0x47, 0xc2, 0x12, 0x36, 0x7d, 0x09, 0x22, 0x27, 0xc9,
	0x80, 0x94, 0x7a, 0x61, 0xd9, 0x86, 0x2d, 0x83, 0x42, 0x00, 0x00, 0x00, 0x00, 0x00, 0x00, 0x7e, 0x61, 0x21, 0x87, 0xdf, 0x92, 0x18, 0x7c, 0x61,
	0x21, 0x87, 0xc6, 0x00, 0x98, 0x7a, 0x91, 0xdb, 0x46, 0x36, 0x83, 0x0a, 0x00, 0x00, 0x00, 0x00, 0x00, 0x00, 0x00, 0x01, 0xfb, 0xe4, 0x88, 0x9f,
	0x22, 0x48, 0x89, 0xf2, 0x24, 0x8f, 0x1f, 0x28, 0x02, 0xb1, 0xec, 0x47, 0x71, 0x18, 0xc2, 0x0d, 0x08, 0x00, 0x00, 0x00, 0x00, 0x00, 0x01, 0xf7,
	0xe5, 0x30, 0x1f, 0xc2, 0x53, 0xd1, 0xfd, 0x45, 0x32, 0x1f, 0xcc, 0x07, 0x59, 0xff, 0x27, 0xf8, 0x2d, 0xfe, 0x1f, 0x00, 0x00, 0x00, 0x00, 0x00,
	0x7e, 0x39, 0x27, 0x07, 0xd8, 0x12, 0x60, 0x7d, 0xf9, 0x26, 0x47, 0xd9, 0x00, 0xe4, 0x7b, 0x91, 0xce, 0x4a, 0x59, 0x03, 0x7f, 0x00, 0x00, 0x00,
	0x00, 0x00, 0x00, 0x7e, 0xe1, 0x20, 0x47, 0xdf, 0x92, 0x08, 0x7c, 0x21, 0x20, 0x87, 0xdf, 0x80, 0x88, 0x7a, 0x21, 0xd8, 0x86, 0x22, 0x03, 0x7e,
	0x00, 0x00, 0x00, 0x00, 0x00, 0x00, 0x7e, 0x81, 0x27, 0xe7, 0xd0, 0x92, 0xfa, 0x7d, 0x29, 0x24, 0xa7, 0xd2, 0x80, 0xca, 0x7b, 0xe9, 0xd8, 0x26,
	0x20, 0x83, 0x1c, 0x00, 0x00, 0x00, 0x00, 0x00, 0x00, 0x7c, 0xf8, 0x4a, 0x23, 0x28, 0x9b, 0xbe, 0x7f, 0xf0, 0x84, 0x03, 0xff, 0x0f, 0xfc, 0x23,
	0x00, 0x73, 0xe4, 0x94, 0x92, 0x5c, 0x00, 0x00, 0x00, 0x00, 0x00, 0x00, 0x7c, 0x91, 0x22, 0x27, 0xff, 0x92, 0x28, 0x7d, 0xa9, 0x2c, 0xe7, 0xc8,
	0x01, 0x7e, 0x7f, 0x91, 0xf1, 0x8a, 0x4f, 0x07, 0xc3, 0x00, 0x00, 0x00, 0x00, 0x00, 0x00, 0x00, 0x41, 0xf1, 0x05, 0x3f, 0x9f, 0x38, 0x51, 0x91,
	0xf8, 0x25, 0x3f, 0xdf, 0x02, 0x05, 0xe9, 0xf4, 0xa7, 0xd2, 0xad, 0x72, 0x1c, 0x78, 0x00, 0x00, 0x00, 0x00, 0x00, 0x01, 0xf7, 0xe4, 0x90, 0x9f,
	0x24, 0x48, 0x61, 0xf6, 0x64, 0x84, 0x1f, 0x7e, 0x05, 0x49, 0xf7, 0xe7, 0xd4, 0x29, 0x16, 0x1f, 0xe8, 0x00, 0x00, 0x00, 0x00, 0x7c, 0xe1, 0x26,
	0x47, 0xff, 0x92, 0x10, 0x7d, 0xf9, 0x25, 0x27, 0xd4, 0x81, 0x7e, 0x7c, 0x61, 0xf3, 0x8a, 0x59, 0x07, 0x82, 0x00, 0x00, 0x00, 0x00, 0x00, 0x00,
	0x7f, 0x49, 0x45, 0x47, 0xff, 0x94, 0x92, 0x7f, 0xf9, 0x49, 0x27, 0xe4, 0x81, 0x7e, 0x7c, 0x41, 0xff, 0xfb, 0x44, 0x07, 0x10, 0x00, 0x00, 0x00,
	0x00, 0x00, 0x00, 0x00, 0x01, 0xcb, 0x64, 0xff, 0x92, 0x28, 0x7f, 0xfd, 0x28, 0x44, 0xff, 0x92, 0xfe, 0x7a, 0x41, 0x2f, 0xc4, 0xbf, 0x93, 0x5a,
	0x3d, 0x78, 0x00, 0x00, 0x00, 0x00, 0x00, 0x01, 0xfa, 0x02, 0x57, 0x96, 0xfc, 0x7a, 0x60, 0xfe, 0x63, 0xff, 0x0f, 0xfc, 0x21, 0x00, 0xff, 0x83,
	0xff, 0x9a, 0x52, 0x49, 0x70, 0x00, 0x00, 0x00, 0x00, 0x3f, 0xf0, 0x80, 0x42, 0x3f, 0x08, 0x84, 0x5d, 0xe9, 0x7f, 0xa6, 0x01, 0x8f, 0xfc, 0x20,
	0x10, 0xff, 0xc2, 0x01, 0x08, 0x3c, 0x00, 0x00, 0x00, 0x00, 0x00, 0x00, 0x00, 0x01, 0xf1, 0x04, 0x7f, 0xd7, 0x10, 0x7e, 0x91, 0x14, 0x47, 0xca,
	0x11, 0x12, 0x7d, 0x99, 0x1c, 0xc7, 0xc7, 0x11, 0x62, 0x5f, 0x08, 0x00, 0x00, 0x00, 0x00, 0x00, 0x01, 0xe1, 0x04, 0xaf, 0x9e, 0x90, 0x78, 0xf9,
	0x12, 0x27, 0xff, 0x92, 0xa2, 0x7a, 0xf9, 0x2a, 0x27, 0xa9, 0x92, 0xc0, 0x5c, 0xf8, 0x00, 0x00, 0x00, 0x00, 0x00, 0x00, 0x0c, 0x07, 0xff, 0x87,
	0xf8, 0x10, 0x20, 0x7f, 0x80, 0x00, 0x1f, 0xfe, 0x40, 0x09, 0x3f, 0x24, 0x84, 0x93, 0xf2, 0x40, 0x78, 0x00, 0x00, 0x00, 0x00, 0x3e, 0x70, 0xfa,
	0x03, 0xe3, 0x9f, 0xb0, 0x26, 0x19, 0xfb, 0x87, 0xff, 0x82, 0x00, 0x1f, 0xf0, 0x50, 0x82, 0x3c, 0x17, 0x1e, 0x00, 0x00, 0x00, 0x00, 0x00, 0x00,
	0x3e, 0x38, 0xfb, 0x03, 0xe1, 0x98, 0x38, 0x3e, 0x08, 0xfb, 0xc4, 0x00, 0x02, 0x26, 0x2e, 0xe0, 0xa2, 0x22, 0xa8, 0x9f, 0x3e, 0x00, 0x00, 0x00,
	0x00, 0x00, 0x00, 0x02, 0x00, 0x10, 0x03, 0xff, 0x08, 0xc4, 0x3f, 0xf0, 0x8c, 0x42, 0x31, 0x0f, 0xfc, 0x05, 0x20, 0x25, 0x40, 0x9f, 0x8c, 0x42,
	0x61, 0xf8, 0x00, 0x00, 0x00, 0x00, 0x10, 0x00, 0x42, 0x47, 0xe5, 0x14, 0x8c, 0x7f, 0x91, 0x4b, 0x45, 0x21, 0x1f, 0x07, 0x2a, 0xf0, 0xb4, 0x42,
	0xf1, 0x92, 0x02, 0x4f, 0xf8, 0x00, 0x00, 0x00, 0x00, 0x00, 0x81, 0xc6, 0x00, 0x7f, 0x81, 0x22, 0x07, 0xf9, 0xf2, 0x22, 0x48, 0x89, 0xfe, 0x29,
	0x61, 0x29, 0xa5, 0xa7, 0xb9, 0x13, 0x08, 0x78, 0x00, 0x00, 0x00, 0x00, 0x10, 0x00, 0x40, 0x87, 0xff, 0x94, 0x88, 0x7e, 0x21, 0x4f, 0xe5, 0x27,
	0x1f, 0x2c, 0x2b, 0x28, 0xb4, 0x82, 0xf2, 0x92, 0x02, 0x4f, 0xf8, 0x00, 0x00, 0x00, 0x00, 0x01, 0x00, 0x04, 0x07, 0xef, 0x97, 0xbe, 0x4e, 0x71,
	0x52, 0xa4, 0x20, 0x17, 0x7c, 0x5f, 0xf1, 0x7f, 0xc4, 0x6a, 0x13, 0x3e, 0x38, 0xf8, 0x00, 0x00, 0x00, 0x00, 0x08, 0x00, 0x3f, 0x01, 0x08, 0x0f,
	0xfc, 0x61, 0x11, 0x84, 0x43, 0xff, 0x08, 0x44, 0x3f, 0xf0, 0x00, 0x03, 0x49, 0x09, 0x24, 0x44, 0x48, 0x00, 0x00, 0x00, 0x00, 0x08, 0x00, 0x7f,
	0x02, 0x18, 0x1f, 0xdc, 0x3f, 0xf0, 0x84, 0x43, 0xff, 0x09, 0x24, 0x64, 0xc8, 0xec, 0xc3, 0xff, 0x08, 0x04, 0x3f, 0xf0, 0x00, 0x00, 0x00, 0x00,
	0x20, 0x00, 0xe1, 0x02, 0x87, 0x9f, 0x10, 0x52, 0x41, 0x49, 0x07, 0xef, 0x94, 0xc2, 0x7f, 0x08, 0x04, 0x26, 0xb0, 0x96, 0xfe, 0x51, 0x08, 0x00,
	0x00, 0x00, 0x00, 0x20, 0x00, 0xe4, 0x24, 0x90, 0x9e, 0x5f, 0x55, 0x09, 0x5c, 0x27, 0xf4, 0x95, 0xda, 0x7d, 0x28, 0x04, 0x26, 0xd0, 0x9b, 0x42,
	0xa9, 0x38, 0x00, 0x00, 0x00, 0x00, 0x20, 0x00, 0xe3, 0x04, 0xbf, 0xde, 0x20, 0x55, 0xf9, 0x5c, 0x27, 0xf0, 0x95, 0x7e, 0x7d, 0x08, 0x04, 0x26,
	0xdf, 0x9b, 0x42, 0xa9, 0x38, 0x00, 0x00, 0x00, 0x00, 0x20, 0x40, 0xe1, 0x04, 0xbf, 0x9e, 0x20, 0x55, 0x91, 0x54, 0x27, 0xe1, 0x95, 0x24, 0x7c,
	0xa0, 0x01, 0x86, 0xc6, 0x1b, 0x6c, 0xaa, 0x08, 0x00, 0x00, 0x00, 0x00, 0x20, 0x00, 0xe0, 0x82, 0x9f, 0x9f, 0x08, 0x52, 0x21, 0x4f, 0xe7, 0xe0,
	0x14, 0x88, 0x7f, 0xf8, 0x00, 0x86, 0xa2, 0x16, 0x88, 0x51, 0xf8, 0x00, 0x00, 0x00, 0x00, 0x20, 0x00, 0xe2, 0x62, 0x85, 0x1f, 0x7e, 0x52, 0x21,
	0x48, 0x87, 0xff, 0x94, 0x88, 0x7e, 0x20, 0x07, 0xf6, 0xa2, 0x16, 0x88, 0x50, 0x20, 0x00, 0x00, 0x00, 0x00, 0x20, 0x00, 0xe7, 0xe4, 0xb4, 0x9e,
	0xd2, 0x57, 0xf9, 0x5d, 0x27, 0xf4, 0x95, 0x3c, 0x7c, 0x40, 0x0f, 0xe6, 0xc4, 0x1b, 0x10, 0xab, 0xfc, 0x00, 0x00, 0x00, 0x00, 0x20, 0x00, 0xe7,
	0xe4, 0x84, 0x1e, 0x7e, 0x54, 0x41, 0x5f, 0xf7, 0xc0, 0x15, 0xfe, 0x7f, 0xf8, 0x0c, 0x26, 0xff, 0x9b, 0xc2, 0xab, 0x38, 0x00, 0x00, 0x00, 0x00,
	0x20, 0x00, 0xcf, 0xe5, 0x24, 0x9e, 0xbe, 0xea, 0x49, 0xa9, 0x27, 0xaa, 0x9a, 0xba, 0x7a, 0xa8, 0x0a, 0xa7, 0xae, 0x9d, 0xa2, 0xa4, 0x18, 0x00,
	0x00, 0x00, 0x00, 0x20, 0x00, 0xe1, 0x04, 0xbf, 0x9e, 0x00, 0x55, 0xf9, 0x54, 0x27, 0xd0, 0x95, 0x7e, 0x7c, 0x40, 0x05, 0x46, 0xd4, 0x9b, 0x92,
	0xa8, 0xc0, 0x00, 0x00, 0x00, 0x00, 0x20, 0x00, 0xe2, 0x44, 0x93, 0x9e, 0xf2, 0x54, 0xc1, 0x5f, 0xe7, 0xd3, 0x15, 0xb3, 0x7d, 0x10, 0x01, 0x86,
	0xd8, 0x9b, 0x0c, 0xa9, 0xc0, 0x00, 0x00, 0x00, 0x00, 0x20, 0x00, 0xce, 0x45, 0x21, 0x1c, 0x96, 0xef, 0xd9, 0xad, 0x67, 0xb5, 0x9b, 0xac, 0x7e,
	0xb0, 0x18, 0xc7, 0xa4, 0x9e, 0x92, 0xa2, 0x84, 0x00, 0x00, 0x00, 0x00, 0x20, 0x00, 0xee, 0xe4, 0xa6, 0x9e, 0x9a, 0x55, 0x91, 0x57, 0xe7, 0xc0,
	0x15, 0xfe, 0x7d, 0x00, 0x07, 0xe6, 0xd0, 0x9b, 0x02, 0xa8, 0x78, 0x00, 0x00, 0x00, 0x00, 0x20, 0x00, 0xcf, 0xa5, 0x09, 0x1f, 0xff, 0x68, 0xc9,
	0xaf, 0xc7, 0x90, 0x9a, 0x3c, 0x7b, 0xf8, 0x08, 0x27, 0xbf, 0x9e, 0x82, 0xa3, 0xf8, 0x00, 0x00, 0x00, 0x00, 0x20, 0x00, 0xde, 0xe5, 0x08, 0x9e,
	0x22, 0x6b, 0xb9, 0xa8, 0x87, 0xfb, 0x9b, 0x32, 0x7b, 0xb8, 0x06, 0x27, 0xab, 0x9e, 0x32, 0xa3, 0xb8, 0x00, 0x00, 0x00, 0x00, 0x20, 0x00, 0xce,
	0xe5, 0x30, 0x9e, 0xea, 0x6a, 0xa9, 0xae, 0x47, 0xb3, 0x9a, 0xf3, 0x78, 0x40, 0x0f, 0xe7, 0x84, 0x1e, 0x10, 0xa3, 0xfc, 0x00, 0x00, 0x00, 0x00,
	0x20, 0x00, 0xcf, 0xe5, 0x20, 0x9e, 0xfe, 0x6b, 0xf9, 0xaf, 0xe7, 0xaa, 0x5a, 0xfe, 0x7b, 0xf8, 0x08, 0x27, 0x9b, 0x1e, 0x38, 0xa7, 0x1c, 0x00,
	0x00, 0x00, 0x00, 0x20, 0x00, 0xef, 0xe5, 0x04, 0x1e, 0xfe, 0xdb, 0xf9, 0x69, 0x27, 0x9f, 0x16, 0x00, 0x7b, 0xf8, 0x00, 0x27, 0x5f, 0x9d, 0x02,
	0xa3, 0xf8, 0x00, 0x00, 0x00, 0x00, 0x21, 0x00, 0xc4, 0x85, 0x2f, 0x9e, 0xfe, 0xea, 0xa9, 0xac, 0xe7, 0xbf, 0x9a, 0x82, 0x7b, 0xf8, 0x0f, 0xe7,
	0xa1, 0x1e, 0x44, 0xa0, 0xf0, 0x00, 0x00, 0x00, 0x00, 0x20, 0x40, 0xc9, 0x25, 0x15, 0x1f, 0xfe, 0x68, 0xe1, 0xad, 0x67, 0xd5, 0x9a, 0xe4, 0x7a,
	0xb8, 0x1e, 0xc7, 0x8b, 0x1e, 0x56, 0xa2, 0x10, 0x00, 0x00, 0x00, 0x00, 0x02, 0x00, 0x08, 0x03, 0xdf, 0x0f, 0xfc, 0x20, 0x30, 0xff, 0xc2, 0x00,
	0x0f, 0xfe, 0x20, 0x00, 0x7f, 0xe2, 0x94, 0x92, 0x4a, 0x48, 0x70, 0x00, 0x00, 0x00, 0x00, 0x00, 0x01, 0x02, 0x04, 0x37, 0xbc, 0xfe, 0x52, 0x09,
	0x4f, 0xe5, 0x20, 0x15, 0xff, 0x56, 0x01, 0x77, 0xe4, 0x56, 0xb1, 0x52, 0x05, 0x38, 0x00, 0x00, 0x00, 0x00, 0x00, 0x00, 0xff, 0xc2, 0x01, 0x0b,
	0xf4, 0x2f, 0xd0, 0xbf, 0x42, 0x85, 0x0b, 0xe4, 0x6f, 0xf1, 0x3f, 0x44, 0x0b, 0x55, 0xad, 0x54, 0xc8, 0x00, 0x00, 0x00, 0x00, 0x00, 0x80, 0xc2,
	0x04, 0xb7, 0x92, 0xfe, 0x4a, 0x09, 0x2f, 0xe4, 0xa0, 0x12, 0xfe, 0x4a, 0x01, 0x27, 0xe7, 0xda, 0x91, 0x52, 0x09, 0x38, 0x00, 0x00, 0x00, 0x00,
	0x00, 0x40, 0x08, 0xe7, 0xfc, 0x01, 0x12, 0x3f, 0xf8, 0xff, 0x82, 0x02, 0x0f, 0xf0, 0x3f, 0xf8, 0xff, 0xc0, 0x04, 0x92, 0x52, 0x49, 0x70, 0x00,
	0x00, 0x00, 0x00, 0x00, 0x41, 0x11, 0x07, 0x9b, 0x91, 0x7e, 0x45, 0x09, 0xf7, 0xe0, 0x10, 0x04, 0x7e, 0x7d, 0x00, 0x43, 0xe1, 0x56, 0x85, 0x52,
	0x15, 0x38, 0x00, 0x00, 0x00, 0x00, 0x00, 0x40, 0xf1, 0x04, 0x1b, 0x91, 0x7e, 0x69, 0x09, 0x67, 0xe5, 0x90, 0x16, 0x7e, 0x55, 0x01, 0xd3, 0xe4,
	0x35, 0x9f, 0xd2, 0x44, 0x38, 0x00, 0x00, 0x00, 0x00, 0x10, 0x00, 0xff, 0xe6, 0x39, 0x07, 0x6a, 0x08, 0xf9, 0xff, 0x82, 0x02, 0x0f, 0xf8, 0x3f,
	0xe0, 0xff, 0xe3, 0xff, 0x8a, 0x92, 0x49, 0x70, 0x00, 0x00, 0x00, 0x00, 0x00, 0x41, 0xf1, 0x05, 0x5b, 0x95, 0x7e, 0x55, 0x09, 0xf7, 0xe5, 0x50,
	0x15, 0x7e, 0x7d, 0x01, 0x43, 0xe1, 0x56, 0x85, 0x52, 0x15, 0x38, 0x00, 0x00, 0x00, 0x00, 0x00, 0x81, 0xe2, 0x06, 0xb7, 0x9a, 0xfe, 0x6a, 0x09,
	0xaf, 0xe7, 0xa0, 0x1a, 0xff, 0x6a, 0x01, 0xa7, 0xe6, 0xd6, 0x9f, 0x52, 0x45, 0x38, 0x00, 0x00, 0x00, 0x00, 0x02, 0x00, 0x48, 0x87, 0xff, 0x90,
	0x82, 0x7f, 0xe8, 0xff, 0x82, 0x02, 0x0f, 0xf0, 0x3f, 0xf8, 0xff, 0xc0, 0x04, 0x92, 0x52, 0x49, 0x70, 0x00, 0x00, 0x00, 0x00, 0x00, 0x41, 0x01,
	0x03, 0xfb, 0x83, 0x7e, 0x0d, 0x09, 0xb7, 0xe2, 0xd0, 0x03, 0x7e, 0x2d, 0x00, 0xbb, 0xe3, 0xad, 0x90, 0xb6, 0x42, 0xb8, 0x00, 0x00, 0x00, 0x00,
	0x00, 0x40, 0xa1, 0x07, 0xdb, 0x85, 0x7e, 0x15, 0x09, 0xf7, 0xe5, 0x10, 0x14, 0x7e, 0x7d, 0x00, 0xd3, 0xe3, 0x5d, 0x97, 0xb6, 0x12, 0xb8, 0x00,
	0x00, 0x00, 0x00, 0x00, 0x41, 0x41, 0x07, 0xdb, 0x94, 0x7e, 0x51, 0x08, 0x47, 0xe7, 0xd0, 0x00, 0x7e, 0x7d, 0x01, 0x13, 0xe4, 0x75, 0x9f, 0xd2,
	0x44, 0x38, 0x00, 0x00, 0x00, 0x00, 0x00, 0x41, 0xf1, 0x00, 0xbb, 0x9f, 0x7e, 0x09, 0x08, 0x67, 0xe5, 0x90, 0x17, 0x7e, 0x57, 0x01, 0x5b, 0xe5,
	0x6d, 0x9c, 0xb6, 0xc2, 0xb8, 0x00, 0x00, 0x00, 0x00, 0x00, 0x41, 0xb9, 0x05, 0xbb, 0x96, 0xfe, 0x7f, 0x09, 0x6f, 0xe5, 0xb0, 0x16, 0xfe, 0x7f,
	0x01, 0x6b, 0xe5, 0xbd, 0x96, 0xee, 0xb6, 0x38, 0x00, 0x00, 0x00, 0x00, 0x00, 0x40, 0xf1, 0x04, 0x1b, 0x95, 0x7e, 0x55, 0x08, 0x07, 0xe7, 0xd0,
	0x04, 0x7e, 0x7d, 0x00, 0x43, 0xe2, 0xb5, 0x98, 0xd2, 0x40, 0x38, 0x00, 0x00, 0x00, 0x00, 0x10, 0x40, 0x41, 0x07, 0xdb, 0x9b, 0x7e, 0x29, 0x09,
	0x77, 0xec, 0x90, 0x1f, 0x7e, 0x49, 0x01, 0xf3, 0xe4, 0xad, 0x9f, 0xb6, 0x42, 0xb8, 0x00, 0x00, 0x00, 0x00, 0x00, 0x11, 0xf9, 0x63, 0xee, 0x1f,
	0x98, 0x2c, 0xa9, 0x4c, 0xe3, 0xfe, 0x0f, 0xfc, 0x3f, 0xe0, 0xff, 0xe3, 0xff, 0x0a, 0x92, 0x49, 0x70, 0x00, 0x00, 0x00, 0x00, 0x01, 0x00, 0xff,
	0xe4, 0xb2, 0x16, 0xbe, 0x7f, 0xf1, 0x2f, 0xc4, 0x1d, 0x97, 0xbc, 0x5f, 0xf1, 0x7f, 0xe5, 0xff, 0x95, 0x4a, 0x24, 0xb8, 0x00, 0x00, 0x00, 0x00,
	0x00, 0x01, 0xf7, 0xe7, 0xc7, 0x07, 0x66, 0x59, 0x69, 0xfb, 0xc3, 0xfe, 0x0f, 0xfc, 0x3f, 0xe0, 0xff, 0xe3, 0xff, 0x0a, 0x92, 0x49, 0x70, 0x00,
	0x00, 0x00, 0x00, 0x10, 0x00, 0x71, 0x81, 0x09, 0x1e, 0xfe, 0x64, 0x41, 0x77, 0xe7, 0x54, 0x97, 0x52, 0x55, 0xf9, 0xb1, 0x87, 0xce, 0x15, 0x64,
	0x7f, 0x0c, 0x00, 0x00, 0x00, 0x00, 0x01, 0x00, 0x04, 0x07, 0xef, 0x91, 0x20, 0x7f, 0xf9, 0x12, 0x27, 0xff, 0x90, 0x00, 0x48, 0x59, 0x3d, 0x84,
	0x84, 0x92, 0xd2, 0x3c, 0x78, 0x00, 0x00, 0x00, 0x00, 0x00, 0x01, 0xf7, 0xe1, 0x8e, 0x1d, 0x54, 0x53, 0x48, 0xff, 0xe6, 0x48, 0x1f, 0xfe, 0x7f,
	0xf9, 0x21, 0x04, 0xf7, 0x92, 0x12, 0x7f, 0x78, 0x00, 0x00, 0x00, 0x00, 0x00, 0x01, 0xff, 0xe3, 0xcf, 0x15, 0x32, 0x40, 0x28, 0xff, 0xe4, 0x48,
	0x1f, 0xfe, 0x7f, 0xf9, 0x21, 0x04, 0xff, 0x92, 0x32, 0x7e, 0x78, 0x00, 0x00, 0x00, 0x00, 0x10, 0x00, 0x44, 0xa7, 0xca, 0x96, 0x7e, 0x6e, 0x71,
	0xaa, 0xa7, 0xfa, 0x90, 0x32, 0x6b, 0x79, 0xf7, 0xa6, 0xa6, 0xaa, 0xa6, 0x37, 0x08, 0x00, 0x00, 0x00, 0x00, 0x03, 0x00, 0xff, 0xc0, 0x30, 0x0f,
	0xfc, 0x03, 0x01, 0xff, 0xe0, 0x80, 0x0d, 0xf8, 0x6c, 0x40, 0x1e, 0x00, 0xfc, 0x1c, 0x0e, 0x00, 0x00, 0x00, 0x00, 0x00, 0x00, 0x11, 0x00, 0x44,
	0x07, 0xbf, 0x85, 0xa6, 0x79, 0xa8, 0x46, 0xa6, 0xbf, 0x8f, 0x32, 0x65, 0xa9, 0xaa, 0x21, 0x0b, 0x8e, 0x00, 0x47, 0xf8, 0x00, 0x00, 0x00, 0x00,
	0x10, 0x00, 0x4f, 0xe7, 0x84, 0x04, 0xfe, 0x7a, 0xa8, 0x4b, 0xa6, 0xaa, 0x8f, 0xaa, 0x66, 0xe9, 0xaa, 0xa1, 0x3f, 0x8e, 0x00, 0x47, 0xf8, 0x00,
	0x00, 0x00, 0x00, 0x01, 0x00, 0x04, 0x07, 0xff, 0x91, 0x08, 0x44, 0x21, 0x7b, 0xe4, 0xc6, 0x13, 0x9c, 0x56, 0xb1, 0x52, 0xa6, 0x52, 0x91, 0x48,
	0x04, 0x20, 0x00, 0x00, 0x00, 0x00, 0x01, 0x00, 0x04, 0x07, 0xef, 0x97, 0xbe, 0x4e, 0x71, 0x56, 0xa4, 0xff, 0x12, 0x04, 0x4f, 0xf1, 0x04, 0x05,
	0xff, 0x14, 0x04, 0x1f, 0xf0, 0x00, 0x00, 0x00, 0x00, 0x08, 0x40, 0xff, 0xc0, 0x84, 0x1d, 0xee, 0x3f, 0xf0, 0x8c, 0x43, 0xff, 0x08, 0xc4, 0x23,
	0x10, 0x73, 0x81, 0x86, 0x18, 0x06, 0x00, 0x00, 0x00, 0x00, 0x00, 0x00, 0x3f, 0xf0, 0x0c, 0x07, 0xff, 0x81, 0xe0, 0x1b, 0x61, 0x9e, 0x60, 0xcc,
	0x0c, 0xcc, 0x4b, 0xc8, 0x1e, 0x01, 0xb6, 0x19, 0x86, 0x00, 0x00, 0x00, 0x00, 0x00, 0x00, 0x00, 0x00, 0xff, 0xc2, 0x31, 0x0f, 0xfc, 0x23, 0x10,
	0xff, 0xc0, 0x30, 0x0f, 0xfc, 0x03, 0x01, 0xff, 0xe2, 0x49, 0x09, 0x24, 0x44, 0xc8, 0x00, 0x00, 0x00, 0x00, 0x7e, 0x71, 0x29, 0xa7, 0xff, 0x92,
	0x98, 0x7e, 0x60, 0x21, 0x87, 0xe9, 0x03, 0xe2, 0x70, 0x00, 0x92, 0x42, 0x49, 0x11, 0x12, 0x00, 0x00, 0x00, 0x00, 0x00, 0x00, 0x09, 0x30, 0xdf,
	0xe5, 0x0c, 0x8f, 0xfe, 0x23, 0x10, 0xff, 0xc3, 0xff, 0x00, 0xc0, 0x3f, 0xf1, 0xff, 0xe2, 0x49, 0x19, 0x22, 0x00, 0x00, 0x00, 0x00, 0x00, 0x00,
	0x1f, 0xe1, 0x40, 0xa5, 0xfe, 0x97, 0xfa, 0x50, 0x29, 0x3f, 0x27, 0xcf, 0x81, 0x20, 0xfc, 0xfc, 0x52, 0x42, 0x49, 0x19, 0x24, 0x00, 0x00, 0x00,
	0x00, 0x00, 0x00, 0x10, 0x21, 0xff, 0xe1, 0x02, 0x1f, 0x88, 0x01, 0xf9, 0xf8, 0x24, 0x68, 0x9f, 0x24, 0x24, 0x70, 0x91, 0x81, 0xed, 0x98, 0xc2,
	0x00, 0x00, 0x00, 0x00, 0x00, 0x00, 0x3d, 0xf1, 0x80, 0x67, 0xcf, 0x98, 0x06, 0x3f, 0xf0, 0x80, 0x42, 0xe5, 0x08, 0x84, 0x2a, 0xd0, 0x88, 0x52,
	0xef, 0x5d, 0xc2, 0x00, 0x00, 0x00, 0x00, 0x00, 0x00, 0x02, 0x00, 0xff, 0xc2, 0x01, 0x0f, 0xfc, 0x3f, 0xf0, 0xff, 0xc3, 0xff, 0x10, 0xc2, 0x7f,
	0xf9, 0xff, 0xe0, 0x84, 0x1f, 0xfe, 0x30, 0x40, 0x00, 0x00, 0x00, 0x00, 0x00, 0x01, 0x71, 0x85, 0x09, 0x1f, 0xe2, 0x11, 0xfd, 0xd8, 0x07, 0xa0,
	0x1f, 0xfe, 0x5a, 0x49, 0xe9, 0x25, 0x64, 0x94, 0x96, 0x7e, 0x40, 0x00, 0x00, 0x00, 0x00, 0x00, 0x00, 0x46, 0x07, 0xff, 0x89, 0x7e, 0x7e, 0x08,
	0x03, 0xe7, 0xd8, 0x11, 0x7e, 0x7d, 0x81, 0x17, 0xc7, 0xdf, 0x91, 0x63, 0x4d, 0xf8, 0x00, 0x00, 0x00, 0x00, 0x00, 0x00, 0x0c, 0x00, 0x30, 0x00,
	0xc0, 0x03, 0x00, 0x0c, 0x00, 0x30, 0x00, 0xc0, 0x00, 0x00, 0x00, 0x00, 0x30, 0x00, 0x00, 0x00, 0x00, 0x00, 0x00, 0x00, 0x00, 0x00, 0x00, 0x11,
	0x00, 0x44, 0x07, 0xfc, 0x04, 0x40, 0x12, 0x00, 0x88, 0x07, 0xf8, 0x08, 0x80, 0x22, 0x00, 0x88, 0x00, 0x00, 0x00, 0x00, 0x00, 0x00, 0x00, 0x00,
	0x02, 0x00, 0x3f, 0x00, 0xa0, 0x04, 0x80, 0x0a, 0x00, 0x1c, 0x00, 0x2c, 0x00, 0x98, 0x02, 0x20, 0x69, 0x00, 0x78, 0x00, 0x80, 0x00, 0x00, 0x00,
	0x00, 0x00, 0x00, 0x00, 0x00, 0xf1, 0x02, 0x48, 0x19, 0x20, 0x25, 0x00, 0xe4, 0x00, 0x2f, 0x00, 0xa4, 0x04, 0x98, 0x32, 0x40, 0x87, 0x00, 0x00,
	0x00, 0x00, 0x00, 0x00, 0x00, 0x00, 0x00, 0x00, 0x3e, 0x00, 0x88, 0x02, 0x20, 0x05, 0x00, 0x18, 0x80, 0xd2, 0x04, 0x28, 0x10, 0x60, 0x41, 0x80,
	0xf9, 0x00, 0x00, 0x00, 0x00, 0x00, 0x00, 0x00, 0x00, 0x00, 0x30, 0x00, 0x80, 0x04, 0x00, 0x10, 0x00, 0x80, 0x02, 0x00, 0x08, 0x00, 0x20, 0x00,
	0x40, 0x01, 0x00, 0x02, 0x00, 0x0c, 0x00, 0x00, 0x00, 0x00, 0x00, 0x00, 0x30, 0x00, 0x40, 0x00, 0x80, 0x02, 0x00, 0x04, 0x00, 0x10, 0x00, 0x40,
	0x01, 0x00, 0x08, 0x00, 0x20, 0x01, 0x00, 0x0c, 0x00, 0x00, 0x00, 0x00, 0x00, 0x00, 0x00, 0x00, 0x00, 0x00, 0x00, 0x20, 0x00, 0x80, 0x1a, 0x60,
	0x1e, 0x00, 0x78, 0x06, 0x98, 0x02, 0x00, 0x08, 0x00, 0x00, 0x00, 0x00, 0x00, 0x00, 0x00, 0x00, 0x00, 0x00, 0x00, 0x00, 0x00, 0x00, 0x00, 0x00,
	0x80, 0x02, 0x00, 0x08, 0x00, 0x30, 0x07, 0xb8, 0x02, 0x00, 0x08, 0x00, 0x20, 0x00, 0x00, 0x00, 0x00, 0x00, 0x00, 0x00, 0x00, 0x00, 0x00, 0x00,
	0x00, 0x00, 0x00, 0x00, 0x00, 0x00, 0x00, 0x00, 0x00, 0x00, 0x00, 0x00, 0x00, 0x00, 0x03, 0x00, 0x08, 0x00, 0x20, 0x00, 0x00, 0x00, 0x00, 0x00,
	0x00, 0x00, 0x00, 0x00, 0x00, 0x00, 0x00, 0x00, 0x00, 0x00, 0x01, 0xfe, 0x00, 0x00, 0x00, 0x00, 0x00, 0x00, 0x00, 0x00, 0x00, 0x00, 0x00, 0x00,
	0x00, 0x00, 0x00, 0x00, 0x00, 0x00, 0x00, 0x00, 0x00, 0x00, 0x00, 0x00, 0x00, 0x00, 0x00, 0x00, 0x00, 0x00, 0x00, 0x00, 0x02, 0x00, 0x08, 0x00,
	0x00, 0x00, 0x00, 0x00, 0x00, 0x00, 0x00, 0x00, 0x00, 0x80, 0x04, 0x00, 0x30, 0x00, 0x80, 0x04, 0x00, 0x20, 0x01, 0x00, 0x0c, 0x00, 0x20, 0x01,
	0x00, 0x00, 0x00, 0x00, 0x00, 0x00, 0x00, 0x00, 0x00, 0x00, 0x00, 0x3f, 0x00, 0x84, 0x06, 0x18, 0x10, 0x20, 0x40, 0x81, 0x02, 0x04, 0x08, 0x18,
	0x60, 0x21, 0x00, 0x78, 0x00, 0x00, 0x00, 0x00, 0x00, 0x00, 0x00, 0x00, 0x00, 0x00, 0x0c, 0x00, 0x70, 0x02, 0x40, 0x01, 0x00, 0x04, 0x00, 0x10,
	0x00, 0x40, 0x01, 0x00, 0x04, 0x00, 0x10, 0x00, 0x00, 0x00, 0x00, 0x00, 0x00, 0x00, 0x00, 0x00, 0x00, 0x3e, 0x00, 0x04, 0x00, 0x10, 0x00, 0x40,
	0x03, 0x00, 0x08, 0x00, 0x40, 0x02, 0x00, 0x30, 0x00, 0xfc, 0x00, 0x00, 0x00, 0x00, 0x00, 0x00, 0x00, 0x00, 0x00, 0x00, 0x3f, 0x00, 0x08, 0x00,
	0x40, 0x02, 0x00, 0x1e, 0x00, 0x04, 0x00, 0x10, 0x00, 0x40, 0x01, 0x00, 0xf8, 0x00, 0x00, 0x00, 0x00, 0x00, 0x00, 0x00, 0x00, 0x00, 0x00, 0x06,
	0x00, 0x38, 0x00, 0xa0, 0x04, 0x80, 0x22, 0x00, 0x88, 0x04, 0x20, 0x1f, 0xe0, 0x02, 0x00, 0x08, 0x00, 0x00, 0x00, 0x00, 0x00, 0x00, 0x00, 0x00,
	0x00, 0x00, 0x3f, 0x00, 0x80, 0x02, 0x00, 0x08, 0x00, 0x3f, 0x00, 0x04, 0x00, 0x10, 0x00, 0x40, 0x01, 0x00, 0xf8, 0x00, 0x00, 0x00, 0x00, 0x00,
	0x00, 0x00, 0x00, 0x00, 0x00, 0x0e, 0x00, 0x40, 0x02, 0x00, 0x0b, 0x80, 0x71, 0x01, 0x82, 0x04, 0x08, 0x18, 0x20, 0x21, 0x00, 0x78, 0x00, 0x00,
	0x00, 0x00, 0x00, 0x00, 0x00, 0x00, 0x00, 0x00, 0x3f, 0x00, 0x04, 0x00, 0x20, 0x00, 0x80, 0x04, 0x00, 0x10, 0x00, 0x80, 0x02, 0x00, 0x08, 0x00,
	0x40, 0x00, 0x00, 0x00, 0x00, 0x00, 0x00, 0x00, 0x00, 0x00, 0x00, 0x3f, 0x00, 0x84, 0x02, 0x10, 0x08, 0x40, 0x1e, 0x00, 0x8c, 0x04, 0x08, 0x10,
	0x20, 0x61, 0x80, 0xfc, 0x00, 0x00, 0x00, 0x00, 0x00, 0x00, 0x00, 0x00, 0x00, 0x00, 0x3f, 0x00, 0x84, 0x04, 0x08, 0x10, 0x20, 0x61, 0x80, 0xce,
	0x00, 0xd0, 0x00, 0xc0, 0x06, 0x00, 0x70, 0x00, 0x00, 0x00, 0x00, 0x00, 0x00, 0x00, 0x00, 0x00, 0x00, 0x00, 0x00, 0x00, 0x00, 0xc0, 0x03, 0x00,
	0x00, 0x00, 0x00, 0x00, 0x00, 0x00, 0x00, 0x0c, 0x00, 0x30, 0x00, 0x00, 0x00, 0x00, 0x00, 0x00, 0x00, 0x00, 0x00, 0x00, 0x00, 0x00, 0x00, 0x00,
	0xc0, 0x03, 0x00, 0x00, 0x00, 0x00, 0x00, 0x00, 0x00, 0x00, 0x0c, 0x00, 0x20, 0x00, 0x80, 0x00, 0x00, 0x00, 0x00, 0x00, 0x00, 0x00, 0x00, 0x00,
	0x00, 0x06, 0x00, 0xe0, 0x0c, 0x00, 0x40, 0x01, 0x00, 0x03, 0x80, 0x01, 0x80, 0x01, 0x80, 0x00, 0x00, 0x00, 0x00, 0x00, 0x00, 0x00, 0x00, 0x00,
	0x00, 0x00, 0x00, 0x00, 0x00, 0x00, 0x00, 0x1f, 0xe0, 0x00, 0x00, 0x00, 0x07, 0xf8, 0x00, 0x00, 0x00, 0x00, 0x00, 0x00, 0x00, 0x00, 0x00, 0x00,
	0x00, 0x00, 0x00, 0x00, 0x00, 0x00, 0x01, 0x80, 0x01, 0xc0, 0x00, 0xc0, 0x00, 0x80, 0x02, 0x00, 0x70, 0x06, 0x00, 0x60, 0x00, 0x00, 0x00, 0x00,
	0x00, 0x00, 0x00, 0x00, 0x00, 0x00, 0x00, 0x00, 0x3f, 0x00, 0x06, 0x00, 0x08, 0x00, 0x40, 0x06, 0x00, 0x30, 0x00, 0x80, 0x00, 0x00, 0x08, 0x00,
	0x20, 0x00, 0x00, 0x00, 0x00, 0x00, 0x00, 0x00, 0x00, 0x00, 0x00, 0x00, 0x00, 0x00, 0x01, 0xe0, 0x18, 0x60, 0x48, 0x82, 0x59, 0x0a, 0x24, 0x28,
	0x90, 0xa2, 0x42, 0x7f, 0x04, 0x00, 0x08, 0x40, 0x1e, 0x00, 0x00, 0x00, 0x00, 0x00, 0x0c, 0x00, 0x30, 0x01, 0x20, 0x04, 0x80, 0x12, 0x00, 0x84,
	0x03, 0xf0, 0x18, 0x60, 0x40, 0x81, 0x02, 0x00, 0x00, 0x00, 0x00, 0x00, 0x00, 0x00, 0x00, 0x00, 0x00, 0x3f, 0x00, 0x84, 0x02, 0x10, 0x08, 0x40,
	0x3e, 0x00, 0x8c, 0x02, 0x08, 0x08, 0x20, 0x21, 0x80, 0xfc, 0x00, 0x00, 0x00, 0x00, 0x00, 0x00, 0x00, 0x00, 0x00, 0x00, 0x1f, 0x81, 0x80, 0x04,
	0x00, 0x10, 0x00, 0xc0, 0x01, 0x00, 0x04, 0x00, 0x10, 0x00, 0x20, 0x00, 0x7c, 0x00, 0x00, 0x00, 0x00, 0x00, 0x00, 0x00, 0x00, 0x00, 0x00, 0x7e,
	0x01, 0x04, 0x04, 0x08, 0x10, 0x20, 0x40, 0x81, 0x02, 0x04, 0x08, 0x10, 0x20, 0x41, 0x01, 0xf8, 0x00, 0x00, 0x00, 0x00, 0x00, 0x00, 0x00, 0x00,
	0x00, 0x00, 0x3f, 0x01, 0x80, 0x06, 0x00, 0x18, 0x00, 0x7f, 0x01, 0x80, 0x06, 0x00, 0x18, 0x00, 0x60, 0x00, 0xfc, 0x00, 0x00, 0x00, 0x00, 0x00,
	0x00, 0x00, 0x00, 0x00, 0x00, 0x3f, 0x00, 0x80, 0x02, 0x00, 0x08, 0x00, 0x3f, 0x00, 0x80, 0x02, 0x00, 0x08, 0x00, 0x20, 0x00, 0x80, 0x00, 0x00,
	0x00, 0x00, 0x00, 0x00, 0x00, 0x00, 0x00, 0x00, 0x1f, 0x81, 0x80, 0x04, 0x00, 0x10, 0x00, 0xc7, 0x83, 0x02, 0x04, 0x08, 0x10, 0x20, 0x20, 0x80,
	0x7e, 0x00, 0x00, 0x00, 0x00, 0x00, 0x00, 0x00, 0x00, 0x00, 0x00, 0x40, 0x81, 0x02, 0x04, 0x08, 0x10, 0x20, 0x7f, 0x81, 0x02, 0x04, 0x08, 0x10,
	0x20, 0x40, 0x81, 0x02, 0x00, 0x00, 0x00, 0x00, 0x00, 0x00, 0x00, 0x00, 0x00, 0x00, 0x0c, 0x00, 0x30, 0x00, 0xc0, 0x03, 0x00, 0x0c, 0x00, 0x30,
	0x00, 0xc0, 0x03, 0x00, 0x0c, 0x00, 0x30, 0x00, 0x00, 0x00, 0x00, 0x00, 0x00, 0x00, 0x00, 0x00, 0x00, 0x03, 0x00, 0x0c, 0x00, 0x30, 0x00, 0xc0,
	0x03, 0x00, 0x0c, 0x00, 0x20, 0x00, 0x80, 0x02, 0x01, 0xf0, 0x00, 0x00, 0x00, 0x00, 0x00, 0x00, 0x00, 0x00, 0x00, 0x00, 0x61, 0x01, 0x88, 0x06,
	0x40, 0x1a, 0x00, 0x70, 0x01, 0xc0, 0x06, 0xc0, 0x19, 0x80, 0x63, 0x01, 0x86, 0x00, 0x00, 0x00, 0x00, 0x00, 0x00, 0x00, 0x00, 0x00, 0x00, 0x20,
	0x00, 0x80, 0x02, 0x00, 0x08, 0x00, 0x20, 0x00, 0x80, 0x02, 0x00, 0x08, 0x00, 0x20, 0x00, 0xfe, 0x00, 0x00, 0x00, 0x00, 0x00, 0x00, 0x00, 0x00,
	0x00, 0x00, 0xc0, 0xc3, 0x03, 0x0a, 0x14, 0x2c, 0xd0, 0x92, 0x42, 0x31, 0x08, 0xc4, 0x20, 0x10, 0x80, 0x42, 0x01, 0x00, 0x00, 0x00, 0x00, 0x00,
	0x00, 0x00, 0x00, 0x00, 0x00, 0x60, 0x81, 0x82, 0x05, 0x08, 0x16, 0x20, 0x48, 0x81, 0x12, 0x04, 0x68, 0x10, 0xa0, 0x41, 0x81, 0x06, 0x00, 0x00,
	0x00, 0x00, 0x00, 0x00, 0x00, 0x00, 0x00, 0x00, 0x3f, 0x01, 0x02, 0x0c, 0x0c, 0x20, 0x10, 0x80, 0x42, 0x01, 0x08, 0x04, 0x10, 0x20, 0x61, 0x80,
	0xfc, 0x00, 0x00, 0x00, 0x00, 0x00, 0x00, 0x00, 0x00, 0x00, 0x00, 0x3f, 0x00, 0x82, 0x02, 0x08, 0x08, 0x20, 0x21, 0x80, 0xfc, 0x02, 0x00, 0x08,
	0x00, 0x20, 0x00, 0x80, 0x00, 0x00, 0x00, 0x00, 0x00, 0x00, 0x00, 0x00, 0x00, 0x00, 0x3f, 0x01, 0x02, 0x0c, 0x0c, 0x20, 0x10, 0x80, 0x42, 0x01,
	0x08, 0x04, 0x30, 0x20, 0x61, 0x80, 0xf8, 0x00, 0x18, 0x00, 0x10, 0x00, 0x00, 0x00, 0x00, 0x00, 0x00, 0x3f, 0x01, 0x86, 0x06, 0x08, 0x18, 0x60,
	0x63, 0x01, 0xf8, 0x06, 0x30, 0x18, 0x40, 0x61, 0x00, 0x82, 0x00, 0x00, 0x00, 0x00, 0x00, 0x00, 0x00, 0x00, 0x00, 0x00, 0x3f, 0x01, 0x80, 0x06,
	0x00, 0x08, 0x00, 0x1c, 0x00, 0x0c, 0x00, 0x10, 0x00, 0x60, 0x01, 0x00, 0xf8, 0x00, 0x00, 0x00, 0x00, 0x00, 0x00, 0x00, 0x00, 0x00, 0x00, 0x7f,
	0x80, 0x30, 0x00, 0xc0, 0x03, 0x00, 0x0c, 0x00, 0x30, 0x00, 0xc0, 0x03, 0x00, 0x0c, 0x00, 0x30, 0x00, 0x00, 0x00, 0x00, 0x00, 0x00, 0x00, 0x00,
	0x00, 0x00, 0x40, 0x81, 0x02, 0x04, 0x08, 0x10, 0x20, 0x40, 0x81, 0x02, 0x04, 0x08, 0x10, 0x20, 0x21, 0x00, 0xfc, 0x00, 0x00, 0x00, 0x00, 0x00,
	0x00, 0x00, 0x00, 0x00, 0x00, 0x40, 0x81, 0x02, 0x06, 0x18, 0x08, 0x40, 0x21, 0x00, 0x48, 0x01, 0x20, 0x04, 0x80, 0x0c, 0x00, 0x30, 0x00, 0x00,
	0x00, 0x00, 0x00, 0x00, 0x00, 0x00, 0x00, 0x01, 0x0c, 0x24, 0x30, 0x88, 0xc4, 0x24, 0x90, 0x92, 0x42, 0x49, 0x05, 0x28, 0x18, 0x60, 0x61, 0x81,
	0x86, 0x00, 0x00, 0x00, 0x00, 0x00, 0x00, 0x00, 0x00, 0x00, 0x00, 0x61, 0x80, 0x84, 0x01, 0x20, 0x07, 0x80, 0x0c, 0x00, 0x30, 0x01, 0x20, 0x0c,
	0xc0, 0x21, 0x01, 0x02, 0x00, 0x00, 0x00, 0x00, 0x00, 0x00, 0x00, 0x00, 0x00, 0x00, 0x40, 0x80, 0x84, 0x03, 0x10, 0x04, 0x80, 0x0c, 0x00, 0x30,
	0x00, 0xc0, 0x03, 0x00, 0x0c, 0x00, 0x30, 0x00, 0x00, 0x00, 0x00, 0x00, 0x00, 0x00, 0x00, 0x00, 0x00, 0x7f, 0x80, 0x04, 0x00, 0x20, 0x01, 0x80,
	0x04, 0x00, 0x20, 0x01, 0x80, 0x0c, 0x00, 0x20, 0x01, 0xfe, 0x00, 0x00, 0x00, 0x00, 0x00, 0x00, 0x00, 0x00, 0x01, 0xf0, 0x04, 0x00, 0x10, 0x00,
	0x40, 0x01, 0x00, 0x04, 0x00, 0x10, 0x00, 0x40, 0x01, 0x00, 0x04, 0x00, 0x10, 0x00, 0x7c, 0x00, 0x00, 0x00, 0x00, 0x00, 0x00, 0x00, 0x00, 0x40,
	0x00, 0x80, 0x03, 0x00, 0x04, 0x00, 0x08, 0x00, 0x10, 0x00, 0x20, 0x00, 0xc0, 0x01, 0x00, 0x02, 0x00, 0x00, 0x00, 0x00, 0x00, 0x00, 0x00, 0x00,
	0x3e, 0x00, 0x08, 0x00, 0x20, 0x00, 0x80, 0x02, 0x00, 0x08, 0x00, 0x20, 0x00, 0x80, 0x02, 0x00, 0x08, 0x00, 0x20, 0x0f, 0x80, 0x00, 0x00, 0x00,
	0x00, 0x00, 0x00, 0x00, 0x00, 0x0c, 0x00, 0x48, 0x01, 0x20, 0x08, 0x40, 0x21, 0x01, 0x02, 0x00, 0x00, 0x00, 0x00, 0x00, 0x00, 0x00, 0x00, 0x00,
	0x00, 0x00, 0x00, 0x00, 0x00, 0x00, 0x00, 0x00, 0x00, 0x00, 0x00, 0x00, 0x00, 0x00, 0x00, 0x00, 0x00, 0x00, 0x00, 0x00, 0x00, 0x00, 0x00, 0x00,
	0x00, 0x00, 0x00, 0x00, 0x00, 0xff, 0xc0, 0x00, 0x00, 0x02, 0x00, 0x0c, 0x00, 0x10, 0x00, 0x00, 0x00, 0x00, 0x00, 0x00, 0x00, 0x00, 0x00, 0x00,
	0x00, 0x00, 0x00, 0x00, 0x00, 0x00, 0x00, 0x00, 0x00, 0x00, 0x00, 0x00, 0x00, 0x00, 0x00, 0x00, 0x00, 0x00, 0x00, 0x0f, 0x80, 0x01, 0x00, 0x3c,
	0x03, 0x10, 0x08, 0x40, 0x23, 0x00, 0xf4, 0x00, 0x00, 0x00, 0x00, 0x00, 0x00, 0x00, 0x00, 0x00, 0x00, 0x00, 0x00, 0x80, 0x02, 0x00, 0x08, 0x00,
	0x3f, 0x00, 0xc4, 0x02, 0x08, 0x08, 0x20, 0x20, 0x80, 0xc4, 0x02, 0xf0, 0x00, 0x00, 0x00, 0x00, 0x00, 0x00, 0x00, 0x00, 0x00, 0x00, 0x00, 0x00,
	0x00, 0x07, 0xc0, 0x20, 0x00, 0x80, 0x02, 0x00, 0x08, 0x00, 0x20, 0x00, 0x7c, 0x00, 0x00, 0x00, 0x00, 0x00, 0x00, 0x00, 0x00, 0x00, 0x00, 0x00,
	0x00, 0x04, 0x00, 0x10, 0x00, 0x40, 0x3f, 0x00, 0x8c, 0x04, 0x10, 0x10, 0x40, 0x41, 0x00, 0x8c, 0x03, 0xd0, 0x00, 0x00, 0x00, 0x00, 0x00, 0x00,
	0x00, 0x00, 0x00, 0x00, 0x00, 0x00, 0x00, 0x0f, 0x80, 0x21, 0x00, 0x84, 0x07, 0xf0, 0x08, 0x00, 0x20, 0x00, 0x7c, 0x00, 0x00, 0x00, 0x00, 0x00,
	0x00, 0x00, 0x00, 0x00, 0x00, 0x07, 0x00, 0x20, 0x00, 0x80, 0x0f, 0xc0, 0x08, 0x00, 0x20, 0x00, 0x80, 0x02, 0x00, 0x08, 0x00, 0x20, 0x00, 0x00,
	0x00, 0x00, 0x00, 0x00, 0x00, 0x00, 0x00, 0x00, 0x00, 0x00, 0x00, 0x00, 0x00, 0x0f, 0xc0, 0x21, 0x01, 0x04, 0x04, 0x10, 0x18, 0x40, 0x23, 0x00,
	0x74, 0x00, 0x10, 0x00, 0xc0, 0x3e, 0x00, 0x00, 0x00, 0x00, 0x00, 0x00, 0x00, 0x80, 0x02, 0x00, 0x08, 0x00, 0x3f, 0x00, 0xc4, 0x02, 0x10, 0x08,
	0x40, 0x21, 0x00, 0x84, 0x02, 0x10, 0x00, 0x00, 0x00, 0x00, 0x00, 0x00, 0x00, 0x00, 0x00, 0x00, 0x30, 0x00, 0x00, 0x00, 0x00, 0x0c, 0x00, 0x30,
	0x00, 0xc0, 0x03, 0x00, 0x0c, 0x00, 0x30, 0x00, 0xc0, 0x00, 0x00, 0x00, 0x00, 0x00, 0x00, 0x00, 0x00, 0x00, 0x00, 0x10, 0x00, 0x00, 0x00, 0x00,
	0x04, 0x00, 0x10, 0x00, 0x40, 0x01, 0x00, 0x04, 0x00, 0x10, 0x00, 0x40, 0x01, 0x00, 0x0c, 0x00, 0xe0, 0x00, 0x00, 0x00, 0x00, 0x00, 0x80, 0x02,
	0x00, 0x08, 0x00, 0x22, 0x00, 0x90, 0x03, 0x80, 0x0c, 0x00, 0x2c, 0x00, 0x98, 0x02, 0x10, 0x00, 0x00, 0x00, 0x00, 0x00, 0x00, 0x00, 0x00, 0x00,
	0x00, 0x30, 0x00, 0xc0, 0x03, 0x00, 0x0c, 0x00, 0x30, 0x00, 0xc0, 0x03, 0x00, 0x0c, 0x00, 0x30, 0x00, 0xc0, 0x00, 0x00, 0x00, 0x00, 0x00, 0x00,
	0x00, 0x00, 0x00, 0x00, 0x00, 0x00, 0x00, 0x2e, 0xe0, 0xcc, 0x42, 0x11, 0x08, 0x44, 0x21, 0x10, 0x84, 0x42, 0x11, 0x00, 0x00, 0x00, 0x00, 0x00,
	0x00, 0x00, 0x00, 0x00, 0x00, 0x00, 0x00, 0x00, 0x00, 0x00, 0x0f, 0xc0, 0x21, 0x00, 0x84, 0x02, 0x10, 0x08, 0x40, 0x21, 0x00, 0x84, 0x00, 0x00,
	0x00, 0x00, 0x00, 0x00, 0x00, 0x00, 0x00, 0x00, 0x00, 0x00, 0x00, 0x00, 0x00, 0x07, 0x80, 0x21, 0x00, 0x84, 0x04, 0x08, 0x08, 0x40, 0x21, 0x00,
	0x78, 0x00, 0x00, 0x00, 0x00, 0x00, 0x00, 0x00, 0x00, 0x00, 0x00, 0x00, 0x00, 0x00, 0x00, 0x00, 0x0f, 0xc0, 0x21, 0x00, 0x82, 0x02, 0x08, 0x08,
	0x60, 0x31, 0x00, 0xb8, 0x02, 0x00, 0x08, 0x00, 0x20, 0x00, 0x00, 0x00, 0x00, 0x00, 0x00, 0x00, 0x00, 0x00, 0x00, 0x0f, 0xc0, 0x21, 0x01, 0x04,
	0x04, 0x10, 0x18, 0x40, 0x23, 0x00, 0x74, 0x00, 0x10, 0x00, 0x40, 0x01, 0x00, 0x00, 0x00, 0x00, 0x00, 0x00, 0x00, 0x00, 0x00, 0x00, 0x05, 0xc0,
	0x18, 0x00, 0x40, 0x01, 0x00, 0x04, 0x00, 0x10, 0x00, 0x40, 0x00, 0x00, 0x00, 0x00, 0x00, 0x00, 0x00, 0x00, 0x00, 0x00, 0x00, 0x00, 0x00, 0x00,
	0x00, 0x0f, 0xc0, 0x20, 0x00, 0xc0, 0x00, 0xe0, 0x00, 0x40, 0x01, 0x00, 0xf8, 0x00, 0x00, 0x00, 0x00, 0x00, 0x00, 0x00, 0x00, 0x00, 0x00, 0x00,
	0x00, 0x00, 0x01, 0x80, 0x06, 0x00, 0x3f, 0x00, 0x60, 0x01, 0x80, 0x06, 0x00, 0x18, 0x00, 0x20, 0x00, 0xe0, 0x00, 0x00, 0x00, 0x00, 0x00, 0x00,
	0x00, 0x00, 0x00, 0x00, 0x00, 0x00, 0x00, 0x08, 0x40, 0x21, 0x00, 0x84, 0x02, 0x10, 0x08, 0x40, 0x23, 0x00, 0x74, 0x00, 0x00, 0x00, 0x00, 0x00,
	0x00, 0x00, 0x00, 0x00, 0x00, 0x00, 0x00, 0x00, 0x00, 0x00, 0x08, 0x40, 0x21, 0x00, 0x48, 0x01, 0x20, 0x04, 0x80, 0x0c, 0x00, 0x30, 0x00, 0x00,
	0x00, 0x00, 0x00, 0x00, 0x00, 0x00, 0x00, 0x00, 0x00, 0x00, 0x00, 0x00, 0x00, 0x23, 0x10, 0xcc, 0xc1, 0x32, 0x05, 0x28, 0x14, 0xa0, 0x33, 0x00,
	0xcc, 0x00, 0x00, 0x00, 0x00, 0x00, 0x00, 0x00, 0x00, 0x00, 0x00, 0x00, 0x00, 0x00, 0x00, 0x00, 0x0c, 0x40, 0x12, 0x00, 0x30, 0x00, 0xc0, 0x03,
	0x80, 0x12, 0x00, 0x84, 0x00, 0x00, 0x00, 0x00, 0x00, 0x00, 0x00, 0x00, 0x00, 0x00, 0x00, 0x00, 0x00, 0x00, 0x00, 0x08, 0x40, 0x21, 0x00, 0x48,
	0x01, 0x20, 0x05, 0x80, 0x0c, 0x00, 0x30, 0x00, 0x80, 0x02, 0x00, 0x10, 0x00, 0x00, 0x00, 0x00, 0x00, 0x00, 0x00, 0x00, 0x00, 0x00, 0x0f, 0xc0,
	0x02, 0x00, 0x10, 0x00, 0xc0, 0x06, 0x00, 0x10, 0x00, 0xfc, 0x00, 0x00, 0x00, 0x00, 0x00, 0x00, 0x00, 0x00, 0x00, 0xf0, 0x02, 0x00, 0x08, 0x00,
	0x20, 0x00, 0x80, 0x06, 0x00, 0x28, 0x00, 0x20, 0x00, 0x80, 0x02, 0x00, 0x08, 0x00, 0x3c, 0x00, 0x00, 0x00, 0x00, 0x00, 0x00, 0x03, 0x00, 0x0c,
	0x00, 0x30, 0x00, 0xc0, 0x03, 0x00, 0x0c, 0x00, 0x30, 0x00, 0xc0, 0x03, 0x00, 0x0c, 0x00, 0x30, 0x00, 0xc0, 0x03, 0x00, 0x0c, 0x00, 0x00, 0x00,
	0x3c, 0x00, 0x10, 0x00, 0x40, 0x01, 0x00, 0x04, 0x00, 0x18, 0x00, 0x50, 0x01, 0x00, 0x04, 0x00, 0x10, 0x00, 0x40, 0x0f, 0x00, 0x00, 0x00, 0x00,
	0x00, 0x00, 0x00, 0x00, 0x00, 0x00, 0x00, 0x00, 0x00, 0x00, 0x00, 0x00, 0x70, 0x07, 0x60, 0x90, 0x6c, 0x00, 0x60, 0x00, 0x00, 0x00, 0x00, 0x00,
	0x00, 0x00, 0x00, 0x00, 0x00, 0x00, 0x00, 0x00, 0x00, 0x00, 0x00, 0x00, 0x00, 0x00, 0x00, 0x40, 0x01, 0x00, 0x00, 0x00, 0x00, 0x00, 0x00, 0x00,
	0x00, 0x00, 0x00, 0x00, 0x00, 0x00, 0x00, 0x00, 0x00, 0x00, 0x00, 0x00, 0x00, 0x10, 0x00, 0x40, 0x01, 0x00, 0x3f, 0x00, 0x90, 0x04, 0x40, 0x11,
	0x00, 0x64, 0x00, 0x90, 0x01, 0xf0, 0x01, 0x00, 0x04, 0x00, 0x00, 0x00, 0x00, 0x00, 0x1f, 0x00, 0x40, 0x01, 0x00, 0x04, 0x00, 0x3f, 0x00, 0x40,
	0x01, 0x00, 0x04, 0x00, 0x20, 0x01, 0xfe, 0x00, 0x00, 0x00, 0x00, 0x00, 0x00, 0x00, 0x00, 0x00, 0x00, 0x00, 0x00, 0x00, 0x00, 0x00, 0x00, 0x00,
	0xff, 0xc0, 0x01, 0x00, 0x04, 0x00, 0x10, 0x00, 0x00, 0x00, 0x00, 0x00, 0x00, 0x00, 0x00, 0x00, 0x00, 0x00, 0x3f, 0xf0, 0x00, 0x00, 0x00, 0x00,
	0x00, 0x00, 0x00, 0x00, 0x00, 0x00, 0x00, 0x00, 0x00, 0x00, 0x00, 0x00, 0x00, 0x00, 0x00, 0x00, 0x00, 0x00, 0x00, 0x00, 0x00, 0x00, 0x00, 0x40,
	0x80, 0x84, 0x03, 0x10, 0x04, 0x80, 0x0c, 0x01, 0xfe, 0x00, 0xc0, 0x1f, 0xe0, 0x0c, 0x00, 0x30, 0x00, 0x00, 0x00, 0x00, 0x00, 0x00, 0x00, 0x00,
};


static const u8 s_BodyAlpha[8] = { 0x00, 0x18, 0x30, 0x5c, 0x88, 0xb4, 0xd8, 0xff };

// unpacked glyphs by index: CI4 small, CI4 big, I8 small, I8 big
static u8 **s_Unpacked[4];

static s32 langfontCjkFind(u32 cp)
{
	s32 lo = 0;
	s32 hi = LANGFONT_CJK_COUNT - 1;

	if (cp > 0xffff) {
		return -1;
	}

	while (lo <= hi) {
		const s32 mid = (lo + hi) / 2;

		if (s_CodePoints[mid] == cp) {
			return mid;
		}

		if (s_CodePoints[mid] < cp) {
			lo = mid + 1;
		} else {
			hi = mid - 1;
		}
	}

	return -1;
}

s32 langfontCjkHas(u32 cp)
{
	return langfontCjkFind(cp) >= 0;
}

/**
 * The body levels (0-7) of glyph i, into body[(h + 2) * (w + 2)] with a
 * margin of one all round.
 */
static void langfontCjkBody(s32 i, s32 big, u8 *body)
{
	const s32 w = big ? BIG_W : SMALL_W;
	const s32 h = big ? BIG_H : SMALL_H;
	const u8 *src = big ? &s_Big[i * BIG_STRIDE] : &s_Small[i * SMALL_STRIDE];
	u32 bit = 0;
	s32 x, y, k;

	memset(body, 0, (w + 2) * (h + 2));

	for (y = 0; y < h; y++) {
		for (x = 0; x < w; x++) {
			u32 v = 0;

			for (k = 0; k < BPP; k++, bit++) {
				v = (v << 1) | ((src[bit >> 3] >> (7 - (bit & 7))) & 1);
			}

#if BPP == 1
			v *= 7;
#endif
			body[(y + 1) * (w + 2) + x + 1] = (u8) v;
		}
	}
}

/**
 * CI4, the band grown one texel round the body: the body's level beside it,
 * (level * 4 + 3) / 7 corner-on. Keep with band_of() in bake.py.
 */
static u8 *langfontCjkUnpack(s32 i, s32 big)
{
	const s32 w = (big ? BIG_W : SMALL_W) + 2;
	const s32 h = (big ? BIG_H : SMALL_H) + 2;
	u8 body[(BIG_W + 2) * (BIG_H + 2)];
	u8 *out = calloc(h, 8);
	s32 x, y;

	if (!out) {
		return NULL;
	}

	langfontCjkBody(i, big, body);

	for (y = 0; y < h; y++) {
		for (x = 0; x < w; x++) {
#define B(xx, yy) (((xx) < 0 || (yy) < 0 || (xx) >= w || (yy) >= h) ? 0 : body[(yy) * w + (xx)])
			s32 ci = B(x, y);

			if (ci) {
				ci += 8;
			} else {
				s32 ortho = B(x - 1, y);
				s32 diag = B(x - 1, y - 1);

				if (B(x + 1, y) > ortho) ortho = B(x + 1, y);
				if (B(x, y - 1) > ortho) ortho = B(x, y - 1);
				if (B(x, y + 1) > ortho) ortho = B(x, y + 1);
				if (B(x + 1, y - 1) > diag) diag = B(x + 1, y - 1);
				if (B(x - 1, y + 1) > diag) diag = B(x - 1, y + 1);
				if (B(x + 1, y + 1) > diag) diag = B(x + 1, y + 1);

				diag = (diag * 4 + 3) / 7;
				ci = ortho > diag ? ortho : diag;
			}
#undef B

			out[y * 8 + x / 2] |= (x & 1) ? ci : ci << 4;
		}
	}

	return out;
}

static u8 *langfontCjkUnpackI8(s32 i, s32 big)
{
	const s32 w = big ? BIG_W : SMALL_W;
	const s32 h = big ? BIG_H : SMALL_H;
	const s32 pitch = (w + 7) & ~7;
	u8 body[(BIG_W + 2) * (BIG_H + 2)];
	u8 *out = calloc(h, pitch);
	s32 x, y;

	if (!out) {
		return NULL;
	}

	langfontCjkBody(i, big, body);

	for (y = 0; y < h; y++) {
		for (x = 0; x < w; x++) {
			out[y * pitch + x] = s_BodyAlpha[body[(y + 1) * (w + 2) + x + 1]];
		}
	}

	return out;
}

static const u8 *langfontCjkCached(s32 i, s32 big, s32 i8)
{
	u8 ***slot = &s_Unpacked[i8 * 2 + big];

	if (!*slot) {
		*slot = calloc(LANGFONT_CJK_COUNT, sizeof(u8 *));

		if (!*slot) {
			return NULL;
		}
	}

	if (!(*slot)[i]) {
		(*slot)[i] = i8 ? langfontCjkUnpackI8(i, big) : langfontCjkUnpack(i, big);
	}

	return (*slot)[i];
}

static s32 langfontCjkMetrics(u32 cp, s32 big, u8 *width, u8 *height, s8 *baseline)
{
	const s32 i = langfontCjkFind(cp);

	big = big ? 1 : 0;

	if (width) *width = big ? BIG_W : SMALL_W;
	if (height) *height = big ? BIG_H : SMALL_H;
	if (baseline) *baseline = 0;

	return i;
}

const u8 *langfontCjkGlyph(u32 cp, s32 big, u8 *width, u8 *height, s8 *baseline)
{
	const s32 i = langfontCjkMetrics(cp, big, width, height, baseline);

	if (i < 0) {
		return NULL;
	}

	return langfontCjkCached(i, big ? 1 : 0, 0);
}

const u8 *langfontCjkGlyphI8(u32 cp, s32 big, u8 *width, u8 *height, s8 *baseline)
{
	const s32 i = langfontCjkMetrics(cp, big, width, height, baseline);

	if (i < 0) {
		return NULL;
	}

	return langfontCjkCached(i, big ? 1 : 0, 1);
}
